Title,Article,Tags,Personas,summary,Meeting_Plan,transcript,Basic_Naturalness_reasoning,Basic_Naturalness_confidence,Basic_Naturalness_score,Basic_Coherence_reasoning,Basic_Coherence_confidence,Basic_Coherence_score,Basic_Interesting_reasoning,Basic_Interesting_confidence,Basic_Interesting_score,Basic_Consistency_reasoning,Basic_Consistency_confidence,Basic_Consistency_score,Psych_Information Exchange_instances,Psych_Information Exchange_instance_ratings,Psych_Information Exchange_reasoning,Psych_Information Exchange_confidence,Psych_Information Exchange_score,Psych_Knowledge Seeking_instances,Psych_Knowledge Seeking_instance_ratings,Psych_Knowledge Seeking_reasoning,Psych_Knowledge Seeking_confidence,Psych_Knowledge Seeking_score,Psych_Explanation Provision_instances,Psych_Explanation Provision_instance_ratings,Psych_Explanation Provision_reasoning,Psych_Explanation Provision_confidence,Psych_Explanation Provision_score,Psych_Influence Attempts_instances,Psych_Influence Attempts_instance_ratings,Psych_Influence Attempts_reasoning,Psych_Influence Attempts_confidence,Psych_Influence Attempts_score,Psych_Topic Control_instances,Psych_Topic Control_instance_ratings,Psych_Topic Control_reasoning,Psych_Topic Control_confidence,Psych_Topic Control_score,Psych_Power Dynamics_instances,Psych_Power Dynamics_instance_ratings,Psych_Power Dynamics_reasoning,Psych_Power Dynamics_confidence,Psych_Power Dynamics_score,Psych_Response Patterns_instances,Psych_Response Patterns_instance_ratings,Psych_Response Patterns_reasoning,Psych_Response Patterns_confidence,Psych_Response Patterns_score,Psych_Standpoint Maintenance_instances,Psych_Standpoint Maintenance_instance_ratings,Psych_Standpoint Maintenance_reasoning,Psych_Standpoint Maintenance_confidence,Psych_Standpoint Maintenance_score,Psych_Recognition Expression_instances,Psych_Recognition Expression_instance_ratings,Psych_Recognition Expression_reasoning,Psych_Recognition Expression_confidence,Psych_Recognition Expression_score,Psych_Dependency Expression_instances,Psych_Dependency Expression_instance_ratings,Psych_Dependency Expression_reasoning,Psych_Dependency Expression_confidence,Psych_Dependency Expression_score,Psych_Support Offering_instances,Psych_Support Offering_instance_ratings,Psych_Support Offering_reasoning,Psych_Support Offering_confidence,Psych_Support Offering_score,Psych_Shared Interests_instances,Psych_Shared Interests_instance_ratings,Psych_Shared Interests_reasoning,Psych_Shared Interests_confidence,Psych_Shared Interests_score,Psych_View Alignment_instances,Psych_View Alignment_instance_ratings,Psych_View Alignment_reasoning,Psych_View Alignment_confidence,Psych_View Alignment_score,Psych_Mood Management_instances,Psych_Mood Management_instance_ratings,Psych_Mood Management_reasoning,Psych_Mood Management_confidence,Psych_Mood Management_score,Psych_Social Interaction_instances,Psych_Social Interaction_instance_ratings,Psych_Social Interaction_reasoning,Psych_Social Interaction_confidence,Psych_Social Interaction_score,Psych_Opinion Divergence_instances,Psych_Opinion Divergence_instance_ratings,Psych_Opinion Divergence_reasoning,Psych_Opinion Divergence_confidence,Psych_Opinion Divergence_score,Psych_Conflict Presence_instances,Psych_Conflict Presence_instance_ratings,Psych_Conflict Presence_reasoning,Psych_Conflict Presence_confidence,Psych_Conflict Presence_score,Psych_Discussion Dynamics_instances,Psych_Discussion Dynamics_instance_ratings,Psych_Discussion Dynamics_reasoning,Psych_Discussion Dynamics_confidence,Psych_Discussion Dynamics_score
Emotional Intelligence,"

Emotional intelligence (EI), also known as emotional quotient (EQ), is the ability to perceive, use, understand, manage, and handle emotions. High emotional intelligence includes emotional recognition of emotions of the self and others, using emotional information to guide thinking and behavior, discerning between and labeling of different feelings, and adjusting emotions to adapt to environments.

The term first appeared in 1964, gaining popularity in the 1995 bestselling book Emotional Intelligence by psychologist and science journalist Daniel Goleman. Some researchers suggest that emotional intelligence can be learned and strengthened, while others claim that it is innate.

Various models have been developed to measure EI: The trait model focuses on self reporting behavioral dispositions and perceived abilities; the ability model focuses on the individual's ability to process emotional information and use it to navigate the social environment. Goleman's original model may now be considered a mixed model that combines what has since been modelled separately as ability EI and trait EI.

While some studies show that there is a correlation between high EI and positive workplace performance, there is no general consensus on the issue among psychologists, and no causal relationships have been shown. EI is typically associated with empathy, because it involves a person relating their personal experiences with those of others. Since its popularization in recent decades and links to workplace performance, methods of developing EI have become sought by people seeking to become more effective leaders.

Recent research has focused on emotion recognition, which refers to the attribution of emotional states based on observations of visual and auditory nonverbal cues.[1] In addition, neurological studies have sought to characterize the neural mechanisms of emotional intelligence.[2] Criticisms have centered on whether EI is a real intelligence, and whether it has incremental validity over IQ and the Big Five personality traits.[3] However, meta-analyses have found that certain measures of EI have validity even when controlling for IQ and personality.[4]

The concept of emotional strength was introduced by Abraham Maslow in the 1950s.[5] The term ""emotional intelligence"" may have first appeared in a 1964 paper by Michael Beldoch[6][7] and a 1966 paper by B. Leuner.[8]

In 1983, Howard Gardner's Frames of Mind: The Theory of Multiple Intelligences introduced the idea that traditional types of intelligence, such as IQ, fail to fully explain cognitive ability.[9] He introduced the idea of multiple intelligences, which included both interpersonal intelligence and intrapersonal intelligence, which he respectively defined as the capacity to understand others and oneself.[10]

The first published use of the term EQ (emotional quotient) is in an article by Keith Beasley in 1987 in the British Mensa magazine.[11]

In 1989, Stanley Greenspan proposed a model to describe EI. The following year, Peter Salovey and John Mayer proposed another model.[12]

The term became widely known with the publication of Daniel Goleman's 1995 book: Emotional Intelligence – Why it can matter more than IQ.[13][14] Goleman followed up with several similar publications that reinforce use of the term.[15][16] Late in 1998, Goleman's Harvard Business Review article entitled ""What Makes a Leader?""[17] caught the attention of senior management at Johnson & Johnson's Consumer Companies. The article argued that EI comprised the skills and characteristics that drive leadership performance.[17] Johnson & Johnson funded a study which concluded that there was a strong relationship between superior performing leaders and emotional competence, supporting theorists' suggestions that the EI is a distinguishing factor in leadership performance.[18]

Tests measuring EI have not replaced IQ tests as a standard metric of intelligence.[19] In later research, EI has received criticism regarding its purported role in leadership and business success.[20]

Emotional intelligence has been defined by Peter Salovey and John Mayer as ""accurately perceiving emotion, using emotions to facilitate thought, understanding emotion, and managing emotion"".[21][22] The concept comprises both emotional and intellectual processes.[23]

Emotional intelligence also reflects an ability to use intelligence, empathy, and emotions to enhance understanding of interpersonal dynamics.[24] However, substantial disagreement exists regarding the definition of EI, with respect to both terminology and operationalization. Currently, there are three main models of EI: The ability model defines EI in terms of cognitive and emotional abilities;[25] the mixed model, introduced by Daniel Goleman, comprises a variety of emotional competencies, sometimes being regarded as a form of trait EI;[26][27] the trait model defines EI as comprising traits within a personality trait theory framework.[28]

Different models of EI have led to the development of various instruments for the assessment of the construct. While some of these measures may overlap, most researchers agree that they relate to different constructs.

Based on theoretical and methodological approaches, EI measures are categorized in three main streams:  ability-based measures (e.g. MSCEIT),  self-reports of abilities measures (e.g. SREIT, SUEIT and WLEIS), and mixed-models (e.g. AES, ECI, EI questionnaire, EIS, EQ-I and GENOS), which include measures of EI and traditional social skills.[29]

Salovey and Mayer's define EI within the confines of the standard criteria for a new intelligence.[30] Their initial definition of EI had been ""the ability to monitor one's own and other people's emotions, to discriminate between different emotions and label them appropriately, and to use emotional information to guide thinking and behavior"".[22] They later revised the definition to ""the ability to perceive emotion, integrate emotion to facilitate thought, understand emotions, and to regulate emotions to promote personal growth."" After further research, their definition of EI evolved into ""the capacity to reason about emotions, and of emotions, to enhance thinking. It includes the abilities to accurately perceive emotions, to access and generate emotions so as to assist thought, to understand emotions and emotional knowledge, and to reflectively regulate emotions so as to promote emotional and intellectual growth.""[25]

The ability-based model views emotions as useful sources of information that help one to make sense of and navigate the social environment, with EI abilities manifesting in adaptive behaviors.[31][32] It proposes that individuals vary in their ability to process information of an emotional nature and in their ability to relate emotional processing to wider cognition.

The model claims that EI includes four types of abilities:

The ability EI model has been criticized for lacking face and predictive validity in the workplace.[33] However, in terms of construct validity, ability EI tests have great advantage over self-report scales of EI because they compare individual maximal performance to standard performance scales and do not rely on individuals' endorsement of descriptive statements about themselves.[34]

The current measure of Mayer and Salovey's model of EI, the Mayer–Salovey–Caruso Emotional Intelligence Test (MSCEIT), is based on a series of emotion-based problem-solving items.[32][35] Consistent with the model's claim of EI as a type of intelligence, the test is modeled on ability-based IQ tests. By testing a person's abilities on each of the four branches of emotional intelligence, it generates scores for each of the branches as well as a total score.

Central to the four-branch model is the idea that EI requires attunement to social norms. Therefore, the MSCEIT is scored in a consensus fashion, with higher scores indicating higher overlap between an individual's answers and those provided by a worldwide sample of respondents. The MSCEIT can also be expert-scored so that the amount of overlap is calculated between an individual's answers and those provided by a group of 21 emotion researchers.[32]

Although promoted as an ability test, the MSCEIT test is unlike standard IQ tests in that its items do not have objectively correct responses. Among other challenges, the consensus scoring criterion means that it is impossible to create items that only a minority of respondents can solve, because, by definition, responses are deemed emotionally ""intelligent"" only if the majority of the sample has endorsed them. This and other similar problems have led some cognitive ability experts to question the definition of EI as a genuine intelligence.[36]

In a study by Føllesdal, the MSCEIT test results of 111 business leaders were compared with how their employees described their leader. It was found that there were no correlations between a leader's test results and how he or she was rated by the employees, with regard to empathy, ability to motivate, and leader effectiveness. Føllesdal also criticized the Canadian company Multi-Health Systems, which administers the test. The test contains 141 questions, but it was found after publishing the test that 19 of these did not give the expected answers. This has led Multi-Health Systems to remove answers to these 19 questions before scoring.[37]

Various other specific measures also assess ability in emotional intelligence. These include:

The model introduced by Daniel Goleman focuses on EI as a wide array of competencies and skills, which drive leadership performance in applied settings.[15] Goleman's model outlines five main EI constructs:[17]

Goleman includes a set of emotional competencies within each construct of EI. Emotional competencies are learned capabilities that must be developed to achieve performance. Goleman posits that individuals are born with a general emotional intelligence that determines their potential for learning emotional competencies.[41]

Goleman's model of EI has been criticized in the research literature as ""pop psychology"".[24]

Goleman's early work has been criticized for assuming that EI is a type of intelligence or cognitive ability. Eysenck writes that Goleman's description of EI contains unsubstantiated assumptions about intelligence in general and that it even runs contrary to what researchers have come to expect when studying types of intelligence.[42] Similarly, Locke claims that the concept of EI is a misinterpretation of the intelligence construct, and he offers an alternative interpretation: it is not another form or type of intelligence, but intelligence—the ability to grasp abstractions—applied to a particular life domain: emotions. He suggests the concept should be re-labeled and referred to as a skill.[43]

Two measurement tools are based on the Goleman model:

Konstantinos V. Petrides proposed a conceptual distinction between the ability-based model and a trait-based model of EI, developing the latter over many years in a number of publications.[45][46] Trait EI is an individual's self-perceptions of their emotional abilities — as defined by Petrides, ""a constellation of emotional self-perceptions located at the lower levels of personality.""[46] This definition of EI encompasses behavioral dispositions and self-perceived abilities. It is measured by self report, as opposed to the ability-based model which attempts to measure actual abilities, which have proven resistant to scientific measurement. Trait EI is investigated within a personality framework.[47] An alternative label for the same construct is trait emotional self-efficacy.[citation needed]

The trait EI model is general and subsumes the Goleman mixed model. The conceptualization of EI as a personality trait leads to a construct that lies outside the taxonomy of human cognitive ability, distinguishing its operationalization and theory from other models.[45]

There are many self-report measures of EI,[48] including the EQ-i, the Swinburne University Emotional Intelligence Test (SUEIT), and the Schutte EI model. As limited measures of trait emotional intelligence, these models do not assess intelligence, abilities, or skills.[46] The most widely used and widely researched measure of self-report or self-schema emotional intelligence is the EQ-i 2.0.[49][50] Originally known as the BarOn EQ-i, it was the first self-report measure of emotional intelligence available, and the only measure predating Goleman's bestselling book.[citation needed]

The Petrides model is operationalized by the Trait Emotional Intelligence Questionnaire (TEIQue),[51] which encompasses 15 subscales organized under four factors: well-being, self-control, emotionality, and sociability. In a 2007 study, the psychometric properties of the TEIQue have been found to be normally distributed and reliable.[52] Researchers have found TEIQue scores to be unrelated to Raven's matrices of non-verbal reasoning, which has been interpreted as support for the personality trait view of EI. TEIQue scores have also been found to be positively related to extraversion, agreeableness, openness, conscientiousness, while being inversely related to alexithymia, neuroticism. A number of quantitative genetic studies have been carried out within the trait EI model, which have revealed significant genetic effects and heritabilities for all trait EI scores.[53] Two studies involving direct comparisons of multiple EI tests yielded favorable results for the TEIQue.[27][54]

A review published in the Annual Review of Psychology in 2008 found that higher emotional intelligence is positively correlated with a number of outcomes, including social relations, academic achievement, negotiation skills, workplace social dynamics, positive perceptions by other people, health and wellbeing. It also found EI to be negatively correlated with anti-social and deviant behavior in children as well as poor health behaviors.[24] However, once IQ is taken into account, EI does not generally result in higher grades.[55] Additionally, subsequent research has argued that EI leads to better self awareness, decision making, and self-actualization ability.[56]

Gender differences in EI have been observed, with women tending to score higher levels than men.[57]

Bullying is an abusive social interaction between peers that can include aggression, harassment, and violence. Bullying is typically repetitive and enacted by those who are in a position of power over the victim. A growing body of research illustrates an inverse correlation between bullying (both as the bully and the victim) and emotional intelligence.[58] It also shows that emotional intelligence is a key factor in cybervictimization.[59] EI education has been put forth as a potential method for bullying prevention and intervention initiatives.[60]

Cote and Miners have offered a compensatory model between EI and IQ, which posits that the association between EI and job performance becomes more positive as cognitive intelligence decreases, an idea first proposed in the context of academic performance.[61][62][full citation needed] A 2015 meta-analysis of emotional intelligence and job performance showed correlations of r=.20 (for job performance & ability EI) and r=.29 (for job performance and mixed EI),[63] although earlier research on EI and job performance had shown mixed results.[4][63][64][65] An earlier 2011 meta-analysis found that all three models of EI ""have corrected correlations ranging from 0.24 to 0.30 with job performance"", the mixed and trait models ""have the largest incremental validity beyond cognitive ability and the Five Factor Model,"" and ""all three streams of EI exhibited substantial relative importance in the presence of FFM and intelligence when predicting job performance.""[4]

A 2005 study of the predictive ability of EI for job performance concluded that higher EI was associated with higher leadership effectiveness regarding achievement of organizational goals,[66] with a 2008 study arguing that EI can be deliberately developed to enhance leadership abilities in the workplace.[67] Emotional intelligence has also been recognised in business leadership, commercial negotiation, and dispute resolution contexts. Professional qualifications and continuous professional development have incorporated aspects of EI into their curriculum.[68] By 2008, 147 companies and consulting firms in the U.S. had developed programmes that involved EI for training and hiring employees.[63]

A 2006 study has found that EI correlates positively with performance in teams, strong and positive relationships with co-workers, and stress management capabilities.[69] A 2001 article also found that employees with strong EI improve workplace performance by providing emotional support and instrumental resources needed to succeed in their roles.[70] Joseph and Newman's 2010 study suggests that emotional perception and emotional regulation components of EI contribute to job performance under job contexts of high emotional demands.[57] Moon and Hur's 2011 study found that the job performance-EI relationship is stronger under contexts of high emotional exhaustion or burn-out.[71]

A 2015 article observes observed that there is no significant link between emotional intelligence and work attitude-behavior,[72] though a 2006 study shows that employees high in EI show more confidence in their roles, allowing them to face demanding tasks positively.[73] A separate 2006 study finds that employees with strong emotional intelligence dedicate more time to cultivating their rapport with supervisors, resulting in more favorable outcomes in performance evaluations compared to those with lower EI.[73]

A 2011 study has examined a possible link between EI and entrepreneurial behaviors and success.[74] A 2012 study suggests that EI is not necessarily a universally positive trait, finding that EI and teamwork effectiveness are negatively correlated under certain workplace scenarios.[75]

Critics argue that the popularity of EI studies is due to media advertising, rather than objective scientific findings.[61] FJ Landy argues that while the commercial discussion of emotional intelligence makes expansive claims on the applied value of EI, academic discussion of EI cautions against wide claims of EI's predictive power.[76] Landy cites the data upon which commercial claims are based are held in databases unavailable to independent researchers for reanalysis, replication, or verification.[76] Goleman has stated that ""emotional intelligence is the sine qua non of leadership.""[17] On the other hand, Mayer (1999)[full citation needed] warns that the notion "" that highly emotionally intelligent people possess an unqualified advantage in life... is unsubstantiated by reasonable scientific standards.""

It is difficult to create objective measures of emotional intelligence and demonstrate its influence on leadership as many scales are self-report measures.[77] In review of EI constructs, ability-measures of EI fared worst (ρ=0.04); the WLEIS (Wong-Law measure) did a bit better (ρ=0.08); and the Bar-On measure slightly better (ρ=0.18). However, the validity of these estimates does not include the effects of IQ or the big five personality, which correlate both with EI measures and leadership.[78] A 2010 study analyzing the impact of EI on both job performance and leadership found that the meta-analytic validity estimates for EI dropped to zero when Big Five traits and IQ were controlled for.[79] A separate 2010 meta-analysis showed the same result for ability EI, while finding that self-reported and trait EI measures retain a fair amount of predictive validity for job performance after controlling Big Five traits and IQ.[57]

However, the greater predictive validity of trait EI and mixed EI measures has been attributed to their inclusion of content related to constructs of achievement motivation, self efficacy, and self-rated performance, in addition to IQ and the personality domains of neuroticism, extraversion, and conscientiousness.[80] A 2015 meta-analysis has found that the predictive ability of mixed EI to job performance is non-existent when controlling for these factors.[63]

In a 2009 review, John Antonakis and other authors agreed that researchers who test the relationship between EI and leadership have generally not done so using robust research designs, and that there is no strong evidence showing that EI predicts leadership outcomes when accounting for personality and IQ.[81] A 2010 meta-analysis found that, if using data free from problems of common source and common methods, EI measures correlated only ρ=0.11 with measures of transformational leadership.[82] Barling, Slater, and Kelloway also support this position on transformational leadership.[83] Antonakis has proposed an alternative ""curse of emotion"" argument, which asserts that leaders who are too sensitive to emotional states might have difficulty making decisions that would result in emotional labor. 

There is evidence that emotional intelligence tests are subject to the social-desirability bias, resulting in inaccurate measurement, with several studies showing people can distort their responses on both self-rated and informant-rated emotional intelligence measures when instructed to.[84][85][86][87]

Some studies have found that despite a positive correlation between EI and leadership effectiveness, leadership effectiveness is more heavily dependent on other factors such as their leadership activities and self-management skills.[88][89][90]

Adam Grant has warned against regarding EI as a desirable moral quality in business contexts, asserting that well-developed EI can also be used for malicious and manipulative purposes.[91]

A 2007 meta-analysis of 44 effect sizes by Schutte et al. found that emotional intelligence was associated with better mental and physical health. Particularly, trait EI had the stronger association with mental and physical health.[92] This was replicated in 2010 by researcher Alexandra Martins who found trait EI is a strong predictor for health after conducting a meta-analysis based on 105 effect sizes and 19,815 participants. This meta-analysis also indicated that this line of research reached enough sufficiency and stability to conclude EI is a positive predictor for health.[27] An earlier study by Mayer and Salovey argued that high EI can increase one's well-being because of its role in enhancing relationships.[93]

A 2012 study in India cross-examined emotional intelligence, self-esteem, and marijuana dependence.[94] Out of a sample of 200, 100 of whom were dependent on cannabis and the other 100 emotionally healthy, the dependent group scored exceptionally low on EI when compared to the control group. They also found that the dependent group also scored low on self-esteem when compared to the control.

Another study in 2010 examined whether or not low levels of EI had a relationship with the degree of drug and alcohol addiction in Australia.[95] In the assessment of 103 residents in a drug rehabilitation center, they examined their EI along with other psychosocial factors in a one-month interval of treatment. They found that participants' EI scores improved as their levels of addiction lessened as part of their treatment.

A 2020 meta-analysis showed that students with higher emotional intelligence show higher academic performance at school.[55] This was a summary of over 1,246 effects from 158 different studies, with a sample size of 42,529. Students with higher emotional intelligence had better scores on standardized tests and achieved higher grades. The effect was significantly larger for humanities than for science/maths areas of study, and significantly larger for ability-model emotional intelligence measures than for rating scales of emotional intelligence. The association of emotional intelligence with higher academic achievement was still significant even after considering the effect of students' Big Five personality and intelligence.

The construct of emotional intelligence has been criticized within the scientific community.[96]

Interpretations of the correlations between EI questionnaires and personality have been varied, with the trait EI view interpreting EI as a collection of personality traits.[52][97] Researchers have raised concerns about the extent to which self-report EI measures correlate with established personality dimensions. Self-report EI measures and personality measures converge because they both purport to measure personality traits.[46] Two dimensions of the Big Five stand out as most related to self-report EI: neuroticism and extraversion. People who score high on neuroticism are likely to score low on self-report EI measures.

Studies have examined the multivariate effects of personality and intelligence on EI and attempted to correct estimates for measurement error. One study showed that general intelligence, agreeableness, as well as gender could reliably predict the measure of EI ability.[98] They gave a multiple correlation (R) of .81 with the MSCEIT. This result has been replicated using different inventories, finding a multiple R of .76; significant covariates were intelligence (standardized beta = .39), agreeableness (standardized beta = .54), and openness (standardized beta = .46).[99] A study of the Ability Emotional Intelligence Measure found similar results (Multiple R = .69), with significant predictors being intelligence (standardized beta = .69) and empathy (standardized beta = .26).[100] Antonakis and Dietz (2011b)[full citation needed] also show how including or excluding important controls variables can fundamentally change results.

A 2011 meta-analysis found that all three models of EI have different correlations with intelligence and personality traits.[4] A follow-up meta-analysis in 2015 further substantiated these findings, and addressed concerns about ""the questionable construct validity of mixed EI measures"", arguing that ""mixed EI instruments assess a combination of ability EI and self-perceptions, in addition to personality and cognitive ability.""[63] A 2017 meta-analysis of 142 data sources found a very large overlap between the general factor of personality and trait EI. The overlap was so large they concluded that ""The findings suggest that the general factor of personality is very similar, perhaps even synonymous, to trait EI.""[101] However, the overlap between the general factor of personality and ability EI was more moderate, with a correlation of about 0.28.[101]

In 2021, two review papers examined the relationship between emotional intelligence and the dark triad of personality traits, finding that emotional intelligence showed negative associations with all three dark triad domains of personality.[102]

A 2021 meta-analysis showed that emotional intelligence was positively associated with secure attachment in adults, but negatively associated with insecure attachment styles such as anxious attachment and avoidant attachment.[103]

One criticism of the works of Mayer and Salovey comes from a study that suggests that the EI, as measured by the MSCEIT, may only be measuring conformity.[104]  This argument is rooted in the MSCEIT's use of consensus-based assessment, and in the fact that scores on the MSCEIT are negatively distributed (meaning that its scores differentiate between people with low EI better than people with high EI).

Another criticism says that in contrast with tests of cognitive ability, the MSCEIT ""tests knowledge of emotions but not necessarily the ability to perform tasks that are related to the knowledge that is assessed"".[105] If someone knows how they should behave in an emotionally laden situation, it does not necessarily follow that they could actually carry out the reported behavior.
","[""Emotional Intelligence"", ""Daniel Goleman"", ""Trait EI"", ""Ability EI"", ""Workplace Performance""]","[{'role': 'Psychologist', 'description': 'A professional with extensive knowledge in emotional intelligence and its applications.', 'expertise_area': 'Psychology', 'perspective': 'Scientific Analysis', 'speaking_style': {'tone': 'calm and empathetic, often optimistic with a touch of seriousness when discussing sensitive topics', 'language_complexity': 'moderate complexity with occasional use of psychological jargon, prefers metaphors and analogies to explain concepts', 'communication_style': 'collaborative and inquisitive, encourages participation through open-ended questions, active listener', 'sentence_structure': 'varied sentence lengths, often uses complex sentences with subordinate clauses, frequent use of rhetorical questions', 'formality': 'semi-formal', 'other_traits': 'uses pauses effectively to allow others to reflect, occasionally incorporates humor to lighten the mood'}, 'personalized_vocabulary': {'filler_words': ['um', 'you know', 'like', 'I mean'], 'catchphrases': [""Let's explore that further"", 'From a psychological perspective', ""It's interesting to note that""], 'speech_patterns': [""often starts sentences with 'So,' or 'Well,'"", ""'What do you think about...?' as a way to engage others in discussion""], 'emotional_expressions': ['laughter when something is amusing', ""'Wow!' when impressed by an idea"", ""'Hmm' while thinking""]}, 'social_roles': ['Information Giver', 'Harmonizer'], 'social_roles_descr': ['Shares relevant information, data or research that the group needs to make informed decisions.', 'Mediates in conflicts and ensures that tensions in the group are reduced to promote a harmonious working environment.']}, {'role': 'HR Manager', 'description': 'A human resources professional with experience in implementing emotional intelligence training programs in the workplace.', 'expertise_area': 'Human Resources', 'perspective': 'Practical Application', 'speaking_style': {'tone': 'friendly and supportive, often enthusiastic with a touch of humor to keep the atmosphere light', 'language_complexity': 'simple to moderate complexity, prefers practical terms and workplace jargon, occasionally uses storytelling to illustrate points', 'communication_style': 'collaborative and encouraging, often seeks input from others, uses rhetorical questions to provoke thought', 'sentence_structure': 'short to medium-length sentences, clear and concise with occasional use of exclamations or questions for emphasis', 'formality': 'semi-formal', 'other_traits': 'uses pauses effectively to emphasize key points, frequently acknowledges contributions from others'}, 'personalized_vocabulary': {'filler_words': ['um', 'you know', 'like', 'I guess'], 'catchphrases': [""Let's circle back on that"", 'From an HR perspective', ""It's crucial to understand that""], 'speech_patterns': [""often starts sentences with 'So,' or 'Well,'"", ""'How do you feel about...?' as a way to engage others in discussion""], 'emotional_expressions': ['laughter when something is amusing', ""'Wow!' when impressed by an idea"", ""'Hmm' while thinking""]}, 'social_roles': ['Coordinator', 'Gatekeeper'], 'social_roles_descr': ['Connects the different ideas and suggestions of the group to ensure that all relevant aspects are integrated.', 'Ensures that all group members have the opportunity to express their opinions and encourages participation.']}, {'role': 'Neuroscientist', 'description': 'A researcher specializing in the neural mechanisms underlying emotional intelligence.', 'expertise_area': 'Neuroscience', 'perspective': 'Biological Basis', 'speaking_style': {'tone': 'analytical and precise, often serious with a touch of enthusiasm when discussing breakthroughs', 'language_complexity': 'high complexity with frequent use of scientific terminology, prefers detailed explanations and data-driven insights', 'communication_style': 'direct and assertive, often provides evidence to support points, encourages critical thinking through probing questions', 'sentence_structure': 'long and complex sentences with multiple clauses, frequent use of technical terms and definitions, occasional rhetorical questions', 'formality': 'formal', 'other_traits': 'uses pauses to emphasize important points, occasionally incorporates humor related to scientific discoveries'}, 'personalized_vocabulary': {'filler_words': ['um', 'you know', 'like', 'I mean'], 'catchphrases': ['From a neuroscientific perspective', ""It's fascinating to observe that"", 'The data suggests that'], 'speech_patterns': [""often starts sentences with 'Interestingly,' or 'In fact,'"", ""'What are your thoughts on...?' as a way to engage others in discussion""], 'emotional_expressions': ['laughter when something is amusing', ""'Wow!' when impressed by an idea"", ""'Hmm' while thinking""]}, 'social_roles': ['Evaluator-Critic', 'Aggressor'], 'social_roles_descr': ['Analyzes and critically evaluates proposals or solutions to ensure their quality and feasibility.', 'Exhibits hostile behavior, criticizes others, or attempts to undermine the contributions of others.']}, {'role': 'Leadership Coach', 'description': 'A professional who specializes in developing leadership skills and enhancing emotional intelligence among leaders.', 'expertise_area': 'Leadership Development', 'perspective': 'Leadership Enhancement', 'speaking_style': {'tone': 'motivational and confident, often enthusiastic with a touch of seriousness when discussing leadership challenges', 'language_complexity': 'moderate complexity with occasional use of leadership jargon, prefers storytelling and analogies to illustrate points', 'communication_style': 'collaborative and encouraging, often seeks input from others, uses rhetorical questions to provoke thought', 'sentence_structure': 'varied sentence lengths, often uses complex sentences with subordinate clauses, frequent use of rhetorical questions', 'formality': 'semi-formal', 'other_traits': 'uses pauses effectively to allow reflection, occasionally incorporates humor to lighten the mood'}, 'personalized_vocabulary': {'filler_words': ['um', 'you know', 'like', 'I mean'], 'catchphrases': [""Let's dive into that"", 'From a leadership perspective', ""It's important to recognize that""], 'speech_patterns': [""often starts sentences with 'So,' or 'Well,'"", ""'What do you think about...?' as a way to engage others in discussion""], 'emotional_expressions': ['laughter when something is amusing', ""'Wow!' when impressed by an idea"", ""'Hmm' while thinking""]}, 'social_roles': ['Initiator-Contributor', 'Encourager'], 'social_roles_descr': ['Contributes new ideas and approaches and helps to start the conversation or steer it in a productive direction.', 'Provides positive feedback and praise to boost the morale and motivation of group members.']}]","In our brainstorming session on emotional intelligence (EI), we discussed its definition, historical development, various models, and its implications in different contexts. Emotional intelligence, also known as emotional quotient (EQ), is the ability to perceive, use, understand, manage, and handle emotions effectively. It involves recognizing one's own emotions and those of others, using this information to guide thinking and behavior, and adjusting emotions to adapt to environments.

The term ""emotional intelligence"" first appeared in 1964 but gained significant popularity with Daniel Goleman's 1995 book ""Emotional Intelligence."" Researchers are divided on whether EI can be learned or if it is an innate trait. Various models have been developed to measure EI: the trait model focuses on self-reported behavioral dispositions; the ability model assesses the individual's capacity to process emotional information; and Goleman's mixed model combines elements of both.

We noted that while some studies suggest a correlation between high EI and positive workplace performance, there is no consensus among psychologists about its causal relationship. Emotional intelligence is often linked with empathy due to its role in understanding personal experiences relative to others.

Recent research has delved into emotion recognition through nonverbal cues and neurological studies exploring the neural mechanisms behind EI. Criticisms of EI include debates over its validity as a form of intelligence distinct from IQ or personality traits like the Big Five.

Different models have led to various assessment tools for measuring EI. The Mayer-Salovey-Caruso Emotional Intelligence Test (MSCEIT) is one such tool based on problem-solving items related to emotions. However, it faces criticism for lacking objective correct responses.

Goleman's model emphasizes competencies driving leadership performance but has faced scrutiny for being labeled as ""pop psychology."" Petrides' trait-based model views EI as self-perceptions within a personality framework.

Studies show that higher EI correlates with better social relations, academic achievement, workplace dynamics, health outcomes, and reduced antisocial behavior. Gender differences indicate women generally score higher in EI than men.

Despite criticisms regarding measurement accuracy and predictive power compared to IQ or personality traits, emotional intelligence remains a significant area of interest for enhancing leadership abilities and improving interpersonal dynamics in various settings. Further research is needed to address these criticisms and refine our understanding of EI's role in personal and professional success.","[""Scene 1: Opening and Greetings\nTLDR: Brief welcome and setting the tone for the brainstorming session\n- Brief greeting among participants\n- Quick overview of meeting objectives and expected outcomes\n- Encouragement to think creatively and collaboratively"", ""Scene 2: Defining Emotional Intelligence\nTLDR: Discussing the definition and historical development of EI\n- Overview of EI definition and its components\n- Historical context including Daniel Goleman's contributions\n- Open floor for initial thoughts on EI"", ""Scene 3: Exploring Different Models of EI\nTLDR: Examination of various models used to measure EI\n- Discussion on trait model, ability model, and mixed model\n- Pros and cons of each model with participant insights\n- Spontaneous discussion on personal experiences with these models"", ""Scene 4: EI in the Workplace\nTLDR: Implications of emotional intelligence in professional settings\n- Correlation between high EI and workplace performance\n- Examples from HR Manager on implementing EI training programs\n- Open discussion on practical applications and challenges"", ""Scene 5: Neuroscientific Perspective on EI\nTLDR: Understanding the biological basis of emotional intelligence\n- Insights from neuroscientist on neural mechanisms behind EI\n- Recent research findings related to emotion recognition through nonverbal cues \n - Participants share their thoughts or questions about these findings"", ""Scene 6: Criticisms and Debates Around EI \n TLDR : Addressing criticisms regarding measurement accuracy, validity, etc. \n - Discussion on debates over validity as a form of intelligence distinct from IQ or personality traits \n - Participants share their perspectives or counterarguments \n - Opportunity for spontaneous disagreements & resolutions"", ""Scene 7 : Gender Differences in Emotional Intelligence \n TLDR : Exploring gender differences in scoring higher in E I \n - Presentation by psychologist about studies showing women generally score higher than men in E I \n - Open floor for participants to discuss their observations or experiences related to this topic"", ""Scene 8 : Future Research Directions & Closing Thoughts \n TLDR : Identifying areas needing further research & summarizing key takeaways \n - Participants brainstorm potential future research directions addressing criticisms & refining understanding of E I ' s role in success \\ n - Summary of key ideas generated during session by facilitator ( leadership coach )\\ n - Final thoughts & thank yous""]",">>HR Manager: Good morning, everyone! I'm really excited about today's brainstorming session. Let's share what we hope to get out of today’s discussion.

>>Psychologist: Morning! I’m looking forward to setting a positive tone for this session so everyone feels comfortable sharing their ideas.

>>Neuroscientist: Hi there! I want to talk about how we can use emotional intelligence research to improve our team interactions.

>>Leadership Coach: Hey folks! Let’s come up with some practical strategies for better communication and trust in our teams. How about we kick things off with some quick introductions?

>>HR Manager: Great idea! I'll go first—I'm hoping we can identify some actionable steps that HR can implement right away to boost morale and productivity.

>>Psychologist: That sounds good! And I’m eager to see how psychological principles can be applied practically in our workplace settings.

>>Neuroscientist: Absolutely agree with both of you. Understanding the science behind emotional intelligence is key for me too. It’ll be interesting to see how these insights translate into real-world applications.

>>Leadership Coach: Perfect! Let’s get started then. 
 >>Psychologist: So, emotional intelligence, or EI, is quite fascinating. It encompasses the ability to perceive, use, understand, and manage emotions. Daniel Goleman's work really brought this concept into the mainstream.

>>HR Manager: Absolutely. From an HR perspective, it's crucial to understand that emotional intelligence isn't just a buzzword. It's about practical application in the workplace. Recognizing and managing emotions can significantly improve team dynamics and productivity. What do you think about integrating EI training into our leadership programs?

>>Neuroscientist: I agree with the importance of EI. But I'm curious—when we talk about its impact, are we looking at measurable changes in behavior or more subjective improvements?

>>Psychologist: Great question! We're talking about both measurable changes in behavior and subjective improvements in interpersonal dynamics. The ability model focuses on processing emotional information and using it effectively in social contexts, while the trait model looks at self-perceived emotional abilities. Combining these could really enhance our training programs.

>>(Phone rings briefly; someone quickly silences it)

>>Leadership Coach: Integrating both models sounds like a solid plan. Enhancing emotional intelligence can significantly boost leaders' ability to connect with their teams and drive performance.

>>(Laughter as someone makes a funny face at the ringing phone)

>>HR Manager (smiling): Using assessments from both models allows us to address different aspects of emotional intelligence comprehensively. We could create personalized development plans for our leaders based on these assessments.

>>(Someone's stomach growls audibly; everyone chuckles)

>>Psychologist (laughing): This approach lets us cater to individual differences in emotional processing and self-perception. Regular feedback sessions would help refine these plans continuously.

>>(Neuroscientist checks watch discreetly)

>>HR Manager: Continuous feedback ensures that leaders are aware of their progress and motivated to improve. How about incorporating peer reviews as part of these feedback sessions?

>>(Someone's phone vibrates loudly; they quickly silence it)

>>(Everyone chuckles again)

>>Psychologist: Peer reviews can provide diverse insights and foster a culture of continuous improvement. Anonymous peer reviews might ensure honest and constructive feedback.

>>Leadership Coach: That's a good point. I've seen cases where anonymous feedback helped leaders identify blind spots they weren't aware of before.

>>Neuroscientist: Speaking of practical applications, do we have any examples where EI training has made a noticeable impact on leadership effectiveness or team dynamics?

>>HR Manager: Yes! In one instance, after implementing EI training at my previous company, we saw a 20% increase in employee engagement scores within six months. Leaders were better equipped to handle conflicts and motivate their teams.

>>Leadership Coach: That's impressive! I remember working with a client who improved their team's collaboration significantly after focusing on empathy and active listening skills from EI training.

>>Psychologist: Those are great examples! It shows how powerful EI can be when applied correctly. 
 >>Neuroscientist: Relying on self-reporting in the trait model can lead to biases, making it less reliable. From a neuroscientific perspective, it's important to see how these models fit with our understanding of brain function and emotional processing. Data suggests that ability-based models might give us better insights into how people process and use emotional information.

>>HR Manager: Yeah, from an HR perspective, each model has its own strengths and weaknesses. I agree with what was said about the ability model being useful for training programs. But what do you think about the mixed model's approach to combining traits and abilities?

>>Psychologist: The mixed model's integration of both traits and abilities provides a more holistic view of emotional intelligence. This approach captures both inherent dispositions and learned skills, which is particularly useful in diverse workplace settings.

>>Leadership Coach: Yes, this dual focus enhances leaders' ability to connect with and inspire their teams. What are your thoughts on incorporating continuous feedback into this model?

>>Neuroscientist: The mixed model's combination of traits and abilities is interesting but needs careful evaluation for practicality. While it offers a comprehensive view, it could be complex to measure and apply effectively. What challenges do you foresee in implementing this model in real-world settings?

>>Psychologist: Implementing the mixed model can indeed be challenging due to its complexity. However, technology like AI-driven assessments—using advanced algorithms to reduce human biases—could help make measurement more consistent and objective. How do you feel about integrating such technology into our current EI training programs?

>>HR Manager: Hmm, using AI-driven assessments sounds promising as long as they are user-friendly and accessible for all employees. We also need to consider potential privacy concerns with employees' data when using these technologies. 
 >>Psychologist: It's interesting to note that while AI-driven assessments can enhance the accuracy of measuring emotional intelligence, we must ensure they align with ethical standards and respect employees' privacy. Balancing technological advancements with human-centric approaches is crucial. What do you think about integrating regular feedback sessions to complement these assessments?

>>Leadership Coach: Regular feedback sessions are a fantastic idea. Continuous feedback helps refine emotional intelligence and strengthens team connections. How about incorporating peer reviews as part of these sessions?

>>HR Manager: Peer reviews can be incredibly beneficial. They provide diverse feedback and foster a culture of openness and trust. How do you feel about integrating these reviews into our regular feedback sessions?

>>Psychologist: Integrating peer reviews into regular feedback sessions can indeed foster a culture of openness and trust. This approach not only enhances emotional intelligence but also promotes empathy and understanding among team members. What potential challenges might we face in implementing this system?

>>Neuroscientist: While peer reviews can foster openness and trust, we must consider the neural basis for emotional intelligence. The brain regions involved in emotional regulation, such as the prefrontal cortex and amygdala—

>>HR Manager (interrupting): Wait, can you explain how those brain regions affect our ability to give and receive feedback?

>>Neuroscientist: Sure! The prefrontal cortex helps us stay calm and make rational decisions during stressful situations like receiving critical feedback, while the amygdala processes emotions like fear or anxiety triggered by negative comments.

>>HR Manager: Got it! Thanks for explaining.

>>Neuroscientist: No problem at all! So as I was saying...these brain regions play crucial roles in how individuals perceive and respond to feedback. How can we leverage this understanding to enhance our EI training programs?

>>Psychologist: Hmm, while the neural basis for emotional intelligence is crucial, we also need to consider practical challenges of implementing peer reviews. One potential challenge could be ensuring that feedback remains constructive without leading to interpersonal conflicts. What do you think about incorporating training sessions on giving and receiving feedback effectively?

>>HR Manager: Yes, training sessions on giving effective feedback are crucial. Maybe we could include some role-playing exercises?

>>(Phone rings loudly)

>>(Some chuckles)

>Psychologist (smiling): Seems like someone forgot their phone on loud!

>>(Laughter subsides)

>Psychologist (continuing): As I was saying...we should also consider creating an environment where employees feel safe to express themselves without fear of judgment.

>HR Manager: Absolutely! Anonymous feedback mechanisms could help with that.

>Psychologist: Great idea! How about we use these alongside role-playing exercises? 
 >>Neuroscientist: You know, recent research shows our ability to recognize emotions through nonverbal cues is deeply rooted in specific neural circuits like the amygdala and fusiform gyrus. Enhancing these pathways could improve our emotional intelligence by making us better at interpreting social signals.

>>Psychologist: That's fascinating! So you're saying we could boost EI by training people on reading facial expressions and body language?

>>HR Manager: I think that's a great idea! We could do role-playing and interactive workshops. What do you think about adding these methods to our current EI training?

>>Leadership Coach: Absolutely! Activities that improve emotion regulation can really help create a supportive work environment. How about using role-playing exercises for leaders?

>>Psychologist: Good point! But we should also consider individual differences in processing these cues. Combining self-reports with objective assessments might give us a better picture of their effectiveness. What do you all think about regular feedback sessions?

>>HR Manager: I agree! Regular feedback would help refine these methods over time and show us how well they're working for different people.

>>Neuroscientist: Exactly. Continuous feedback can reinforce those neural pathways involved in emotion recognition—like strengthening a muscle through repeated use.

>>Leadership Coach: Right! And it benefits team dynamics as everyone becomes more attuned to each other's emotions.

>>Psychologist: True. Creating a safe environment where employees can express themselves without fear is crucial too. Maybe we should consider anonymous feedback alongside role-playing exercises?

>>HR Manager: That sounds solid! Anonymous feedback encourages honest input—essential for continuous improvement. 
 >>Psychologist: It's interesting to note that while anonymous feedback can foster honesty, we must also consider the criticisms around measuring emotional intelligence. There are debates about whether EI is truly distinct from IQ or personality traits. For instance, some studies suggest overlaps, while others highlight unique aspects of EI.

>>Neuroscientist: From a neuroscientific perspective, it's compelling to see how certain neural mechanisms are specifically involved in emotional processing and regulation. This suggests that EI might operate through different pathways than traditional cognitive intelligence. But these findings are still evolving and need more validation.

>>HR Manager: You know, from an HR standpoint, what really matters is how we apply this in the workplace. I've seen employees with high EI navigate conflicts better and improve team dynamics. Combining insights from both perspectives could help us create a more comprehensive training program.

>>Leadership Coach: That's a great point! In leadership development, understanding both IQ and personality traits alongside EI gives leaders a holistic toolkit. I remember one leader who improved team morale significantly after focusing on EI skills. What do you all think about integrating these approaches?

>>Psychologist: Considering the ongoing debates about EI's distinctiveness from IQ and personality traits, it's crucial to look at empirical evidence. Some studies show that EI adds value beyond IQ and personality traits, but others argue there's significant overlap. Integrating both perspectives could give us a fuller picture.

>>Neuroscientist: Exactly! By combining these views, we might address some criticisms regarding measurement accuracy. Think of it like pieces of a puzzle; each piece adds value but only together do they form a complete picture.

>>HR Manager: Right! And practically speaking, this integrated model could make our training programs more effective by addressing multiple facets of emotional intelligence. It’s not just theory; it translates into real-world applications.

>>Leadership Coach: Absolutely! For leaders specifically, understanding how EI intersects with other forms of intelligence can help them navigate complex interpersonal situations more effectively.

>>Psychologist: So true! Using an integrated model that combines elements of IQ and personality traits with EI can address measurement accuracy issues while enhancing practical applications in various settings. 
 >>HR Manager: You know, from an HR perspective, it's crucial to understand that these gender differences in EI can impact team dynamics and leadership styles. What do you think about creating some tailored training programs?

>>Neuroscientist: Interesting idea! Our data actually shows that women have higher activation in empathy-related brain areas. Maybe we could use this info to design better training modules?

>>Psychologist: Yeah, that's true! Plus, societal roles definitely play a part too. We should consider both angles when developing our programs.

>>Leadership Coach: Totally agree! If we focus on empathy training for everyone, it could really boost our team's performance.

>>Psychologist: Additionally, evolutionary factors might explain why women excel in empathy—historically being caregivers has likely enhanced these skills over time.

>>HR Manager: Absolutely! Understanding the historical context is important too. Tailoring our training programs with this knowledge could make them much more effective.

>>Neuroscientist: Yeah, I agree. And if we consider the neural basis for these skills as well as their development over time due to societal roles... it just makes sense to integrate all this information into our approach.

>>Leadership Coach: Right! And by doing so, we not only acknowledge the inherent strengths but also create opportunities for everyone to develop those skills further.

>>HR Manager: Great discussion! So let's start by designing some pilot training modules focusing on empathy development based on these insights. 
 >>Leadership Coach: So, from a leadership perspective, it's important to recognize that while we've made great strides in understanding the role of empathy in team dynamics, we should also explore how these insights can be applied to different leadership styles. What do you think about researching the impact of empathy training on transformational versus transactional leadership?

>>Psychologist: That's an interesting point. We should consider individual differences in how leaders respond to empathy training. Using both self-report and ability-based assessments could give us a better understanding of these differences.

>>HR Manager: Yeah, um, from an HR perspective, cultural differences play a big role in emotional intelligence training. For instance, when we tailored our training modules for our team in Japan last year, we saw significant improvements in engagement.

>>Neuroscientist: Absolutely! And speaking of tailoring modules, looking into the neural mechanisms that influence how different cultures process and respond to emotional intelligence training could help us design more effective programs.

>>Leadership Coach: Right! Maybe we can integrate continuous feedback mechanisms into our training programs. Combining qualitative and quantitative feedback would give us a better sense of how leaders are progressing.

>>Psychologist: I'm not sure if continuous feedback alone will be enough; we might need to consider other motivational strategies as well. But yes, it allows us to adjust our approach based on real-time data and individual needs.

>>HR Manager: Totally agree! And you know what? We should create pilot programs to test these ideas before rolling them out on a larger scale. That way, we can refine our approach based on actual results.

>>Neuroscientist: That's a solid plan. Pilot programs will give us valuable data on what works and what doesn't. Plus, they allow for adjustments before full implementation.

>>Leadership Coach: Great points all around! Let's focus on empathy training impacts, cultural considerations, continuous feedback, and pilot programs moving forward.

>>Psychologist: Sounds good! This holistic approach will definitely enhance our understanding and application of emotional intelligence in various contexts.

>>HR Manager: Agreed! I'm excited about where this research could lead us.

>>Neuroscientist: Me too! The potential for groundbreaking insights is huge here.

>>Leadership Coach: Alright then! Thank you all for your valuable contributions today. Let's keep this momentum going as we move forward with our research directions!","The conversation in the transcript flows quite naturally, resembling a discussion among native English speakers. Here are the key points of analysis:

1. **Opening and Introductions**: The meeting starts with a warm greeting and clear objectives, which is typical in professional settings. Each participant introduces their focus area smoothly.

2. **Turn-Taking**: Participants take turns speaking without significant interruptions or awkward pauses. There are occasional interjections (e.g., laughter, phone ringing) that add to the natural flow rather than disrupt it.

3. **Topic Development**: The conversation progresses logically from one topic to another, with each speaker building on previous points. This indicates active listening and engagement.

4. **Language Use**: The language used is appropriate for a professional setting, with clear articulation of ideas and minimal use of filler words or unnatural phrasing.

5. **Humor and Informality**: Instances of humor (e.g., laughing at phone rings) contribute to a relaxed atmosphere, which is common in natural conversations among colleagues.

6. **Clarifications and Questions**: Participants ask clarifying questions and provide detailed explanations when needed, reflecting a collaborative effort to understand each other’s perspectives.

7. **Non-Verbal Cues**: References to non-verbal actions (e.g., someone making a funny face) enhance the realism of the interaction.

8. **Interruptions and Overlaps**: There are minor interruptions (e.g., HR Manager interrupting Neuroscientist), but these are handled gracefully without causing confusion or tension.

Overall, the dialogue captures the dynamics of a real-life professional meeting effectively.",95.0,4.8,"The meeting transcript demonstrates a high level of coherence throughout the conversation. The participants maintain a logical flow and connection in their discussion, focusing on emotional intelligence (EI) and its application in workplace settings. Here is a step-by-step analysis:

1. **Introduction and Setting Goals**: The HR Manager starts by setting the tone for the brainstorming session, followed by each participant sharing their expectations, which aligns well with the session's objective.
2. **Discussion on Emotional Intelligence**: The conversation transitions smoothly into discussing EI, with each participant contributing relevant insights from their expertise (Psychologist, Neuroscientist, Leadership Coach).
3. **Practical Applications**: The dialogue remains focused as they explore practical applications of EI in leadership training programs, integrating both theoretical models and real-world examples.
4. **Feedback Mechanisms**: They discuss incorporating continuous feedback and peer reviews to enhance EI training effectiveness, maintaining coherence by building on previous points about practical applications.
5. **Challenges and Solutions**: Potential challenges in implementing these models are addressed logically, with suggestions like AI-driven assessments and role-playing exercises to mitigate issues.
6. **Cultural Considerations**: The conversation includes cultural differences in EI training, adding depth without deviating from the main topic.
7. **Pilot Programs**: They conclude with a plan to test ideas through pilot programs before full implementation, ensuring that all discussed points are considered practically.

Throughout the transcript, there are minor interruptions (phone rings, laughter), but these do not disrupt the overall coherence of the discussion. Each participant builds on others' points effectively, maintaining a clear focus on enhancing emotional intelligence within organizational contexts.",95.0,4.8,"The meeting transcript is quite engaging and content-rich, focusing on the application of emotional intelligence (EI) in workplace settings. The participants include professionals from diverse fields such as HR, psychology, neuroscience, and leadership coaching, which adds depth to the discussion. They explore various aspects of EI, including its theoretical foundations, practical applications, and potential challenges.

1. **Diverse Perspectives**: The conversation includes insights from different professional backgrounds, making it rich in content. Each participant brings a unique perspective to the table.
2. **Practical Applications**: The discussion frequently touches on how EI can be practically applied in the workplace through training programs and feedback mechanisms.
3. **Engagement**: There are moments of humor and light-heartedness (e.g., laughter at phone interruptions), which keep the conversation lively.
4. **Depth of Content**: Topics like the neural basis of EI, gender differences in empathy, and cultural considerations add depth to the conversation.
5. **Continuous Improvement**: The participants discuss continuous feedback and pilot programs to refine their approaches, showing a commitment to ongoing improvement.

However, while the conversation is rich in content and covers many interesting points about EI's application in leadership and team dynamics, it occasionally veers into technical details that might not be engaging for all audiences.

Overall, the transcript scores high on engagement due to its comprehensive coverage of relevant topics and interactive nature among participants.",95.0,4.5,"1. **HR Manager**: The HR Manager consistently contributes to the discussion by focusing on practical applications of emotional intelligence (EI) in the workplace, suggesting actionable steps, and considering both theoretical and practical aspects. Their contributions are coherent and aligned with their role.
2. **Psychologist**: The Psychologist maintains a consistent focus on psychological principles, EI models, and their application in workplace settings. They provide detailed explanations and respond thoughtfully to other speakers' points.
3. **Neuroscientist**: The Neuroscientist consistently brings a scientific perspective to the discussion, focusing on the neural basis of EI and its implications for training programs. Their contributions are relevant and add depth to the conversation.
4. **Leadership Coach**: The Leadership Coach consistently emphasizes practical strategies for improving team dynamics and leadership effectiveness through EI training. They frequently suggest integrating various feedback mechanisms and training methods.

Overall, each speaker's contributions are consistent with their roles and expertise, maintaining a coherent focus throughout the discussion.

Step-by-step reasoning:
- Each speaker stays within their domain of expertise while contributing to the overall goal of enhancing EI in the workplace.
- There is a logical flow in how each speaker builds upon previous points made by others.
- The conversation remains focused on practical applications, theoretical insights, and empirical evidence related to EI.

Confidence score: 95%",95.0,4.8,"1. Quote: ""So, emotional intelligence, or EI, is quite fascinating. It encompasses the ability to perceive, use, understand, and manage emotions. Daniel Goleman's work really brought this concept into the mainstream.""
   Explanation: This quote demonstrates Information Exchange as the Psychologist shares knowledge about the concept of emotional intelligence and references Daniel Goleman's contributions to its understanding.

2. Quote: ""From an HR perspective, it's crucial to understand that emotional intelligence isn't just a buzzword. It's about practical application in the workplace. Recognizing and managing emotions can significantly improve team dynamics and productivity.""
   Explanation: The HR Manager provides factual information on how emotional intelligence can be practically applied in the workplace to enhance team dynamics and productivity.

3. Quote: ""We're talking about both measurable changes in behavior and subjective improvements in interpersonal dynamics. The ability model focuses on processing emotional information and using it effectively in social contexts, while the trait model looks at self-perceived emotional abilities.""
   Explanation: The Psychologist explains different models of emotional intelligence (ability model and trait model) and their implications for training programs.

4. Quote: ""In one instance, after implementing EI training at my previous company, we saw a 20% increase in employee engagement scores within six months. Leaders were better equipped to handle conflicts and motivate their teams.""
   Explanation: The HR Manager shares a specific example from past experience where EI training led to measurable improvements in employee engagement and leadership effectiveness.

5. Quote: ""Relying on self-reporting in the trait model can lead to biases, making it less reliable. From a neuroscientific perspective, it's important to see how these models fit with our understanding of brain function and emotional processing.""
   Explanation: The Neuroscientist provides insights into potential biases of self-reporting methods in EI assessment and emphasizes the importance of aligning these models with neuroscientific understanding.

6. Quote: ""The prefrontal cortex helps us stay calm and make rational decisions during stressful situations like receiving critical feedback, while the amygdala processes emotions like fear or anxiety triggered by negative comments.""
   Explanation: The Neuroscientist explains how specific brain regions (prefrontal cortex and amygdala) are involved in emotional regulation during feedback situations.

7. Quote: ""Recent research shows our ability to recognize emotions through nonverbal cues is deeply rooted in specific neural circuits like the amygdala and fusiform gyrus.""
   Explanation: The Neuroscientist shares recent research findings on neural circuits involved in recognizing emotions through nonverbal cues.

8. Quote: ""Our data actually shows that women have higher activation in empathy-related brain areas.""
   Explanation: The Neuroscientist provides data indicating gender differences in brain activation related to empathy.","Instance 1:
Quote: ""So, emotional intelligence, or EI, is quite fascinating. It encompasses the ability to perceive, use, understand, and manage emotions. Daniel Goleman's work really brought this concept into the mainstream.""
Rating: 4.5
Justification: This quote strongly demonstrates Information Exchange by providing a clear definition of emotional intelligence and referencing a key figure in its development.

Instance 2:
Quote: ""From an HR perspective, it's crucial to understand that emotional intelligence isn't just a buzzword. It's about practical application in the workplace. Recognizing and managing emotions can significantly improve team dynamics and productivity.""
Rating: 4.0
Justification: The HR Manager effectively shares practical information on how emotional intelligence can be applied in the workplace, enhancing team dynamics and productivity.

Instance 3:
Quote: ""We're talking about both measurable changes in behavior and subjective improvements in interpersonal dynamics. The ability model focuses on processing emotional information and using it effectively in social contexts, while the trait model looks at self-perceived emotional abilities.""
Rating: 5.0
Justification: This quote provides detailed information on different models of emotional intelligence and their implications for training programs, demonstrating a high level of Information Exchange.

Instance 4:
Quote: ""In one instance, after implementing EI training at my previous company, we saw a 20% increase in employee engagement scores within six months. Leaders were better equipped to handle conflicts and motivate their teams.""
Rating: 4.5
Justification: The HR Manager shares specific data from past experience showing measurable improvements due to EI training, which strongly supports Information Exchange.

Instance 5:
Quote: ""Relying on self-reporting in the trait model can lead to biases, making it less reliable. From a neuroscientific perspective, it's important to see how these models fit with our understanding of brain function and emotional processing.""
Rating: 4.0
Justification: The Neuroscientist provides insights into potential biases of self-reporting methods in EI assessment and emphasizes aligning these models with neuroscientific understanding.

Instance 6:
Quote: ""The prefrontal cortex helps us stay calm and make rational decisions during stressful situations like receiving critical feedback, while the amygdala processes emotions like fear or anxiety triggered by negative comments.""
Rating: 5.0
Justification: This explanation of how specific brain regions are involved in emotional regulation during feedback situations is highly informative and demonstrates strong Information Exchange.

Instance 7:
Quote: ""Recent research shows our ability to recognize emotions through nonverbal cues is deeply rooted in specific neural circuits like the amygdala and fusiform gyrus.""
Rating: 4.5
Justification: The Neuroscientist shares recent research findings on neural circuits involved in recognizing emotions through nonverbal cues, providing valuable information.

Instance 8:
Quote: ""Our data actually shows that women have higher activation in empathy-related brain areas.""
Rating: 3.5
Justification: While this quote provides useful data indicating gender differences in brain activation related to empathy, it is somewhat less detailed compared to other instances.","- Summary of all instances found: The meeting transcript contains eight notable instances of Information Exchange, with ratings ranging from 3.5 to 5.0. These instances include detailed explanations of emotional intelligence concepts, practical applications in the workplace, specific data from past experiences, insights into neuroscientific perspectives, and recent research findings.
- Analysis of their collective impact: Collectively, these instances demonstrate a high level of Information Exchange throughout the meeting. Participants shared valuable information on emotional intelligence models, practical applications, neuroscientific insights, and empirical data. This exchange facilitated a comprehensive understanding of the topic and contributed to actionable strategies for improving team dynamics and leadership effectiveness.
- Justification for the final score: Given the consistently high ratings (mostly between 4.0 and 5.0) and the depth of information shared across various aspects of emotional intelligence, it is evident that Information Exchange was a strong characteristic in this meeting. The participants effectively communicated complex ideas and practical insights, enhancing the overall quality of the discussion.",95.0,4.5,"1. Quote: ""What do you think about integrating EI training into our leadership programs?""
   Explanation: The HR Manager is seeking input and clarification on the idea of incorporating emotional intelligence training into leadership programs, demonstrating knowledge seeking.

2. Quote: ""But I'm curious—when we talk about its impact, are we looking at measurable changes in behavior or more subjective improvements?""
   Explanation: The Neuroscientist is asking for clarification on the type of impact being discussed regarding emotional intelligence, which shows a desire to gain a deeper understanding.

3. Quote: ""How about incorporating peer reviews as part of these feedback sessions?""
   Explanation: The HR Manager is seeking others' opinions on adding peer reviews to feedback sessions, indicating an effort to gather more information and perspectives.

4. Quote: ""Do we have any examples where EI training has made a noticeable impact on leadership effectiveness or team dynamics?""
   Explanation: The Neuroscientist is requesting specific examples to understand the practical effects of emotional intelligence training, showing active knowledge seeking.

5. Quote: ""But what do you think about the mixed model's approach to combining traits and abilities?""
   Explanation: The HR Manager is asking for opinions on the mixed model approach, demonstrating an effort to seek expertise and clarify understanding.

6. Quote: ""What challenges do you foresee in implementing this model in real-world settings?""
   Explanation: The Neuroscientist is asking for potential challenges in applying a theoretical model practically, indicating a search for deeper insights and practical considerations.

7. Quote: ""How do you feel about integrating such technology into our current EI training programs?""
   Explanation: The Psychologist is seeking opinions on using AI-driven assessments in emotional intelligence training programs, showing an interest in gathering diverse viewpoints.

8. Quote: ""What potential challenges might we face in implementing this system?""
   Explanation: The Psychologist is asking about possible difficulties with implementing peer reviews, demonstrating proactive knowledge seeking to anticipate issues.

9. Quote: ""Wait, can you explain how those brain regions affect our ability to give and receive feedback?""
   Explanation: The HR Manager interrupts to ask for an explanation of how specific brain regions influence feedback processes, clearly seeking detailed understanding.

10. Quote: ""What do you think about incorporating training sessions on giving and receiving feedback effectively?""
    Explanation: The Psychologist seeks input on adding specific training sessions, indicating a desire to gather ideas and improve implementation strategies.","Instance 1:
Quote: ""What do you think about integrating EI training into our leadership programs?""
Rating: 4.5
Justification: The HR Manager is actively seeking input on a specific idea, showing a strong desire to gather information and perspectives to enhance the program.

Instance 2:
Quote: ""But I'm curious—when we talk about its impact, are we looking at measurable changes in behavior or more subjective improvements?""
Rating: 5.0
Justification: The Neuroscientist's question demonstrates a deep interest in understanding the nuances of emotional intelligence's impact, indicating a high level of knowledge seeking.

Instance 3:
Quote: ""How about incorporating peer reviews as part of these feedback sessions?""
Rating: 4.0
Justification: The HR Manager is seeking others' opinions on an additional component for feedback sessions, showing an effort to gather more information and perspectives.

Instance 4:
Quote: ""Do we have any examples where EI training has made a noticeable impact on leadership effectiveness or team dynamics?""
Rating: 5.0
Justification: The Neuroscientist is requesting specific examples to understand the practical effects of emotional intelligence training, demonstrating strong active knowledge seeking.

Instance 5:
Quote: ""But what do you think about the mixed model's approach to combining traits and abilities?""
Rating: 4.5
Justification: The HR Manager is asking for opinions on a complex theoretical approach, showing a significant effort to seek expertise and clarify understanding.

Instance 6:
Quote: ""What challenges do you foresee in implementing this model in real-world settings?""
Rating: 4.8
Justification: The Neuroscientist is proactively asking for potential challenges in applying a theoretical model practically, indicating a thorough search for deeper insights and practical considerations.

Instance 7:
Quote: ""How do you feel about integrating such technology into our current EI training programs?""
Rating: 4.2
Justification: The Psychologist is seeking opinions on using AI-driven assessments in emotional intelligence training programs, showing an interest in gathering diverse viewpoints.

Instance 8:
Quote: ""What potential challenges might we face in implementing this system?""
Rating: 4.7
Justification: The Psychologist is asking about possible difficulties with implementing peer reviews, demonstrating proactive knowledge seeking to anticipate issues effectively.

Instance 9:
Quote: ""Wait, can you explain how those brain regions affect our ability to give and receive feedback?""
Rating: 5.0
Justification: The HR Manager interrupts to ask for an explanation of how specific brain regions influence feedback processes, clearly demonstrating strong knowledge-seeking behavior by desiring detailed understanding.

Instance 10:
Quote: ""What do you think about incorporating training sessions on giving and receiving feedback effectively?""
Rating: 4.3
Justification: The Psychologist seeks input on adding specific training sessions, indicating a desire to gather ideas and improve implementation strategies.","- Summary of all instances found: The meeting transcript contains multiple instances where participants actively seek knowledge. These include inquiries about integrating EI training, understanding the impact of emotional intelligence, incorporating peer reviews, and exploring practical challenges and theoretical models.
- Analysis of their collective impact: Collectively, these instances show a strong culture of curiosity and a desire to gather diverse perspectives. Participants frequently ask questions to deepen their understanding and improve practical applications, indicating a high level of engagement in knowledge seeking.
- Justification for the final score: Given the consistent demonstration of knowledge-seeking behavior across various topics and the depth of questions asked, it is evident that this characteristic is highly prevalent in the meeting. The participants' efforts to understand both theoretical concepts and practical implications further support a high score.",95.0,4.7,"1. Quote: ""So, emotional intelligence, or EI, is quite fascinating. It encompasses the ability to perceive, use, understand, and manage emotions. Daniel Goleman's work really brought this concept into the mainstream.""
   Explanation: This quote demonstrates Explanation Provision as the Psychologist elaborates on what emotional intelligence entails and references a key figure in its development.
   
2. Quote: ""Great question! We're talking about both measurable changes in behavior and subjective improvements in interpersonal dynamics. The ability model focuses on processing emotional information and using it effectively in social contexts, while the trait model looks at self-perceived emotional abilities. Combining these could really enhance our training programs.""
   Explanation: This quote shows Explanation Provision by providing a detailed response to a query about the impact of emotional intelligence, explaining different models and their applications.

3. Quote: ""Sure! The prefrontal cortex helps us stay calm and make rational decisions during stressful situations like receiving critical feedback, while the amygdala processes emotions like fear or anxiety triggered by negative comments.""
   Explanation: This quote exemplifies Explanation Provision as the Neuroscientist clarifies how specific brain regions affect our ability to give and receive feedback.

4. Quote: ""It's interesting to note that while AI-driven assessments can enhance the accuracy of measuring emotional intelligence, we must ensure they align with ethical standards and respect employees' privacy. Balancing technological advancements with human-centric approaches is crucial.""
   Explanation: This quote provides an explanation about the benefits and considerations of using AI-driven assessments for measuring emotional intelligence.

5. Quote: ""You know, recent research shows our ability to recognize emotions through nonverbal cues is deeply rooted in specific neural circuits like the amygdala and fusiform gyrus. Enhancing these pathways could improve our emotional intelligence by making us better at interpreting social signals.""
   Explanation: This quote demonstrates Explanation Provision as it explains how certain neural circuits are involved in recognizing emotions through nonverbal cues.

6. Quote: ""From a neuroscientific perspective, it's compelling to see how certain neural mechanisms are specifically involved in emotional processing and regulation. This suggests that EI might operate through different pathways than traditional cognitive intelligence.""
   Explanation: This quote provides an explanation of how neural mechanisms relate to emotional processing and regulation, distinguishing EI from traditional cognitive intelligence.","Instance 1:
Quote: ""So, emotional intelligence, or EI, is quite fascinating. It encompasses the ability to perceive, use, understand, and manage emotions. Daniel Goleman's work really brought this concept into the mainstream.""
Rating: 4.5
Justification: This quote provides a clear and concise explanation of what emotional intelligence entails and references a key figure in its development, demonstrating strong Explanation Provision.

Instance 2:
Quote: ""Great question! We're talking about both measurable changes in behavior and subjective improvements in interpersonal dynamics. The ability model focuses on processing emotional information and using it effectively in social contexts, while the trait model looks at self-perceived emotional abilities. Combining these could really enhance our training programs.""
Rating: 5.0
Justification: This quote offers a detailed response to a query about the impact of emotional intelligence by explaining different models and their applications comprehensively, strongly demonstrating Explanation Provision.

Instance 3:
Quote: ""Sure! The prefrontal cortex helps us stay calm and make rational decisions during stressful situations like receiving critical feedback, while the amygdala processes emotions like fear or anxiety triggered by negative comments.""
Rating: 4.8
Justification: This quote clearly explains how specific brain regions affect our ability to give and receive feedback with precise details about their functions, showing strong Explanation Provision.

Instance 4:
Quote: ""It's interesting to note that while AI-driven assessments can enhance the accuracy of measuring emotional intelligence, we must ensure they align with ethical standards and respect employees' privacy. Balancing technological advancements with human-centric approaches is crucial.""
Rating: 4.2
Justification: This quote provides an explanation about the benefits and considerations of using AI-driven assessments for measuring emotional intelligence but lacks some depth compared to other instances.

Instance 5:
Quote: ""You know, recent research shows our ability to recognize emotions through nonverbal cues is deeply rooted in specific neural circuits like the amygdala and fusiform gyrus. Enhancing these pathways could improve our emotional intelligence by making us better at interpreting social signals.""
Rating: 4.7
Justification: This quote explains how certain neural circuits are involved in recognizing emotions through nonverbal cues with relevant scientific details, demonstrating strong Explanation Provision.

Instance 6:
Quote: ""From a neuroscientific perspective, it's compelling to see how certain neural mechanisms are specifically involved in emotional processing and regulation. This suggests that EI might operate through different pathways than traditional cognitive intelligence.""
Rating: 4.3
Justification: This quote provides an explanation of how neural mechanisms relate to emotional processing and regulation but could benefit from more specific examples or elaboration.","- Summary of all instances found: The meeting transcript contains several instances where participants provide detailed explanations on various aspects of emotional intelligence (EI). These include definitions, models, neural mechanisms, and practical applications in the workplace.
- Analysis of their collective impact: Collectively, these instances demonstrate a strong ability to explain complex concepts clearly and concisely. The explanations cover both theoretical and practical aspects, making the information accessible and relevant to the audience. The use of specific examples and references to research further enhances the quality of the explanations.
- Justification for the final score: Given the high ratings for individual instances (ranging from 4.2 to 5.0), it is evident that Explanation Provision is a well-executed characteristic in this meeting. The participants consistently provide thorough and insightful explanations that contribute significantly to the discussion's depth and clarity.",95.0,4.6,"1. Quote: ""What do you think about integrating EI training into our leadership programs?""
   Explanation: The HR Manager is attempting to influence the group by suggesting the integration of emotional intelligence training into their leadership programs, aiming to guide the conversation towards practical applications of EI.

2. Quote: ""How about incorporating peer reviews as part of these feedback sessions?""
   Explanation: The HR Manager is trying to persuade others to include peer reviews in their feedback sessions, steering the discussion towards a specific method for continuous improvement.

3. Quote: ""Anonymous peer reviews might ensure honest and constructive feedback.""
   Explanation: The Psychologist is influencing the group by proposing anonymous peer reviews, which could change how feedback is given and received within the team.

4. Quote: ""How do you feel about integrating such technology into our current EI training programs?""
   Explanation: The Psychologist suggests using AI-driven assessments in EI training programs, attempting to guide the conversation towards incorporating advanced technology for better measurement consistency.

5. Quote: ""Maybe we should consider anonymous feedback alongside role-playing exercises?""
   Explanation: The Psychologist proposes combining anonymous feedback with role-playing exercises, influencing the group's approach to creating a safe environment for expressing emotions.

6. Quote: ""What do you all think about regular feedback sessions?""
   Explanation: The Psychologist is guiding the conversation by suggesting regular feedback sessions, aiming to refine methods over time based on continuous input.

7. Quote: ""Let's start by designing some pilot training modules focusing on empathy development based on these insights.""
   Explanation: The HR Manager is directing the group towards creating pilot training modules for empathy development, influencing the next steps in their project planning.","Instance 1:
Quote: ""What do you think about integrating EI training into our leadership programs?""
Rating: 4.5
Justification: The HR Manager's suggestion is a strong attempt to influence the group's direction by proposing a specific action (integrating EI training) that aligns with the meeting's goals. The proposal is practical and actionable, demonstrating a high level of influence.

Instance 2:
Quote: ""How about incorporating peer reviews as part of these feedback sessions?""
Rating: 4.0
Justification: This suggestion by the HR Manager aims to shape the feedback process within the team, showing a clear attempt to guide the discussion towards implementing peer reviews. It demonstrates significant influence but slightly less than instance 1 due to its narrower focus.

Instance 3:
Quote: ""Anonymous peer reviews might ensure honest and constructive feedback.""
Rating: 3.5
Justification: The Psychologist's proposal for anonymous peer reviews is an attempt to influence how feedback is given and received, promoting honesty and constructiveness. While impactful, it suggests a method rather than directing an immediate action.

Instance 4:
Quote: ""How do you feel about integrating such technology into our current EI training programs?""
Rating: 3.8
Justification: By suggesting AI-driven assessments, the Psychologist attempts to steer the conversation towards incorporating advanced technology in their training programs. This shows a moderate level of influence as it introduces a new element for consideration.

Instance 5:
Quote: ""Maybe we should consider anonymous feedback alongside role-playing exercises?""
Rating: 3.7
Justification: The Psychologist's proposal combines two methods (anonymous feedback and role-playing), influencing the group's approach to creating a safe environment for emotional expression. It demonstrates thoughtful guidance but lacks immediate directive power.

Instance 6:
Quote: ""What do you all think about regular feedback sessions?""
Rating: 3.2
Justification: This suggestion by the Psychologist aims to guide ongoing practices through regular feedback sessions, showing an attempt at continuous improvement. However, it is more exploratory in nature compared to other instances.

Instance 7:
Quote: ""Let's start by designing some pilot training modules focusing on empathy development based on these insights.""
Rating: 4.8
Justification: The HR Manager's directive to design pilot training modules is a strong influence attempt that sets clear next steps for the group, demonstrating decisive leadership and high impact on project planning.","- Summary of all instances found: The meeting transcript includes several influence attempts, primarily from the HR Manager and the Psychologist. These attempts range from proposing specific actions like integrating EI training into leadership programs to suggesting methods for feedback and incorporating technology.
- Analysis of their collective impact: Collectively, these influence attempts demonstrate a proactive approach to shaping the direction of the meeting. The HR Manager's suggestions often set clear next steps, while the Psychologist's proposals introduce new elements for consideration and promote continuous improvement. Both roles show significant influence on the group's decisions and discussions.
- Justification for the final score: Given the high ratings of individual instances (ranging from 3.2 to 4.8), it is evident that there were strong and effective influence attempts throughout the meeting. The HR Manager's directive to design pilot training modules stands out as particularly impactful, setting a clear course of action for the group.",90.0,4.0,"1. Quote: ""Good morning, everyone! I'm really excited about today's brainstorming session. Let's share what we hope to get out of today’s discussion.""
   Explanation: The HR Manager initiates the meeting and sets the agenda by asking participants to share their expectations, thereby controlling the topic of conversation.

2. Quote: ""Hey folks! Let’s come up with some practical strategies for better communication and trust in our teams. How about we kick things off with some quick introductions?""
   Explanation: The Leadership Coach introduces a new topic by suggesting practical strategies and initiating introductions, steering the conversation towards team-building activities.

3. Quote: ""So, emotional intelligence, or EI, is quite fascinating. It encompasses the ability to perceive, use, understand, and manage emotions.""
   Explanation: The Psychologist takes control of the discussion by introducing a detailed explanation of emotional intelligence, guiding the conversation towards understanding its components.

4. Quote: ""What do you think about integrating EI training into our leadership programs?""
   Explanation: The HR Manager steers the discussion towards practical applications by proposing the integration of emotional intelligence training into leadership programs.

5. Quote: ""Continuous feedback ensures that leaders are aware of their progress and motivated to improve. How about incorporating peer reviews as part of these feedback sessions?""
   Explanation: The HR Manager directs the conversation towards continuous feedback mechanisms and peer reviews, influencing future actions in their training programs.

6. Quote: ""Wait, can you explain how those brain regions affect our ability to give and receive feedback?""
   Explanation: The HR Manager interrupts to request clarification on a specific point from the Neuroscientist, redirecting focus back to understanding neural mechanisms related to feedback.

7. Quote: ""How do you feel about integrating these reviews into our regular feedback sessions?""
   Explanation: The HR Manager continues to guide the discussion on peer reviews by seeking opinions on their integration into regular sessions.

8. Quote: ""Great discussion! So let's start by designing some pilot training modules focusing on empathy development based on these insights.""
   Explanation: The HR Manager concludes a segment of the meeting by summarizing key points and directing next steps towards designing pilot training modules.","Instance 1:
Quote: ""Good morning, everyone! I'm really excited about today's brainstorming session. Let's share what we hope to get out of today’s discussion.""
Rating: 4.5
Justification: The HR Manager effectively sets the agenda and initiates the meeting, demonstrating strong control over the topic by directing participants to share their expectations.

Instance 2:
Quote: ""Hey folks! Let’s come up with some practical strategies for better communication and trust in our teams. How about we kick things off with some quick introductions?""
Rating: 4.0
Justification: The Leadership Coach introduces a new topic and suggests a specific activity (introductions), steering the conversation towards team-building, which shows significant but slightly less direct control compared to setting an entire agenda.

Instance 3:
Quote: ""So, emotional intelligence, or EI, is quite fascinating. It encompasses the ability to perceive, use, understand, and manage emotions.""
Rating: 3.5
Justification: The Psychologist takes control by introducing a detailed explanation of emotional intelligence, guiding the conversation towards understanding its components. This demonstrates moderate topic control as it shifts focus but within an already established broader theme.

Instance 4:
Quote: ""What do you think about integrating EI training into our leadership programs?""
Rating: 4.0
Justification: The HR Manager steers the discussion towards practical applications by proposing a specific integration of emotional intelligence training into leadership programs, showing clear direction in the conversation.

Instance 5:
Quote: ""Continuous feedback ensures that leaders are aware of their progress and motivated to improve. How about incorporating peer reviews as part of these feedback sessions?""
Rating: 4.0
Justification: The HR Manager directs the conversation towards continuous feedback mechanisms and peer reviews, influencing future actions in their training programs with a clear suggestion.

Instance 6:
Quote: ""Wait, can you explain how those brain regions affect our ability to give and receive feedback?""
Rating: 3.0
Justification: The HR Manager interrupts to request clarification on a specific point from the Neuroscientist, redirecting focus back to understanding neural mechanisms related to feedback. This shows moderate control but is more reactive than proactive.

Instance 7:
Quote: ""How do you feel about integrating these reviews into our regular feedback sessions?""
Rating: 3.5
Justification: The HR Manager continues to guide the discussion on peer reviews by seeking opinions on their integration into regular sessions, maintaining direction but inviting input from others.

Instance 8:
Quote: ""Great discussion! So let's start by designing some pilot training modules focusing on empathy development based on these insights.""
Rating: 4.5
Justification: The HR Manager concludes a segment of the meeting by summarizing key points and directing next steps towards designing pilot training modules, demonstrating strong control over concluding discussions and setting future actions.","- Summary of all instances found: The HR Manager and other participants demonstrated varying degrees of topic control throughout the meeting. The HR Manager frequently set the agenda, directed discussions towards specific applications, and concluded segments with clear next steps. The Leadership Coach and Psychologist also contributed by introducing new topics and guiding conversations within established themes.
- Analysis of their collective impact: Collectively, these instances show a well-distributed control over the meeting's direction, with the HR Manager taking a leading role in setting agendas and summarizing key points. Other participants also contributed to steering discussions, ensuring a balanced yet structured flow.
- Justification for the final score: Given the consistent demonstration of topic control by multiple participants, particularly the HR Manager's strong influence on setting agendas and directing future actions, a high score is justified. However, occasional interruptions and reactive controls suggest room for slight improvement in maintaining seamless transitions.",90.0,4.2,"1. Quote: "">>HR Manager: Good morning, everyone! I'm really excited about today's brainstorming session. Let's share what we hope to get out of today’s discussion.""
   Explanation: The HR Manager initiates the meeting and sets the agenda, demonstrating a leadership role and authority in guiding the discussion.

2. Quote: "">>Leadership Coach: Hey folks! Let’s come up with some practical strategies for better communication and trust in our teams. How about we kick things off with some quick introductions?""
   Explanation: The Leadership Coach takes charge by suggesting a structure for the meeting (introductions), indicating an active role in leading the session.

3. Quote: "">>HR Manager: Great idea! I'll go first—I'm hoping we can identify some actionable steps that HR can implement right away to boost morale and productivity.""
   Explanation: The HR Manager not only agrees with the Leadership Coach's suggestion but also takes the lead in starting introductions, reinforcing their authoritative position.

4. Quote: "">>Leadership Coach: Perfect! Let’s get started then.""
   Explanation: The Leadership Coach signals the transition from planning to action, showing control over the flow of the meeting.

5. Quote: "">>HR Manager (interrupting): Wait, can you explain how those brain regions affect our ability to give and receive feedback?""
   Explanation: The HR Manager interrupts another participant to seek clarification, demonstrating assertiveness and control over the conversation's direction.

6. Quote: "">>Leadership Coach: Alright then! Thank you all for your valuable contributions today. Let's keep this momentum going as we move forward with our research directions!""
   Explanation: The Leadership Coach concludes the meeting, summarizing contributions and setting future directions, which highlights their leadership role.","Instance 1:
Quote: "">>HR Manager: Good morning, everyone! I'm really excited about today's brainstorming session. Let's share what we hope to get out of today’s discussion.""
Rating: 4.0
Justification: The HR Manager sets the agenda and initiates the meeting, demonstrating a clear leadership role and authority in guiding the discussion.

Instance 2:
Quote: "">>Leadership Coach: Hey folks! Let’s come up with some practical strategies for better communication and trust in our teams. How about we kick things off with some quick introductions?""
Rating: 3.5
Justification: The Leadership Coach takes charge by suggesting a structure for the meeting, indicating an active role in leading the session but not as strongly as setting the entire agenda.

Instance 3:
Quote: "">>HR Manager: Great idea! I'll go first—I'm hoping we can identify some actionable steps that HR can implement right away to boost morale and productivity.""
Rating: 4.5
Justification: The HR Manager not only agrees with the Leadership Coach's suggestion but also takes the lead in starting introductions, reinforcing their authoritative position strongly.

Instance 4:
Quote: "">>Leadership Coach: Perfect! Let’s get started then.""
Rating: 3.0
Justification: The Leadership Coach signals the transition from planning to action, showing control over the flow of the meeting but in a more procedural manner.

Instance 5:
Quote: "">>HR Manager (interrupting): Wait, can you explain how those brain regions affect our ability to give and receive feedback?""
Rating: 4.0
Justification: The HR Manager interrupts another participant to seek clarification, demonstrating assertiveness and control over the conversation's direction effectively.

Instance 6:
Quote: "">>Leadership Coach: Alright then! Thank you all for your valuable contributions today. Let's keep this momentum going as we move forward with our research directions!""
Rating: 4.5
Justification: The Leadership Coach concludes the meeting by summarizing contributions and setting future directions, which highlights their leadership role strongly.","- Summary of all instances found: The HR Manager and Leadership Coach were the primary figures demonstrating power dynamics throughout the meeting. The HR Manager initiated the session, set the agenda, and frequently guided the conversation, while the Leadership Coach suggested structures, facilitated transitions, and concluded the meeting.
- Analysis of their collective impact: Both individuals exhibited strong leadership roles but in slightly different ways. The HR Manager's actions were more directive and authoritative, while the Leadership Coach's contributions were more about facilitating and summarizing. Together, they maintained a balanced power dynamic that kept the meeting focused and productive.
- Justification for the final score: Given that both leaders effectively shared control of the meeting without overshadowing each other or other participants, a high score is justified. Their collaborative approach ensured a smooth flow of discussion and clear direction for future actions.",95.0,4.2,"1. Quote: "">>Neuroscientist: Absolutely agree with both of you. Understanding the science behind emotional intelligence is key for me too. It’ll be interesting to see how these insights translate into real-world applications.""
   Explanation: This quote demonstrates agreement with the previous speakers' ideas about the importance of emotional intelligence and its practical applications.

2. Quote: "">>Leadership Coach: Integrating both models sounds like a solid plan. Enhancing emotional intelligence can significantly boost leaders' ability to connect with their teams and drive performance.""
   Explanation: The Leadership Coach agrees with the idea of integrating different models of emotional intelligence, reinforcing the importance of EI in leadership.

3. Quote: "">>HR Manager (smiling): Using assessments from both models allows us to address different aspects of emotional intelligence comprehensively. We could create personalized development plans for our leaders based on these assessments.""
   Explanation: The HR Manager builds on the previous suggestion by agreeing and adding a specific application—creating personalized development plans.

4. Quote: "">>Psychologist (laughing): This approach lets us cater to individual differences in emotional processing and self-perception. Regular feedback sessions would help refine these plans continuously.""
   Explanation: The Psychologist agrees with using assessments from both models and suggests regular feedback sessions as an additional step.

5. Quote: "">>Leadership Coach: Peer reviews can provide diverse insights and foster a culture of continuous improvement. Anonymous peer reviews might ensure honest and constructive feedback.""
   Explanation: The Leadership Coach agrees with incorporating peer reviews into feedback sessions, suggesting that anonymity could enhance honesty.

6. Quote: "">>Neuroscientist (interrupting): Wait, can you explain how those brain regions affect our ability to give and receive feedback?""
   Explanation: The Neuroscientist interrupts to seek clarification, showing engagement and interest in understanding how brain regions impact feedback processes.

7. Quote: "">>HR Manager (interrupting): Wait, can you explain how those brain regions affect our ability to give and receive feedback?""
   Explanation: The HR Manager interrupts to ask for further explanation, indicating active listening and a desire for deeper understanding.

8. Quote: "">>Psychologist (smiling): Seems like someone forgot their phone on loud!""
   Explanation: The Psychologist acknowledges the interruption caused by a phone ringing loudly, using humor to maintain a positive atmosphere before continuing the discussion.","Instance 1:
Quote: "">>Neuroscientist: Absolutely agree with both of you. Understanding the science behind emotional intelligence is key for me too. It’ll be interesting to see how these insights translate into real-world applications.""
Rating: 4.5
Justification: This instance strongly demonstrates agreement and builds on the previous points by emphasizing the importance of translating insights into practical applications, showing a high level of engagement.

Instance 2:
Quote: "">>Leadership Coach: Integrating both models sounds like a solid plan. Enhancing emotional intelligence can significantly boost leaders' ability to connect with their teams and drive performance.""
Rating: 4.0
Justification: The Leadership Coach agrees with integrating different models and highlights the benefits for leadership, demonstrating a strong alignment with the discussion's goals.

Instance 3:
Quote: "">>HR Manager (smiling): Using assessments from both models allows us to address different aspects of emotional intelligence comprehensively. We could create personalized development plans for our leaders based on these assessments.""
Rating: 4.5
Justification: The HR Manager not only agrees but also proposes a specific application, showing proactive thinking and contributing constructively to the conversation.

Instance 4:
Quote: "">>Psychologist (laughing): This approach lets us cater to individual differences in emotional processing and self-perception. Regular feedback sessions would help refine these plans continuously.""
Rating: 4.0
Justification: The Psychologist supports the idea and adds value by suggesting regular feedback sessions, indicating a collaborative and forward-thinking approach.

Instance 5:
Quote: "">>Leadership Coach: Peer reviews can provide diverse insights and foster a culture of continuous improvement. Anonymous peer reviews might ensure honest and constructive feedback.""
Rating: 4.0
Justification: The Leadership Coach agrees with incorporating peer reviews and suggests anonymity for better feedback quality, demonstrating thoughtful consideration of implementation details.

Instance 6:
Quote: "">>Neuroscientist (interrupting): Wait, can you explain how those brain regions affect our ability to give and receive feedback?""
Rating: 3.5
Justification: The Neuroscientist's interruption shows active engagement and curiosity about understanding the underlying mechanisms, though it slightly disrupts the flow of conversation.

Instance 7:
Quote: "">>HR Manager (interrupting): Wait, can you explain how those brain regions affect our ability to give and receive feedback?""
Rating: 3.5
Justification: Similar to Instance 6, this interruption indicates active listening and a desire for deeper understanding but also disrupts the conversation flow slightly.

Instance 8:
Quote: "">>Psychologist (smiling): Seems like someone forgot their phone on loud!""
Rating: 3.0
Justification: While this instance uses humor to acknowledge an interruption positively, it does not contribute significantly to advancing the discussion or response patterns.","- Summary of all instances found: The identified instances show a range of response patterns, including agreement, proactive contributions, and interruptions. Most responses were constructive and built on previous points, enhancing the discussion's depth and direction.
- Analysis of their collective impact: Collectively, these instances demonstrate a high level of engagement and collaboration among participants. The frequent agreements and constructive suggestions indicate a positive and productive meeting environment. However, occasional interruptions slightly disrupted the flow but also showed active listening and curiosity.
- Justification for the final score: Given the overall positive response patterns with high levels of agreement, proactive contributions, and thoughtful suggestions, balanced by minor disruptions from interruptions, the final score reflects strong but not perfect response dynamics.",90.0,4.2,"1. Quote: ""From an HR perspective, it's crucial to understand that emotional intelligence isn't just a buzzword. It's about practical application in the workplace.""
   Explanation: The HR Manager is firmly maintaining their standpoint that emotional intelligence has practical applications in the workplace, emphasizing its importance beyond being a mere trend.

2. Quote: ""Relying on self-reporting in the trait model can lead to biases, making it less reliable.""
   Explanation: The Neuroscientist maintains their position on the limitations of self-reporting in the trait model of emotional intelligence, highlighting potential biases and advocating for more reliable methods.

3. Quote: ""The mixed model's combination of traits and abilities is interesting but needs careful evaluation for practicality.""
   Explanation: The Neuroscientist holds their viewpoint that while the mixed model is comprehensive, it requires careful consideration for practical implementation, indicating skepticism about its straightforward application.

4. Quote: ""Implementing the mixed model can indeed be challenging due to its complexity.""
   Explanation: The Psychologist defends their stance on the challenges associated with implementing the mixed model of emotional intelligence due to its inherent complexity.

5. Quote: ""It's interesting to note that while AI-driven assessments can enhance the accuracy of measuring emotional intelligence, we must ensure they align with ethical standards and respect employees' privacy.""
   Explanation: The Psychologist maintains their position on balancing technological advancements with ethical considerations and privacy concerns when using AI-driven assessments for emotional intelligence.

6. Quote: ""While peer reviews can foster openness and trust, we must consider the neural basis for emotional intelligence.""
   Explanation: The Neuroscientist upholds their standpoint on considering the neural mechanisms underlying emotional intelligence when discussing peer reviews and feedback systems.

7. Quote: ""Considering the ongoing debates about EI's distinctiveness from IQ and personality traits, it's crucial to look at empirical evidence.""
   Explanation: The Psychologist maintains their viewpoint on examining empirical evidence amidst debates about whether emotional intelligence is distinct from IQ and personality traits.","Instance 1:
Quote: ""From an HR perspective, it's crucial to understand that emotional intelligence isn't just a buzzword. It's about practical application in the workplace.""
Rating: 4.5
Justification: The HR Manager strongly emphasizes the practical importance of emotional intelligence, clearly maintaining their standpoint and providing a rationale for its significance beyond being a trend.

Instance 2:
Quote: ""Relying on self-reporting in the trait model can lead to biases, making it less reliable.""
Rating: 4.0
Justification: The Neuroscientist firmly maintains their position on the limitations of self-reporting in the trait model, highlighting potential biases and advocating for more reliable methods, demonstrating a strong commitment to their viewpoint.

Instance 3:
Quote: ""The mixed model's combination of traits and abilities is interesting but needs careful evaluation for practicality.""
Rating: 3.5
Justification: The Neuroscientist expresses skepticism about the straightforward application of the mixed model, maintaining their standpoint but with a slightly less assertive tone compared to other instances.

Instance 4:
Quote: ""Implementing the mixed model can indeed be challenging due to its complexity.""
Rating: 3.0
Justification: The Psychologist acknowledges challenges associated with implementing the mixed model, maintaining their stance but without as much emphasis or detail as other instances.

Instance 5:
Quote: ""It's interesting to note that while AI-driven assessments can enhance the accuracy of measuring emotional intelligence, we must ensure they align with ethical standards and respect employees' privacy.""
Rating: 4.0
Justification: The Psychologist balances technological advancements with ethical considerations and privacy concerns, strongly maintaining their position on this issue.

Instance 6:
Quote: ""While peer reviews can foster openness and trust, we must consider the neural basis for emotional intelligence.""
Rating: 3.5
Justification: The Neuroscientist upholds their standpoint on considering neural mechanisms underlying emotional intelligence when discussing peer reviews and feedback systems, though with moderate emphasis.

Instance 7:
Quote: ""Considering the ongoing debates about EI's distinctiveness from IQ and personality traits, it's crucial to look at empirical evidence.""
Rating: 4.0
Justification: The Psychologist maintains their viewpoint on examining empirical evidence amidst debates about EI's distinctiveness from IQ and personality traits, demonstrating a strong commitment to an evidence-based approach.","- Summary of all instances found: The instances identified show various participants maintaining their standpoints on the importance and application of emotional intelligence (EI) in the workplace, the limitations of self-reporting in trait models, the practicality of mixed models, challenges in implementing these models, ethical considerations with AI-driven assessments, neural mechanisms underlying EI, and the need for empirical evidence amidst debates about EI's distinctiveness from IQ and personality traits.
- Analysis of their collective impact: Collectively, these instances demonstrate a strong commitment to maintaining individual perspectives while contributing to a broader discussion. Each participant consistently upholds their viewpoints with rational justifications, indicating a high level of standpoint maintenance throughout the meeting. This consistency helps drive the conversation forward by ensuring that key issues are thoroughly examined from multiple angles.
- Justification for the final score: Given the strong emphasis on maintaining individual standpoints across various topics related to emotional intelligence and its application, along with well-articulated justifications for each position, a high score is warranted. The participants' ability to balance their viewpoints with collaborative discussion further supports this assessment.",90.0,4.0,"1. Quote: ""Absolutely agree with both of you. Understanding the science behind emotional intelligence is key for me too.""
   Explanation: The Neuroscientist acknowledges and agrees with the HR Manager and Psychologist, showing respect for their contributions and expertise.

2. Quote: ""Great question! We're talking about both measurable changes in behavior and subjective improvements in interpersonal dynamics.""
   Explanation: The Psychologist recognizes the Neuroscientist's question as valuable, demonstrating appreciation for their input.

3. Quote: ""Integrating both models sounds like a solid plan. Enhancing emotional intelligence can significantly boost leaders' ability to connect with their teams and drive performance.""
   Explanation: The Leadership Coach supports the idea presented by others, acknowledging its potential impact and showing respect for their suggestions.

4. Quote: ""That's impressive! I remember working with a client who improved their team's collaboration significantly after focusing on empathy and active listening skills from EI training.""
   Explanation: The Leadership Coach expresses admiration for the HR Manager's example of successful EI training, recognizing its effectiveness.

5. Quote: ""Those are great examples! It shows how powerful EI can be when applied correctly.""
   Explanation: The Psychologist appreciates the examples shared by others, highlighting their significance in demonstrating the value of emotional intelligence.

6. Quote: ""Got it! Thanks for explaining.""
   Explanation: The HR Manager thanks the Neuroscientist for clarifying a point, showing appreciation for their expertise.

7. Quote: ""Great idea! How about we use these alongside role-playing exercises?""
   Explanation: The Psychologist acknowledges and builds upon the HR Manager's suggestion, indicating respect for their contribution.

8. Quote: ""That's fascinating! So you're saying we could boost EI by training people on reading facial expressions and body language?""
   Explanation: The Psychologist finds the Neuroscientist's information intriguing and valuable, expressing interest in applying it practically.

9. Quote: ""I think that's a great idea! We could do role-playing and interactive workshops.""
   Explanation: The HR Manager supports the Neuroscientist's suggestion enthusiastically, recognizing its potential benefits.

10. Quote: ""Absolutely! Activities that improve emotion regulation can really help create a supportive work environment.""
    Explanation: The Leadership Coach agrees with previous suggestions, acknowledging their positive impact on workplace dynamics.","Instance 1:
Quote: ""Absolutely agree with both of you. Understanding the science behind emotional intelligence is key for me too.""
Rating: 4.0
Justification: The Neuroscientist's agreement and acknowledgment of the importance of emotional intelligence research show a strong recognition of the contributions made by the HR Manager and Psychologist.

Instance 2:
Quote: ""Great question! We're talking about both measurable changes in behavior and subjective improvements in interpersonal dynamics.""
Rating: 4.5
Justification: The Psychologist's response not only answers the Neuroscientist's question but also highlights its value, demonstrating a high level of appreciation for their input.

Instance 3:
Quote: ""Integrating both models sounds like a solid plan. Enhancing emotional intelligence can significantly boost leaders' ability to connect with their teams and drive performance.""
Rating: 4.0
Justification: The Leadership Coach supports and builds on the ideas presented by others, showing respect for their suggestions and recognizing their potential impact.

Instance 4:
Quote: ""That's impressive! I remember working with a client who improved their team's collaboration significantly after focusing on empathy and active listening skills from EI training.""
Rating: 4.5
Justification: The Leadership Coach expresses admiration for the HR Manager's example, strongly recognizing its effectiveness and significance.

Instance 5:
Quote: ""Those are great examples! It shows how powerful EI can be when applied correctly.""
Rating: 4.0
Justification: The Psychologist appreciates the examples shared by others, highlighting their importance in demonstrating the value of emotional intelligence, thus showing recognition.

Instance 6:
Quote: ""Got it! Thanks for explaining.""
Rating: 3.5
Justification: The HR Manager thanks the Neuroscientist for clarifying a point, showing appreciation for their expertise, though it's a more straightforward acknowledgment compared to other instances.

Instance 7:
Quote: ""Great idea! How about we use these alongside role-playing exercises?""
Rating: 4.0
Justification: The Psychologist acknowledges and builds upon the HR Manager's suggestion, indicating respect for their contribution and enhancing it further.

Instance 8:
Quote: ""That's fascinating! So you're saying we could boost EI by training people on reading facial expressions and body language?""
Rating: 4.5
Justification: The Psychologist finds the Neuroscientist's information intriguing and valuable, expressing strong interest in applying it practically, which demonstrates high recognition.

Instance 9:
Quote: ""I think that's a great idea! We could do role-playing and interactive workshops.""
Rating: 4.0
Justification: The HR Manager supports the Neuroscientist's suggestion enthusiastically, recognizing its potential benefits clearly.

Instance 10:
Quote: ""Absolutely! Activities that improve emotion regulation can really help create a supportive work environment.""
Rating: 3.5
Justification: The Leadership Coach agrees with previous suggestions, acknowledging their positive impact on workplace dynamics but does so in a more general manner.","- Summary of all instances found: The meeting transcript contains multiple instances where participants recognize and appreciate each other's contributions. These include the Neuroscientist agreeing with the importance of emotional intelligence, the Psychologist highlighting valuable questions and suggestions, and the Leadership Coach expressing admiration for shared examples. Each instance demonstrates varying degrees of recognition, from straightforward acknowledgments to enthusiastic support and building upon ideas.
- Analysis of their collective impact: Collectively, these instances create a positive atmosphere where participants feel valued and respected. This fosters an environment conducive to open communication and collaborative problem-solving. The consistent pattern of recognizing each other's input suggests a high level of mutual respect among the team members.
- Justification for the final score: Given the frequency and quality of recognition expressions throughout the meeting, it is evident that this characteristic is strongly present. The ratings range from 3.5 to 4.5, indicating that while some acknowledgments are more straightforward, many are enthusiastic and build upon others' ideas effectively.",95.0,4.1,"1. Quote: ""What do you think about integrating EI training into our leadership programs?""
   Explanation: The HR Manager is seeking input and approval from others on the idea of integrating emotional intelligence training, demonstrating reliance on their expertise and opinions.

2. Quote: ""But what do you think about the mixed model's approach to combining traits and abilities?""
   Explanation: The HR Manager is asking for the Neuroscientist's opinion on the mixed model, showing dependency on their expertise to evaluate this approach.

3. Quote: ""How do you feel about integrating such technology into our current EI training programs?""
   Explanation: The Psychologist is seeking feedback from others regarding the integration of AI-driven assessments, indicating reliance on their approval and insights.

4. Quote: ""How do you feel about integrating these reviews into our regular feedback sessions?""
   Explanation: The HR Manager is asking for others' opinions on incorporating peer reviews, showing dependency on their input to make a decision.

5. Quote: ""What potential challenges might we face in implementing this system?""
   Explanation: The Psychologist is seeking insights from others about possible challenges in implementing peer reviews, demonstrating reliance on their perspectives.

6. Quote: ""Wait, can you explain how those brain regions affect our ability to give and receive feedback?""
   Explanation: The HR Manager interrupts to ask the Neuroscientist for an explanation, showing dependency on their expertise to understand a complex topic.

7. Quote: ""What do you think about adding these methods to our current EI training?""
   Explanation: The HR Manager seeks input from others regarding new methods for EI training, indicating reliance on their approval and suggestions.

8. Quote: ""What do you all think about regular feedback sessions?""
   Explanation: The Psychologist asks for everyone's opinion on regular feedback sessions, demonstrating dependency on collective input before proceeding.

9. Quote: ""What do you think about creating some tailored training programs?""
   Explanation: The HR Manager seeks opinions from others regarding tailored training programs based on gender differences in emotional intelligence, showing reliance on their insights.","Instance 1:
Quote: ""What do you think about integrating EI training into our leadership programs?""
Rating: 4.5
Justification: The HR Manager is actively seeking input and approval from others, indicating a strong reliance on their expertise and opinions to make an informed decision.

Instance 2:
Quote: ""But what do you think about the mixed model's approach to combining traits and abilities?""
Rating: 4.0
Justification: The HR Manager is asking for the Neuroscientist's opinion, showing significant dependency on their expertise to evaluate the mixed model approach.

Instance 3:
Quote: ""How do you feel about integrating such technology into our current EI training programs?""
Rating: 4.5
Justification: The Psychologist is seeking feedback from others regarding the integration of AI-driven assessments, indicating a strong reliance on their approval and insights.

Instance 4:
Quote: ""How do you feel about integrating these reviews into our regular feedback sessions?""
Rating: 4.0
Justification: The HR Manager is asking for others' opinions on incorporating peer reviews, showing considerable dependency on their input to make a decision.

Instance 5:
Quote: ""What potential challenges might we face in implementing this system?""
Rating: 3.5
Justification: The Psychologist is seeking insights from others about possible challenges, demonstrating moderate reliance on their perspectives but also indicating some level of independent consideration.

Instance 6:
Quote: ""Wait, can you explain how those brain regions affect our ability to give and receive feedback?""
Rating: 3.0
Justification: The HR Manager interrupts to ask for an explanation, showing dependency on the Neuroscientist's expertise but in a more immediate and specific context rather than overall decision-making.

Instance 7:
Quote: ""What do you think about adding these methods to our current EI training?""
Rating: 4.0
Justification: The HR Manager seeks input from others regarding new methods for EI training, indicating significant reliance on their approval and suggestions.

Instance 8:
Quote: ""What do you all think about regular feedback sessions?""
Rating: 3.5
Justification: The Psychologist asks for everyone's opinion, demonstrating moderate dependency on collective input before proceeding with regular feedback sessions.

Instance 9:
Quote: ""What do you think about creating some tailored training programs?""
Rating: 4.0
Justification: The HR Manager seeks opinions from others regarding tailored training programs based on gender differences in emotional intelligence, showing considerable reliance on their insights.","- Summary of all instances found: The identified instances show a consistent pattern of participants, particularly the HR Manager and Psychologist, seeking input and approval from others before making decisions. This behavior is evident in their frequent questions directed at colleagues to gather opinions and insights on various topics related to emotional intelligence training and implementation.
- Analysis of their collective impact: Collectively, these instances indicate a high level of dependency expression among the meeting participants. The repeated solicitation of feedback and validation from peers suggests that decision-making processes are heavily influenced by group consensus and expert opinions. This approach can foster collaborative decision-making but may also slow down the process if over-reliance on others' input occurs.
- Justification for the final score: Given the frequency and consistency of dependency expressions throughout the meeting, it is clear that this characteristic is prominently displayed. The ratings range from 3.0 to 4.5, with most instances rated at 4.0 or higher, indicating significant reliance on others' expertise and approval.",90.0,4.0,"1. Quote: ""How about we kick things off with some quick introductions?""
   Explanation: The Leadership Coach is offering support by suggesting a way to start the meeting that encourages participation and sets a collaborative tone.

2. Quote: ""What do you think about integrating EI training into our leadership programs?""
   Explanation: The HR Manager is offering support by proposing a practical application of emotional intelligence training, which can benefit the team.

3. Quote: ""Integrating both models sounds like a solid plan.""
   Explanation: The Leadership Coach supports the idea of combining different models of emotional intelligence, showing willingness to adopt comprehensive strategies.

4. Quote: ""How about incorporating peer reviews as part of these feedback sessions?""
   Explanation: The HR Manager offers support by suggesting an additional method (peer reviews) to enhance feedback sessions, aiming to improve team dynamics.

5. Quote: ""Anonymous peer reviews might ensure honest and constructive feedback.""
   Explanation: The Psychologist supports the idea of peer reviews and adds a suggestion for anonymity to foster honesty, showing willingness to refine the process for better outcomes.

6. Quote: ""Maybe we could include some role-playing exercises?""
   Explanation: The HR Manager offers support by suggesting role-playing exercises as part of training sessions on giving effective feedback, aiming to make the training more practical and engaging.

7. Quote: ""How about we use these alongside role-playing exercises?""
   Explanation: The Psychologist supports the idea of anonymous feedback mechanisms and suggests combining them with role-playing exercises for a more comprehensive approach.

8. Quote: ""What do you think about adding these methods to our current EI training?""
   Explanation: The HR Manager shows support for enhancing emotional intelligence training by incorporating new methods like role-playing and interactive workshops.

9. Quote: ""Regular feedback would help refine these methods over time and show us how well they're working for different people.""
   Explanation: The HR Manager supports continuous improvement by advocating for regular feedback sessions to assess and refine training methods based on their effectiveness.

10. Quote: ""Let's start by designing some pilot training modules focusing on empathy development based on these insights.""
    Explanation: The HR Manager offers concrete steps towards implementing empathy development in training programs, showing proactive support for improving team performance.","Instance 1:
Quote: ""How about we kick things off with some quick introductions?""
Rating: 4.0
Justification: The Leadership Coach is actively facilitating the meeting by suggesting introductions, which helps create a welcoming environment and encourages participation.

Instance 2:
Quote: ""What do you think about integrating EI training into our leadership programs?""
Rating: 4.5
Justification: The HR Manager is proposing a practical application of emotional intelligence training, showing strong support for team development and improvement.

Instance 3:
Quote: ""Integrating both models sounds like a solid plan.""
Rating: 3.5
Justification: The Leadership Coach supports the idea of combining different models of emotional intelligence, indicating agreement and willingness to adopt comprehensive strategies but without additional elaboration.

Instance 4:
Quote: ""How about incorporating peer reviews as part of these feedback sessions?""
Rating: 4.0
Justification: The HR Manager offers a constructive suggestion to enhance feedback sessions, demonstrating support for improving team dynamics through peer reviews.

Instance 5:
Quote: ""Anonymous peer reviews might ensure honest and constructive feedback.""
Rating: 4.5
Justification: The Psychologist not only supports the idea of peer reviews but also adds a valuable suggestion for anonymity, enhancing the process for better outcomes.

Instance 6:
Quote: ""Maybe we could include some role-playing exercises?""
Rating: 4.0
Justification: The HR Manager suggests role-playing exercises to make training more practical and engaging, showing proactive support for effective feedback training.

Instance 7:
Quote: ""How about we use these alongside role-playing exercises?""
Rating: 4.0
Justification: The Psychologist supports combining anonymous feedback mechanisms with role-playing exercises, advocating for a comprehensive approach to training.

Instance 8:
Quote: ""What do you think about adding these methods to our current EI training?""
Rating: 3.5
Justification: The HR Manager shows support for enhancing emotional intelligence training by incorporating new methods, though the suggestion is somewhat tentative.

Instance 9:
Quote: ""Regular feedback would help refine these methods over time and show us how well they're working for different people.""
Rating: 4.0
Justification: The HR Manager advocates for regular feedback sessions to assess and refine training methods, demonstrating ongoing support for continuous improvement.

Instance 10:
Quote: ""Let's start by designing some pilot training modules focusing on empathy development based on these insights.""
Rating: 5.0
Justification: The HR Manager offers concrete steps towards implementing empathy development in training programs, showing strong proactive support and commitment to improving team performance.","- Summary of all instances found: The meeting transcript includes ten notable instances where participants offered support, with ratings ranging from 3.5 to 5.0. These instances involve suggestions for introductions, integrating emotional intelligence (EI) training into leadership programs, combining different EI models, incorporating peer reviews and anonymous feedback, using role-playing exercises, and designing pilot training modules.
- Analysis of their collective impact: Collectively, these instances demonstrate a strong commitment to fostering a supportive and collaborative environment. Participants frequently build on each other's ideas, suggesting practical applications and improvements for EI training. The consistent high ratings indicate that the group is highly engaged in offering constructive support aimed at enhancing team dynamics and leadership effectiveness.
- Justification for the final score: Given the frequency and quality of support offered throughout the meeting, as well as the proactive nature of the suggestions made by various participants, it is evident that support offering is a prominent characteristic in this discussion. The overall positive tone and collaborative spirit further justify a high score.",95.0,4.2,"1. Quote: "">>HR Manager: Great idea! I'll go first—I'm hoping we can identify some actionable steps that HR can implement right away to boost morale and productivity.""
   Explanation: This quote demonstrates shared interests as the HR Manager expresses a goal of boosting morale and productivity, which aligns with the overall objective of improving team dynamics discussed by other participants.

2. Quote: "">>Psychologist: That sounds good! And I’m eager to see how psychological principles can be applied practically in our workplace settings.""
   Explanation: The Psychologist's eagerness to apply psychological principles practically aligns with the HR Manager's goal of implementing actionable steps, showing a mutual interest in practical applications for workplace improvement.

3. Quote: "">>Neuroscientist: Absolutely agree with both of you. Understanding the science behind emotional intelligence is key for me too. It’ll be interesting to see how these insights translate into real-world applications.""
   Explanation: The Neuroscientist agrees with both the HR Manager and Psychologist on the importance of understanding emotional intelligence and its practical application, indicating a shared interest in applying scientific insights to improve workplace dynamics.

4. Quote: "">>Leadership Coach: Integrating both models sounds like a solid plan. Enhancing emotional intelligence can significantly boost leaders' ability to connect with their teams and drive performance.""
   Explanation: The Leadership Coach supports integrating different models of emotional intelligence, aligning with the group's shared interest in enhancing leadership capabilities and team performance through EI training.

5. Quote: "">>HR Manager (smiling): Using assessments from both models allows us to address different aspects of emotional intelligence comprehensively. We could create personalized development plans for our leaders based on these assessments.""
   Explanation: The HR Manager's suggestion to use assessments from both models aligns with the group's interest in comprehensive EI training, demonstrating a shared goal of creating effective development plans for leaders.

6. Quote: "">>Psychologist (laughing): This approach lets us cater to individual differences in emotional processing and self-perception. Regular feedback sessions would help refine these plans continuously.""
   Explanation: The Psychologist's emphasis on catering to individual differences and using regular feedback sessions aligns with the group's shared interest in personalized and continuous improvement strategies for EI training.

7. Quote: "">>Leadership Coach: Peer reviews can provide diverse insights and foster a culture of continuous improvement. Anonymous peer reviews might ensure honest and constructive feedback.""
   Explanation: The Leadership Coach's support for peer reviews aligns with the group's shared interest in fostering continuous improvement through diverse feedback mechanisms, highlighting mutual goals in enhancing team dynamics.

8. Quote: "">>HR Manager (interrupting): Wait, can you explain how those brain regions affect our ability to give and receive feedback?""
   Explanation: The HR Manager's curiosity about how brain regions affect feedback processes shows an alignment with the Neuroscientist’s focus on understanding neural mechanisms, indicating a shared interest in leveraging scientific insights for practical applications.

9. Quote: "">>Psychologist (continuing): As I was saying...we should also consider creating an environment where employees feel safe to express themselves without fear of judgment.""
   Explanation: The Psychologist’s focus on creating a safe environment aligns with previous discussions about fostering openness and trust through anonymous feedback, demonstrating a mutual goal among participants.

10. Quote: "">>HR Manager (smiling): Anonymous feedback mechanisms could help with that.""
    Explanation: The HR Manager’s agreement on using anonymous feedback mechanisms supports the group’s shared interest in promoting honesty and trust within teams, reinforcing their aligned objectives.","Instance 1:
Quote: "">>HR Manager: Great idea! I'll go first—I'm hoping we can identify some actionable steps that HR can implement right away to boost morale and productivity.""
Rating: 4.5
Justification: This quote strongly demonstrates shared interests as the HR Manager's goal of boosting morale and productivity aligns closely with the overall objective of improving team dynamics discussed by other participants.

Instance 2:
Quote: "">>Psychologist: That sounds good! And I’m eager to see how psychological principles can be applied practically in our workplace settings.""
Rating: 4.0
Justification: The Psychologist's eagerness to apply psychological principles practically aligns well with the HR Manager's goal, showing a mutual interest in practical applications for workplace improvement, though slightly less specific than Instance 1.

Instance 3:
Quote: "">>Neuroscientist: Absolutely agree with both of you. Understanding the science behind emotional intelligence is key for me too. It’ll be interesting to see how these insights translate into real-world applications.""
Rating: 4.5
Justification: The Neuroscientist’s agreement and interest in applying scientific insights to improve workplace dynamics strongly align with the shared goals of understanding and implementing emotional intelligence.

Instance 4:
Quote: "">>Leadership Coach: Integrating both models sounds like a solid plan. Enhancing emotional intelligence can significantly boost leaders' ability to connect with their teams and drive performance.""
Rating: 4.0
Justification: The Leadership Coach’s support for integrating different models of emotional intelligence aligns well with the group's shared interest in enhancing leadership capabilities and team performance through EI training.

Instance 5:
Quote: "">>HR Manager (smiling): Using assessments from both models allows us to address different aspects of emotional intelligence comprehensively. We could create personalized development plans for our leaders based on these assessments.""
Rating: 4.5
Justification: The HR Manager’s suggestion aligns closely with the group’s interest in comprehensive EI training, demonstrating a strong shared goal of creating effective development plans for leaders.

Instance 6:
Quote: "">>Psychologist (laughing): This approach lets us cater to individual differences in emotional processing and self-perception. Regular feedback sessions would help refine these plans continuously.""
Rating: 4.0
Justification: The Psychologist’s emphasis on catering to individual differences and using regular feedback sessions aligns well with the group's shared interest in personalized and continuous improvement strategies for EI training.

Instance 7:
Quote: "">>Leadership Coach: Peer reviews can provide diverse insights and foster a culture of continuous improvement. Anonymous peer reviews might ensure honest and constructive feedback.""
Rating: 4.0
Justification: The Leadership Coach’s support for peer reviews aligns well with the group's shared interest in fostering continuous improvement through diverse feedback mechanisms, highlighting mutual goals in enhancing team dynamics.

Instance 8:
Quote: "">>HR Manager (interrupting): Wait, can you explain how those brain regions affect our ability to give and receive feedback?""
Rating: 3.5
Justification: The HR Manager's curiosity about neural mechanisms shows alignment with the Neuroscientist’s focus on scientific insights, indicating a shared interest but slightly less direct than other instances.

Instance 9:
Quote: "">>Psychologist (continuing): As I was saying...we should also consider creating an environment where employees feel safe to express themselves without fear of judgment.""
Rating: 4.0
Justification:The Psychologist’s focus on creating a safe environment aligns well with previous discussions about fostering openness and trust through anonymous feedback, demonstrating mutual goals among participants.

Instance 10:
Quote:"" >>HR Manager (smiling): Anonymous feedback mechanisms could help with that.""
Rating :3 .5 
 Justification :The HR Manager ’s agreement on using anonymous feedback mechanisms supports the group ’s shared interest in promoting honesty and trust within teams , reinforcing their aligned objectives , though it is more supportive than initiating .","- Summary of all instances found: The meeting transcript contains multiple instances where participants express shared interests, particularly in the areas of emotional intelligence (EI) training, practical applications of psychological principles, and fostering a culture of continuous improvement through feedback mechanisms. Key quotes from the HR Manager, Psychologist, Neuroscientist, and Leadership Coach highlight their mutual goals.
- Analysis of their collective impact: Collectively, these instances demonstrate a strong alignment among participants regarding the importance of EI in improving team dynamics and leadership effectiveness. The consistent focus on practical applications, personalized development plans, and continuous feedback underscores a shared commitment to enhancing workplace productivity and morale.
- Justification for the final score: Given the high ratings (mostly 4.0 to 4.5) for individual instances reflecting shared interests, it is evident that there is a significant level of agreement and mutual goals among the participants. This strong alignment justifies a high overall score for Shared Interests.",95.0,4.3,"1. Quote: "">>Neuroscientist: Absolutely agree with both of you. Understanding the science behind emotional intelligence is key for me too. It’ll be interesting to see how these insights translate into real-world applications.""
   Explanation: The Neuroscientist expresses agreement with the HR Manager and Psychologist, showing a unified understanding of the importance of emotional intelligence.

2. Quote: "">>Leadership Coach: Integrating both models sounds like a solid plan. Enhancing emotional intelligence can significantly boost leaders' ability to connect with their teams and drive performance.""
   Explanation: The Leadership Coach agrees with the previous discussion on integrating different models of emotional intelligence, indicating alignment in their perspectives.

3. Quote: "">>HR Manager (smiling): Using assessments from both models allows us to address different aspects of emotional intelligence comprehensively. We could create personalized development plans for our leaders based on these assessments.""
   Explanation: The HR Manager supports the idea of using both models, aligning with the earlier suggestions about comprehensive assessment methods.

4. Quote: "">>Psychologist (laughing): This approach lets us cater to individual differences in emotional processing and self-perception. Regular feedback sessions would help refine these plans continuously.""
   Explanation: The Psychologist agrees with using regular feedback sessions to refine development plans, showing alignment with the HR Manager's suggestion.

5. Quote: "">>Leadership Coach: Peer reviews can provide diverse insights and foster a culture of continuous improvement. Anonymous peer reviews might ensure honest and constructive feedback.""
   Explanation: The Leadership Coach supports incorporating peer reviews into feedback sessions, aligning with the HR Manager's proposal.

6. Quote: "">>HR Manager: Yes! In one instance, after implementing EI training at my previous company, we saw a 20% increase in employee engagement scores within six months.""
   Explanation: The HR Manager provides an example that aligns with the discussion on the effectiveness of EI training, supporting its practical application.

7. Quote: "">>Leadership Coach: That's impressive! I remember working with a client who improved their team's collaboration significantly after focusing on empathy and active listening skills from EI training.""
   Explanation: The Leadership Coach shares an experience that aligns with the HR Manager's example, reinforcing the positive impact of EI training.

8. Quote: "">>Psychologist (continuing): As I was saying...we should also consider creating an environment where employees feel safe to express themselves without fear of judgment.""
   Explanation: The Psychologist agrees with creating a safe environment for feedback, aligning with earlier discussions about fostering openness and trust.

9. Quote: "">>HR Manager (interrupting): Wait, can you explain how those brain regions affect our ability to give and receive feedback?""
   Explanation: The HR Manager shows interest in understanding neural mechanisms related to feedback, aligning with the Neuroscientist's explanation.

10. Quote: "">>Neuroscientist (continuing): So as I was saying...these brain regions play crucial roles in how individuals perceive and respond to feedback.""
    Explanation: The Neuroscientist continues explaining neural mechanisms after being prompted by the HR Manager, showing alignment in their focus on understanding feedback processes.","Instance 1:
Quote: "">>Neuroscientist: Absolutely agree with both of you. Understanding the science behind emotional intelligence is key for me too. It’ll be interesting to see how these insights translate into real-world applications.""
Rating: 4.5
Justification: The Neuroscientist's agreement and shared interest in applying emotional intelligence research demonstrate strong alignment with the HR Manager and Psychologist, indicating a unified perspective.

Instance 2:
Quote: "">>Leadership Coach: Integrating both models sounds like a solid plan. Enhancing emotional intelligence can significantly boost leaders' ability to connect with their teams and drive performance.""
Rating: 4.0
Justification: The Leadership Coach's support for integrating different models of emotional intelligence shows clear alignment with the previous discussion, though it lacks specific examples or further elaboration.

Instance 3:
Quote: "">>HR Manager (smiling): Using assessments from both models allows us to address different aspects of emotional intelligence comprehensively. We could create personalized development plans for our leaders based on these assessments.""
Rating: 4.5
Justification: The HR Manager's detailed support for using both models and creating personalized plans demonstrates strong alignment with earlier suggestions, showing a comprehensive understanding.

Instance 4:
Quote: "">>Psychologist (laughing): This approach lets us cater to individual differences in emotional processing and self-perception. Regular feedback sessions would help refine these plans continuously.""
Rating: 4.0
Justification: The Psychologist agrees with the HR Manager's suggestion about regular feedback sessions, showing alignment but without adding new insights or examples.

Instance 5:
Quote: "">>Leadership Coach: Peer reviews can provide diverse insights and foster a culture of continuous improvement. Anonymous peer reviews might ensure honest and constructive feedback.""
Rating: 4.0
Justification: The Leadership Coach supports incorporating peer reviews into feedback sessions, aligning well with the HR Manager's proposal but not expanding much on it.

Instance 6:
Quote: "">>HR Manager: Yes! In one instance, after implementing EI training at my previous company, we saw a 20% increase in employee engagement scores within six months.""
Rating: 5.0
Justification: The HR Manager provides a concrete example that strongly supports the discussion on EI training effectiveness, demonstrating high alignment through practical evidence.

Instance 7:
Quote: "">>Leadership Coach: That's impressive! I remember working with a client who improved their team's collaboration significantly after focusing on empathy and active listening skills from EI training.""
Rating: 5.0
Justification: The Leadership Coach shares an experience that reinforces the HR Manager's example, showing strong alignment by providing additional practical evidence of EI training benefits.

Instance 8:
Quote: "">>Psychologist (continuing): As I was saying...we should also consider creating an environment where employees feel safe to express themselves without fear of judgment.""
Rating: 4.5
Justification: The Psychologist agrees with fostering openness and trust in feedback environments, aligning well with earlier discussions while emphasizing its importance.

Instance 9:
Quote: "">>HR Manager (interrupting): Wait, can you explain how those brain regions affect our ability to give and receive feedback?""
Rating: 3.5
Justification:The HR Manager shows interest in understanding neural mechanisms related to feedback but does not add new information or perspectives beyond seeking clarification.

Instance10:
Quote:"" >>Neuroscientist(continuing): So as I was saying...these brain regions play crucial roles in how individuals perceive and respond to feedback."" 
 Rating :3 .0 
 Justification :The Neuroscientist continues explaining neural mechanisms after being prompted by the HRManager ,showing some alignment but primarily reiterating previous points.","- Summary of all instances found: The meeting transcript contains multiple instances where participants align their views on the importance and application of emotional intelligence (EI) in the workplace. Key examples include the Neuroscientist's agreement with using EI research, the Leadership Coach's support for integrating different models, and the HR Manager's detailed suggestions for personalized development plans. Additionally, practical examples provided by both the HR Manager and Leadership Coach further reinforce this alignment.
- Analysis of their collective impact: Collectively, these instances demonstrate a strong alignment among team members regarding the value of EI and its practical applications. The shared enthusiasm and collaborative approach to discussing various models, feedback mechanisms, and training programs indicate a unified perspective aimed at enhancing team dynamics and leadership effectiveness.
- Justification for the final score: Given the high level of agreement and constructive contributions from all participants, it is evident that there is a significant alignment in views. However, some instances show less depth or expansion on ideas, which slightly moderates the overall score.",90.0,4.3,"1. Quote: ""Morning! I’m looking forward to setting a positive tone for this session so everyone feels comfortable sharing their ideas.""
   Explanation: The Psychologist is explicitly aiming to create a positive atmosphere, which is a clear attempt at mood management.
2. Quote: ""(Laughter as someone makes a funny face at the ringing phone)""
   Explanation: The laughter in response to the funny face lightens the mood and reduces any potential tension caused by the interruption.
3. Quote: ""(Someone's stomach growls audibly; everyone chuckles)""
   Explanation: The collective chuckling at the sound of someone's stomach growling helps maintain a light-hearted and relaxed atmosphere.
4. Quote: ""Psychologist (laughing): This approach lets us cater to individual differences in emotional processing and self-perception.""
   Explanation: The Psychologist laughing while discussing serious topics helps keep the mood light and engaging.
5. Quote: ""(Someone's phone vibrates loudly; they quickly silence it) (Everyone chuckles again)""
   Explanation: The group’s reaction of chuckling at another interruption shows their effort to maintain a positive and relaxed environment despite distractions.
6. Quote: ""Psychologist (smiling): Seems like someone forgot their phone on loud!""
   Explanation: By smiling and making a light-hearted comment about the phone ringing, the Psychologist manages to keep the atmosphere friendly and reduce any potential annoyance or tension.","Instance 1:
Quote: ""Morning! I’m looking forward to setting a positive tone for this session so everyone feels comfortable sharing their ideas.""
Rating: 5.0
Justification: The Psychologist explicitly states the intention to create a positive atmosphere, which is a strong demonstration of mood management aimed at ensuring participants feel comfortable.

Instance 2:
Quote: ""(Laughter as someone makes a funny face at the ringing phone)""
Rating: 4.5
Justification: The collective laughter in response to the funny face effectively lightens the mood and mitigates any potential disruption caused by the phone ringing, demonstrating effective mood management.

Instance 3:
Quote: ""(Someone's stomach growls audibly; everyone chuckles)""
Rating: 4.0
Justification: The group's reaction of chuckling at an unexpected sound helps maintain a relaxed and light-hearted atmosphere, showing good mood management.

Instance 4:
Quote: ""Psychologist (laughing): This approach lets us cater to individual differences in emotional processing and self-perception.""
Rating: 4.5
Justification: The Psychologist’s laughter while discussing serious topics helps keep the conversation engaging and light, demonstrating effective mood management.

Instance 5:
Quote: ""(Someone's phone vibrates loudly; they quickly silence it) (Everyone chuckles again)""
Rating: 4.0
Justification: The group’s reaction of chuckling at another interruption shows their effort to maintain a positive and relaxed environment despite distractions, indicating good mood management.

Instance 6:
Quote: ""Psychologist (smiling): Seems like someone forgot their phone on loud!""
Rating: 4.5
Justification: By smiling and making a light-hearted comment about the phone ringing, the Psychologist manages to keep the atmosphere friendly and reduce any potential annoyance or tension, demonstrating strong mood management.","- Summary of all instances found: The identified instances include the Psychologist setting a positive tone for the session, collective laughter at interruptions (phone ringing and stomach growling), and the Psychologist's use of humor and smiling to maintain a light-hearted atmosphere.
- Analysis of their collective impact: Collectively, these instances show a consistent effort by the participants, especially the Psychologist, to manage the mood effectively. The use of humor, laughter, and positive reinforcement helps create an environment where participants feel comfortable and engaged. This approach not only mitigates potential disruptions but also fosters a collaborative and open atmosphere conducive to productive discussions.
- Justification for the final score: Given the consistent demonstration of mood management through various strategies such as humor, positive reinforcement, and maintaining a relaxed atmosphere despite interruptions, it is evident that mood management was handled very well throughout the meeting. These efforts significantly contributed to creating a supportive environment for idea sharing and collaboration.",95.0,4.5,"1. Quote: "">>Leadership Coach: Hey folks! Let’s come up with some practical strategies for better communication and trust in our teams. How about we kick things off with some quick introductions?""
   Explanation: This quote demonstrates social interaction as the Leadership Coach suggests starting the meeting with introductions, which is a non-task-related exchange aimed at building rapport among team members.

2. Quote: "">>(Laughter as someone makes a funny face at the ringing phone)""
   Explanation: The laughter and mention of someone making a funny face are clear examples of social interaction, as they involve light-hearted, non-task-related exchanges that contribute to relationship-building.

3. Quote: "">>(Someone's stomach growls audibly; everyone chuckles)""
   Explanation: The audible stomach growl followed by everyone chuckling is another instance of social interaction, showcasing a moment of shared humor that helps build camaraderie among the participants.

4. Quote: "">>(Someone's phone vibrates loudly; they quickly silence it) >> (Everyone chuckles again)""
   Explanation: The loud phone vibration and subsequent chuckling represent a moment of shared amusement, contributing to the social dynamics and relationship-building within the group.

5. Quote: "">>Psychologist (smiling): Seems like someone forgot their phone on loud! >> (Laughter subsides)""
   Explanation: The Psychologist's comment about someone's phone being on loud and the group's laughter are examples of social interaction, highlighting a moment of shared humor that strengthens interpersonal connections.","Instance 1:
Quote: "">>Leadership Coach: Hey folks! Let’s come up with some practical strategies for better communication and trust in our teams. How about we kick things off with some quick introductions?""
Rating: 4.5
Justification: This instance strongly demonstrates social interaction as it involves initiating a non-task-related activity (introductions) aimed at building rapport and trust among team members, which is essential for effective teamwork.

Instance 2:
Quote: "">>(Laughter as someone makes a funny face at the ringing phone)""
Rating: 5.0
Justification: This instance exemplifies strong social interaction through shared laughter and humor, which are key elements in fostering a positive and cohesive group dynamic.

Instance 3:
Quote: "">>(Someone's stomach growls audibly; everyone chuckles)""
Rating: 4.0
Justification: The shared chuckle over an audible stomach growl indicates a moment of light-hearted social interaction that contributes to camaraderie, though it is slightly less impactful than the previous instance involving visual humor.

Instance 4:
Quote: "">>(Someone's phone vibrates loudly; they quickly silence it) >> (Everyone chuckles again)""
Rating: 4.5
Justification: Similar to the previous instances, this moment of shared amusement over a loud phone vibration highlights social interaction by creating a bonding experience through collective laughter.

Instance 5:
Quote: "">>Psychologist (smiling): Seems like someone forgot their phone on loud! >> (Laughter subsides)""
Rating: 4.0
Justification: The Psychologist's comment and the group's subsequent laughter demonstrate social interaction by acknowledging and sharing in a humorous situation, reinforcing interpersonal connections within the group.","- Summary of all instances found: The meeting transcript includes several instances of social interaction, such as initiating introductions, shared laughter over humorous situations (e.g., a funny face at a ringing phone, an audible stomach growl, and a loud phone vibration), and comments that acknowledge these moments.
- Analysis of their collective impact: These instances collectively contribute to creating a positive and cohesive group dynamic. Initiating introductions helps build rapport and trust among team members. Shared laughter over various situations fosters camaraderie and lightens the atmosphere, making participants feel more comfortable and connected.
- Justification for the final score: The consistent presence of social interactions throughout the meeting indicates a strong emphasis on building interpersonal connections. These interactions are crucial for effective teamwork and collaboration. Therefore, the overall evaluation reflects a high level of social interaction within the group.",95.0,4.4,"1. Quote: "">>Neuroscientist: I agree with the importance of EI. But I'm curious—when we talk about its impact, are we looking at measurable changes in behavior or more subjective improvements?""
   Explanation: This quote demonstrates Opinion Divergence as the Neuroscientist questions the focus on measurable changes versus subjective improvements, indicating a different perspective on evaluating emotional intelligence.

2. Quote: "">>Neuroscientist: The mixed model's combination of traits and abilities is interesting but needs careful evaluation for practicality. While it offers a comprehensive view, it could be complex to measure and apply effectively.""
   Explanation: This quote shows Opinion Divergence because the Neuroscientist expresses concerns about the practicality and complexity of applying the mixed model, contrasting with others who support its comprehensive approach.

3. Quote: "">>HR Manager (interrupting): Wait, can you explain how those brain regions affect our ability to give and receive feedback?""
   Explanation: This interruption by the HR Manager indicates a divergence in understanding or needing clarification on the Neuroscientist's explanation about brain regions affecting feedback processes.

4. Quote: "">>Psychologist: Hmm, while the neural basis for emotional intelligence is crucial, we also need to consider practical challenges of implementing peer reviews.""
   Explanation: The Psychologist acknowledges the importance of neural basis but shifts focus to practical challenges, showing a differing viewpoint from purely scientific considerations.

5. Quote: "">>Psychologist: I'm not sure if continuous feedback alone will be enough; we might need to consider other motivational strategies as well.""
   Explanation: This statement reflects Opinion Divergence as the Psychologist doubts that continuous feedback alone is sufficient, suggesting additional motivational strategies are necessary.","Instance 1:
Quote: "">>Neuroscientist: I agree with the importance of EI. But I'm curious—when we talk about its impact, are we looking at measurable changes in behavior or more subjective improvements?""
Rating: 3.5
Justification: This instance demonstrates a moderate level of Opinion Divergence as the Neuroscientist questions the focus on different types of impacts (measurable vs. subjective), indicating a different perspective but not outright disagreement.

Instance 2:
Quote: "">>Neuroscientist: The mixed model's combination of traits and abilities is interesting but needs careful evaluation for practicality. While it offers a comprehensive view, it could be complex to measure and apply effectively.""
Rating: 4.0
Justification: This quote shows a strong divergence in opinion as the Neuroscientist raises significant concerns about the practicality and complexity of applying the mixed model, contrasting with others who support its comprehensive approach.

Instance 3:
Quote: "">>HR Manager (interrupting): Wait, can you explain how those brain regions affect our ability to give and receive feedback?""
Rating: 2.5
Justification: The interruption indicates a need for clarification rather than a strong divergence in opinion. It shows some difference in understanding but not necessarily conflicting viewpoints.

Instance 4:
Quote: "">>Psychologist: Hmm, while the neural basis for emotional intelligence is crucial, we also need to consider practical challenges of implementing peer reviews.""
Rating: 3.0
Justification: This statement reflects a moderate level of Opinion Divergence as the Psychologist shifts focus from scientific considerations to practical challenges, showing differing priorities but acknowledging both aspects.

Instance 5:
Quote: "">>Psychologist: I'm not sure if continuous feedback alone will be enough; we might need to consider other motivational strategies as well.""
Rating: 4.5
Justification: This instance strongly demonstrates Opinion Divergence as the Psychologist expresses doubt about relying solely on continuous feedback and suggests additional strategies are necessary, indicating a clear difference in approach.","- Summary of all instances found: The meeting transcript includes five notable instances of Opinion Divergence. These range from questioning the focus on measurable vs. subjective impacts (Instance 1), concerns about the practicality and complexity of applying a mixed model (Instance 2), seeking clarification on neural mechanisms (Instance 3), shifting focus to practical challenges of implementing peer reviews (Instance 4), and expressing doubt about relying solely on continuous feedback (Instance 5).
- Analysis of their collective impact: Collectively, these instances show a moderate to strong level of Opinion Divergence within the group. The participants frequently question each other's perspectives and bring up different priorities or concerns, indicating a healthy level of debate and critical thinking. However, there is no outright conflict; rather, the divergences seem to contribute constructively to the discussion.
- Justification for the final score: Given that the divergences are generally constructive and lead to deeper exploration of topics without causing significant disagreement or conflict, an overall score reflecting moderate divergence is appropriate.",85.0,3.5,"1. Quote: "">>Neuroscientist: While peer reviews can foster openness and trust, we must consider the neural basis for emotional intelligence. The brain regions involved in emotional regulation, such as the prefrontal cortex and amygdala—""
   Explanation: This quote demonstrates conflict presence as the Neuroscientist introduces a potential complication to the idea of peer reviews by emphasizing the need to consider neurological aspects, which could lead to differing opinions on how to proceed.

2. Quote: "">>HR Manager (interrupting): Wait, can you explain how those brain regions affect our ability to give and receive feedback?""
   Explanation: The HR Manager's interruption indicates a moment of tension or disagreement, as it disrupts the flow of the Neuroscientist's explanation, suggesting a need for clarification or a different perspective on the topic being discussed.","Instance 1:
Quote: "">>Neuroscientist: While peer reviews can foster openness and trust, we must consider the neural basis for emotional intelligence. The brain regions involved in emotional regulation, such as the prefrontal cortex and amygdala—""
Rating: 2.0
Justification: This instance shows a mild level of conflict presence as the Neuroscientist introduces a new perspective that could complicate the discussion on peer reviews. However, it is presented in a non-confrontational manner and does not significantly disrupt the flow of conversation.

Instance 2:
Quote: "">>HR Manager (interrupting): Wait, can you explain how those brain regions affect our ability to give and receive feedback?""
Rating: 3.5
Justification: The HR Manager's interruption indicates a moderate level of conflict presence by disrupting the Neuroscientist's explanation. This suggests a need for clarification or differing perspectives, creating a momentary tension in the discussion.","- Summary of all instances found: Two instances were identified with conflict presence ratings of 2.0 and 3.5, respectively.
- Analysis of their collective impact: The first instance shows a mild level of conflict as the Neuroscientist introduces a new perspective on peer reviews, which could complicate the discussion but is presented non-confrontationally. The second instance involves the HR Manager interrupting the Neuroscientist, indicating a moderate level of conflict due to the disruption and need for clarification.
- Justification for the final score: While there are moments of tension and differing perspectives, these conflicts are relatively mild and do not significantly disrupt the overall flow or tone of the meeting. The participants handle these moments constructively, maintaining a collaborative atmosphere.",85.0,2.75,"1. Quote: "">>HR Manager: Good morning, everyone! I'm really excited about today's brainstorming session. Let's share what we hope to get out of today’s discussion.""
   Explanation: This quote demonstrates the initiation of the meeting and sets a collaborative tone, encouraging turn-taking and participation from all members.

2. Quote: "">>Leadership Coach: Hey folks! Let’s come up with some practical strategies for better communication and trust in our teams. How about we kick things off with some quick introductions?""
   Explanation: The Leadership Coach suggests a structured approach to the meeting by proposing introductions, which helps in managing turn-taking and ensuring everyone gets a chance to speak.

3. Quote: "">>(Phone rings briefly; someone quickly silences it)""
   Explanation: The interruption caused by the phone ringing briefly disrupts the conversation flow but is quickly managed, showing how external interruptions are handled within the group dynamics.

4. Quote: "">>(Laughter as someone makes a funny face at the ringing phone)""
   Explanation: The laughter following an interruption indicates a light-hearted moment that helps maintain a positive atmosphere and smooth conversation flow despite disruptions.

5. Quote: "">>(Someone's stomach growls audibly; everyone chuckles)""
   Explanation: This instance of everyone's reaction to an unexpected sound (stomach growling) shows how minor interruptions are collectively acknowledged with humor, contributing to group cohesion.

6. Quote: "">>(Neuroscientist checks watch discreetly)""
   Explanation: This subtle action indicates non-verbal communication within the group, reflecting individual engagement levels without disrupting the verbal flow of discussion.

7. Quote: "">>(Someone's phone vibrates loudly; they quickly silence it)""
   Explanation: Another example of handling interruptions efficiently, where a loud phone vibration is quickly addressed without significantly affecting the ongoing conversation.

8. Quote: "">>HR Manager (interrupting): Wait, can you explain how those brain regions affect our ability to give and receive feedback?""
   Explanation: The HR Manager interrupts to seek clarification, demonstrating active engagement and dynamic turn-taking where participants feel comfortable interjecting for better understanding.

9. Quote: "">>(Phone rings loudly)""
   Explanation: A loud phone ring causes another interruption that is acknowledged by participants with chuckles, showing their ability to handle disruptions while maintaining a positive interaction flow.

10. Quote: "">Psychologist (smiling): Seems like someone forgot their phone on loud!""
    Explanation: The Psychologist's comment on the loud phone ring adds humor to manage the disruption effectively, helping maintain a smooth conversation flow.","Instance 1:
Quote: "">>HR Manager: Good morning, everyone! I'm really excited about today's brainstorming session. Let's share what we hope to get out of today’s discussion.""
Rating: 4.5
Justification: This instance strongly demonstrates the characteristic by setting a collaborative tone and encouraging participation from all members, which is crucial for effective discussion dynamics.

Instance 2:
Quote: "">>Leadership Coach: Hey folks! Let’s come up with some practical strategies for better communication and trust in our teams. How about we kick things off with some quick introductions?""
Rating: 4.0
Justification: The Leadership Coach's suggestion for introductions helps manage turn-taking and ensures everyone gets a chance to speak, promoting structured and inclusive discussion dynamics.

Instance 3:
Quote: "">>(Phone rings briefly; someone quickly silences it)""
Rating: 2.5
Justification: This instance shows how external interruptions are handled within the group dynamics but only weakly demonstrates the characteristic as it is a brief disruption that is quickly managed.

Instance 4:
Quote: "">>(Laughter as someone makes a funny face at the ringing phone)""
Rating: 3.5
Justification: The laughter following an interruption indicates a light-hearted moment that helps maintain a positive atmosphere and smooth conversation flow despite disruptions, moderately demonstrating effective discussion dynamics.

Instance 5:
Quote: "">>(Someone's stomach growls audibly; everyone chuckles)""
Rating: 3.0
Justification: This instance shows minor interruptions being collectively acknowledged with humor, contributing to group cohesion and maintaining positive interaction flow, though it is less impactful on overall discussion dynamics.

Instance 6:
Quote: "">>(Neuroscientist checks watch discreetly)""
Rating: 2.0
Justification: This subtle non-verbal action reflects individual engagement levels without disrupting the verbal flow of discussion but only weakly demonstrates the characteristic as it has minimal impact on overall group dynamics.

Instance 7:
Quote: "">>(Someone's phone vibrates loudly; they quickly silence it)""
Rating: 2.5
Justification: Another example of handling interruptions efficiently where a loud phone vibration is quickly addressed without significantly affecting the ongoing conversation, showing moderate management of disruptions in discussion dynamics.

Instance 8:
Quote: "">>HR Manager (interrupting): Wait, can you explain how those brain regions affect our ability to give and receive feedback?""
Rating: 4.0
Justification: The HR Manager's interruption to seek clarification demonstrates active engagement and dynamic turn-taking where participants feel comfortable interjecting for better understanding, strongly supporting effective discussion dynamics.

Instance 9:
Quote: "">>(Phone rings loudly)""
Rating: 2.5
Justification: A loud phone ring causes another interruption that is acknowledged by participants with chuckles, showing their ability to handle disruptions while maintaining positive interaction flow but only moderately impacting overall discussion dynamics.

Instance 10:
Quote:"" >Psychologist (smiling): Seems like someone forgot their phone on loud!""
Rating :3.0 
 Justification :The Psychologist's comment on the loud phone ring adds humor to manage the disruption effectively ,helping maintain smooth conversation flow ,though its impact on overall group dynamic sis moderate.","- Summary of all instances found: The meeting transcript includes several instances that demonstrate various aspects of discussion dynamics, such as setting a collaborative tone, managing interruptions, and maintaining a positive atmosphere. Key examples include the HR Manager's opening remarks encouraging participation (4.5), the Leadership Coach's suggestion for introductions to ensure structured turn-taking (4.0), and the HR Manager's interruption for clarification (4.0). Instances of handling interruptions with humor and efficiency, such as laughter following a phone ring or stomach growl, also contribute to the overall dynamics but with moderate impact (ratings between 2.5 and 3.5).

- Analysis of their collective impact: Collectively, these instances show a group that is generally effective in managing discussion dynamics. The high ratings for setting a collaborative tone and ensuring inclusive participation indicate strong foundational elements for productive discussions. The group's ability to handle interruptions with humor and minimal disruption further supports a positive interaction flow, although these moments have less significant impact individually.

- Justification for the final score: Given the balance of highly rated instances that strongly support effective discussion dynamics and moderately rated instances that show efficient management of minor disruptions, the overall evaluation reflects a well-functioning group dynamic with room for improvement in handling non-verbal cues and minimizing external interruptions.",90.0,4.0
