Predicted,Input,ref_summary
"In the meeting, the HR Manager, Psychologist, Neuroscientist, and Leadership Coach discussed integrating emotional intelligence (EI) into workplace training to improve team dynamics and leadership effectiveness. They emphasized the importance of both measurable changes in behavior and subjective improvements in interpersonal dynamics. The discussion covered various EI models—ability, trait, and mixed—and their practical applications. They considered using AI-driven assessments for consistency while ensuring ethical standards and privacy. Continuous feedback, peer reviews, role-playing exercises, and anonymous feedback were suggested to enhance EI training. The team also discussed cultural differences in EI training and proposed pilot programs to test new approaches before full implementation. The meeting concluded with a focus on empathy training impacts, cultural considerations, continuous feedback mechanisms, and pilot programs to refine their approach based on real-time data and individual needs.",">>HR Manager: Good morning, everyone! I'm really excited about today's brainstorming session. Let's share what we hope to get out of today’s discussion.

>>Psychologist: Morning! I’m looking forward to setting a positive tone for this session so everyone feels comfortable sharing their ideas.

>>Neuroscientist: Hi there! I want to talk about how we can use emotional intelligence research to improve our team interactions.

>>Leadership Coach: Hey folks! Let’s come up with some practical strategies for better communication and trust in our teams. How about we kick things off with some quick introductions?

>>HR Manager: Great idea! I'll go first—I'm hoping we can identify some actionable steps that HR can implement right away to boost morale and productivity.

>>Psychologist: That sounds good! And I’m eager to see how psychological principles can be applied practically in our workplace settings.

>>Neuroscientist: Absolutely agree with both of you. Understanding the science behind emotional intelligence is key for me too. It’ll be interesting to see how these insights translate into real-world applications.

>>Leadership Coach: Perfect! Let’s get started then. 
 >>Psychologist: So, emotional intelligence, or EI, is quite fascinating. It encompasses the ability to perceive, use, understand, and manage emotions. Daniel Goleman's work really brought this concept into the mainstream.

>>HR Manager: Absolutely. From an HR perspective, it's crucial to understand that emotional intelligence isn't just a buzzword. It's about practical application in the workplace. Recognizing and managing emotions can significantly improve team dynamics and productivity. What do you think about integrating EI training into our leadership programs?

>>Neuroscientist: I agree with the importance of EI. But I'm curious—when we talk about its impact, are we looking at measurable changes in behavior or more subjective improvements?

>>Psychologist: Great question! We're talking about both measurable changes in behavior and subjective improvements in interpersonal dynamics. The ability model focuses on processing emotional information and using it effectively in social contexts, while the trait model looks at self-perceived emotional abilities. Combining these could really enhance our training programs.

>>(Phone rings briefly; someone quickly silences it)

>>Leadership Coach: Integrating both models sounds like a solid plan. Enhancing emotional intelligence can significantly boost leaders' ability to connect with their teams and drive performance.

>>(Laughter as someone makes a funny face at the ringing phone)

>>HR Manager (smiling): Using assessments from both models allows us to address different aspects of emotional intelligence comprehensively. We could create personalized development plans for our leaders based on these assessments.

>>(Someone's stomach growls audibly; everyone chuckles)

>>Psychologist (laughing): This approach lets us cater to individual differences in emotional processing and self-perception. Regular feedback sessions would help refine these plans continuously.

>>(Neuroscientist checks watch discreetly)

>>HR Manager: Continuous feedback ensures that leaders are aware of their progress and motivated to improve. How about incorporating peer reviews as part of these feedback sessions?

>>(Someone's phone vibrates loudly; they quickly silence it)

>>(Everyone chuckles again)

>>Psychologist: Peer reviews can provide diverse insights and foster a culture of continuous improvement. Anonymous peer reviews might ensure honest and constructive feedback.

>>Leadership Coach: That's a good point. I've seen cases where anonymous feedback helped leaders identify blind spots they weren't aware of before.

>>Neuroscientist: Speaking of practical applications, do we have any examples where EI training has made a noticeable impact on leadership effectiveness or team dynamics?

>>HR Manager: Yes! In one instance, after implementing EI training at my previous company, we saw a 20% increase in employee engagement scores within six months. Leaders were better equipped to handle conflicts and motivate their teams.

>>Leadership Coach: That's impressive! I remember working with a client who improved their team's collaboration significantly after focusing on empathy and active listening skills from EI training.

>>Psychologist: Those are great examples! It shows how powerful EI can be when applied correctly. 
 >>Neuroscientist: Relying on self-reporting in the trait model can lead to biases, making it less reliable. From a neuroscientific perspective, it's important to see how these models fit with our understanding of brain function and emotional processing. Data suggests that ability-based models might give us better insights into how people process and use emotional information.

>>HR Manager: Yeah, from an HR perspective, each model has its own strengths and weaknesses. I agree with what was said about the ability model being useful for training programs. But what do you think about the mixed model's approach to combining traits and abilities?

>>Psychologist: The mixed model's integration of both traits and abilities provides a more holistic view of emotional intelligence. This approach captures both inherent dispositions and learned skills, which is particularly useful in diverse workplace settings.

>>Leadership Coach: Yes, this dual focus enhances leaders' ability to connect with and inspire their teams. What are your thoughts on incorporating continuous feedback into this model?

>>Neuroscientist: The mixed model's combination of traits and abilities is interesting but needs careful evaluation for practicality. While it offers a comprehensive view, it could be complex to measure and apply effectively. What challenges do you foresee in implementing this model in real-world settings?

>>Psychologist: Implementing the mixed model can indeed be challenging due to its complexity. However, technology like AI-driven assessments—using advanced algorithms to reduce human biases—could help make measurement more consistent and objective. How do you feel about integrating such technology into our current EI training programs?

>>HR Manager: Hmm, using AI-driven assessments sounds promising as long as they are user-friendly and accessible for all employees. We also need to consider potential privacy concerns with employees' data when using these technologies. 
 >>Psychologist: It's interesting to note that while AI-driven assessments can enhance the accuracy of measuring emotional intelligence, we must ensure they align with ethical standards and respect employees' privacy. Balancing technological advancements with human-centric approaches is crucial. What do you think about integrating regular feedback sessions to complement these assessments?

>>Leadership Coach: Regular feedback sessions are a fantastic idea. Continuous feedback helps refine emotional intelligence and strengthens team connections. How about incorporating peer reviews as part of these sessions?

>>HR Manager: Peer reviews can be incredibly beneficial. They provide diverse feedback and foster a culture of openness and trust. How do you feel about integrating these reviews into our regular feedback sessions?

>>Psychologist: Integrating peer reviews into regular feedback sessions can indeed foster a culture of openness and trust. This approach not only enhances emotional intelligence but also promotes empathy and understanding among team members. What potential challenges might we face in implementing this system?

>>Neuroscientist: While peer reviews can foster openness and trust, we must consider the neural basis for emotional intelligence. The brain regions involved in emotional regulation, such as the prefrontal cortex and amygdala—

>>HR Manager (interrupting): Wait, can you explain how those brain regions affect our ability to give and receive feedback?

>>Neuroscientist: Sure! The prefrontal cortex helps us stay calm and make rational decisions during stressful situations like receiving critical feedback, while the amygdala processes emotions like fear or anxiety triggered by negative comments.

>>HR Manager: Got it! Thanks for explaining.

>>Neuroscientist: No problem at all! So as I was saying...these brain regions play crucial roles in how individuals perceive and respond to feedback. How can we leverage this understanding to enhance our EI training programs?

>>Psychologist: Hmm, while the neural basis for emotional intelligence is crucial, we also need to consider practical challenges of implementing peer reviews. One potential challenge could be ensuring that feedback remains constructive without leading to interpersonal conflicts. What do you think about incorporating training sessions on giving and receiving feedback effectively?

>>HR Manager: Yes, training sessions on giving effective feedback are crucial. Maybe we could include some role-playing exercises?

>>(Phone rings loudly)

>>(Some chuckles)

>Psychologist (smiling): Seems like someone forgot their phone on loud!

>>(Laughter subsides)

>Psychologist (continuing): As I was saying...we should also consider creating an environment where employees feel safe to express themselves without fear of judgment.

>HR Manager: Absolutely! Anonymous feedback mechanisms could help with that.

>Psychologist: Great idea! How about we use these alongside role-playing exercises? 
 >>Neuroscientist: You know, recent research shows our ability to recognize emotions through nonverbal cues is deeply rooted in specific neural circuits like the amygdala and fusiform gyrus. Enhancing these pathways could improve our emotional intelligence by making us better at interpreting social signals.

>>Psychologist: That's fascinating! So you're saying we could boost EI by training people on reading facial expressions and body language?

>>HR Manager: I think that's a great idea! We could do role-playing and interactive workshops. What do you think about adding these methods to our current EI training?

>>Leadership Coach: Absolutely! Activities that improve emotion regulation can really help create a supportive work environment. How about using role-playing exercises for leaders?

>>Psychologist: Good point! But we should also consider individual differences in processing these cues. Combining self-reports with objective assessments might give us a better picture of their effectiveness. What do you all think about regular feedback sessions?

>>HR Manager: I agree! Regular feedback would help refine these methods over time and show us how well they're working for different people.

>>Neuroscientist: Exactly. Continuous feedback can reinforce those neural pathways involved in emotion recognition—like strengthening a muscle through repeated use.

>>Leadership Coach: Right! And it benefits team dynamics as everyone becomes more attuned to each other's emotions.

>>Psychologist: True. Creating a safe environment where employees can express themselves without fear is crucial too. Maybe we should consider anonymous feedback alongside role-playing exercises?

>>HR Manager: That sounds solid! Anonymous feedback encourages honest input—essential for continuous improvement. 
 >>Psychologist: It's interesting to note that while anonymous feedback can foster honesty, we must also consider the criticisms around measuring emotional intelligence. There are debates about whether EI is truly distinct from IQ or personality traits. For instance, some studies suggest overlaps, while others highlight unique aspects of EI.

>>Neuroscientist: From a neuroscientific perspective, it's compelling to see how certain neural mechanisms are specifically involved in emotional processing and regulation. This suggests that EI might operate through different pathways than traditional cognitive intelligence. But these findings are still evolving and need more validation.

>>HR Manager: You know, from an HR standpoint, what really matters is how we apply this in the workplace. I've seen employees with high EI navigate conflicts better and improve team dynamics. Combining insights from both perspectives could help us create a more comprehensive training program.

>>Leadership Coach: That's a great point! In leadership development, understanding both IQ and personality traits alongside EI gives leaders a holistic toolkit. I remember one leader who improved team morale significantly after focusing on EI skills. What do you all think about integrating these approaches?

>>Psychologist: Considering the ongoing debates about EI's distinctiveness from IQ and personality traits, it's crucial to look at empirical evidence. Some studies show that EI adds value beyond IQ and personality traits, but others argue there's significant overlap. Integrating both perspectives could give us a fuller picture.

>>Neuroscientist: Exactly! By combining these views, we might address some criticisms regarding measurement accuracy. Think of it like pieces of a puzzle; each piece adds value but only together do they form a complete picture.

>>HR Manager: Right! And practically speaking, this integrated model could make our training programs more effective by addressing multiple facets of emotional intelligence. It’s not just theory; it translates into real-world applications.

>>Leadership Coach: Absolutely! For leaders specifically, understanding how EI intersects with other forms of intelligence can help them navigate complex interpersonal situations more effectively.

>>Psychologist: So true! Using an integrated model that combines elements of IQ and personality traits with EI can address measurement accuracy issues while enhancing practical applications in various settings. 
 >>HR Manager: You know, from an HR perspective, it's crucial to understand that these gender differences in EI can impact team dynamics and leadership styles. What do you think about creating some tailored training programs?

>>Neuroscientist: Interesting idea! Our data actually shows that women have higher activation in empathy-related brain areas. Maybe we could use this info to design better training modules?

>>Psychologist: Yeah, that's true! Plus, societal roles definitely play a part too. We should consider both angles when developing our programs.

>>Leadership Coach: Totally agree! If we focus on empathy training for everyone, it could really boost our team's performance.

>>Psychologist: Additionally, evolutionary factors might explain why women excel in empathy—historically being caregivers has likely enhanced these skills over time.

>>HR Manager: Absolutely! Understanding the historical context is important too. Tailoring our training programs with this knowledge could make them much more effective.

>>Neuroscientist: Yeah, I agree. And if we consider the neural basis for these skills as well as their development over time due to societal roles... it just makes sense to integrate all this information into our approach.

>>Leadership Coach: Right! And by doing so, we not only acknowledge the inherent strengths but also create opportunities for everyone to develop those skills further.

>>HR Manager: Great discussion! So let's start by designing some pilot training modules focusing on empathy development based on these insights. 
 >>Leadership Coach: So, from a leadership perspective, it's important to recognize that while we've made great strides in understanding the role of empathy in team dynamics, we should also explore how these insights can be applied to different leadership styles. What do you think about researching the impact of empathy training on transformational versus transactional leadership?

>>Psychologist: That's an interesting point. We should consider individual differences in how leaders respond to empathy training. Using both self-report and ability-based assessments could give us a better understanding of these differences.

>>HR Manager: Yeah, um, from an HR perspective, cultural differences play a big role in emotional intelligence training. For instance, when we tailored our training modules for our team in Japan last year, we saw significant improvements in engagement.

>>Neuroscientist: Absolutely! And speaking of tailoring modules, looking into the neural mechanisms that influence how different cultures process and respond to emotional intelligence training could help us design more effective programs.

>>Leadership Coach: Right! Maybe we can integrate continuous feedback mechanisms into our training programs. Combining qualitative and quantitative feedback would give us a better sense of how leaders are progressing.

>>Psychologist: I'm not sure if continuous feedback alone will be enough; we might need to consider other motivational strategies as well. But yes, it allows us to adjust our approach based on real-time data and individual needs.

>>HR Manager: Totally agree! And you know what? We should create pilot programs to test these ideas before rolling them out on a larger scale. That way, we can refine our approach based on actual results.

>>Neuroscientist: That's a solid plan. Pilot programs will give us valuable data on what works and what doesn't. Plus, they allow for adjustments before full implementation.

>>Leadership Coach: Great points all around! Let's focus on empathy training impacts, cultural considerations, continuous feedback, and pilot programs moving forward.

>>Psychologist: Sounds good! This holistic approach will definitely enhance our understanding and application of emotional intelligence in various contexts.

>>HR Manager: Agreed! I'm excited about where this research could lead us.

>>Neuroscientist: Me too! The potential for groundbreaking insights is huge here.

>>Leadership Coach: Alright then! Thank you all for your valuable contributions today. Let's keep this momentum going as we move forward with our research directions!","In our brainstorming session on emotional intelligence (EI), we discussed its definition, historical development, various models, and its implications in different contexts. Emotional intelligence, also known as emotional quotient (EQ), is the ability to perceive, use, understand, manage, and handle emotions effectively. It involves recognizing one's own emotions and those of others, using this information to guide thinking and behavior, and adjusting emotions to adapt to environments.

The term ""emotional intelligence"" first appeared in 1964 but gained significant popularity with Daniel Goleman's 1995 book ""Emotional Intelligence."" Researchers are divided on whether EI can be learned or if it is an innate trait. Various models have been developed to measure EI: the trait model focuses on self-reported behavioral dispositions; the ability model assesses the individual's capacity to process emotional information; and Goleman's mixed model combines elements of both.

We noted that while some studies suggest a correlation between high EI and positive workplace performance, there is no consensus among psychologists about its causal relationship. Emotional intelligence is often linked with empathy due to its role in understanding personal experiences relative to others.

Recent research has delved into emotion recognition through nonverbal cues and neurological studies exploring the neural mechanisms behind EI. Criticisms of EI include debates over its validity as a form of intelligence distinct from IQ or personality traits like the Big Five.

Different models have led to various assessment tools for measuring EI. The Mayer-Salovey-Caruso Emotional Intelligence Test (MSCEIT) is one such tool based on problem-solving items related to emotions. However, it faces criticism for lacking objective correct responses.

Goleman's model emphasizes competencies driving leadership performance but has faced scrutiny for being labeled as ""pop psychology."" Petrides' trait-based model views EI as self-perceptions within a personality framework.

Studies show that higher EI correlates with better social relations, academic achievement, workplace dynamics, health outcomes, and reduced antisocial behavior. Gender differences indicate women generally score higher in EI than men.

Despite criticisms regarding measurement accuracy and predictive power compared to IQ or personality traits, emotional intelligence remains a significant area of interest for enhancing leadership abilities and improving interpersonal dynamics in various settings. Further research is needed to address these criticisms and refine our understanding of EI's role in personal and professional success."
"In the meeting, the Esports Event Organizer outlined the main objectives for the upcoming tournament, focusing on logistics, technical setup, audience engagement, and player experience. The Esports Analyst suggested using augmented reality for live stats and integrating interactive features like live polls and instant replays. The Professional Gamer emphasized the importance of a seamless technical setup for players to focus on gameplay. The Game Developer proposed real-time feedback mechanisms within the game to enhance player experience.

The discussion also covered historical perspectives on esports' growth from arcade competitions in the 1970s to high-speed internet enabling global tournaments in the 2000s. They acknowledged challenges such as managing sponsorships without disrupting events and ensuring fair play by addressing cheating and match-fixing.

The team considered partnerships with educational institutions to promote healthy gaming habits and provide mental health support. They discussed potential new revenue streams like exclusive in-game items, virtual reality experiences, and esports betting.

To address player burnout, they proposed integrating mental health support into games and creating a culture where seeking help is normalized. They agreed on piloting these features in smaller tournaments first to gather feedback before wider implementation.

Overall, they emphasized thorough testing phases, gathering player feedback during pilots, and setting up dedicated teams for different aspects of rollout to ensure a smooth tournament experience.",">>Esports Event Organizer: Hey everyone! Great to see you all here. Let's kick things off by outlining our main objectives for today's meeting. We want to cover all aspects of the upcoming tournament, from logistics and technical setup to audience engagement and player experience. Feel free to share your ideas openly. Let's make this happen!

>>Esports Analyst: Hi folks! Glad to be here. You know, as an analyst, I think we should look at market trends and what our audience expects. Imagine if we could use augmented reality for live stats during matches—that would really set us apart!

>>Professional Gamer: Yeah, that sounds cool. From a player's perspective, it's crucial that everything runs smoothly so we can focus on our gameplay without distractions. Think of it like having a well-coordinated squad—each part needs to work flawlessly together.

>>Game Developer: Absolutely. As a developer, I'm thinking about both the technical infrastructure and how we can creatively engage players. Maybe we could integrate real-time feedback mechanisms within the game to enhance the player experience dynamically.

>>Esports Event Organizer: Before diving into specifics, let's make sure we're all on the same page about our goals today—a seamless tournament experience from start to finish. This means nailing down logistics, technical setup, and audience engagement. Does anyone have any thoughts or additional goals?

>>Esports Analyst: Well, considering market trends is crucial too. If we can integrate interactive features for viewers in real-time, like live polls or instant replays, that would be amazing.

>>Professional Gamer: And don't forget about us players! A seamless technical setup is key so we can stay focused on our gameplay without any hiccups.

>>Game Developer: Right, and from my side, ensuring the game's stability while adding those creative elements will be important.

>>Esports Event Organizer: Great points! So let's break it down—I'll handle logistics coordination; Analyst, you focus on viewer engagement tech; Gamer, keep us updated on player needs; Developer, work on integrating those real-time features smoothly. 
 >>Esports Analyst: So, when we talk about defining esports, it's not just about the games themselves. It's the whole ecosystem—organized competitions, professional players, and those amazing live broadcasts that bring it all together. Without these elements, would it even be considered esports?

>>Professional Gamer: Absolutely. And from a player's perspective, it's not just about the competition itself. I remember this one tournament where everything was so chaotic—the schedule was off, and the broadcast quality was terrible. It really threw me off my game.

>>Game Developer: Oh man, I can imagine! As a developer, I've seen how crucial technical infrastructure is. There was this one time our servers lagged during a major match—it was a nightmare for everyone involved. We need to make sure our backend systems are rock solid to handle high traffic and provide seamless gameplay.

>>Esports Event Organizer: Totally agree with you both. From an event management standpoint, it's like putting together a giant puzzle. Everything has to fit perfectly—from venue setup to broadcast quality and player accommodations. Maybe we should have dedicated teams for each aspect to ensure nothing falls through the cracks?

>>Esports Analyst: That sounds like a solid plan. But what about sponsors and advertisers? How do we make sure their involvement enhances rather than disrupts the experience?

>>Professional Gamer: Sponsors are tricky. They're essential for funding and exposure but can be a pain if they start dictating how things should run or disrupt the flow of the event. I once had a sponsor demand last-minute changes that totally messed with my focus.

>>Game Developer: Yeah, balancing sponsor demands is tough but necessary. Maybe we could set clear guidelines on how they can participate without interfering too much?

>>Esports Event Organizer: Exactly! We need their support but also need to protect the integrity of the event for players and viewers alike.

>>Esports Analyst: Right! It's incredible how sponsors play such a crucial role in this ecosystem, but we must ensure their involvement doesn't disrupt events' flow. At the end of the day, it's all about creating an unforgettable experience for both players and viewers. 
 >>Professional Gamer: The 1970s were like the early days of esports. Those arcade game competitions were all about raw skill and passion. It was a different kind of grind compared to now.

>>Game Developer: As a developer, the 90s were game-changing. Games like 'Street Fighter' and 'StarCraft' didn't just innovate gameplay; they set the stage for complex multiplayer interactions. Without those games, who knows where esports would be today?

>>Esports Analyst: Yeah, and then the 2000s really took things to another level with high-speed internet. That tech leap made global tournaments and massive online communities possible.

>>Esports Event Organizer: And let's not forget how these games brought people together. Local arcades were packed with players challenging each other face-to-face.

>>Game Developer: Exactly! Those in-person interactions added so much excitement.

>>Professional Gamer: The 90s were huge for us gamers too. 'Street Fighter' and 'StarCraft' pushed competitive play to new heights.

>>Esports Analyst: And high-speed internet in the 2000s didn't just enable global tournaments; it also opened up new revenue streams through streaming platforms and sponsorships. That tech leap was crucial for growth in viewership and investment.

>>Professional Gamer: Totally agree. High-speed internet let us compete against the best from around the world without leaving home. It's all about pushing our limits and evolving with technology. 
 >>Esports Analyst: So, let's break it down. Esports is bringing in huge money from sponsorships, ads, media rights, merch sales, and ticket sales for live events. Big companies are jumping on board – it's like the Wild West out there!

>>Esports Event Organizer: Yeah! Managing all that can be pretty tricky though. We have to match sponsors with our event's vibe without bombarding fans with ads. And predicting ticket sales? That's always a challenge.

>>Esports Analyst: Exactly! It's not just about making money but also managing it well. Media rights are huge! They bring in big bucks but negotiating those deals means understanding both gamers and traditional media.

>>Professional Gamer: From our side, how these deals are handled really affects us. If they're not done right, it can be distracting and mess with our game. I remember one tournament where the sponsor's demands were so intrusive that it threw off my focus completely. And seeing fans wear our merch? That's awesome motivation!

>>Game Developer: As developers, we need to integrate these revenue streams into the game smoothly – like having cool branded items that don't disrupt gameplay. And making sure our game runs well during high-quality streaming is key.

>>Esports Analyst: Plus, big brands like Coca-Cola and Intel investing in esports boosts its credibility and growth opportunities.

>>Professional Gamer: Right! Poorly managed deals can distract us players but good merch sales pump us up when we see fans wearing our gear.

>>Game Developer: Imagine using these investments to improve player experience – branded virtual items or exclusive events could make games even cooler if done right.

>>Esports Event Organizer: But let's not forget the logistics behind this integration. We've had instances where last-minute changes from sponsors caused chaos during setup. Balancing their needs with a smooth event flow is crucial.

>>Esports Analyst: It's amazing how these companies aren't just investing money but also bringing their marketing skills into play – like Coca-Cola sponsoring tournaments then featuring highlights in their ads! 
 >>Professional Gamer: You know, one of my favorite things about esports is how it brings people together from all over the world. I've met so many friends through gaming – it's like we're part of this huge global community.

>>Game Developer: Definitely! It's amazing how games can create such strong bonds. I think adding more social features could make these connections even stronger. Imagine having events where players from different countries have to team up – that would be awesome!

>>Esports Analyst: For sure! And it's not just within gaming circles anymore; we're seeing traditional sports stars getting involved too. Like when that NBA player joined an esports tournament last year – it was wild!

>>Professional Gamer: Yeah, those crossovers are really cool. They bring a lot of attention to esports and show that it's not just a niche hobby anymore.

>>Esports Event Organizer: Exactly! These events create unforgettable moments for fans and boost engagement across both communities.

>>Game Developer: Speaking of memorable moments, remember that time we had a surprise collaboration with a famous DJ during an in-game event? The players went nuts!

>>Professional Gamer: Oh yeah, that was epic! It’s those unexpected twists that keep the community buzzing long after the event ends.

>>Esports Analyst: Totally agree. And you know what? Sometimes these collaborations push us to innovate even more. Like, what if we had interactive live streams where fans could influence the game in real-time?

>>Game Developer: That would be next-level! It’s all about creating experiences that resonate on a personal level with players.

>>Esports Event Organizer: Absolutely, and it’s also about making sure everyone feels included. We should think about ways to involve casual gamers too, not just the pros.

>>Professional Gamer: Good point. At the end of the day, it’s all about sharing our love for gaming with as many people as possible. 
 >>Esports Analyst: So, speaking of sharing our love for gaming, have you guys noticed how universities are now offering scholarships for skilled players? It's amazing! I mean, it's like getting a full ride for being awesome at something you love, right?
>>Game Developer: Yeah, from a developer's perspective, it's fascinating to see the educational sector recognizing the value of esports. Imagine if we could add more educational elements to games themselves, making them not only fun but also a way to learn. This could really change how we think about learning and gaming.
>>Professional Gamer: Definitely! These scholarships are like unlocking new levels of opportunity. They recognize our skills and open doors to education and career paths that might have seemed out of reach otherwise.
>>Esports Event Organizer: Do you think this trend will continue to grow? Like, will more universities start offering these scholarships?
>>Esports Analyst: Great question! Well, these scholarships aren't just about playing games. They're a recognition of the skills and dedication that players bring to the table. It's like universities are finally seeing esports as a legitimate field. This could really drive more students to pursue their passion while getting an education.
>>Professional Gamer: Exactly! It's not just about the financial support; it's about validation and recognition of our skills. It opens up so many opportunities that we might not have had otherwise.
>>Game Developer: Absolutely! These scholarships show how far esports has come. Universities recognizing strategic thinking and teamwork is huge. It's like they're saying this is just as valuable as traditional sports.
>>(Phone rings briefly)
>>Professional Gamer: Sorry about that! Gotta love those unexpected interruptions during meetings!
>>(Everyone chuckles)
>>Professional Gamer: Anyway, as I was saying—it's like getting that ultimate achievement unlocked in real life! 
 >>Esports Analyst: Wow! That's incredible, isn't it? But, you know, we can't ignore the elephant in the room—player burnout. These intense training schedules are just brutal. If we don't address this, we're going to see more players dropping out early in their careers.

>>Game Developer: Reducing training hours alone won't fix player burnout. What if we made training more engaging with AI-driven scenarios? It could keep things interesting and help players improve without getting bored.

>>Professional Gamer: Yeah, player burnout is a huge issue. When you're grinding for hours on end, it feels like running a marathon with no finish line. It's insane! We need to rethink how we train and maybe even look at mental health support. If players are dropping out because they're exhausted, we're failing them.

>>Esports Analyst: Absolutely. Player burnout is definitely a huge issue, but there's another critical aspect we need to address—fair play. Cheating and match-fixing scandals can really damage the integrity of esports...

>>Professional Gamer: Fair play is crucial. If we don't crack down on cheating and match-fixing, it's like letting hackers run wild in a game—total chaos!

>>Esports Analyst: Exactly! Fans need to trust what they're watching; otherwise, it's like building a house on quicksand—everything just collapses. And speaking of legitimacy, there's still this ongoing debate about whether esports should be considered a legitimate sport. Isn't it time we settled this once and for all?

>>Esports Event Organizer: Addressing player burnout and fair play are crucial, but let's not forget the logistical challenges in organizing these events. Ensuring everything runs smoothly from start to finish is no small feat! What if we implemented a more structured schedule with mandatory breaks and mental health support integrated into event planning? This could help mitigate burnout while maintaining high standards of fair play.

>>Esports Analyst: The debate about whether esports should be considered a legitimate sport is fascinating. We've got all the elements—intense competition, dedicated athletes, and massive audiences. Isn't it time we recognize esports for what it truly is?

>>Professional Gamer: Absolutely! It's frustrating that people still question this. If they paid attention to our dedication and the scale of our events, they'd see we're just as legitimate as any traditional sport. 
 >>Esports Analyst: So, speaking of legitimacy and growth, have you guys thought about potential partnerships with educational institutions? Universities promoting healthy gaming habits among young players could really make a significant impact.

>>Esports Event Organizer: That's a fantastic idea! Partnering with educational institutions could help promote healthy gaming habits. It's all about creating a sustainable environment for young players. What if we also consider integrating workshops or seminars on mental health and time management? That could be really beneficial too.

>>Esports Analyst: Absolutely, exploring new revenue streams is crucial for sustaining long-term growth in esports. We've seen how media rights and sponsorships have been transformative, but what about merchandise? Exclusive in-game items or limited-edition gear tied to major tournaments could be huge.

>>Professional Gamer: As a professional gamer, I can tell you that partnerships with educational institutions would be transformative. But—

>>Game Developer (interrupting): Sorry to jump in here—just wanted to say that's an excellent point! Maybe these partnerships could also include research opportunities on gaming's impact on cognitive skills.

>>Professional Gamer: Exactly! Promoting healthy gaming habits is crucial. But let's get real; we also need to think about how these partnerships can help us address player burnout and mental health issues. Universities offering not just scholarships but also support systems for gamers would be amazing.

>>Esports Analyst: Speaking of new revenue streams—

>>Esports Event Organizer (overlapping): Wait—before we move on from that last point—what if universities hosted local tournaments? It could boost community engagement.

>>Esports Analyst: Great idea! Now back to revenue streams—what if we looked into virtual reality experiences? Fans being able to virtually attend tournaments from their homes would be revolutionary.

>>(Everyone chuckles as someone’s phone vibrates softly)

>>Game Developer (smiling): From a developer's perspective, integrating educational elements into games can be quite fascinating! Imagine creating in-game scenarios that teach time management or stress relief techniques. This way players not only enjoy the game but also learn valuable life skills. And speaking of new revenue streams—

>>(Notification sound)

>>(Everyone chuckles again)

>>Game Developer (smiling): Okay seriously now—what about leveraging AI to personalize gaming experiences? AI-driven content could keep players engaged longer and even open up new monetization opportunities.

>>Esports Analyst: Another potential revenue stream we haven't touched on is esports betting. It's already huge in traditional sports right? The engagement and excitement it could bring to esports would be substantial!

>>Professional Gamer: We need to seriously consider the impact of player burnout.
>>(Everyone nods)
It's not just about promoting healthy gaming habits but also creating a support system that addresses mental health. If universities offered counseling and wellness programs specifically for gamers, it would make a big difference. 
 >>Professional Gamer: Alright, you see, from my experience, having a solid support system is crucial. I remember this one tournament where the organizers had mental health professionals on-site. It was a game-changer! Unbelievable how much it helped us stay focused and perform better.

>>Esports Analyst: Wow! That's incredible! It's clear that mental resilience is just as important as physical endurance. Maybe we could also look into providing regular mental health check-ins for players.

>>Game Developer: As a developer, we need to think about how this would work technically and make sure it doesn't mess up the gameplay experience. Imagine if we had in-game prompts or breaks that encourage players to take a moment for their well-being during intense tournaments.

>>Esports Analyst: That sounds like a great idea. I remember talking to some players who said they felt much better after speaking with on-site counselors during last year's tournament. We should definitely consider integrating something similar into the game itself.

>>Professional Gamer: Listen, it's not just about prompts or breaks. In my experience, having real-time access to professionals during tournaments can make a huge difference. Like, imagine if players could instantly connect with a counselor through the game interface when they're feeling overwhelmed.

>>Game Developer: That's true, but what if we combined both? Real-time access with periodic reminders might cover all bases without disrupting gameplay too much.

>>Esports Analyst: Having real-time access to professionals through the game interface definitely makes a big difference. But we also need to think about scalability. How do we ensure that every player in a major tournament has equal access to these resources without overwhelming the system?

>>Professional Gamer: While integrating real-time access to professionals is great, we also need to think about practical use. Some players might hesitate to reach out even if help is available. Maybe we need to create a culture where seeking support is normalized and encouraged.

>>Esports Analyst: Creating a culture where seeking support is normalized is key. How do we actually implement this? Maybe regular workshops or seminars during tournaments can educate players on the importance of mental health. It's about making these resources accessible and acceptable.

>>Game Developer: We could start by piloting an in-game support feature in smaller tournaments before rolling it out widely. This way, we can gather feedback and make necessary adjustments. 
 >>Esports Analyst: So, let's break it down. We've got some amazing ideas on the table, right? Piloting in-game support features is a fantastic start! But we also need to think about how we can scale this effectively across larger tournaments without compromising quality.

>>Professional Gamer: Yeah, from a player's perspective, it's crucial that we don't just focus on scaling but also on maintaining the quality of these support features. If we roll out something too quickly without proper testing, it could backfire and affect player performance negatively. Our goal should be to enhance the experience without compromising gameplay.

>>Esports Analyst: Absolutely. It's like trying to level up too fast in a game without the right gear—you're bound to hit a wall! So, maybe we should prioritize thorough testing phases before any major rollout? What do you think?

>>Professional Gamer: Exactly! And from my experience, it's not just about the features themselves but how they're implemented. I remember during last year's tournament when a new feature crashed mid-game—it was chaos! We need to test this stuff properly before going big.

>>Esports Event Organizer: Alright, so we've got some solid ideas here. Piloting in-game support features is a great start! But let's not forget the logistics of scaling this up for larger tournaments. We need to make sure our servers can handle it without crashing. What if we set up dedicated teams to manage different aspects of this rollout? This way, we can maintain focus and ensure everything runs smoothly.

>>Game Developer: I agree with all of you. Testing is key here. We should definitely pilot these features in smaller tournaments first and gather feedback from players. This will help us refine everything before a wider implementation.

>>Esports Analyst: Right, so we're all on the same page about prioritizing thorough testing before any major rollout. Let's make sure we get player feedback during those smaller tournaments as well.

>>Professional Gamer: Yeah, getting player feedback during smaller tournaments is crucial. If we can test these features in a controlled environment first, we'll get real insights without risking major disruptions.

>>Game Developer: And once we've gathered enough data from these pilots, we'll have a clearer picture of what works and what doesn't. Then we can make informed decisions about scaling up.

>>Esports Event Organizer: Perfect! So our next steps are clear—pilot in smaller tournaments, gather feedback, refine based on that feedback, and then plan for larger rollouts with dedicated teams managing each aspect.","In today's brainstorming session, we delved into the multifaceted world of esports, exploring its rapid growth and the various elements that contribute to its burgeoning popularity. We began by discussing the definition of esports, which encompasses organized, multiplayer video game competitions, particularly between professional players. The conversation highlighted how these competitions are often broadcasted live and can attract large audiences both online and in physical venues.

We examined the historical context of esports, noting its origins in the early 1970s with arcade game competitions and its evolution through the 1990s with games like ""Street Fighter"" and ""StarCraft."" The advent of high-speed internet in the 2000s significantly boosted esports' reach, leading to a surge in online gaming communities and professional leagues.

The discussion then shifted to the economic impact of esports. It was noted that this industry has become a multi-billion dollar market, driven by sponsorships, advertising, media rights, merchandise sales, and ticket sales for live events. Major corporations are increasingly investing in esports teams and tournaments, recognizing their potential for brand exposure among younger demographics.

We also explored the cultural significance of esports. Participants pointed out that it has fostered a sense of community among gamers worldwide and has even influenced mainstream culture through collaborations with traditional sports organizations and celebrities. Additionally, we touched on the educational opportunities within esports, such as scholarships offered by universities for skilled players.

A significant portion of our discussion focused on the challenges facing the industry. Issues such as player burnout due to intense training schedules, concerns over fair play including cheating and match-fixing scandals, and debates about whether esports should be considered a legitimate sport were all brought up. 

In conclusion, we recognized that while there are hurdles to overcome, the future of esports looks promising given its growing fanbase and increasing legitimacy as a competitive field. Action items include further research into potential partnerships with educational institutions to promote healthy gaming habits among young players and exploring new revenue streams to sustain long-term growth in this dynamic industry."
"In a meeting of diverse NLP experts, the main objective was to brainstorm innovative applications and advancements in NLP. The discussion began with sharing recent projects and ideas, emphasizing the importance of considering societal impacts and ethical implications. Key points included leveraging advanced techniques like transformers for real-time translation and sentiment analysis, addressing biases in training data, and integrating cognitive models to enhance explainability.

The conversation highlighted the shift from rule-based systems to neural networks, reducing manual feature engineering and improving practical applications like chatbots and virtual assistants. Ethical considerations were stressed throughout, particularly ensuring fairness, transparency, and privacy protection in AI systems.

Specific project ideas included using NLP for healthcare improvements by analyzing patient records for early disease detection and personalized treatment plans. The need for robust feedback loops, user-friendly interfaces for transparency, patient consent mechanisms, and scalability of systems was discussed.

Tasks were assigned: developing infrastructure for real-time feedback loops (Machine Learning Engineer), ensuring accurate interpretation of medical terminology (Computational Linguist), drafting ethical guidelines (AI Ethicist), with all agreeing on their roles. The meeting concluded with a readiness to start the project.",">>NLP Researcher: Good morning, everyone! I'm excited to see such a diverse group of experts here today. Our main objective for this session is to brainstorm innovative applications and advancements in NLP. Let's keep the conversation open and creative, allowing all ideas to be explored.

>>Computational Linguist: Morning! How about we each share a recent project or idea that we're passionate about? It'll help us get the ball rolling.

>>AI Ethicist: That's a great idea. From an ethical standpoint, it's crucial that as we brainstorm innovative applications in NLP, we also consider the potential societal impacts and ethical implications. How do we ensure these advancements are used responsibly and equitably?

>>Machine Learning Engineer: Hey everyone! Building on that, from an engineering perspective, it's important that we focus on practical applications of NLP advancements. For instance, how can we leverage these technologies to improve real-world systems like healthcare or customer service?

>>Deep Learning Specialist: Absolutely! It's fascinating how advanced techniques like transformers and attention mechanisms have revolutionized NLP. We can now handle context and semantics in ways that were previously unimaginable, opening up new frontiers in applications like real-time translation and sentiment analysis.

>>NLP Researcher: I love where this is going. So let's dive into specific projects or ideas we've been working on or thinking about. Who wants to start? 
 >>Computational Linguist: It's been really interesting to see how we've moved from symbolic methods to neural networks. Alan Turing's early work laid the groundwork, but it was the shift in the late 1980s to machine learning that truly revolutionized NLP.

>>Deep Learning Specialist: Yeah, totally! That shift was a game-changer. With deep learning techniques, we saw a huge leap in our ability to understand and generate natural language. I remember when we first started using these models—it felt like magic compared to the old statistical methods.

>>NLP Researcher: Absolutely! And what's fascinating is how these models learn patterns from data instead of relying on manually crafted rules. It opened up so many possibilities for capturing semantic relationships.

>>Machine Learning Engineer: Right! And this made practical applications like chatbots and virtual assistants way more effective. Before these advancements, our systems were pretty basic and couldn't handle complex interactions.

>>AI Ethicist: That's true, but with these advancements come ethical considerations too. We need to think about how these models might be used or misused. For example, ensuring they don't perpetuate biases present in training data is crucial.

>>Deep Learning Specialist: Good point! Addressing biases is essential. If our training data is biased, the model's output will be too. We need strategies to mitigate this—maybe by diversifying our datasets significantly.

>>Computational Linguist: Exactly! From a computational perspective, representing words as vectors in continuous space has been revolutionary for understanding context and meaning.

>>NLP Researcher: Indeed! This leap allowed us to capture semantic nuances better than ever before. But it's not just about technical progress; it's also about making sure we're responsible with these tools.

>>Machine Learning Engineer: And let's not forget practical applications again—these advances have made tools like translation services way better than they used to be!

>>AI Ethicist: Yes, but as we push forward with these technologies, we must keep ethical implications at the forefront of our minds. Ensuring fairness and transparency is key as these systems become more integrated into society. 
 >>NLP Researcher: You know, this is fascinating because the shift from rule-based systems to neural network approaches has really reduced the need for manual feature engineering. With large language models like GPT-3, we can capture complex semantic relationships and generate human-like text without explicitly defining rules or features. It's a monumental leap in our ability to process and understand natural language.

>>Computational Linguist: Exactly! And what's even more interesting is how these models can now handle languages with complex syntactic structures that were previously challenging. It's amazing to see them adapt so well.

>>Machine Learning Engineer: Yeah, and in practical terms, this means we can develop applications like real-time translation services that are far more accurate than before. I remember working on a project where we used GPT-3 to analyze patient records in healthcare—it was incredible how much time it saved us.

>>Deep Learning Specialist: Absolutely! The stuff we're doing with transformers and attention mechanisms is just amazing. These models can understand context in ways that were previously unimaginable. BERT and GPT-3 have shown us how to leverage vast amounts of data to capture nuanced meanings and generate coherent text.

>>AI Ethicist: Well, from an ethical standpoint... 

>>Machine Learning Engineer: Good point! But what about...

>>AI Ethicist: (laughs) Hold on, let me finish! While the advancements in NLP are indeed revolutionary, we must consider the potential for misuse and bias. How do we balance innovation with ethical responsibility?

>>NLP Researcher: Right, um... it's crucial that as we push forward with these technologies, we're also mindful of their implications. The ability to capture complex semantic relationships without manual feature engineering allows us to focus on more innovative applications and deeper linguistic analysis.

>>Computational Linguist: To add to that, instead of relying on predefined syntactic rules, these models learn from vast datasets, capturing intricate patterns and nuances. This highlights that our methods are now more adaptive and capable of handling the complexities of natural language.

>>Machine Learning Engineer: And you know what's interesting? The reduced need for feature engineering means we can deploy solutions faster and iterate more quickly based on real-world feedback.

>>Deep Learning Specialist: Exactly! And it's not just about speed; it's about depth too. These models allow us to explore new frontiers in understanding context and meaning at a level that was previously out of reach.

>>AI Ethicist: So true! But let's not forget the importance of ensuring fairness and transparency as these technologies become more integrated into society. 
 >>Computational Linguist: Integrating cognitive models can really boost the explainability of NLP systems by aligning our algorithms with how humans process language.

>>NLP Researcher: Yeah, and it also connects to the historical roots of NLP. If we can model language processing like human cognition, our systems could become way more intuitive for users.

>>Deep Learning Specialist: Totally! Using techniques like transformers and attention mechanisms helps us mimic human understanding better than ever before. Imagine if these models could grasp context just like we do!

>>Machine Learning Engineer: Can you give an example where this has been done successfully? It would help to see some practical implications.

>>NLP Researcher: Sure! Take sentiment analysis tools, for instance. They now use cognitive models to understand context and nuance beyond just keyword matching. They can interpret the underlying emotions and intentions behind words.

>>Computational Linguist: Exactly, and by integrating these models, we get a better grasp of linguistic structures too. Our algorithms start to mimic how humans handle complex syntactic structures.

>>AI Ethicist: This brings up some important ethical questions though. How do we ensure these cognitively-aligned systems are fair and transparent?

>>Deep Learning Specialist: Good point! Ensuring fairness while mimicking human cognition is tricky but essential. We need robust frameworks to continuously evaluate these models.

>>Machine Learning Engineer: Absolutely! And it's not just about building these models but also maintaining them responsibly over time.

>>NLP Researcher: Right! Integrating cognitive models into NLP bridges the gap between computational efficiency and human-like understanding. It allows us to create systems that are not only effective but also aligned with how humans process language. 
 >>Deep Learning Specialist: So, um, to build on that, let's delve into the potential of advanced deep learning techniques. By leveraging transformers and attention mechanisms, we can create models that not only understand context but also predict user intent with remarkable accuracy. This opens up new avenues for real-time applications like dynamic translation and personalized content generation! Pretty cool, right?

>>Computational Linguist: Well, from a computational perspective, integrating cognitive models with NLP systems could significantly enhance their ability to process and understand complex linguistic structures. You see, by combining insights from cognitive science, we can create more intuitive and human-like language processing systems. Imagine you're using a virtual assistant that not only understands your commands but also picks up on your mood based on how you speak—like if you're frustrated, it might offer help in a calmer tone.

>>NLP Researcher: This is fascinating because integrating cognitive models with NLP systems could indeed revolutionize our approach to language processing. Additionally, we could explore how these models might improve user engagement by providing more contextually relevant responses. For example, an NLP system that evolves its responses based on continuous learning from user feedback—much like how humans refine their communication skills over time.

>>Machine Learning Engineer: Yeah, I mean, that's really exciting! But what kind of infrastructure would be needed to support such dynamic learning? How do we ensure these systems remain efficient while adapting in real-time?

>>AI Ethicist: That's a crucial point. We need to consider the ethical implications as well. Um, if these systems are continuously learning from user interactions, how do we ensure transparency and fairness in their decision-making processes? It's essential that we address these concerns early on.

>>Deep Learning Specialist: Absolutely! And you know, it's not just about the technical challenges but also about creating frameworks for responsible AI development. What do you think would be the biggest hurdle in implementing such frameworks?

>>Computational Linguist: Exactly! And by incorporating interdisciplinary approaches—like combining insights from cognitive science—we can develop more holistic solutions. For instance, using cognitive models might help us better understand and mitigate biases inherent in language data.

>>NLP Researcher: Right! And this interdisciplinary approach could lead to breakthroughs in areas like sentiment analysis or even more nuanced tasks like detecting sarcasm or irony in text. The possibilities are endless when we start thinking beyond traditional boundaries.

>>Machine Learning Engineer: So true! And speaking of practical applications—how do you all see these advancements impacting everyday tools? Like virtual assistants or customer service bots?

>>AI Ethicist: Well, if done right, these advancements could make such tools far more empathetic and responsive to users' needs. But again, it's vital that we maintain a balance between innovation and ethical responsibility.

>>Deep Learning Specialist: Yeah! And um... ensuring that our models are transparent and explainable will be key here. Users should feel confident that they understand how decisions are being made by these intelligent systems. 
 >>NLP Researcher: This is fascinating because, um, from a technical standpoint, using these advanced models in healthcare can significantly enhance patient care by analyzing vast amounts of unstructured data, like electronic health records. But we must also consider the ethical implications and ensure robust privacy protection mechanisms are in place to safeguard sensitive patient information.

>>Computational Linguist: Absolutely! And think about how these models can pick up on complex language patterns in medical records that might be missed by human eyes. For instance, they could identify trends or anomalies that signal early disease onset. But yeah, privacy is a big deal—we need to make sure we're not compromising patient trust.

>>Deep Learning Specialist: Right, and with the advancements in deep learning—especially transformers and attention mechanisms—we're seeing incredible improvements in processing this kind of data. Imagine an AI sifting through thousands of records to spot subtle signs of illness early on. It's not just about speed; it could save lives! But transparency is crucial so doctors understand how these conclusions are reached.

>>AI Ethicist: Exactly. While the potential benefits are huge, we can't ignore the ethical side. We need clear guidelines on data use and consent to protect patients' rights. Plus, there's always the risk of biases creeping into these models if they're trained on flawed data.

>>Machine Learning Engineer: Yeah, I mean, ensuring privacy is crucial. But let's not forget the practical applications here. These models could help doctors make more informed decisions faster by providing insights from massive datasets that would take humans forever to analyze.

>>NLP Researcher: Consider this scenario: an AI analyzes patient records and flags potential drug interactions that might not be immediately apparent to a human practitioner. This enhances healthcare delivery efficiency and significantly improves patient safety. However, transparency and explainability are key to maintaining trust among healthcare professionals.

>>Computational Linguist: Exactly! And understanding linguistic nuances present in patient records is crucial because medical terminology often involves complex syntactic and semantic structures needing precise interpretation to avoid misdiagnosis or incorrect treatment plans.

>>Machine Learning Engineer: Right! And think about personalized treatment plans—analyzing patient data with AI could suggest tailored interventions based on individual needs. It's like having a supercharged assistant for every doctor!

>>AI Ethicist: Absolutely! But as we push forward with these innovations, let's remember our responsibility towards patients' rights and privacy. We need clear guidelines on how this data is used and who has access to it.

>>Deep Learning Specialist: Um, you know what's exciting? The potential for real-time applications where an AI assists during consultations by providing relevant information instantly based on the patient's history. But again, transparency is vital so that both doctors and patients understand how decisions are made. 
 >>NLP Researcher: This is fascinating because, from a technical standpoint, the integration of real-time AI in healthcare can indeed revolutionize patient care. Imagine an AI that not only assists during consultations but also continuously learns and adapts to new medical research and patient data. However, we must ensure that this learning process is transparent and ethically sound.

>>Computational Linguist: It's interesting how the integration of cognitive models in NLP systems can mirror human language processing. I remember working on a project where we used these models to improve sentiment analysis in customer feedback. The results were quite impressive, but it also highlighted the need for continuous learning and adaptation to new data.

>>Deep Learning Specialist: Yeah! The potential for real-time AI in healthcare is just amazing! To put it in perspective, imagine a neural network that not only processes patient data but also predicts potential health issues before they even manifest. This kind of proactive approach could revolutionize preventive medicine. But, um, we need to ensure these models are transparent and their decision-making processes are explainable to maintain trust.

>>AI Ethicist: Absolutely! From an ethical standpoint, we need to ensure that these AI systems are not only transparent but also accountable. If a system makes a critical healthcare decision, there must be a clear understanding of how that decision was reached. This raises the question: how do we build trust in these systems while maintaining rigorous ethical standards?

>>NLP Researcher: You know, this reminds me of a project I worked on where we used NLP to analyze patient feedback in real-time. The insights were invaluable for improving patient care, but it also highlighted the importance of ensuring data privacy and ethical use. How do you think we can balance these aspects effectively?

>>Machine Learning Engineer: Well, balancing those aspects is definitely tricky. I mean, on one hand, you want the AI to be as effective as possible by using all available data; on the other hand, you have to respect privacy concerns and ethical guidelines. Maybe implementing robust anonymization techniques could help? What do you guys think?

>>Deep Learning Specialist: That's a good point! Anonymization can certainly play a role here. And like... if we're talking about transparency too, maybe developing user-friendly interfaces that explain how decisions are made could help build trust with both patients and healthcare providers.

>>AI Ethicist: Yes! User-friendly interfaces are crucial for transparency. We should also consider involving patients more directly in the development process so they feel more comfortable with how their data is being used.

>>Computational Linguist: Actually, that's an excellent idea! Involving patients could provide valuable feedback on what information they find most important or reassuring when interacting with AI systems.

>>NLP Researcher: Exactly! And from a technical perspective, incorporating feedback loops where users can report inaccuracies or biases would be beneficial too.

>>Machine Learning Engineer: Um... speaking of biases... has anyone here dealt with bias mitigation strategies recently? I've been reading up on some methods but haven't had much hands-on experience yet.

>>Deep Learning Specialist: Oh yeah! Bias mitigation is such an important area right now. We've been experimenting with various techniques like re-sampling datasets or adjusting model parameters during training phases to reduce bias impact.

>>AI Ethicist: Those approaches sound promising! But it's essential to keep monitoring these systems post-deployment because biases can still emerge over time as new data comes in. 
 Machine Learning Engineer: From an engineering standpoint, we should prioritize building robust feedback loops into our systems. This way, we can continuously monitor performance and address any biases or issues as they arise. For example, in healthcare AI, real-time feedback from practitioners can help fine-tune models to better serve patients.

NLP Researcher: Um, let's list the potential ideas we've generated so far. Feedback loops in healthcare AI, enhancing real-time patient care with cognitive models, and ensuring ethical transparency in AI applications. We need to prioritize these.

Computational Linguist: Well, from a computational perspective, we should also consider the linguistic structure behind these feedback loops. How can we ensure that the language models accurately interpret and generate medical terminology? Understanding the nuances of language is crucial for effective implementation.

AI Ethicist: Sorry to interrupt, but I think it's important to also consider patient consent when implementing these feedback loops. How do we ensure that patients are aware of how their data is being used?

NLP Researcher: That's a great point! Ensuring patient consent is indeed crucial. We could include a step where patients are informed about data usage during their interactions with healthcare providers.

Deep Learning Specialist: Yeah, um... scalability is another thing we need to think about. Can our current systems handle this kind of load?

Machine Learning Engineer: Good question! Scalability will definitely be a challenge but manageable with proper planning.

NLP Researcher: Exactly! So prioritizing these ideas—feedback loops in healthcare AI seems doable with current tech and has a big impact on patient outcomes. Real-time patient care with cognitive models looks promising too but might need more advanced infrastructure. And ethical transparency is crucial but tricky due to different regulations.

Computational Linguist: Practically speaking, maybe we could have the Machine Learning Engineer work on developing the infrastructure for real-time feedback loops in healthcare AI? I could focus on ensuring that language models accurately interpret medical terminology.

AI Ethicist: Absolutely! I'll start drafting those guidelines right away.

Machine Learning Engineer: Sounds good to me!

NLP Researcher: Do we all agree on these tasks? Any concerns?

Deep Learning Specialist: No concerns here. Let's get started!

AI Ethicist: Great! By the way, how's everyone doing today?

Computational Linguist: Doing well, thanks! Ready to dive into this project.","During our brainstorming session on Natural Language Processing (NLP), we discussed its evolution, methodologies, and future directions. NLP is a subfield of computer science and artificial intelligence focused on enabling computers to process natural language data. It intersects with information retrieval, knowledge representation, and computational linguistics.

We traced the origins of NLP back to the 1950s, highlighting Alan Turing's seminal work that laid the groundwork for automated natural language interpretation and generation. Initially dominated by symbolic approaches involving hand-written rules, NLP saw a significant shift in the late 1980s with the advent of machine learning algorithms. This transition was driven by increased computational power and a move away from Chomskyan linguistic theories.

Key milestones included Yoshua Bengio's multi-layer perceptron model in 2003 and Tomáš Mikolov's development of Word2vec in the early 2010s. These advancements underscored the efficacy of neural networks in achieving state-of-the-art results across various NLP tasks such as language modeling and parsing.

We noted that while rule-based systems were prevalent until recently, they have largely been supplanted by neural network approaches due to their superior performance and reduced need for feature engineering. The rise of large language models (LLMs) has further diminished the relevance of older methods.

Our discussion also touched on cognitive aspects of NLP, emphasizing its historical ties with cognitive science and linguistics. Although these connections waned during the statistical revolution of the 1990s, there is renewed interest in integrating cognitive models to enhance explainability in AI systems.

In conclusion, we recognized that NLP continues to evolve rapidly with significant implications for fields like medicine and healthcare. Future research will likely focus on refining neural network techniques and exploring cognitive frameworks to achieve more advanced levels of natural language understanding and generation.

Action items include staying updated on emerging trends in LLMs, exploring interdisciplinary approaches combining cognitive science with NLP, and considering practical applications in healthcare to leverage these advancements for improved patient care and privacy protection."
"In a meeting on quantum computing advancements, experts from various fields discussed recent breakthroughs and their implications. The Quantum Physicist highlighted the significance of entangling individual molecules and Google's claim of achieving 'quantum supremacy.' The Computer Scientist emphasized the need for practical improvements in algorithms and error correction. The Cryptography Expert stressed the importance of developing quantum-resistant algorithms to protect current encryption methods. The Quantum Computing Engineer provided updates on hardware design challenges and potential solutions.

The discussion covered maintaining qubit coherence, error correction techniques, and the integration of scalable qubits into larger systems. Potential applications such as optimizing logistics, enhancing AI, and improving data analytics were explored. Security concerns related to Shor's algorithm and post-quantum cryptography were also addressed.

The team agreed on the necessity of collaboration between theoretical insights and practical implementations. They prioritized focusing on error correction, scalable qubits, and post-quantum cryptographic methods. Action items included forming teams to work on these areas, ensuring thorough documentation for future reference, and emphasizing reliable hardware testing.",">>Quantum Physicist: Hi everyone! Excited to kick off today's session on quantum computing advancements. Let's dive into the latest breakthroughs and see how they can impact various fields.

>>Computer Scientist: Morning! Building on what you said, I'm really looking forward to discussing how these new developments can change our approach to software development and data processing.

>>Cryptography Expert: Hey guys, just a quick reminder about the importance of quantum-resistant algorithms as we discuss these topics. Without them, our current encryption methods could be at risk.

>>Quantum Computing Engineer: Hello all! Looking forward to chatting about the latest in quantum tech. I've got some cool updates on hardware design that could really speed up practical implementations. 
 >>Quantum Physicist: Um, in the realm of quantum mechanics, the recent entanglement of individual molecules is truly groundbreaking! This could potentially revolutionize how we approach quantum computing, especially in terms of coherence and error rates. And speaking of breakthroughs, Google's claim of achieving 'quantum supremacy' suggests that quantum computers can solve specific problems faster than classical supercomputers. It's a huge leap for computational efficiency.

>>Computer Scientist: Yeah, the entanglement of individual molecules is a significant milestone. But from an algorithmic perspective, how do we ensure these advancements translate into practical improvements? Like, can this help reduce error rates or enhance coherence times? And about Google's achievement, it's fascinating but raises the question: how do we leverage this to solve real-world problems efficiently?

>>Cryptography Expert: I mean, while these advancements are impressive, we need to consider their security implications. Faster computation speeds are great, but it also means our current cryptographic systems could become vulnerable much sooner than anticipated. How do we address that?

>>Quantum Computing Engineer: You know, from a hardware standpoint, maintaining the delicate states of entangled molecules over extended periods is challenging. But if we can crack that nut, it would indeed enhance coherence times and reduce error rates significantly. As for Google's breakthrough, it's a huge step forward! We just need to figure out how to implement these practically.

>>Quantum Physicist: Exactly! Theoretically speaking, this advancement opens new avenues for exploring quantum error correction techniques. However, um, maintaining such delicate states over time remains a practical challenge.

>>Computer Scientist: Right! So from an algorithmic perspective, Google's achievement is indeed a landmark. But efficiency is key here. How do we ensure these advancements translate into practical improvements in algorithms? Can this help with error correction or enhancing coherence times? And what about real-world applications?

>>Cryptography Expert: Well... that's where things get tricky. We need to develop quantum-resistant algorithms now more than ever to stay ahead of potential threats posed by these advancements.

>>Quantum Computing Engineer: Absolutely! Implementing these breakthroughs practically will require us to rethink our current approaches to hardware design and integration with existing systems.

>>Quantum Physicist: Yes! From a theoretical standpoint, the concept suggests that quantum computers can outperform classical supercomputers in specific tasks. However, like I said before, maintaining coherence and reducing error rates are still major hurdles.

>>Computer Scientist: Hmm... so we're looking at both opportunities and challenges here. It's exciting but also daunting when you think about all the work still needed to make these advancements usable on a larger scale. 
 >>Quantum Computing Engineer: So, um, one of the biggest challenges we face is maintaining qubit coherence. Even the slightest environmental interference can cause decoherence, which introduces errors in our calculations.

>>Quantum Physicist: Absolutely, that's a tough one. The delicate nature of qubits makes them highly susceptible to disturbances. One promising approach we're looking into is topological qubits; they might offer better error resistance due to their unique properties.

>>Computer Scientist: Right, and from an algorithmic perspective, keeping those qubits stable is crucial for efficiency. Quantum error correction codes are key here—they help manage noise and keep our computations accurate over time.

>>Quantum Physicist: Exactly! These error correction techniques allow us to detect and fix errors without directly measuring the qubits, which would otherwise mess up their states. It's like adding extra layers of protection using redundancy and entanglement.

>>Cryptography Expert (interrupting): Sorry to interrupt—this discussion on error correction is really interesting. Do these codes have any implications for cryptographic protocols? How does it affect the security of our quantum communications?

>>Computer Scientist: Great question! Yes, they do impact security significantly. Quantum error correction not only maintains computational integrity but also enhances security by protecting against eavesdropping attempts that introduce noise into the system.

>>Quantum Computing Engineer: On a practical note, coordinating all the control signals for multi-qubit systems is a real challenge. Timing has to be incredibly precise. Have any of you faced similar issues?

>>Quantum Physicist: Definitely! It's like trying to synchronize musicians in an orchestra; even slight timing errors can cause problems or computational errors in our case. 
 Computer Scientist: So, let's dive into the potential applications of quantum computing. Efficiency is key here, especially when we consider Shor's algorithm for cryptography. Think about the breakthroughs in chemical processes and materials science through advanced simulations. What other innovative application ideas do you all have?

Quantum Physicist: In material science, leveraging quantum simulations can model complex molecular interactions with unprecedented accuracy. This could lead to breakthroughs in developing new materials with tailored properties for specific applications, like superconductors or advanced pharmaceuticals.

Quantum Computing Engineer: You know, quantum computing could revolutionize logistics and supply chain management by optimizing complex networks and solving problems like the traveling salesman problem much faster. But are we really close to achieving that level of practical application yet?

Cryptography Expert: Good point! And in cryptographic terms, the potential of quantum computing to break widely used encryption schemes like RSA through Shor's algorithm is concerning. Basically, it can solve problems that would take classical computers millions of years in just seconds. We need to develop algorithms that can withstand these powerful computational capabilities.

Quantum Physicist: From a theoretical standpoint, quantum computing could also revolutionize artificial intelligence. By leveraging quantum algorithms, we can process vast amounts of data simultaneously, leading to more efficient machine learning models and faster training times.

Computer Scientist: Absolutely! And speaking of algorithms... Grover's algorithm could transform data analytics by searching through massive datasets exponentially faster than classical methods. How do you think this would impact industries that rely heavily on big data?

Quantum Computing Engineer: Well... imagine solving complex problems like protein folding or financial modeling with unprecedented speed and accuracy! The implications for industries such as pharmaceuticals and finance are simply amazing!

Cryptography Expert: And don't forget about cybersecurity! As we advance these technologies, we need robust defenses against potential threats.

Computer Scientist: Right, but let's not get too carried away with optimism here. There are still significant technical challenges to overcome before these applications become reality. 
 >>Quantum Physicist: Using 'quantum entanglement' could really help with error correction and improve accuracy. What do you think about this approach for scalable qubits?

>>Quantum Computing Engineer: That's a good point! We should look at how to integrate scalable qubits like superconducting qubits into bigger systems effectively. It's not just about having advanced qubits but making sure they work well together in a practical setup.

>>Computer Scientist: Absolutely, improving error correction will cut down noise in our algorithms. But what about keeping our encryption safe? How do we ensure it remains secure against these advancements?

>>Cryptography Expert: We need to work on post-quantum cryptography to protect against future threats from quantum computing. If we don't develop quantum-resistant cryptographic systems now, all our advancements could be at risk.

>>Quantum Physicist: Right, and while we're focusing on the theoretical aspects, it's crucial that ongoing experimental research supports these ideas. Superconducting qubits and ion traps are promising, but they need to be scalable.

>>Quantum Computing Engineer: Exactly! And integrating these scalable qubits into larger systems is key. We can't overlook the hardware challenges here.

>>Computer Scientist: Enhancing error correction techniques will definitely reduce noise and improve computational accuracy for quantum algorithms. But again, how do we balance this with ensuring our encryption methods stay secure?

>>Cryptography Expert: Security is paramount here. Developing post-quantum cryptography alongside scalable qubits should be a priority to safeguard against potential vulnerabilities introduced by quantum computing. 
 >>Quantum Physicist: Collaboration between our fields is essential. Theoretical insights need practical implementations to be impactful, like with Shor's algorithm.

>>Computer Scientist: Absolutely. Quantum algorithms show how powerful our partnership can be.

>>Quantum Physicist: And think about quantum entanglement—it allows for sophisticated error correction codes, which are crucial for practical quantum computing.

>>Cryptography Expert: How do we ensure security in these collaborations? We need to address potential vulnerabilities from quantum advancements.

>>Quantum Computing Engineer: Good point. We've seen progress when integrating superconducting qubits—physicists provide the theory, and we handle the hardware challenges.

>>Computer Scientist: Right! Those success stories highlight why it's so important for us to keep working together. By combining our strengths, we can tackle complex problems more effectively.

>>Quantum Physicist: Moving forward, what new projects could benefit from our combined expertise?

>>Cryptography Expert: I've been thinking about developing quantum-resistant cryptographic methods alongside advancements in scalable qubits. It’s crucial for ensuring security as we move forward with quantum computing technologies.

>>Quantum Computing Engineer: That sounds promising! Another idea could be focusing on improving error correction techniques by leveraging new insights from quantum mechanics and applying them practically in hardware design.

>>Computer Scientist: Definitely! And maybe we could explore optimizing existing algorithms further by incorporating real-time feedback from hardware performance data—kind of like a continuous improvement loop between theory and practice. 
 >>Quantum Physicist: Alright, let's review what we've discussed so far—quantum error correction, scalable qubits, and post-quantum cryptographic methods. How about we figure out which ones to focus on first?

>>Computer Scientist: Yeah, from an algorithmic perspective, integrating scalable qubits and developing post-quantum cryptographic methods are crucial. Efficiency is key here. Improving these areas could significantly enhance both computational accuracy and security.

>>Cryptography Expert: I get that, but from a security standpoint, quantum-resistant algorithms should be our top priority to protect against future threats.

>>Quantum Computing Engineer: True, but practical implementation matters too. Without reliable error correction techniques, none of this will work effectively in practice.

>>Quantum Physicist: Good points all around. Let's decide our priorities then—error correction, scalable qubits, or post-quantum cryptography?

>>Computer Scientist: Sure thing! I'll start—my vote goes to scalable qubits for advancing overall capabilities.

>>Cryptography Expert: I'm all for prioritizing post-quantum cryptographic methods due to the security implications.

>>Quantum Computing Engineer: And I think improving error correction techniques should come first because it's essential for practical applications.

>>Quantum Physicist: Great! We've got a good spread of priorities here. Now let's assign some action items for further exploration. 
 >>Computer Scientist: Alright, let's break this down. We need to focus on integrating scalable qubits with robust error correction codes and prioritize algorithms for noise reduction. Efficiency is key here.

>>Cryptography Expert: And we can't forget about security. We need to develop quantum-resistant algorithms to protect our encryption methods from future quantum attacks.

>>Quantum Physicist: Absolutely, but we should also dive into the theoretical aspects of quantum entanglement. It can really help us enhance coherence and reduce error rates.

>>Quantum Computing Engineer: Yeah, um, I think it's important we also look at the practical side of things. What do you all think about focusing on hardware testing?

>>Computer Scientist: Good point! Reliable hardware is crucial. Let's add that to our priorities.

>>Cryptography Expert: So, how about we get a team together right away for each of these areas? One for error correction and scalable qubits, one for post-quantum cryptography, and another for hardware testing?

>>Quantum Physicist: Sounds good to me. And let's make sure we're documenting everything thoroughly so we have a clear reference for future discussions.

>>Cryptography Expert: Agreed. Keeping good notes will keep us on track and help us make informed decisions moving forward.

>>Quantum Computing Engineer: Alright, thanks everyone! We've got some good action items here. Who wants to take lead on forming these teams?","In our recent brainstorming session, we delved into the intricacies and potential of quantum computing. Quantum computers leverage quantum mechanical phenomena to perform calculations that classical computers cannot efficiently handle. The fundamental unit of information in quantum computing is the qubit, which can exist in a superposition of states, unlike classical bits that are either 0 or 1. This unique property allows quantum computers to process complex computations at unprecedented speeds.

We discussed the current state of quantum computing technology, noting that while it remains largely experimental and impractical for widespread use, significant progress has been made. For instance, Google AI and NASA claimed to have achieved ""quantum supremacy"" with a 54-qubit machine in 2019, although this claim is still under scrutiny. Additionally, recent advancements include the entanglement of individual molecules reported by physicists in December 2023.

The session highlighted several challenges facing the development of practical quantum computers. These include engineering high-quality qubits that can maintain coherence over time and reducing error rates during computations. National governments and private sectors are heavily investing in research to overcome these obstacles.

Quantum computing's potential applications were a major focus. It could revolutionize fields such as cryptography by breaking widely used encryption schemes through algorithms like Shor's algorithm. Quantum simulations could also enhance our understanding of chemical processes and materials science, potentially leading to more efficient industrial processes like ammonia production for fertilizers.

Despite its promise, we acknowledged that current quantum computers do not yet outperform classical computers for real-world applications. Theoretical models suggest that quantum algorithms can offer exponential speedups for specific problems, but practical implementation remains elusive due to technical limitations.

Our conclusions emphasized the need for continued research and development in both hardware and software aspects of quantum computing. We identified key action items: supporting ongoing experimental research to develop scalable qubits with longer coherence times, exploring new cryptographic systems resistant to quantum attacks (post-quantum cryptography), and fostering interdisciplinary collaboration between physicists and computer scientists to advance algorithm design.

Overall, while optimistic about the future impact of quantum computing, we recognized that achieving practical utility will require overcoming significant scientific and engineering hurdles."
"In a brainstorming session on renewable energy, experts discussed various sustainable energy solutions, emphasizing the importance of considering regulatory and societal impacts. They highlighted the evolution and advancements in solar technology, including hybrid systems combining solar with wind or hydro to enhance reliability. The discussion covered large-scale projects like China's Tengger Desert solar farm and small-scale installations for remote communities. Innovative deployment strategies such as floating solar farms, agrivoltaics, and integrating solar panels with urban infrastructure were explored.

The conversation also addressed the economic viability of these technologies, the role of government incentives in driving adoption, and the need for equitable access across different socio-economic groups. Advanced technologies like thin-film and perovskite solar cells were discussed for their potential to revolutionize the market if stability issues are resolved.

Geographical factors affecting solar efficiency were considered, along with advanced tracking systems and bifacial panels to optimize performance in less sunny regions. The environmental footprint of solar power production was examined, emphasizing the importance of recycling technologies to reduce lifecycle emissions.

The meeting concluded with a focus on creating supportive regulatory frameworks that incentivize both large-scale and small-scale projects, ensuring accessibility for all communities. The experts agreed on the need for continuous innovation and adaptable policies to integrate new technologies effectively while balancing economic viability and sustainability goals.",">>Renewable Energy Expert: Good morning, everyone! I'm excited to kick off this brainstorming session on renewable energy. Let's think outside the box and consider all possibilities for sustainable energy solutions.

>>Environmental Policy Analyst: Morning! While we brainstorm, let's also think about regulatory and societal impacts to ensure our solutions are effective and equitable.

>>Solar Energy Engineer: Hey folks! I'm pumped to talk about practical applications of solar energy. How can we make these systems reliable and cost-effective for everyday use?

>>Energy Economist: Good point! We need to ensure our ideas are economically viable too. What strategies can balance initial investments with long-term savings?

>>Renewable Energy Expert: Absolutely! Combining different renewable sources like solar with wind could enhance reliability. Any thoughts on hybrid systems?

>>Environmental Policy Analyst: Yes, making sure our solutions reach underserved communities is crucial. What regulatory frameworks can support this?

>>Solar Energy Engineer: Agreed! User-friendly technologies will help with wider adoption too.

>>Energy Economist: Exactly! Balancing costs now with future benefits is key. Let's dive into some specific strategies that could work. 
 >>Renewable Energy Expert: It's interesting to see how solar power has evolved over time. From Charles Fritts' first rooftop photovoltaic array in 1884 to today's efficient silicon solar cells—it's been quite a journey! Early selenium cells had less than 1% efficiency, but now we have panels exceeding 20%. These advancements really highlight our progress.

>>Solar Energy Engineer: Absolutely! I remember when getting even 10% efficiency was exciting. Now with innovations like silicon surface passivation, we're seeing efficiencies soar past 20%.

>>Environmental Policy Analyst: And let's not forget the role of policy in this progress. Government incentives were crucial in making solar technology affordable early on, which helped drive these advancements.

>>Energy Economist: Definitely. Economically speaking, the reduction in costs for solar panels has been transformative. In the 1980s, prices were sky-high compared to today’s $1 per watt for utility-scale projects.

>>Renewable Energy Expert: Innovations like thin-film technologies have made production cheaper and simpler too, further driving accessibility globally.

>>Solar Energy Engineer: Those early days were tough! But now with new materials and techniques, we've made incredible progress.

>>Environmental Policy Analyst: Indeed! Policies played a key role in this evolution by making technology accessible through subsidies and incentives initially. 
 >>Energy Economist: Let's consider the global capacity trends. As of 2023, solar power generated 5.5% of global electricity, with China leading the way by contributing more than half of the growth. This is a significant leap from previous years and highlights the rapid adoption and scalability of solar technology.

>>Renewable Energy Expert: It's incredible to see how China has not only led in capacity but also in technological advancements. Their large-scale deployment of bifacial solar panels and floating solar farms is pushing the boundaries of what's possible, setting new benchmarks globally.

>>Environmental Policy Analyst: While China's advancements are impressive, we must also consider the regulatory frameworks that have enabled this progress. Government incentives and subsidies played a crucial role in making solar technology affordable and driving its adoption globally. How do we ensure equitable access to these innovations across different socio-economic groups?

>>Solar Energy Engineer: Speaking of recent projects, have you guys heard about the massive solar farm in the Tengger Desert in China? It's known as the 'Great Wall of Solar' and it's one of the largest solar power plants in the world! That's quite impressive.

>>Renewable Energy Expert: Yes, those large-scale projects are transformative. And it's worth noting that other countries like India with Bhadla Solar Park are also making significant strides. These deployments are changing the energy landscape globally.

>>Energy Economist: Absolutely, China's achievements are great, but we should also look at other countries like India or Germany with their innovative approaches to renewable energy integration into existing grids.

>>Environmental Policy Analyst: Indeed! Technological advancements and cost reductions are crucial, but we must also address regulatory frameworks that support these innovations. For instance, how do we ensure policies facilitate integrating solar power into existing grids while ensuring equitable access?

>>Solar Energy Engineer: Yeah! And don't forget about projects like Solar Star in California—one of the largest solar farms in the world! But beyond these large-scale deployments, small-scale installations can have a huge impact too, especially for remote communities.

>>Renewable Energy Expert: Good point. Small-scale installations can provide localized energy solutions and reduce transmission losses. Plus, they can be more easily adopted by individual households or small businesses.

>>Energy Economist: Exactly. Diversifying our focus to include both large-scale projects and smaller installations will help us create a more resilient energy infrastructure overall. 
 >>Solar Energy Engineer: So, let's dive into some innovative deployment strategies! Rooftop installations are a great start, but have you guys heard about floating solar farms? They can be placed on reservoirs or lakes, saving land space and reducing water evaporation. Pretty cool, right?

>>Renewable Energy Expert: Yeah, floating solar farms are fascinating! I read about a project in Japan where they’ve successfully implemented them on a large scale. But have you considered agrivoltaics? It's a brilliant way to combine agriculture and solar energy production on the same land. Imagine crops growing under the shade of solar panels—less heat stress for the plants while generating electricity. That’s pretty innovative!

>>Environmental Policy Analyst: Those strategies like floating solar farms and agrivoltaics are promising. We need to ensure regulatory frameworks support their implementation though. Clear guidelines and incentives are crucial for these technologies to thrive. How does this impact our goals of equitable access and environmental sustainability?

>>Renewable Energy Expert: Considering the technical aspects, we could also explore vertical agrivoltaics. This setup allows solar panels to be oriented vertically on farmland, which not only generates electricity but also optimizes land use by allowing crops to grow simultaneously.

>>Solar Energy Engineer: Absolutely! Vertical agrivoltaics sounds fantastic! It’s all about making the most out of available resources.

>>Energy Economist: Um, I think it's important to consider the economic viability of these strategies too. Vertical agrivoltaics might optimize land use but what about the costs involved in setting up such systems? Are they economically feasible in the long run?

>>Renewable Energy Expert: Good point. Another intriguing approach is integrating solar panels with urban infrastructure. For instance, installing solar canopies over parking lots not only generates electricity but also provides shade for vehicles, reducing the heat island effect in cities.

>>Environmental Policy Analyst: Integrating solar panels with urban infrastructure is indeed practical and efficient. However, we must consider regulatory frameworks that support these initiatives from the get-go.

>>Solar Energy Engineer: Right! And speaking of clever uses of space, how about using solar panels on noise barriers along highways? These barriers not only reduce traffic noise but can also generate electricity—making them multifunctional!

>>Energy Economist: Hmm... That's an interesting idea! But again, we need to look at the cost-benefit analysis here. Are there any studies showing how effective this would be compared to traditional methods?

>>Renewable Energy Expert: There have been some pilot projects showing positive results both in terms of energy generation and noise reduction.

>>Environmental Policy Analyst: Well then, if we can back it up with data and ensure supportive policies are in place, it could be a viable option. 
 >>Renewable Energy Expert: So, let's dive into the specifics of thin-film and perovskite solar cells. Thin-film technologies, like cadmium telluride (CdTe) and copper indium gallium diselenide (CIGS), offer flexibility and lower material costs compared to traditional silicon cells. Isn't that fascinating? And perovskite cells, with their high efficiency and low production costs, could revolutionize the market if we can overcome stability issues.

>>Solar Energy Engineer: Absolutely! I think what's really exciting about thin-film is how versatile it is. For example, we can apply it to surfaces that traditional silicon panels can't cover, like curved structures or even windows. And with perovskites, if we crack those stability issues, they could be a game-changer for both residential and commercial applications.

>>Environmental Policy Analyst: That's true. But from a policy perspective, we need robust frameworks to support their widespread adoption. We should also consider how these advancements impact our goals of achieving equitable access to renewable energy across different communities.

>>Energy Economist: Good point. Economically speaking, while thin-film and perovskite cells show promise in terms of efficiency and cost reductions, their viability depends on overcoming production challenges. We need to evaluate whether the long-term savings justify the initial investment in research and development.

>>Renewable Energy Expert: Considering these technical advancements in thin-film and perovskite cells, we should also explore hybrid systems that combine these technologies with traditional silicon cells. This could potentially enhance overall efficiency and reliability.

>>Solar Energy Engineer: Definitely! Hybrid systems could really push the boundaries of what's possible with solar power. Plus, integrating energy storage solutions could address intermittency issues and make these systems even more reliable.

>>Environmental Policy Analyst: That's a good point about energy storage. But again, we need to think about how these hybrid systems will fit within existing regulatory frameworks. How do we ensure equitable access across different communities?

>>Energy Economist: Right. And from an economic standpoint, integrating energy storage adds another layer of complexity but also potential benefits in terms of system reliability and cost savings over time.

>>Renewable Energy Expert: Exactly! By combining advanced PV technologies with effective storage solutions, we can create more resilient solar power systems. It's amazing how these advancements can lead to more efficient energy solutions overall. 
 >>Environmental Policy Analyst: Integrating solar power into national grids does present variability issues. But supportive regulatory frameworks can significantly mitigate these challenges. For instance, incentivizing hybrid setups that combine solar with other renewables like wind or hydro can enhance grid stability and reliability.

>>Solar Energy Engineer: Absolutely! I've seen firsthand how combining solar with wind or hydro really smooths out those fluctuations. And energy storage solutions like batteries are a game-changer—they store excess power for when the sun isn't shining. It's pretty amazing!

>>Renewable Energy Expert: Right, and speaking of practical applications, I worked on a project where we combined solar with wind, and it really helped stabilize the grid. But we can't overlook advanced energy storage solutions like lithium-ion batteries; they store excess power generated during peak sunlight hours and release it when needed.

>>Environmental Policy Analyst: Indeed! While hybrid setups and energy storage solutions are crucial, we must also consider the regulatory frameworks that support these technologies. Policies that incentivize the integration of solar with other renewables can drive significant advancements. How do you think this impacts our goals for a sustainable energy future?

>>Energy Economist: From an economic standpoint, it's essential to evaluate the cost-effectiveness of these hybrid systems and storage solutions. They offer stability and reliability benefits, but we need to ensure they're financially viable in the long run.

>>Solar Energy Engineer: Speaking of costs, I've seen some successful projects where smart grid technologies were used to dynamically manage energy flows. They predict demand and adjust supply accordingly—it's fascinating how much efficiency that adds!

>>Environmental Policy Analyst: Exactly! Smart grids play a vital role here too. They help manage energy distribution efficiently by predicting demand patterns and adjusting supply in real-time.

>>Energy Economist: Yes, smart grids are definitely part of the solution. However, we should also consider their implementation costs and potential economic impact on consumers.

>>Renewable Energy Expert: That's true; smart grids do come with their own set of challenges and costs. But their ability to improve efficiency in managing hybrid systems can't be overlooked.

>>Solar Energy Engineer: I agree, though I'm curious about your thoughts on consumer adoption rates for these technologies? It seems like there's still some hesitation due to upfront costs.

>>Energy Economist: Good point! Consumer adoption is indeed a critical factor—we need more incentives or subsidies to make these technologies more accessible to everyone. 
 >>Renewable Energy Expert: So, when we talk about geographical factors, it's fascinating to see how solar efficiency can vary dramatically based on location. For instance, areas closer to the equator receive more direct sunlight, which naturally boosts their solar energy potential. But even in less sunny regions, advanced tracking systems can significantly enhance performance by following the sun's path throughout the day.

>>Solar Energy Engineer: You know, I've worked on projects in places with variable sunlight, and these tracking systems can boost efficiency by up to 30%. In my last project in Seattle, we used bifacial panels on building facades, which worked surprisingly well despite the frequent rain.

>>Renewable Energy Expert: Absolutely! And it's not just about the amount of sunlight a region receives. The angle at which sunlight hits the panels also impacts efficiency. In areas with less direct sunlight, using bifacial panels that capture light from both sides or integrating them into urban infrastructure like building facades can make a significant difference.

>>Environmental Policy Analyst: That's true. Speaking of policies, different regions have varying rules and regulations that impact solar energy adoption. For example, California has strong incentives for renewable energy technologies, while other states might lag behind without similar support.

>>Renewable Energy Expert: Considering geographical factors is crucial. In regions with high cloud cover or frequent rain, integrating energy storage solutions like lithium-ion batteries can ensure a consistent power supply. It's interesting how technology adapts to these challenges.

>>Environmental Policy Analyst: Well, regulatory frameworks are essential in ensuring these advanced technologies are adopted and accessible to all regions. Policies supporting subsidies for energy storage solutions help maintain a consistent power supply even in areas with high cloud cover. What are the implications of such policies on our overall energy goals?

>>Energy Economist: Um, let's consider the economic implications of these advanced tracking systems and bifacial panels. While they enhance efficiency in less sunny regions, initial investment costs are significantly higher. Without appropriate subsidies or incentives, adoption rates might be slow, especially in regions with limited financial resources.

>>Renewable Energy Expert: Right! While initial costs for advanced tracking systems and bifacial panels are high, long-term benefits in terms of efficiency gains and energy savings can be substantial. It's fascinating how these technologies adapt to different geographical challenges.

>>Environmental Policy Analyst: Indeed! Advanced technologies like bifacial panels and tracking systems enhance solar efficiency but require regulatory frameworks ensuring accessibility across all regions. Subsidies or incentives for these technologies bridge gaps in less sunny areas and promote equitable access to renewable energy. 
 >>Renewable Energy Expert: So, when we consider the environmental footprint of solar power production, it's crucial to look at the entire lifecycle. From mining raw materials like silicon and copper to manufacturing panels and eventually recycling them, each stage has its own set of emissions and impacts. Advancements in recycling technologies can significantly reduce these footprints.

>>Solar Energy Engineer: Yeah, creating a closed-loop system for materials like copper is crucial. We need to make sure we can efficiently recover and reuse these materials at the end of their lifecycle. It's pretty amazing how much we can save by doing this.

>>Environmental Policy Analyst: Absolutely, but we also need to think about the regulatory frameworks needed to support these initiatives. Ensuring there are incentives for companies to invest in recycling infrastructure is crucial. How does this impact our goals of reducing lifecycle emissions and promoting sustainability?

>>Renewable Energy Expert: Well, integrating advanced recycling technologies into our policies is essential. For instance, Germany has implemented successful recycling quotas for solar panels which have driven significant advancements.

>>Energy Economist: That's a good point! But what about the economic side of things? Setting up these systems isn't cheap. What kind of costs are associated with setting up these systems? And how do they affect market dynamics?

>>Environmental Policy Analyst: Good point! While mandatory quotas are a step in the right direction, we must also consider societal impacts. How does this affect local communities and job creation? Policies should not only drive technological advancements but also ensure equitable benefits across different regions.

>>Solar Energy Engineer: You know what? Establishing regional recycling centers could be a win-win here. They'd not only reduce emissions but also create local jobs and support community development.

>>Renewable Energy Expert: Exactly! A well-rounded approach can benefit both the environment and society. Regional centers would provide employment opportunities while ensuring efficient material recovery.

>>Energy Economist: Hmm... But let's not forget about funding these initiatives. Where will the money come from? Are there any existing models or subsidies that could support such projects?

>>Environmental Policy Analyst: Well, actually, robust regulatory frameworks backed by government incentives could play a significant role here. Look at how California's subsidies for green infrastructure have boosted both environmental benefits and job creation.

>>Renewable Energy Expert: Right! And if we align these policies with our sustainability goals, we'll see substantial reductions in lifecycle emissions while fostering economic growth through job creation. 
 >>Environmental Policy Analyst: Well, it's important to note that while aligning policies with sustainability goals is crucial, we must also ensure these policies are inclusive and equitable. We need to prioritize creating supportive regulatory frameworks that incentivize both large-scale and small-scale projects. This will ensure accessibility for all communities.

>>Solar Energy Engineer: From a practical standpoint, we should focus on scalable and cost-effective solar solutions that can be deployed in both urban and rural areas. For instance, rooftop installations and community solar projects can provide immediate benefits. Let's have our engineering team explore the feasibility of these options further.

>>Renewable Energy Expert: To build on that, we should consider the specific challenges each type of project might face. For example, urban areas might have space constraints for rooftop installations, while rural areas could benefit more from community solar projects. Our policy team could look into drafting regulations that address these unique needs.

>>Energy Economist: Considering the economic implications is essential here. Prioritizing scalable and cost-effective solutions like rooftop installations and community solar projects not only provides immediate benefits but also ensures long-term savings for both urban and rural areas. Investing in these technologies can significantly reduce energy costs over time.

>>Environmental Policy Analyst: That's a good point about the economic impact. We also need to make sure our regulatory frameworks are adaptable to future technological advancements so we can stay ahead in the renewable energy sector. How do you think this adaptability will affect our overall strategy?

>>Solar Energy Engineer: Adaptability is key. If we create flexible policies now, it will be easier to integrate new technologies as they emerge without having to overhaul existing regulations completely. Our engineering team can work on identifying potential future technologies that might impact our current plans.

>>Renewable Energy Expert: Right! And while we're at it, let's make sure we're considering both large-scale and small-scale projects equally in our incentives plan. It's interesting to see how these pieces fit together when you think about it holistically.

>>Energy Economist: Absolutely, balancing those scales is crucial for equitable access across different communities. Maybe we should assign our policy team to draft an initial proposal for new incentives while our engineering team evaluates potential sites for community solar projects.

>>Environmental Policy Analyst: That sounds like a solid plan. By dividing the tasks this way, we'll cover both the regulatory framework and practical implementation aspects effectively. 
 >>Renewable Energy Expert: To wrap things up, it's clear we've highlighted how important it is to mix different renewable technologies and have strong regulations. Combining solar with other renewables really helps grid stability. Let's keep exploring new ideas together.

>>Environmental Policy Analyst: As the Renewable Energy Expert mentioned, combining different technologies is vital. From a policy perspective, we need strong frameworks to support this integration. Making sure everyone benefits is key. Looking forward to our continued collaboration.

>>Solar Energy Engineer: Building on what was said about regulatory frameworks, it's also important that we look at practical applications like rooftop installations and large-scale solar farms. It's amazing how adaptable these solutions can be in urban infrastructure and agricultural lands! Continuous innovation will help us advance our goals.

>>Energy Economist: Our conversation has really emphasized the economic viability of these projects. The long-term savings and market potential are significant if we implement these solutions effectively. We should keep analyzing data and trends to ensure we're making informed decisions moving forward. Great discussion, let's stay in touch.","In our brainstorming session, we delved into the multifaceted world of solar power, exploring its mechanisms, historical development, current status, and future potential. Solar power converts sunlight into electricity through photovoltaics (PV) or concentrated solar power (CSP). PV systems use the photovoltaic effect to generate direct current (DC), which is then converted to alternating current (AC) for practical use. CSP systems focus sunlight using lenses or mirrors to produce heat that drives steam turbines.

Historically, solar technology has evolved significantly since the 1880s when Charles Fritts created the first solar cell. The industry saw substantial growth in the late 20th century due to energy crises and policy incentives. Today, China leads in manufacturing and deployment, contributing significantly to global capacity.

As of 2023, solar power accounts for 5.5% of global electricity generation and is recognized as one of the cheapest sources of new electricity installations alongside onshore wind power. The cost reductions in PV technology have been dramatic, with utility-scale solar now being highly competitive even amid rising material costs.

We discussed various configurations for deploying solar panels including rooftop installations, floating farms, and vertical agrivoltaics which combine agriculture with energy production. Thin-film and perovskite solar cells represent advanced technologies offering efficiency improvements and cost reductions.

The integration of solar power into national grids poses challenges such as variability due to weather conditions and day-night cycles. Solutions include battery storage systems and hybrid setups combining solar with other renewable sources like wind or hydroelectricity. Thermal storage in CSP plants also offers a way to provide continuous power by storing heat for later use.

Geographical factors play a crucial role in determining the efficiency of solar installations; regions closer to the equator generally receive more sunlight. However, advancements in tracking systems can enhance performance even in less sunny areas.

Environmental impacts were also considered; while manufacturing processes do involve some pollution, overall lifecycle emissions from solar are significantly lower than fossil fuels. Recycling initiatives are essential as demand for materials like copper increases with expanding deployment.

In conclusion, while there are challenges related to grid integration and material supply chains, the future of solar power looks promising with continued technological advancements and supportive policies driving further adoption globally. Our action items include exploring innovative deployment strategies such as agrivoltaics and enhancing grid storage solutions to maximize the benefits of this renewable energy source."
"In the meeting, participants discussed how behavioral economics challenges traditional notions of rationality in decision-making, using examples like 'Buy one, get one free' deals and default options. They highlighted the influence of psychological factors such as heuristics, loss aversion, and bounded rationality on economic behavior. Historical insights from figures like Herbert Simon, Adam Smith, and Jeremy Bentham were noted for laying the groundwork for modern behavioral economics.

The conversation also touched on practical applications of these concepts through nudges in areas like public health, finance, and environmental conservation. Ethical concerns about manipulating choices and the importance of transparency were raised. The potential of AI to predict cognitive load and guide better decision-making was explored, with discussions on its application in healthcare, education, and financial planning.

Participants acknowledged the need for interdisciplinary approaches combining cognitive psychology, neuroscience, and AI to develop more robust economic models. They emphasized that while technology offers promising tools for enhancing decision-making processes, human judgment remains crucial. The meeting concluded with reflections on integrating psychological insights into economic policies to improve their effectiveness while addressing practical challenges and ethical considerations.",">>Behavioral Economist: Hey everyone! Great to see you all. So, I was thinking about how behavioral economics really challenges the traditional notion of rationality in decision-making. Like when you're at a grocery store and see a 'Buy one, get one free' sign—

>>Cognitive Psychologist: Oh yeah, those deals! They totally mess with our sense of value.

>>Behavioral Economist: Exactly! You'd think people would only buy what they need, but studies show otherwise. It's interesting how psychological factors can influence our economic behavior.

>>Cognitive Psychologist: Hi there! Yeah, it's fascinating from a cognitive perspective too. Those deals tap into our heuristic of perceived value and loss aversion. We often overestimate the benefit of getting something for free because it feels like we're avoiding a loss, even if we don't need the extra item.

>>Economics Historian: Historically speaking... You know, I remember reading about Herbert Simon's analogy of a pair of scissors—one blade representing human cognitive limitations and the other the structures of the environment. It really shows how our decision-making is often constrained by both internal and external factors. These historical insights laid the groundwork for modern behavioral economics.

>>Behavioral Economist: And it's not just about promotions at stores. Think about restaurant menus with 'chef's specials.' Even if those items are priced higher—it's like they're daring us to splurge!

>>Cognitive Psychologist: Absolutely! And it's interesting how these cognitive biases play out in different contexts. Like, um, have you ever noticed how people tend to stick with default options? Whether it's retirement plans or software settings, defaults can heavily influence choices simply because changing them requires effort.

>>Economics Historian: Indeed. Defaults are a classic example of choice architecture influencing behavior without individuals even realizing it. Historically, we've seen similar patterns with things like tax compliance and public health initiatives where default options significantly impact participation rates. 
 >>Behavioral Economist: It's amazing how Tversky and Kahneman's work changed our understanding of decision-making. I remember reading their studies in grad school—it was a real eye-opener.

>>Cognitive Psychologist: Absolutely! Their research on heuristics—mental shortcuts we use to make decisions—really resonated with me. It's fascinating how these shortcuts can lead us astray.

>>Economics Historian: Interestingly, Adam Smith and Jeremy Bentham laid the groundwork for what we now recognize as behavioral economics. Smith's 'Theory of Moral Sentiments' delved into concepts like loss aversion long before they were formally studied by Tversky and Kahneman.

>>Behavioral Economist: Really? I didn't know that! Can you give an example?

>>Economics Historian: Sure! Smith talked about how people fear losses more than they value gains, which is exactly what loss aversion is about. And Bentham's utilitarianism focused on the psychological aspects of utility—remarkably ahead of its time.

>>Behavioral Economist: That's fascinating. It really shows how interconnected these ideas are across different eras.

>>Cognitive Psychologist: From a cognitive perspective, their research on heuristics like availability and representativeness showed that our brains often take mental shortcuts, leading to systematic errors in judgment. This really challenged traditional economic models that assumed rational behavior.

>>Behavioral Economist: Right, it's fascinating how the cognitive revolution reshaped economic theories too. Before Tversky and Kahneman, economists assumed people made decisions like perfectly rational robots. Their work showed we're more like humans with quirks and biases—a game-changer for understanding real-world economic behavior.

>>Cognitive Psychologist: I agree with most of what you're saying, but I think traditional economic models still have their place in certain contexts. They provide a useful baseline from which deviations can be studied.

>>Economics Historian: Historically speaking, remember that this shift didn't happen in a vacuum. The early 20th century saw a move away from psychological explanations in economics due to an emphasis on empiricism and mathematical models. This makes psychology's resurgence within economics during the 1960s all the more remarkable!

>>Behavioral Economist: And if we consider bounded rationality—Herbert Simon's concept—it challenged the idea of humans as perfectly rational decision-makers by showing our cognitive limitations and environmental factors influence our choices—a cornerstone of behavioral economics today.

>>Cognitive Psychologist: Speaking of personal experiences, I remember when I first encountered Tversky and Kahneman's work during my PhD research—it completely changed my approach to studying human behavior. 
 >>Behavioral Economist: You know, bounded rationality really challenges the traditional economic assumption of perfect rationality. Imagine you're in a grocery store with a long list of items to buy but only 20 minutes. You end up satisficing—choosing options that are 'good enough' rather than optimal.

>>Cognitive Psychologist: Exactly, our brains use heuristics like satisficing to manage overwhelming information daily. This is where mental accounting and loss aversion come into play too—our minds create shortcuts to simplify decision-making.

>>Behavioral Economist: Absolutely! And when we talk about mental accounting, it's interesting how people categorize money into different 'accounts' in their minds. For instance, you receive a bonus at work and decide to spend it on a vacation rather than saving it because you see it as 'extra' money.

>>Cognitive Psychologist: Right, and loss aversion isn't just about financial decisions. Think about ending a long-term relationship—the fear of losing the emotional investment can be so strong that it outweighs the potential benefits of moving on.

>>Behavioral Economist: These concepts show up in everyday decisions too. Like when you're at a restaurant and decide to order an expensive dish because you received a gift card. You treat the gift card as 'extra' money, even though it's still your money.

>>Cognitive Psychologist: Yeah, or imagine you're at a store and see a 'limited time offer' sign—the urgency created by that sign taps into our loss aversion, making us more likely to buy something we might not need just to avoid missing out.

>>Behavioral Economist: And these biases can even affect our long-term financial planning. Like when deciding whether to invest in a retirement fund or spend the money on a luxury item now—the present bias might push you towards immediate gratification.

>>Economics Historian: That's true, and it's interesting to note that these ideas have historical roots as well. Herbert Simon's concept of bounded rationality can be traced back to earlier economic thought by Adam Smith and Jeremy Bentham. 
 >>Behavioral Economist: So, speaking of historical roots, it's fascinating how Richard Thaler's nudge theory builds on these earlier concepts. By simply changing the default options in retirement savings plans, participation rates can skyrocket. It's a brilliant application of behavioral insights to real-world problems.

>>Cognitive Psychologist: Absolutely! And placing healthier food at eye level in cafeterias makes a big difference too. You know, I tried this nudge theory at home by putting fruits on the kitchen counter instead of snacks. My kids actually started eating more apples!

>>Economics Historian: Interesting point. Historically, even Adam Smith's 'invisible hand' concept has some parallels to modern nudges. These historical foundations laid the groundwork for contemporary applications in health and finance.

>>Cognitive Psychologist: Imagine this: when people are automatically enrolled in organ donation programs with the option to opt-out, participation rates soar compared to opt-in systems. Our cognitive biases are being leveraged for positive outcomes. What if we applied similar nudges in other areas of public policy?

>>Behavioral Economist: Nudges can be incredibly effective in areas like public health and finance. Just sending reminders about medical appointments can improve attendance rates.

>>Economics Historian (interrupting): Sorry—has anyone else noticed how often these examples involve defaults?

>>Behavioral Economist: Good catch! Defaults do play a huge role because they leverage inertia—people's tendency not to change from their current state unless given a strong reason.

>>Cognitive Psychologist: Exactly! Speaking of which, making recycling bins more accessible and visually appealing might significantly increase participation rates.

>>Economics Historian: While nudges are great, we should also consider potential ethical concerns about manipulating choices.

>>Behavioral Economist: That's a valid point. We need to ensure that nudges are used ethically and transparently. But when done right, they can encourage better financial habits like saving more or reducing debt.

>>Cognitive Psychologist: And what if we applied similar strategies in other areas like energy conservation? Providing feedback on energy usage compared to neighbors could motivate people to reduce their consumption.

>>Behavioral Economist: Nudges can also be applied in environmental conservation. By providing feedback on energy usage compared to neighbors, people are more likely to reduce their consumption. What if we extended this approach to water conservation or waste reduction? 
 >>Cognitive Psychologist: You know, from a cognitive perspective, it's fascinating how nudges can guide behavior using our natural tendencies like loss aversion or present bias. If we design interventions around these concepts, we might see significant changes in health and finance behaviors.

>>Behavioral Economist: True! But one criticism is that behavioral economics relies heavily on lab experiments that may not capture real-world decision-making complexities fully. Maybe focusing more on field studies could help address this issue?

>>Cognitive Psychologist: Absolutely! And considering cognitive load during these studies could be crucial too—people's decision-making changes under stress or information overload.

>>Economics Historian: That's an interesting point! Historically speaking, the criticism about the lack of a unified theory in behavioral economics isn't new. Even classical economists like Adam Smith and Jeremy Bentham struggled with integrating psychological insights into economic models. The field has always evolved through incremental advancements rather than a single cohesive framework.

>>Behavioral Economist: So, what if we tried integrating more interdisciplinary approaches to tackle these criticisms? Combining insights from cognitive psychology, neuroscience—

>>(Phone rings briefly)

>>Economics Historian (quickly silences phone): Sorry about that!

>>Behavioral Economist (chuckles): No problem at all! As I was saying... combining insights from cognitive psychology, neuroscience, and even AI could help us develop a more robust framework for understanding economic behavior. At the end of the day, it's about creating models that better reflect the complexities of real-world decision-making.

>>Cognitive Psychologist: We should also think about how biases like confirmation bias or status quo bias play out in real-world economic decisions. A study tracking these biases over time in different settings could reveal patterns that help us design better interventions.

>>(Someone drops their pen)

>>(Everyone glances but continues without laughter)

>>Economics Historian: And don't forget about historical context. Sometimes looking back at past economic behaviors can provide valuable lessons for current models.

>>Behavioral Economist: Good point! While the criticisms about the lack of a unified theory are valid—

>>(Laughter as someone drops their pen again)

>>(Everyone laughs briefly)

>>Behavioral Economist (smiling): They also highlight an opportunity for growth. Developing a more integrative framework combining elements from various disciplines like cognitive psychology, neuroscience, and even AI could help us address the complexities of real-world decision-making more effectively.

>>Cognitive Psychologist: And let's not overlook cognitive dissonance in economic decisions. When people face conflicting information or choices that challenge their beliefs—

>>(Someone clears their throat loudly)

>>(Everyone pauses briefly but continues without laughter)

>>Cognitive Psychologist (smiling): They might make irrational decisions to reduce discomfort. A study exploring this could reveal new ways to design interventions that help people make more rational choices. 
 >>Behavioral Economist: So, um, imagine this: what if we could use AI to predict when people are most likely to make irrational decisions due to cognitive load? With the right data, we might be able to nudge them towards better choices at those critical moments.

>>Cognitive Psychologist: Yeah, it's really cool how AI might help us spot when people are stressed out. If we could identify those high-stress moments, we might design interventions that help people make better choices. What if we used this approach in healthcare to improve patient adherence to treatment plans?

>>Economics Historian: You know, historically speaking, the idea of using external tools to predict and influence human behavior isn't new. In the early 20th century, economists like Irving Fisher tried using statistical methods for economic forecasts. They faced skepticism because of data limitations back then.

>>Cognitive Psychologist: Right! And think about education—during exams or high-stress periods, AI could help students manage their stress better.

>>Behavioral Economist: Exactly! Imagine integrating real-time data from wearable devices; we'd detect when someone's cognitive load is peaking and intervene with personalized nudges. It could revolutionize fields like education and healthcare.

>>Cognitive Psychologist: And workplaces too! We might reduce burnout by providing support during peak stress times.

>>Behavioral Economist: What if we took this idea further into financial decision-making? Real-time data could help investors avoid impulsive trades driven by stress or overconfidence. Such interventions could potentially reduce market volatility.

>>Economics Historian: Actually, there's a historical parallel here too. During the Great Depression, there were attempts at using early forms of behavioral insights for economic stabilization. While not as advanced as today's AI capabilities...

>>Cognitive Psychologist (interrupting): Hmm... that's an interesting point. It seems like we've always been trying to find ways to understand and guide human behavior more effectively.

>>Behavioral Economist: Absolutely! And now with modern technology at our disposal, we're closer than ever before. Imagine applying these insights across various sectors—education, healthcare, finance—it’s exciting!

>>Cognitive Psychologist: I remember working on a project where we tried something similar with wearable tech in schools. The results were promising but not perfect.

>>Economics Historian: But do you think real-time data from wearables is reliable enough yet for such precise interventions?

>>Behavioral Economist: That's a good point. There are definitely challenges with accuracy and privacy concerns too.

>>Cognitive Psychologist: True, but even small improvements can make a big difference in high-stress environments. 
 >>Behavioral Economist: So, as we wrap up, it's interesting to note how our discussions have highlighted the interplay between psychological factors and economic decision-making. For instance, understanding these nuances can help us design better policies. Imagine if we could use AI to predict cognitive load in real-time; it could revolutionize fields like healthcare and finance.

>>Cognitive Psychologist: Yeah, it's really interesting how we've talked about cognitive biases and heuristics in economic decisions. If we could predict when people are likely to fall prey to these biases, we could create interventions that help them make more rational choices. Remember the study on default options in retirement savings? That’s a great example of this.

>>Economics Historian: Absolutely! And historically speaking, integrating psychological insights into economics has been quite a journey. Adam Smith's work on human desires and Jeremy Bentham's utilitarianism laid the groundwork for behavioral economics. It's fascinating to see how these ideas have evolved over centuries.

>>Behavioral Economist: Right, those historical foundations are crucial. But what about practical challenges? For example, implementing AI-driven models might face resistance due to privacy concerns or data accuracy issues.

>>Cognitive Psychologist: Good point! Plus, there's always the risk of over-reliance on technology. We need to ensure that human judgment still plays a role in decision-making processes.

>>Economics Historian: Exactly. And let's not forget the ethical implications of using AI in such sensitive areas. We need robust frameworks to guide its application responsibly.

>>Behavioral Economist: Reflecting on our discussion today, it's clear that integrating psychological insights into economic models can significantly enhance policy effectiveness. Leveraging AI thoughtfully could transform decision-making across various sectors while addressing these challenges.

>>Cognitive Psychologist: I agree! It's been great exploring these ideas together. Better predicting cognitive biases means designing smarter interventions for more rational choices.

>>Economics Historian: Indeed! This conversation has shown how far we've come and how much potential there is for future advancements by combining our fields.","During our casual catch-up, we delved into the fascinating field of behavioral economics, which examines how psychological factors influence economic decisions, often deviating from traditional economic theories. This field integrates insights from psychology, neuroscience, and microeconomic theory to understand the bounds of rationality in economic agents.

We discussed the historical roots of behavioral economics, tracing back to 18th-century thinkers like Adam Smith and Jeremy Bentham who considered psychological aspects in their economic theories. However, it wasn't until the cognitive revolution in the 1960s that psychology began to significantly influence economic models again. Key figures such as Amos Tversky and Daniel Kahneman played pivotal roles by introducing concepts like prospect theory, which explains how people make decisions under risk and uncertainty.

A major point was bounded rationality, introduced by Herbert Simon. This concept suggests that individuals' decision-making is limited by cognitive constraints and available information. We also touched on various heuristics and biases identified by behavioral economists that affect decision-making processes, such as satisficing (settling for a good enough option), mental accounting (allocating resources for specific purposes), and loss aversion (placing greater weight on losses than gains).

The discussion highlighted significant contributions to the field, including Richard Thaler's work on nudge theory—using subtle interventions to influence behavior without restricting choices—and his Nobel Prize-winning research demonstrating predictable irrationalities in human behavior.

We also explored applications of behavioral economics in areas like health outcomes through nudges to encourage better choices and its impact on financial markets through behavioral finance. Despite criticisms regarding its experimental methods and lack of a unified theory, behavioral economics continues to grow and provide valuable insights into human behavior.

In conclusion, our conversation underscored the importance of understanding psychological influences on economic decisions. Moving forward, it would be beneficial to explore further applications of these principles in real-world scenarios and consider how they can improve decision-making processes across various domains."
"In a recent meeting, a biologist, engineer, and sustainability expert discussed various nature-inspired innovations. The biologist shared insights from studying monarch butterfly migration and how butterfly wing structures have inspired efficient solar panels. The engineer highlighted bio-inspired engineering applications like the Kingfisher-inspired Shinkansen train and self-healing materials. The sustainability expert emphasized sustainable architecture, citing the Eastgate Centre in Zimbabwe's termite mound-inspired design for natural cooling.

They explored biomimetics' historical roots with Leonardo da Vinci and modern applications such as spider silk for medical sutures and structural coloration from Morpho butterflies for eco-friendly colors. They also discussed practical challenges in scaling up these innovations while maintaining sustainability.

The conversation concluded with plans to conduct a feasibility study on adapting natural cooling systems to different climates and building types, followed by a follow-up meeting to discuss findings. They agreed on the importance of interdisciplinary collaboration to create environmentally friendly solutions inspired by nature.",">>Biologist: Hey folks! Just got back from a field trip studying the migration patterns of monarch butterflies. It's amazing how they navigate such long distances. What about you all?

>>Engineer: Hi there! I was at a conference on bio-inspired engineering. It was pretty cool to see so many practical applications emerging in various fields. How about you, anything interesting lately?

>>Sustainability Expert: Oh, that sounds great! I recently visited a sustainable architecture expo. The designs inspired by nature were incredible. Have you ever thought about how these designs can significantly reduce our environmental impact?

>>Biologist: Wow, that's really interesting. Actually, during my trip, I learned that the structure of butterfly wings has inspired more efficient solar panels. Isn't it fascinating how nature can be so multifunctional?

>>Engineer: Really? That's awesome! From an engineering standpoint, these natural designs can lead to some practical solutions. Like the Kingfisher-inspired Shinkansen train – it not only reduced noise but also improved energy efficiency significantly.

>>Sustainability Expert: No way! And speaking of architecture, have you heard about the Eastgate Centre in Zimbabwe? They used principles from termite mounds to maintain stable temperatures with minimal energy use.

>>Biologist: I've read a bit about that! How exactly do they mimic termite mounds?

>>Sustainability Expert: Well, termites build their mounds with a complex system of vents that regulate temperature and airflow naturally. The architects applied this concept to create a building that stays cool without much air conditioning.

>>Engineer: That's brilliant! I love how we can learn so much from nature's own designs.

>>Biologist: Absolutely. On my field trip, there was this one moment when we tracked a butterfly for miles and saw it join thousands of others in this massive migration wave – it was breathtaking!

>>Engineer: That sounds incredible! Nature never ceases to amaze me.

>>Sustainability Expert: Totally agree. It's moments like those that remind us why it's so important to look towards nature for inspiration. 
 >>Biologist: You know, biomimetics has roots going back to Leonardo da Vinci. He was fascinated by the flight of birds and sketched numerous 'flying machines' based on his observations. It's fascinating how even early thinkers saw the potential in mimicking nature.

>>Engineer: Right, but it's not just about historical figures like Leonardo. Today, we see practical applications everywhere. For instance, the Shinkansen train's design was inspired by the Kingfisher bird to reduce noise and improve speed.

>>Biologist: Yeah, and it's amazing how far we've come. Biomimetics has led to innovations like self-healing materials and efficient solar panels. Nature really does have some advanced solutions!

>>Sustainability Expert: Absolutely! And these designs can be more sustainable too. Like the Eastgate Centre in Zimbabwe that uses principles from termite mounds to regulate temperature naturally, cutting down on energy use.

>>Engineer: That's a great example. And speaking of practical applications, self-healing materials inspired by biological systems could revolutionize industries like construction and aerospace.

>>Biologist: Did you know spider silk is tougher than Kevlar? It's inspired new materials for various applications. Nature's solutions are so advanced!

>>Sustainability Expert: Have you thought about how these designs can help with climate change? We should look at natural systems not just for innovation but also for their potential to reduce our environmental footprint.

>>Engineer: True, but we also need to consider the feasibility of implementing these ideas on a large scale. Sometimes what works in nature doesn't always translate directly into human technology.

>>Biologist: Good point. But even small steps can lead to big changes over time if we keep pushing forward with research and development. 
 >>Engineer: Let's talk about biorobots. We've got robots mimicking animal locomotion, like the BionicKangaroo that saves energy from one jump to the next. These designs can revolutionize efficiency in robotics.

>>Biologist: That's really cool! And marine animals are a great source of inspiration too—like how Pleobot mimics shrimp swimming patterns. It's amazing how these designs can teach us about both robotics and ecology.

>>Sustainability Expert: Absolutely, but we need to consider their environmental impact too. Using renewable energy sources or biodegradable materials could really help reduce their footprint.

>>Engineer: Good point! Solar panels inspired by butterfly wings could be an interesting addition for energy efficiency.

>>Biologist: Speaking of insects, Kamigami Robots mimic cockroach movement for better mobility over rough surfaces—another example of nature-inspired innovation.

>>Sustainability Expert: And sourcing sustainable materials is key here. Bioplastics from plants could be a game-changer in reducing waste.

>>Engineer: Agreed. We should also think about practical applications—like using ant-inspired swarm intelligence for optimizing warehouse logistics or disaster response operations. 
 Sustainability Expert: Have you guys heard about the Eastgate Centre in Zimbabwe? It's designed like a termite mound for natural cooling—cuts energy use by 90%! Imagine if more buildings did that.

Biologist: Yeah, it's not just cooling. Termite mounds manage humidity too. Some buildings are using this to improve air quality and reduce mold.

Engineer: Right, while the Eastgate Centre is a fantastic example, we need to look at other practical applications too. Green roofs and walls can reduce urban heat islands and improve air quality. We should integrate these solutions more broadly in urban planning.

Sustainability Expert: Absolutely! Plus, they support biodiversity by creating microhabitats for various species.

Biologist: It's fascinating how efficient these systems are. For instance, termite mounds have inspired designs for naturally ventilated facades using the Venturi effect to circulate air and reduce heat—another brilliant example of biomimicry in architecture.

Engineer: And don't forget about self-healing materials! They could revolutionize construction—

Sustainability Expert (interrupting): Speaking of biomimicry, did anyone catch that documentary on nature-inspired tech last night?

Biologist (laughing): Yes! That was incredible! The part about spider silk being used for medical sutures was mind-blowing!

Engineer (chuckling): Absolutely! Now back to what I was saying—self-healing materials could really change our approach to building maintenance and longevity. 
 >>Biologist: So, speaking of natural structures, did you know that bone and nacre, like the abalone shell, are prime examples of materials with exceptional toughness and strength? It's fascinating how these biological systems achieve such properties through their layered structure.

>>Engineer: Yeah, those materials have evolved to be incredibly efficient. Techniques like freeze casting can help us mimic these natural layers in synthetic materials. But how do we scale this up for industrial use?

>>Biologist: Exactly! These structures aren't just about strength but also absorbing impacts better than many synthetic materials. I remember working on a project where we tried using nacre-inspired materials for protective gear—it was amazing how well it worked.

>>Engineer: That's interesting! And considering practical applications, freeze casting could create lightweight yet strong composites for aerospace or automotive industries. But scaling up is tricky—cost-effectiveness and sustainability are big concerns.

>>Sustainability Expert: You know, it's not just about the mechanical properties but also the environmental impact. If we can develop sustainable ways to produce these bio-inspired materials, it would be a game-changer. But what about the energy consumption in these processes?

>>Biologist: Good point! The energy dissipation properties of bone and nacre are fascinating because they manage stress at multiple scales efficiently. We need to find ways to replicate that without huge energy costs.

>>Engineer: Right. When scaling up techniques like freeze casting for industrial use, we need a comprehensive plan that includes both material performance and environmental impact. Have there been any successful large-scale implementations yet?

>>Sustainability Expert: And let's not forget medical applications. Bone-like composites could be used for implants that integrate well with human tissue. Ensuring biocompatibility and cost-effectiveness is key for widespread use.

>>Biologist: Well said! Nature's designs inspire us to create remarkable materials. Managing stress at multiple scales efficiently could indeed revolutionize industries needing high-performance materials. 
 >>Engineer: So, let's dive into the optical properties of nature. The Morpho butterfly wings, for instance, have inspired developments in creating colors that don't rely on pigments but on microstructures. Basically, we can make colors that stay bright forever.

>>Biologist: Yeah, it's fascinating! Those microscopic structures manipulate light to create that vibrant blue. It's not just about looking pretty; these colors play roles in communication and camouflage too.

>>Sustainability Expert: Absolutely. And from an environmental perspective, this could be huge. If we use structural coloration instead of harmful dyes and pigments, we could significantly cut down on pollution and resource use.

>>Biologist: Oh, definitely! Take the Pollia condensata berry – its iridescent blue comes from cellulose nanocrystals rather than pigments. This could lead to new sustainable materials with brilliant colors.

>>Engineer: Right! And as you mentioned earlier about Pollia condensata, these natural examples are game-changers for practical applications. Imagine textiles or coatings that never fade – it would revolutionize those industries.

>>Biologist: Exactly! And understanding these mechanisms might help us innovate biodegradable and eco-friendly products too.

>>Engineer: Let's think practically here. Using structural coloration in fabrics means they won't fade over time, reducing the need for chemical dyes and enhancing product longevity while minimizing environmental impact.

>>Biologist: You know, some algae like Chondrus crispus also have iridescent colors due to structural coloration. It's amazing how much inspiration we can draw from nature!

>>Sustainability Expert: And if we incorporate these ideas into manufacturing processes, we could really reduce our reliance on synthetic dyes and pigments which are often harmful to the environment.

>>Engineer: Right! And as you both pointed out earlier about different organisms using structural coloration – it's clear there's a lot of potential here. 
 >>Sustainability Expert: You know, have you ever thought about how working together across different fields can really boost these innovations? In sustainability, it's crucial to blend insights from biology, engineering, and design to create solutions with minimal environmental impact. Imagine a project where biologists study natural cooling systems, engineers develop practical applications, and designers ensure everything looks great – the potential is amazing!

>>Biologist: Yeah, nature has already solved many of the problems we face today. For instance, termite mounds regulate temperature in a way that could inspire passive cooling systems in buildings. It's amazing how efficient these natural systems are.

>>Engineer: Absolutely. From an engineering standpoint, we can take those biological insights and turn them into real-world solutions. Like using the termite mound's cooling system for energy-efficient buildings – it's not just fascinating but also very practical.

>>Biologist: Speaking of nature's efficiency, another great example is the lotus leaf. Its structure can inspire self-cleaning surfaces. Imagine applying this principle to solar panels or building facades – it could save so much on maintenance.

>>Engineer: That's a fantastic point! The lotus leaf structure inspiring self-cleaning surfaces is exactly what we need more of. These designs not only enhance efficiency but also cut down on maintenance costs significantly.

>>Biologist: And think about shark skin – its unique texture reduces drag in water. This could revolutionize everything from swimsuits to ship hulls, making them more energy-efficient.

>>Engineer: While using shark skin for reducing drag is interesting, do you think it's feasible for large-scale applications like shipping? It sounds promising but might be challenging to implement widely.

>>Biologist: True, scaling up can be tricky. But even if it starts small with high-performance sports gear or specialized equipment, it could pave the way for broader use later on.

>>Engineer: Good point. And speaking of strong materials, did you know that spider webs are incredibly strong and flexible? We could use that concept to create more resilient building materials or even medical implants.

>>Biologist: I remember visiting a lab where they were experimenting with spider silk for medical sutures – it was incredible to see how something so delicate could be so strong and versatile.

>>Engineer: That sounds fascinating! Integrating these principles into our designs could lead to breakthroughs in various fields. But we should also consider any potential challenges or limitations as we move forward. 
 Sustainability Expert: So, as we wrap up, it's amazing to see how much we've covered today. Integrating natural cooling systems and sustainable materials can significantly reduce our carbon footprint. What do you think should be our next steps?

Biologist: Considering these natural cooling systems, our next step should be a detailed feasibility study to adapt these principles to different climates and building types. How about setting up a follow-up meeting to discuss this further?

Sustainability Expert: Absolutely, and we should also consider the environmental impact of these systems. Implementing green roofs and walls could further enhance our designs by reducing urban heat islands and supporting biodiversity.

Engineer: I agree with the feasibility study first. We need solid data on how these systems perform in various climates before diving into additional features like green roofs.

Biologist: Green roofs and walls are really cool because they help with urban heat islands and provide habitats for species. But yeah, let's focus on the feasibility study first.

Engineer: And we should also think about potential challenges with maintenance for these systems in different climates.

Sustainability Expert: Good point. Let's prioritize gathering data from the feasibility study before expanding our scope.

Biologist: Sounds like a plan! So, when should we schedule our follow-up meeting?

Engineer: How about next Tuesday? That gives us enough time to gather some preliminary data.

Sustainability Expert: Next Tuesday works for me too. How about 10 AM?

Biologist: Let me check my calendar... Yes, 10 AM works for me as well.

Engineer: Great! Looking forward to it.

Sustainability Expert: Awesome! By the way, did anyone catch that documentary on sustainable architecture last night? It had some fascinating insights that might be useful for us.","During our casual catch-up, we delved into the fascinating world of biomimetics, which involves emulating nature's models, systems, and elements to solve complex human problems. The term ""biomimetics"" is derived from Greek words meaning life and imitation. This field has evolved significantly since its early days when Leonardo da Vinci studied birds to inspire human flight, leading up to the Wright Brothers' successful aircraft.

In the 1950s, Otto Schmitt coined ""biomimetics"" while developing devices that mimicked natural nerve propagation in squid. Jack E. Steele later introduced ""bionics,"" focusing on systems inspired by nature's functions. However, due to its association with supernatural strength from popular culture, the scientific community largely abandoned the term ""bionic.""

Janine Benyus popularized ""biomimicry"" in her 1997 book, emphasizing sustainability by looking at nature as a model and mentor. Recent examples include Johannes-Paul Fladerer's ""managemANT,"" which applies ant behavior strategies to economic management.

Biomimetic applications span various fields such as material science, architecture, robotics, and medicine. For instance, aircraft wing designs are inspired by birds and bats for improved aerodynamics. Biorobots mimic animal locomotion for efficient movement across different terrains.

In architecture, biomimetic principles are used to create sustainable building designs that mimic natural processes like termite mounds' temperature regulation. The Eastgate Centre in Zimbabwe is a prime example of passive cooling inspired by termite mounds.

Material scientists are also exploring biomimetic materials for their exceptional properties like toughness and strength found in natural structures such as bone and nacre (abalone shell). Techniques like freeze casting are employed to replicate these structures for advanced applications.

Optical properties in plants and animals inspire innovations in photonics and display technologies. For example, Morpho butterfly wings have led to developments in structural coloration for vibrant colors without dyes.

Overall, biomimetics offers vast potential across numerous industries by harnessing nature's time-tested solutions for human challenges. As we continue exploring this field, interdisciplinary collaboration will be key to unlocking new innovations inspired by the natural world."
"The meeting focused on the significance of Esperanto as a universal language designed to foster global unity and mutual understanding. Participants discussed its historical context, created by Zamenhof in the late 19th century to bridge linguistic divides in Europe. They highlighted how Esperanto has built a unique global community, facilitating cultural exchanges and friendships through festivals, meetups, and online platforms. The simplicity of Esperanto's grammar makes it accessible for learners worldwide, promoting inclusivity. The discussion also emphasized the importance of accurately reflecting these aspects in Wikipedia articles, including personal stories and technological advancements that have made learning Esperanto easier.",">>Linguist: Hey everyone! How's it going? I hope you're all doing well today.

>>Esperanto Enthusiast: Hey! I'm doing great, thanks for asking. How about you all? Ready to dive into the wonderful world of Esperanto?

>>Wikipedia Editor: Hi there! I'm doing well, thanks. Yeah, let's get into Esperanto.

>>Sociologist: Hey everyone! I'm good, thanks for asking. It's really interesting how Esperanto has brought people together from all over the world to share cultural experiences and build friendships.

>>Linguist: Absolutely! Esperanto was created in the late 19th century as a universal second language to help people from different countries communicate better.

>>Wikipedia Editor: Right, and from an editorial standpoint, it's crucial that articles about Esperanto accurately reflect its historical significance and community impact. We need to maintain high standards to provide readers with reliable information.

>>Esperanto Enthusiast: Let me share a personal experience! I once attended an Esperanto festival in France, and it was incredible seeing people from so many different countries connecting effortlessly. It felt like we were all part of one big family united by this beautiful language!

>>Linguist: That's amazing! Those festivals are like modern-day cultural exchanges that transcend national boundaries. They celebrate not only the language but also create a sense of global unity.

>>Wikipedia Editor: Exactly, it's fascinating how one language can have such an impact. 
 >>Linguist: So, um, to put it another way, Esperanto was born out of a desire for unity and mutual understanding. Zamenhof envisioned a world where linguistic barriers wouldn't hinder communication or cultural exchange. You know, in the late 19th century, Europe was a mosaic of languages and nationalities, often leading to misunderstandings and conflicts. Esperanto aimed to bridge these divides by providing a neutral linguistic ground.

>>Sociologist: Yeah, it's really interesting how Esperanto's impact goes beyond just language. It has created this unique global community where people from diverse backgrounds come together with a shared goal of fostering understanding and cooperation. For instance, there are social movements that have adopted Esperanto as their means of communication.

>>Historian: Exactly! And historically speaking, Zamenhof's vision for Esperanto was deeply rooted in the socio-political climate of his time. He grew up in Białystok, which was marked by linguistic and ethnic diversity that often led to tensions. His creation of Esperanto wasn't just about language; it was about fostering peace and understanding among different communities.

>>Linguist: Right! And let me explain how Esperanto's cultural impact extends beyond just its linguistic roots. It has fostered a sense of global citizenship among its speakers by creating a new cultural identity that transcends national borders and promotes peace and mutual respect.

>>Wikipedia Editor: Actually, from an editorial perspective—oh sorry to interrupt—but it's crucial to ensure that articles about Esperanto accurately reflect its historical and cultural significance. We need to highlight Zamenhof's vision and the language's impact on global unity while maintaining neutrality and verifiability.

>>Esperanto Enthusiast: Wow! I love how Esperanto has created such a tight-knit global community. Imagine attending an Esperanto festival where people from all over the world come together, speaking the same language and sharing their cultures. It's like being part of one big family!

>>Linguist: Exactly! It's intriguing to see how learning and using Esperanto allows individuals to actively participate in a movement that transcends national borders.

>>Historian: But you know, not everyone is on board with it. Some critics argue that despite its noble goals, Esperanto hasn't achieved widespread adoption because natural languages carry deep cultural significance that can't be easily replaced.

>>Sociologist: True, but even so, it's fascinating how those who do speak it form such strong connections across cultures. It's like they're part of this exclusive club with its own traditions and norms.

>>Esperanto Enthusiast: Well, let me share a story from my own experience. I was at an Esperanto congress in France with people from over 50 countries! We all spoke the same language; it felt like we were one big family despite our different backgrounds. 
 Linguist: Think about it—Esperanto's regular grammar system is one of its most remarkable features. Unlike many natural languages, which are full of irregularities and exceptions, Esperanto was designed to be logical and consistent. Once you learn a rule in Esperanto, you can apply it universally without worrying about exceptions. This makes it incredibly accessible for learners from diverse linguistic backgrounds.

Wikipedia Editor: Absolutely, and the abundance of online resources available for learners really helps too. Platforms like Duolingo offer comprehensive courses that make it easy to start learning the language from scratch. We should definitely highlight these resources in our articles to help new learners find reliable tools.

Esperanto Enthusiast: I totally agree! Let me share a personal story—when I attended an Esperanto gathering in France, within just a few days, people from all over the world were chatting effortlessly. The language's simplicity really breaks down barriers and makes it so easy to connect with others.

Sociologist: That's a great point! From a sociological perspective, the ease of learning Esperanto not only helps individuals but also fosters a unique sense of community. When people can quickly grasp a language, they can more readily participate in social interactions and cultural exchanges. This creates an inclusive environment for everyone involved.

Historian: Sorry to interrupt—just wanted to add that Zamenhof's vision was deeply influenced by his experiences growing up in Białystok, where multiple ethnic groups coexisted but often couldn't communicate effectively with each other.

Linguist: Here's something interesting about Esperanto's cultural impact—it was designed not just for ease of learning but also to foster global unity and mutual understanding. This simplicity allows people from different backgrounds to communicate effortlessly, breaking down barriers and creating an inclusive community.

Wikipedia Editor: To summarize, it's crucial we highlight these online resources in our articles because they make learning Esperanto accessible and ensure learners have reliable tools at their disposal. This aligns perfectly with Wikipedia's commitment to providing accurate and helpful information.

Esperanto Enthusiast: One of the coolest things about learning Esperanto is how quickly you can start using it in real-life situations. I remember when I first started; within just a few weeks I was already chatting with people from different countries online. It's like the language just clicks!

Linguist: And consider this—the cultural and historical context of Esperanto's creation is quite fascinating. Zamenhof designed it during a time of significant linguistic diversity in Europe aiming to create a neutral language that could foster peace and understanding among different nationalities.

Sociologist: Interesting! The simplicity of Esperanto not only makes it easy to learn but also fosters a unique sense of community when people can quickly grasp a language they can more readily participate in social interactions and cultural exchanges this ease of communication breaks down barriers and creates an inclusive environment for everyone involved. 
 >>Historian: So, let me show you how Esperanto has influenced literature and music. It's amazing—there are novels, poetry, even entire albums recorded in Esperanto!

>>Sociologist: Right, from a sociological perspective, the cultural events surrounding Esperanto are truly fascinating. The World Congress of Esperanto is like this huge annual event where thousands of people come together. It's like a mini version of Zamenhof's dream—a world without borders.

>>Esperanto Enthusiast: Wow! Imagine being at the World Congress and meeting people from all over who share this common language. It feels like a big family reunion where everyone speaks the same language—Esperanto!

>>Linguist: And it's not just literature and music—Esperanto has made its way into visual arts and theater too. There are plays performed entirely in Esperanto!

>>Wikipedia Editor: Good point! We should definitely include those aspects in our articles to give readers a complete picture.

>>Historian: Absolutely! And there are modern digital art projects and multimedia installations using Esperanto as a central theme. These contemporary expressions highlight how the language continues to inspire creativity across different mediums.

>>Sociologist: Yeah, these artistic expressions really help build a sense of community among Esperantists worldwide. They create shared experiences that strengthen bonds within the community.

>>Esperanto Enthusiast: Exactly! I remember attending an art exhibit inspired by Esperanto culture—it was incredible seeing how artists interpret our shared language through their work.

>>Linguist: It's fascinating how these modern interpretations keep the spirit of Esperanto alive while adapting it to new contexts. 
 >>Wikipedia Editor: So, from an editorial perspective, it's crucial to highlight how technology has made Esperanto more accessible. Online platforms like Wikipedia and language apps have played a significant role in this. We should ensure our articles reflect these advancements accurately.

>>Esperanto Enthusiast: You know, let me share a personal story! I was learning Esperanto on one of those apps and connected with a fellow learner from Brazil. We started practicing together over video calls, and now we're great friends! It's amazing how technology can bring people together like that.

>>Linguist: That's awesome! I think these online tools have really changed the game for language learning. They not only provide structured lessons but also create communities through forums and social features. It’s pretty cool how they make it easier for people from all over to connect and learn together.

>>Sociologist: Yeah, it's interesting how technology not only helps with learning but also builds community bonds. These virtual spaces where learners can interact, share experiences, and support each other are so important for keeping everyone motivated.

>>Historian: Right, historically speaking, the spread of Esperanto has always relied on innovative communication methods. The internet is just the latest tool in this tradition. It's fascinating to see how modern platforms continue the legacy of connecting people across borders.

>>Wikipedia Editor: Exactly, so we need to make sure our articles accurately reflect the role of technology in making Esperanto accessible. Highlighting these platforms is essential since they've been instrumental in this process.

>>Esperanto Enthusiast: Absolutely! And don't forget about all the virtual meetups and online events that bring Esperantists together from all over the world. It's like having a global village at our fingertips!

>>Linguist: Totally! These online platforms have become modern-day meeting places where people can engage with the language and culture in ways that were unimaginable a century ago. It's truly fascinating how technology has preserved the essence of Esperanto while democratizing access to it.

>>Sociologist: And let's not overlook the impact on community dynamics. Technology allows for continuous interaction among learners which helps maintain enthusiasm and commitment to learning Esperanto.

>>Historian: Indeed! The historical context shows us that every new medium—be it print or digital—has played a pivotal role in spreading constructed languages like Esperanto. The internet is just another chapter in this ongoing story. 
 >>Esperanto Enthusiast: Wow! You know, one of the things I love about learning Esperanto is how it brings people together so quickly. Within just a few months, you can start having real conversations with people from all over the world. It's like having a secret key to a global community!

>>Sociologist: It's amazing how Esperanto connects people from different cultures. Not many languages can do that!

>>Linguist: Yeah, it's fascinating how it breaks down barriers. I'd love to learn it for its unique history.

>>Historian: That's interesting! Did you know Zamenhof actually envisioned Esperanto as a tool for world peace? He believed that if everyone spoke the same language, there would be fewer misunderstandings and conflicts.

>>Linguist: Exactly! Learning Esperanto is like opening a door to a unique global community that transcends traditional linguistic barriers.

>>Wikipedia Editor: It's important to include practical resources in articles about Esperanto, like links to online courses or community meetups.

>>Wikipedia Editor: And highlighting accessibility too—like free online dictionaries and forums where learners can practice with native speakers—can make a big difference.

>>Linguist: Indeed! And speaking of resources— 
 >>Esperanto Enthusiast: So, you know, I recently met someone at an Esperanto meetup who had traveled all the way from Japan! We bonded over our shared love for the language and ended up exploring the city together. It's amazing how Esperanto can bring people from such different backgrounds together!

>>Sociologist: Wow, that's incredible! It's amazing how Esperanto can bring people from different cultures together.

>>Linguist: Yeah, it's really cool how Esperanto creates unique cultural experiences. Zamenhof wanted it to foster global understanding and peace. It's like a bridge connecting diverse cultures and histories.

>>Historian: That's quite a journey for a meetup! It shows just how dedicated people are to Esperanto.

>>Esperanto Enthusiast: Yes! It was amazing to see such dedication. And it really shows how passionate people are about Esperanto.

>>Wikipedia Editor: Right! From an editorial perspective, capturing these personal stories and cultural exchanges in our articles adds so much depth and authenticity.

>>Esperanto Enthusiast: Let me share another fun story! I once met a guy from Brazil at an Esperanto event, and we ended up teaching each other our native dances. Imagine this: samba meets polka! It was such a blast and really showed how Esperanto can create these unique cultural exchanges.

>>Linguist (laughing): Samba meets polka? Now that's something I'd love to see!

>>(Everyone laughs)

>>Historian (smiling): Just picturing that dance combo is hilarious!

>>(Everyone chuckles)

>>(Phone rings briefly)

>>(Everyone pauses momentarily)

>>Esperanto Enthusiast: One of the coolest things about Esperanto meetups is how they often turn into spontaneous cultural exchanges. At one event, we had people from five different countries all teaching each other traditional songs. It was like a mini world music festival!

>>Linguist: It's really interesting how these cultural exchanges through Esperanto lead to unique experiences. It's like a modern-day version of the Silk Road but instead of trading goods we're exchanging dances and stories! 
 >>Sociologist: It's great to see how Esperanto meetups help people connect on a deeper level. People aren't just learning a language; they're building a community that transcends borders and creates real friendships.

>>Wikipedia Editor: Capturing these cultural exchanges and the dedication of Esperanto speakers in our articles is crucial. It adds depth and authenticity to the content.

>>Esperanto Enthusiast: Yeah, it's amazing to see how these meetups create such a vibrant and inclusive community! Imagine people from all over the world coming together, sharing their cultures, and forming lifelong friendships. It's truly inspiring!

>>Historian: That's a great point about cultural exchanges! Can you give an example?

>>Esperanto Enthusiast: Oh sure! For instance, at one meetup I attended in Berlin, there was this incredible moment where participants from Japan and Brazil shared traditional songs from their countries. It was beautiful to see everyone joining in and appreciating each other's cultures.

>>Wikipedia Editor: As I mentioned earlier, it's essential that our articles reflect the vibrant and inclusive nature of the Esperanto community. Including personal stories and cultural exchanges will add depth and authenticity.

>>Linguist: I love that story about Berlin! It really shows how Esperanto brings people together. Sorry about that notification! Anyway, as I was saying, Esperanto isn't just a language; it's like a bridge connecting people from diverse backgrounds. People traveling long distances for meetups is like a modern pilgrimage, bringing everyone together.

>>Wikipedia Editor: So, um, to wrap up—oh wait—is everyone okay with extending this meeting by 10 minutes? We seem to be running out of time.
[General agreement]
Great! As I was saying...it's clear that capturing the vibrant nature of the Esperanto community in our articles is essential. Including personal stories and cultural exchanges will add depth and authenticity.","During our casual catch-up, we delved into the topic of Esperanto, a constructed international auxiliary language created by L. L. Zamenhof in 1887. The primary goal behind its creation was to foster easier and more neutral communication between people from different native languages, promoting peace and understanding globally.

We discussed how Esperanto is designed to be simpler than many natural languages, with a regular grammar system and vocabulary primarily derived from European languages. This simplicity makes it relatively easy to learn, which has contributed to its adoption by a dedicated community of speakers worldwide.

The conversation also touched on the cultural aspects surrounding Esperanto. We noted that it has its own literature, music, and even annual World Congresses where speakers gather to celebrate their shared language and culture. Despite not being officially recognized by any country or major international organization, Esperanto has maintained a steady presence through grassroots movements and online communities.

One interesting point raised was the role of technology in the spread of Esperanto. With the advent of the internet, learning resources have become more accessible, allowing for greater connectivity among speakers across the globe. Platforms like Duolingo have further popularized the language by offering free courses.

In conclusion, while Esperanto may not have achieved widespread use as an international lingua franca as originally envisioned by Zamenhof, it remains a fascinating example of linguistic innovation with a passionate following. No specific action items were identified during this discussion; however, some participants expressed interest in exploring online resources to learn more about Esperanto or even start learning the language themselves for fun or intellectual curiosity."
"The meeting involved a discussion among a journalist, media literacy educator, sociologist, and psychologist. They began by catching up on personal activities and weekend plans before diving into the topic of fake news. The conversation highlighted how misinformation spreads quickly due to emotional triggers and cognitive biases like confirmation bias. They emphasized the importance of media literacy in education to help people critically evaluate information and rebuild societal trust. The role of social media algorithms in amplifying fake news was also discussed, with calls for holding platforms accountable and supporting investigative journalism. The participants agreed that both individual vigilance and corporate responsibility are necessary to combat misinformation effectively. They concluded by sharing how their hobbies help them unwind and enhance their critical thinking skills, agreeing to plan another catch-up soon.",">>Journalist: Hey everyone! Long time no see. How's it going? Been working on anything cool lately?

>>Media Literacy Educator: Hey there! I'm doing great, thanks for asking. Just finished a media literacy workshop with high schoolers—it was awesome seeing them so engaged! What about you all? Any exciting plans coming up?

>>Sociologist: Hi all! I'm good, thanks. You know, it's been fascinating to observe how misinformation impacts societal trust. But let's not dive into that just yet. What are you all up to this weekend?

>>Psychologist: Hey everyone! I'm doing well too. I just finished reading a fascinating study on how our emotions can influence the spread of misinformation. But let's save that for later. Anyone have interesting plans for the weekend?

>>Journalist: It's great to see you all again. I just got back from an investigative trip—some of the stories I uncovered were mind-blowing! But I'll share more about that later.

>>Media Literacy Educator: That sounds intriguing! Can't wait to hear more about it when we get a chance.

>>Sociologist: Well, actually, I'm planning to catch up on some reading and maybe go hiking if the weather's nice.

>>Psychologist: That sounds lovely! I've been meaning to get outside more too. 
 >>Journalist: Alright, let's dive into the topic of fake news. Recently, I came across a story where a completely fabricated article about a celebrity went viral, causing significant public outrage before it was debunked. Isn't it fascinating how quickly misinformation can spread and influence people's perceptions?

>>Media Literacy Educator: Yeah, it's wild! Fake news spreads like wildfire because it often taps into our emotions and biases. People are more likely to share something that evokes a strong reaction, even if it's not true. Media literacy helps us pause and question the information before we hit that share button.

>>Sociologist: Yeah, fake news really messes with how much we trust what we read. If we're always seeing false info, it's hard to know what's real anymore.

>>Psychologist: Exactly! Our brains are wired to believe things that fit our existing beliefs or make us feel something strongly, which is why fake news can be so convincing.

>>Journalist: Indeed! Misinformation isn't just a nuisance; it's a real threat to our democratic processes and societal cohesion. When I was investigating a recent case, it became clear how easily manipulated narratives can sway public opinion and even influence elections. Don't you think this underscores the urgent need for robust media literacy programs?

>>Media Literacy Educator: Absolutely! And that's why it's so crucial to integrate media literacy into our education systems. When we teach students how to critically evaluate information, we're empowering them to become informed and responsible citizens.

>>Journalist: You know, it's not just about the speed at which misinformation spreads but also the sheer volume. When I was investigating a case of fake news during an election cycle, it was like trying to find a needle in a haystack. The algorithms on social media platforms amplify these false narratives, making it incredibly challenging for the truth to surface.

>>Media Literacy Educator: Right! And fostering curiosity and skepticism is key too. When we encourage learners to ask questions like 'Who created this?' or 'What is the purpose behind this information?', we're equipping them with lifelong skills.

>>Psychologist: And those algorithms are designed to keep us hooked by showing content that triggers strong emotions, creating echo chambers where misinformation thrives. 
 >>Sociologist: Echo chambers spread misinformation and break down trust in society. When people only see info that fits their biases, it divides us and leads to conflict. It's pretty concerning.

>>Journalist: Absolutely! Digital platforms are full of misinformation because of their algorithms. They prioritize engagement over accuracy, so sensational content gets amplified quickly. It's scary how fast fake news can spread and influence people.

>>Media Literacy Educator: Exactly! And that's why teaching media literacy is so important. We're giving people the tools to question and analyze the information they come across, like detectives. By fostering critical thinking skills, we help them spot credible information more easily.

>>Psychologist: From a psychological perspective, our cognitive biases play a big role in making fake news appealing. For example, confirmation bias makes us favor info that matches our beliefs—

>>Journalist (interrupting): Sorry to jump in—confirmation bias? Can you explain that a bit more?

>>Psychologist: Sure! Confirmation bias is when we look for or interpret information in a way that confirms what we already believe. We ignore evidence that contradicts our preconceptions.

>>Journalist: Got it! Thanks for clarifying.

>>Psychologist: No problem! And as I was saying, emotional triggers make certain stories more memorable and shareable. Our brains are wired in ways that can inadvertently support the spread of misinformation.

>>Journalist: These algorithms really control what we see online. We need to hold these platforms accountable for spreading misinformation and support investigative journalism to uncover the truth behind these fabricated stories.

>>(Phone rings loudly)

>>Sociologist (smiling): Someone forgot to silence their phone!

>>(Everyone chuckles briefly)

>>Media Literacy Educator (smiling): As I was saying—teaching students critical evaluation skills early on equips them with lifelong skills for navigating digital information responsibly. Does that make sense?

>>(Phone rings again)

>>(Everyone chuckles briefly)

>>(Phone stops ringing)

>>Journalist (grinning): Okay—where was I? Right—it’s not just about holding these platforms accountable; it's also about supporting investigative journalism to dig deeper and expose the truth. 
 >>Journalist: Fake news really messes with public opinion and elections. It's crazy how misinformation can change everything!

>>Sociologist: Absolutely. It doesn't just affect elections; it breaks down trust in society. People can't tell what's true anymore.

>>Media Literacy Educator: Exactly! Teaching media literacy isn't just about spotting fake news; it's about thinking critically about all information.

>>Journalist: Isn't it alarming how easily manipulated information can alter democracy?

>>Sociologist: Definitely! As you mentioned, it erodes trust too. When people can't distinguish between fact and fiction, they become more polarized and less likely to engage in constructive dialogue.

>>Media Literacy Educator: Right, and that's why teaching media literacy is crucial. It helps people think critically and rebuild trust.

>>Journalist: I remember covering an election where fake news stories were everywhere. It was so frustrating trying to get the truth out there.

>>Media Literacy Educator: And it's not just about reaching those who are already skeptical. We need to create educational programs that engage everyone, especially those who might be more susceptible to misinformation.

>>Psychologist: Our brains are wired to believe things that fit our views or make us feel strongly. I've seen clients who struggle with this because they only see one side online.

>>Sociologist: And when people feel they can't trust the information they're getting, they may become disillusioned and disengaged from civic duties like voting.

>>Journalist: So true! Investigative journalism plays a big role here too. When we dig deep and uncover the truth behind these fabricated stories, we provide a counter-narrative that can help restore some of that lost trust.

>>Media Literacy Educator: If we can make critical thinking and media literacy a fundamental part of education from an early age, we can build a society that's better equipped to handle the complexities of information in the digital age. 
 Journalist: I think we also need to consider the role of investigative journalism in this fight. Uncovering the truth behind misinformation requires dedicated resources and skilled journalists who can dig deep into these stories. Isn't it crucial to support such efforts?

Sociologist: Well, while investigative journalism is crucial, we also need to think about how misinformation affects society as a whole. Fake news messes with public opinion and makes people lose trust in institutions and democracy itself.

Media Literacy Educator: So true! Teaching critical thinking skills is like giving people a toolkit for navigating all this information. It's not just about spotting fake news but understanding how to evaluate sources and question what they read.

Sociologist: Exactly, but we also need to tackle how social media algorithms amplify fake news. These platforms have a huge impact on what information gets seen and shared.

Psychologist: Right, from a psychological perspective, our cognitive biases play a big role in how we process information. For instance, confirmation bias makes us more likely to believe stuff that fits with what we already think or feel.

Journalist: Indeed! While media literacy and understanding cognitive biases are essential, we can't overlook the structural issues. Social media platforms have a responsibility here too. Shouldn't we be pushing for more stringent regulations on these platforms?

Media Literacy Educator: Absolutely! And it's not just about teaching people to spot fake news but fostering curiosity and skepticism. If people ask questions and seek out multiple sources before forming an opinion, they're better equipped to handle misinformation.

Psychologist: Yes, but it's fascinating—and worrying—how our emotional responses can sometimes override logical thinking. When we're faced with info that triggers strong emotions like fear or anger, we're more likely to share it without checking if it's true.

Sociologist: That's why holding social media companies accountable is so important. They profit from sensationalism because it drives engagement.

Media Literacy Educator: Well said! And creating an environment where questioning and verifying information becomes second nature is key. If we integrate these skills into everyday learning from a young age, future generations will be more discerning consumers of information.

Psychologist: I agree that cognitive biases are important, but I think focusing too much on individual responsibility might let social media companies off the hook too easily. We need both personal vigilance and corporate accountability. 
 >>Psychologist: You know, it's funny how sometimes the simplest hobbies can really help us unwind. I've recently taken up gardening, and there's something so calming about tending to plants. It's like a mini escape from all the chaos of misinformation we deal with daily.

>>Journalist: Oh, that's interesting! I've actually started baking bread at home after watching this great documentary on traditional baking methods. It's so satisfying to see the dough rise and turn into something delicious.

>>Media Literacy Educator: That's awesome! I’ve been getting into painting lately. Just letting the colors flow is incredibly relaxing. Last weekend, I spent hours working on a landscape inspired by my favorite park.

>>Sociologist: I’ve recently picked up photography. Capturing moments makes you see the world differently. Do you have any favorite subjects you like to paint?

>>Media Literacy Educator: Mostly nature scenes, but sometimes I experiment with abstract art too. Photography sounds amazing! Do you have any favorite subjects you like to capture?

>>Sociologist: I love capturing candid moments of people and street scenes. It’s a great excuse to get outside and explore new places.

>>Psychologist: That sounds wonderful! Photography must be so rewarding when you get that perfect shot.

>>Journalist: Speaking of getting outside, I've also taken up birdwatching recently. Observing birds in their natural habitat teaches you so much about nature.

>>Sociologist: Birdwatching? That’s fascinating! Actually, I’ve been hiking more often these days, and sometimes I spot some interesting birds along the trails.

>>Psychologist: Hiking is wonderful for that! Being in nature just has this incredible ability to reset our minds.

>>Media Literacy Educator: Absolutely! And speaking of resetting our minds, I’ve started learning to cook different cuisines lately. Exploring new cultures through food has been such a fun adventure! 
 >>Journalist: That's fascinating! My recent investigative trip really opened my eyes to how much misinformation is out there about local food practices. It made me think twice about what I consume.

>>Psychologist: That's interesting! It's true that our hobbies can help us manage stress. Personally, I find gardening very therapeutic after a long day of work.

>>Media Literacy Educator: So, the key takeaway is that our hobbies not only help us unwind but also offer valuable insights into how we process information and manage stress. But I think it's also crucial to actively engage with media critically rather than just taking breaks from it.

>>Journalist: Absolutely! And you know, it's fascinating how these activities can also enhance our critical thinking skills.

>>Sociologist: Yeah, I see what you mean—when I'm out hiking or birdwatching, it gives me time to reflect on societal issues like urbanization and its impact on nature. Plus, it’s just refreshing to step away from screens for a bit.

>>Psychologist (interrupting): Exactly! And stepping away from screens is so important for mental health. Our brains need that downtime to process everything we've taken in during the day.

>>Media Literacy Educator: Right! And when we're engaged in activities like cooking or painting, we're practicing patience and attention to detail—skills that are essential for evaluating information critically.

>>Journalist: Indeed!

>>Sociologist: Well said. It's all interconnected—our personal interests feeding into our professional lives and vice versa.

>>Psychologist: So true. And on that note, I think we've covered some great ground today. Shall we plan another catch-up soon?

>>Media Literacy Educator: Definitely! This has been really insightful. Thanks everyone for sharing your thoughts!","During our casual catch-up, we delved into the topic of fake news, a term that has gained significant traction in recent years. We discussed how fake news refers to misinformation or hoaxes spread via traditional news media or online social platforms. The conversation highlighted the various forms it can take, including false information presented as news and misleading content designed to deceive readers.

We noted that the rise of digital media has exacerbated the spread of fake news, making it easier for such content to go viral and reach a wide audience quickly. This phenomenon is often driven by sensational headlines and emotionally charged stories that capture attention but lack factual accuracy. The group acknowledged that while fake news is not a new concept, its impact has been magnified in the digital age due to the speed and reach of social media.

One key point raised was the role of algorithms on social media platforms in amplifying fake news. These algorithms prioritize content based on user engagement rather than accuracy, leading to an echo chamber effect where users are more likely to encounter information that reinforces their existing beliefs. This can create a polarized environment where misinformation thrives.

We also touched upon the consequences of fake news, which can be far-reaching and damaging. It can influence public opinion, affect elections, incite violence, and undermine trust in legitimate journalism and democratic institutions. The discussion underscored the importance of critical thinking and media literacy as tools for combating fake news. By educating individuals on how to evaluate sources and verify information, we can reduce the spread of falsehoods.

In conclusion, our conversation emphasized that addressing fake news requires a multifaceted approach involving technology companies, policymakers, educators, and individuals themselves. While there is no single solution to this complex issue, fostering an informed and discerning public is crucial in mitigating its effects.

No specific action items were identified during this meeting; however, we all agreed on the importance of staying vigilant against misinformation and promoting accurate reporting in our daily lives."
"In a meeting, a historian, computer scientist, and sociologist discussed the evolution of the internet from its origins with ARPANET in the 1960s to modern-day advancements. They highlighted key milestones such as the development of TCP/IP protocols in the 1970s and 1980s, which standardized data transmission across networks, and Tim Berners-Lee's creation of the World Wide Web in 1989, which democratized information access. The commercialization of the internet in the mid-90s led to an explosion of online services and transformed social interactions. The rise of smartphones further revolutionized how people access and interact with the internet, enabling app-based services and real-time data processing. Looking ahead, they anticipate that AI and machine learning will drive future advancements, potentially transforming online interactions and community formation.",">>Historian: Hey everyone! How's it going? It's been a while since we last caught up.

>>Computer Scientist: Hey! I'm doing great, thanks for asking. So, we're diving into the history of the internet today?

>>Sociologist: Hi there! I'm good too. Yeah, it's amazing how much our lives have changed because of it.

>>Historian: Absolutely! From ARPANET in the late 1960s to today's digital world—it's been quite a journey!

>>Computer Scientist: Totally! And think about how we've gone from basic text messages to streaming HD videos globally. It's mind-blowing!

>>Sociologist: And don't forget how it's changed our social lives—like online communities becoming so important now.

>>Historian: For sure! And during times like the Cold War, tech advancements were driven by national security needs. Crazy how those times shaped what we have now!

>>Computer Scientist: Right! And adapting from simple emails to video calls was no small feat either! 
 Historian: Yeah, the transition from ARPANET to what we now know as the internet is pretty remarkable. ARPANET was developed in the 1960s by ARPA of the U.S. Department of Defense. It was all about creating a network that could survive disruptions, especially during the Cold War. It's interesting how national security needs led to these tech advances.

Sociologist: Absolutely, and from a sociological perspective, it wasn't just about technology but also about how society was changing. Back then, there was a big focus on collaboration and sharing information among researchers and institutions. This really set the stage for the internet connecting people globally.

Computer Scientist: Right! Technically speaking, ARPANET's early communication protocols were groundbreaking. They used packet switching instead of traditional circuit-switching methods. Imagine sending multiple envelopes instead of one big package; each packet could take different routes and be reassembled at the end. This made networks more efficient and resilient.

Historian: That's a great point! And it's not just about technology; it also reflects the geopolitical climate of that time. The Cold War pushed for robust communication systems that could withstand attacks, leading to innovations like packet switching.

Sociologist: Exactly! And this collaborative spirit among researchers wasn't just a technical necessity but also a cultural shift towards open communication, which shaped today's internet.

Computer Scientist: Speaking of packet switching, I remember reading how excited researchers were about this new way of sharing data. It really changed everything.

Historian: Totally! It's amazing how ARPANET's development mirrored both technological breakthroughs and responses to geopolitical tensions.

Sociologist: So true! The emphasis on collaboration back then laid down the foundations for global connectivity we see today. 
 >>Computer Scientist: So, let's dive into the evolution of TCP/IP protocols. Basically, TCP/IP became the backbone of internet communication in the 1970s and 1980s. Think about it this way: TCP ensures reliable data transmission by breaking down messages into packets and reassembling them at the destination, while IP handles addressing and routing those packets across networks. This combination was revolutionary because it standardized how data is transmitted over diverse networks.

>>Historian: Yeah, exactly. The development of TCP/IP protocols was a huge milestone. It wasn't just about technical innovation; it was like creating a universal language for computers to communicate across different networks. This standardization paved the way for the global internet we know today.

>>Sociologist: From a sociological perspective, um, this standardization didn't just revolutionize technology; it fundamentally changed how we interact as a society. Before TCP/IP, communication was limited and fragmented. But with these protocols, suddenly people could connect across vast distances seamlessly. For example, online communities started forming in ways that were never possible before.

>>Historian: Right! And if you think about it historically, developing TCP/IP was like inventing a common language for computers that previously couldn't talk to each other easily. It allowed for seamless interaction and data exchange across previously incompatible systems.

>>Computer Scientist: Exactly! Let me add more on the technical side. TCP/IP protocols were designed to be robust and flexible. For instance, uh, TCP's error-checking mechanisms ensure that data packets are delivered accurately even if some packets get lost or arrive out of order. This reliability was crucial for early internet applications where data integrity was paramount.

>>Sociologist: You know what's interesting? It's not just about technology but also our social fabric changing with these protocols in place. We started seeing online communities and social networks emerge that are now integral to our lives.

>>Historian: And considering the historical context—this all happened during the 1970s and 1980s when there was intense technological innovation driven by academic curiosity and geopolitical pressures like those from the Cold War era.

>>Computer Scientist: Yeah! Think about it—TCP/IP protocols were like glue holding early internet together without which we wouldn't have had standardized methods for data transmission crucial for global communication network growth. 
 Historian: Indeed, the development of TCP/IP was monumental. Now, if we shift our focus to 1989, we see another pivotal moment with Tim Berners-Lee's creation of the World Wide Web. It made information accessible to everyone, much like the printing press did centuries ago.

Computer Scientist: Absolutely! The World Wide Web introduced HTML and HTTP, which were game-changers. HTML lets us create web pages, and HTTP helps us share them over the internet. It's amazing how these technologies made it so easy for anyone to access and share information.

Sociologist: Yeah, before the WWW, information was often siloed and hard to get to. But with these new tools, suddenly anyone with an internet connection could share knowledge globally. This really changed how people interacted and formed communities online.

Historian: Exactly! It wasn't just a technological leap but a cultural one too. It transformed how we access and share information.

Computer Scientist: Think about it this way: without HTML and HTTP, the internet would be like a library with no catalog system—lots of books but no way to find or connect them.

Sociologist: And it's fascinating how this shift didn't just change info access but also social interactions. Before this, most interactions were face-to-face or over the phone. Now we have forums, social media platforms, even online gaming communities that have created new forms of interaction.

Historian: Right! And let's not forget that all this happened during a time of rapid technological advancements in the late 1980s when global connectivity was increasing.

Computer Scientist: Exactly! And instead of repeating myself about HTML and HTTP again—let's talk about their impact on other technologies like search engines or e-commerce platforms that emerged because of them.

Sociologist: That's interesting! Those developments really show how interconnected everything became thanks to the WWW. 
 >>Computer Scientist: So, let's dive into when the commercialization of the internet really took off in the mid-90s. Lifting restrictions on commercial use led to an explosion of online services. Before this, it was mostly for researchers and academics but then it became open to everyone.

>>Sociologist: Right, that period marked a big cultural shift too. The internet turned into a public space where anyone could join in. People started forming online communities around shared interests—it was revolutionary at that time.

>>Historian: Exactly! It was like opening Pandora's box—so many possibilities and challenges emerged all at once. This shift democratized information and set up today's digital economy.

>>Sociologist: And people weren't just consuming info anymore; they were creating it too with blogs, personal websites, forums...

>>Historian: Yeah! It was a watershed moment—like the Industrial Revolution but digital. Platforms like Amazon and eBay changed economic landscapes fundamentally.

>>Computer Scientist: From a technical view, web browsers like Netscape Navigator made everything accessible to everyone by simplifying navigation with graphical interfaces instead of commands.

>>Sociologist: Plus, these changes transformed social interactions! Online forums let people connect instantly over shared interests no matter where they were.

>>Historian: It's amazing how fast these changes took root in our daily lives.

>>Computer Scientist: And search engines revolutionized finding information online—before them, finding specific info was tough; now it's as simple as typing a query. 
 >>Sociologist: So, with the advent of smartphones, we've seen a massive shift in how people access and interact with the internet. I mean, before smartphones, we were mostly tethered to desktops or laptops. Now, we carry the internet in our pockets! It's really changed how we interact with each other.

>>Computer Scientist: From a technical standpoint, the rise of smartphones has led to app-based services and mobile-friendly websites. Think about it: apps like Uber or Instagram wouldn't exist without modern smartphones. These devices are like mini-computers, letting us do complex tasks on-the-go.

>>Historian: Absolutely! And it's not just about communication; it's also about how we consume media and entertainment. Remember when we used to rent DVDs? I still have a stack of them at home! Now everything is streamed directly to our phones.

>>Sociologist: Let me share an example. Smartphones have changed how we form relationships and communities too. Social media apps like Facebook or WhatsApp let us stay connected with friends and family across the globe instantly. Physical distance isn't a barrier anymore.

>>Computer Scientist: And let's not forget the tech behind these apps. The seamless integration of GPS for location-based services—

>>Historian (interrupting): —and real-time data processing!

>>Computer Scientist: Exactly! Real-time data processing and cloud storage let us access information and services instantly. Without these advancements, ordering food or booking a ride with just a few taps wouldn't be possible.

>>(Phone notification sound)

>>Sociologist (laughing): Oh, excuse me! (quickly checks phone) Anyway... from a sociological perspective, the way we use smartphones has also led to big changes in our daily routines and habits. For instance—

>>Historian (nodding): Historically speaking, this transformation is like the shift from telegraph to telephone. Just as the telephone allowed for real-time voice communication—

>>(Computer Scientist nodding enthusiastically)

—smartphones enable real-time data exchange on an unprecedented scale. Isn't it fascinating how these devices have redefined our daily lives?

>>Computer Scientist: Well, let's not overlook the technical challenges that come with developing these mobile apps—

>>Historian: True, but I think the benefits far outweigh those challenges.

>>Computer Scientist: For instance ensuring compatibility across different devices and operating systems is no small feat. And then there's optimizing performance to handle real-time data processing without draining battery life.

>>(Everyone nods in agreement)

Incredible right?

>>Sociologist: It's fascinating how smartphones have also influenced our sense of time and space—I mean consider this; we can now work remotely from anywhere in world blurring lines between personal professional life leading more flexible but demanding lifestyle

>>(Everyone murmurs agreement)

>>Historian To put it in perspective, smartphones have changed our lives just like steam engines did during the Industrial Revolution. It's amazing how essential they've become for both work and personal use! 
 >>Computer Scientist: So, looking ahead, I think the next big leap will be in AI and machine learning. We've already seen how algorithms can personalize our online experiences—imagine if AI could predict our needs before we even know them ourselves!

>>Sociologist: That's fascinating! From a sociological perspective, deeper integration of AI into our lives could really change how we interact socially. What if AI could help create virtual spaces that foster genuine connections?

>>Historian: Absolutely! Historically speaking, every major leap—from ARPANET during the Cold War to today's internet—has been driven by both technology and societal needs. It's interesting to think about how this dynamic will continue with AI.

>>Sociologist: Right! And considering these advancements might shift how communities form online is crucial. Imagine virtual spaces designed specifically for support networks—that could be transformative.

>>Computer Scientist: And technically speaking, integrating AI is just the beginning. With quantum computing on the horizon, processing speeds could revolutionize real-time data analysis!

>>Historian: It's remarkable how far we've come—from military communication tools to an integral part of daily life. Each step was driven by societal challenges; I believe we'll see even more profound changes with AI shaping our world.

>>Sociologist: You know what's interesting? These advancements might also impact our sense of identity and belonging online—AI creating personalized virtual spaces tailored to individual preferences could really change things up!","During our casual catch-up, we delved into the fascinating history of the Internet. We began by discussing its origins in the 1960s with ARPANET, a project funded by the U.S. Department of Defense to develop communication protocols that would allow networked computers to communicate seamlessly. This early network laid the groundwork for what would eventually become the global Internet.

We touched on key milestones such as the development of TCP/IP protocols in the 1970s and 1980s, which standardized data transmission across networks and enabled different types of computers to connect and share information. The introduction of these protocols was crucial in transforming isolated networks into an interconnected web.

The conversation then moved to the creation of the World Wide Web by Tim Berners-Lee in 1989, which revolutionized how information was accessed and shared online. His invention of HTML (HyperText Markup Language) and HTTP (HyperText Transfer Protocol) made it possible for users to navigate between pages using hyperlinks, thus making the Internet more user-friendly and accessible.

We also discussed how commercial use of the Internet took off in the mid-1990s after restrictions on its use were lifted, leading to an explosion of websites and online services. This period saw significant growth in e-commerce, social media platforms, and search engines like Google, which have since become integral parts of daily life.

Our discussion highlighted how mobile technology has further transformed Internet usage over recent years. With smartphones becoming ubiquitous, people now access information on-the-go more than ever before. This shift has led to new developments in app-based services and mobile-friendly websites.

In conclusion, we recognized that while the Internet's history is relatively short compared to other technologies, its impact has been profound and far-reaching. It continues to evolve rapidly, shaping how we communicate, work, learn, and entertain ourselves.

No specific action items were identified during this meeting; however, there was a shared interest in staying updated on future advancements in Internet technology given its ongoing evolution and significance in our lives."
"In a recent meeting, a diplomat, an international law professor, and a human rights advocate discussed various global issues and their experiences. The international law professor shared insights from conferences in Geneva and The Hague on international law and environmental enforcement challenges. The human rights advocate highlighted the dire conditions in refugee camps and the importance of healthcare and education for refugees. They also emphasized the ethical implications of delayed treaty implementation on vulnerable populations.

The diplomat recounted visits to sustainable development projects in Kenya and peacebuilding initiatives in Colombia, stressing the impact of grassroots efforts on broader policies. They all agreed on the need for stronger enforcement mechanisms for international treaties, particularly regarding climate change, cybersecurity, labor standards, and human rights.

They discussed the role of international institutions like the UN, ICJ, and ICC in enforcing laws despite challenges posed by state sovereignty. The conversation underscored the necessity of balancing national interests with global commitments through diplomatic efforts.

The group concluded that practical application of their discussions is crucial. They advocated for strong international cooperation, integrating ethical considerations into frameworks, using multi-stakeholder approaches to pool resources effectively, and ensuring continuous evaluation to address real-world outcomes equitably.",">>Diplomat: Hey everyone, great to see you all! What's new with you guys?

>>International Law Professor: It's been a while! I just got back from a conference in Geneva on international law. Learned some pretty cool stuff and met some incredible people, including a lawyer working on climate change cases.

>>Human Rights Advocate: Geneva, nice! I read about some of those discussions. It's amazing how these conferences can bring fresh ideas. I was particularly interested in a panel discussion on refugee rights that was really eye-opening.

>>Diplomat: Totally! I recently checked out a local project on sustainable development. It's awesome to see how much impact they have at the grassroots level.

>>Human Rights Advocate: That's great! I found this initiative helping underprivileged kids with education. These efforts really change lives and it's inspiring to see the difference they're making.

>>International Law Professor: Those grassroots projects are truly inspiring. Anyone else have any interesting experiences or updates recently? 
 >>Human Rights Advocate: You know, I recently visited a refugee camp in Jordan. The conditions there were heartbreaking! The lack of basic human rights is just unacceptable.

>>Diplomat: That sounds really tough. What kind of resources do you think we could mobilize to help improve their living standards?

>>Human Rights Advocate: Well, I think focusing on healthcare and education would make a significant impact. If we can provide better medical facilities and schools, it would give them hope for the future.

>>Diplomat: Absolutely, healthcare and education are fundamental. I recently had the opportunity to visit a local sustainable development project in Kenya. The community's efforts to balance economic growth with environmental preservation were remarkable! It's inspiring to see how grassroots initiatives can drive broader international policies.

>>International Law Professor: That's fascinating! Speaking of grassroots movements, I attended a symposium on international environmental law in The Hague last month. It was eye-opening to see how passionate people are about enforcing climate agreements. But it's challenging when it comes to getting countries to comply.

>>Diplomat: Definitely, compliance is always tricky. At a diplomatic summit in Geneva, we discussed innovative approaches to conflict resolution. It's amazing how practical applications of diplomacy can foster peace and cooperation even in the most challenging situations.

>>International Law Professor: Indeed, ensuring compliance with international norms is complex but essential. I reviewed a case study on enforcing human rights laws in post-conflict regions recently. It's tough when local legal systems are still fragile, but these frameworks are crucial for rebuilding trust and stability.

>>Diplomat: That reminds me of my recent visit to Colombia where I saw a peacebuilding initiative that integrates former combatants into society. It was moving to hear their stories and see how these efforts can serve as a model for other post-conflict regions.

>>Human Rights Advocate: Wow, that's incredible work being done there! It's so important to support these individuals as they transition back into civilian life. Have you seen any similar initiatives elsewhere?

>>Diplomat: Yes, actually! In Rwanda, there's an impressive program focused on reconciliation and community building after the genocide. It's heartening to witness such resilience and commitment to peace. 
 >>International Law Professor: The historical evolution of international law since the Peace of Westphalia in 1648 has been pivotal in shaping our current legal frameworks. This event marked the beginning of a system where sovereign states interact based on mutual consent and established norms.

>>Human Rights Advocate: Absolutely! And while these frameworks are essential, we must also focus on ensuring human rights are upheld universally. For example, how do we address protecting refugees or ensuring fair treatment in conflict zones?

>>International Law Professor: You're right. From a legal standpoint, treaties, customary practices, and general principles form our global legal system's bedrock. However, enforcing these norms remains challenging—take climate change agreements as an example; without robust enforcement mechanisms, compliance is difficult.

>>Diplomat: That's true. In practice, there's often a gap between theory and implementation. For instance, during my time working on climate agreements, I saw firsthand how economic pressures can lead states to prioritize national interests over global commitments.

>>Human Rights Advocate: Exactly! Without accountability measures in place, these agreements risk becoming mere formalities. We need stronger enforcement mechanisms to ensure genuine protection of human rights globally.

>>International Law Professor: Enforcement is indeed complex. While our theoretical framework is robust, practical application often reveals significant gaps. How can we ensure states adhere to critical treaties like those on cybersecurity without effective enforcement?

>>Diplomat: It's always been a challenge historically speaking. Ensuring compliance requires balancing national interests with global commitments—a delicate task I've encountered many times in my diplomatic career. 
 >>International Law Professor: Indeed! The integration of international law into national systems is a fascinating topic. In monist systems, international treaties automatically become part of the domestic legal order upon ratification. In contrast, in dualist systems like the UK, these treaties require specific legislation to be enacted domestically. This distinction can significantly impact how effectively international norms are implemented at the national level.

>>Human Rights Advocate: Absolutely! The ethical considerations in integrating international law into national systems cannot be overstated. Imagine if a country ratifies a human rights treaty but fails to implement it domestically due to a dualist approach. This gap can lead to significant human rights violations.

>>Diplomat: Exactly, as mentioned, monist systems facilitate quicker compliance. However, in dualist systems, we often see delays that can have serious implications for enforcement and consistency.

>>Human Rights Advocate: Right, and these delays aren't just theoretical—they lead to real suffering for people waiting for their rights to be recognized.

>>(Phone rings briefly)

>>Diplomat: Sorry about that—where were we? Oh yes, the need for domestic legislation can create delays and inconsistencies which affect human rights enforcement directly.

>>International Law Professor: Precisely. The necessity for domestic legislation in dualist systems can create significant delays and potential gaps in implementation. For example, if a country ratifies an environmental treaty but fails to enact corresponding national laws promptly, it could lead to severe ecological consequences.

>>(Door creaks open slightly)
>>(Someone peeks in) 
>>(Whispering) Sorry!
>>(Door closes)

>>Human Rights Advocate: It's vital to understand that these delays have real heartbreaking consequences for vulnerable populations who depend on timely enforcement of their rights. 
 >>Diplomat: Well, the integration of international environmental protection treaties into national systems is crucial. Delays in implementing these agreements can lead to severe ecological impacts that affect us all. For example, look at how deforestation rates have surged in some countries due to lack of enforcement.

>>International Law Professor: Absolutely, and it's not just about having the treaties in place but ensuring they are enforceable. Take the Paris Agreement—many countries struggle with meeting their emission targets because there aren't strong enough penalties for non-compliance.

>>Human Rights Advocate: You know, delays in implementing human rights treaties can lead to heartbreaking consequences for vulnerable populations. Imagine if a child in a refugee camp is denied education or healthcare because of bureaucratic red tape! It's absolutely unacceptable!

>>International Law Professor: That's a great point. And speaking of enforcement, maritime laws under UNCLOS face similar issues. Without effective enforcement, states may exploit marine resources unsustainably. Just look at the overfishing crisis; it's a clear sign we need better compliance mechanisms.

>>Human Rights Advocate: Exactly! And it's not just a legal issue; it's an ethical travesty when states ignore their obligations without repercussions. We need to think about real-world solutions here—like international watchdogs or more stringent sanctions.

>>Diplomat: Right, and on the topic of labor standards, many countries struggle with enforcement due to economic pressures and lack of resources. For instance, Bangladesh has faced significant challenges in enforcing labor laws within its garment industry despite international scrutiny.

>>International Law Professor: Yes, and this isn't limited to one sector or region. Many international treaties across various domains suffer from similar challenges. Let's consider climate change agreements again—without adequate resources and international support, these standards often remain aspirational rather than actionable.

>>Human Rights Advocate: So true! Maybe we should discuss potential solutions? What if we had more collaborative efforts between nations to share best practices and resources?

>>Diplomat: I agree. Perhaps establishing regional hubs for treaty implementation could help? These hubs could provide technical assistance and monitor compliance more effectively.

>>International Law Professor: That sounds promising. Also, increasing transparency through regular reporting and independent audits might ensure better adherence to these treaties.

>>Human Rights Advocate: Definitely! And let's not forget involving civil society organizations—they can play a crucial role in holding governments accountable and providing on-the-ground insights. 
 >>International Law Professor: You know, the role of international institutions like the UN, ICJ, and ICC in enforcing international laws is crucial. Without the ICJ's advisory opinions or the ICC's prosecutions, many egregious violations might go unchecked. But these bodies face significant challenges, such as state non-compliance and political pressures.

>>Diplomat: Absolutely. Those challenges are real. I remember during my time at the UN, we faced a situation where a country was blatantly ignoring an ICJ ruling. It took months of back-and-forth negotiations to get them to comply even partially. Diplomacy can sometimes bridge these gaps, but it's not always easy.

>>Human Rights Advocate: That's a great point. The ethical considerations in enforcing international laws are paramount too. For instance, when I was working with refugees in Syria, it was heartbreaking to see how much they relied on these institutions for some semblance of justice and protection.

>>International Law Professor: To put it simply, enforcement by institutions like the UN and ICC is really complicated because state sovereignty often clashes with their mandates. Take the case of Sudan; despite ICC warrants against its leaders, they've managed to avoid arrest due to national sovereignty issues.

>>Human Rights Advocate: Right! And without these institutions stepping in where states fail or refuse to act, we'd see even more suffering among vulnerable groups. It's really important that we support them despite their flaws.

>>Diplomat: Balancing state sovereignty with international accountability is tricky but essential. During negotiations at the UN about North Korea's human rights abuses, we had to find middle ground between respecting national jurisdictions and ensuring justice through international mechanisms.

>>International Law Professor: Exactly! The interplay between state sovereignty and mandates of institutions like the ICC creates significant barriers to justice when states prioritize their own jurisdiction over cooperation with international bodies.

>>Human Rights Advocate: And that's why it's so important for us to support these institutions despite their flaws. They provide a necessary check on power that individual states might not enforce on their own.

>>Diplomat: If I may add one more point—diplomatic efforts play a critical role in ensuring compliance with international laws. Legal frameworks set the stage but it's diplomacy that often makes things happen on the ground. 
 >>International Law Professor: You know, it's really tough because there's no global police force to step in when countries don't follow the rules. This lack of a central authority creates big enforcement challenges. When states ignore cybersecurity norms, we end up with a patchwork of responses that can be all over the place and not very effective.

>>Human Rights Advocate: Right, and this is especially worrying with cybersecurity threats. Imagine if a state-sponsored cyberattack hits critical infrastructure—there's no global entity to enforce accountability. This fragmented approach often leaves vulnerable populations at risk, and we need to think about the ethical implications here.

>>Diplomat: Well, yeah, the absence of a unified governing body does pose significant challenges. Historically speaking, without a central authority, enforcement becomes more about diplomatic negotiation and mutual consent. Look at climate change—some countries are making progress while others aren't keeping up due to different challenges like economic constraints or political will.

>>Human Rights Advocate: Exactly! The ethical implications are huge—vulnerable populations suffer the most from these enforcement gaps. If a cyberattack disrupts essential services in a developing nation, those who suffer the most are often the least able to recover. We must work towards more robust international cooperation.

>>International Law Professor: From a legal standpoint, um, this fragmented system complicates enforcement. In terms of climate change, while some nations stick to treaties like the Paris Agreement, others might not fully comply because of economic or political reasons. This disparity makes it really hard to achieve global environmental goals.

>>Human Rights Advocate: And when wealthier nations fail to meet their commitments on climate change, it's often poorer countries that bear the brunt of environmental degradation. Our current approach not only hampers global progress but also makes existing inequalities worse.

>>Diplomat: Actually, that's an important point about disparities in climate efforts. It's crucial for us to find ways through diplomatic channels to bridge these gaps so all nations can contribute effectively.

>>International Law Professor: Absolutely! The lack of centralized authority complicates things during global health crises too. During COVID-19, um, we saw how uneven vaccine distribution was and how varied public health measures were across different nations—it highlighted the urgent need for more cohesive international cooperation.

>>Human Rights Advocate: And let's not forget how those disparities affected vulnerable populations disproportionately during COVID-19. We need stronger frameworks for collaboration so everyone benefits equally from global health initiatives. 
 >>Diplomat: Well, you see, it's crucial to note that while we've discussed many challenges and opportunities today, the practical application of these ideas is what will truly make a difference. How can we ensure that our discussions translate into actionable steps on the ground?

>>International Law Professor: Absolutely! We really need strong international cooperation to make this work. If we leverage existing international institutions to provide technical assistance and resources, we can bridge gaps in technology access and ensure equitable enforcement of treaties. But without everyone pitching in, these frameworks will just stay on paper.

>>Human Rights Advocate: Exactly! And let's not forget the ethical implications here. Imagine if we implement these frameworks without considering their impact on vulnerable populations—heartbreaking! We need to make sure our steps are not only practical but also just and fair.

>>Diplomat: Right, so how do we balance practicality with ethics? It's a delicate dance, isn't it?

>>International Law Professor: Precisely. And—

>>Human Rights Advocate (interrupting): And we must ensure that ethical considerations are integrated at every stage. For instance, when we helped set up technology transfer agreements in Kenya last year, including capacity-building provisions made a significant difference.

>>International Law Professor: Yes, exactly! Ensuring that technology transfer agreements include provisions for capacity building in developing countries can help mitigate disparities.

>>Human Rights Advocate: Like I said earlier, if we don't address the ethical disparities in access to technology for treaty compliance, we're just perpetuating existing inequalities. We need a framework that ensures all nations can benefit from these advancements.

>>Diplomat: So perhaps a multi-stakeholder approach where governments, NGOs, and private sectors collaborate could be effective?

>>International Law Professor: Yes, that's an excellent point.

>>Human Rights Advocate: I agree in principle, but we need to be cautious about power imbalances within these collaborations. Sometimes larger entities can overshadow smaller voices.

>>Diplomat: That's true. Any other thoughts before we wrap up?

>>International Law Professor: Just one more thing—it's essential to monitor and evaluate the effectiveness of any implemented frameworks regularly. This way, we can make necessary adjustments based on real-world outcomes.

>>Human Rights Advocate: Agreed! Continuous evaluation is key to ensuring long-term success and equity.

>>Diplomat: Alright then. So it sounds like we're all on board with stronger international cooperation, integrating ethics into our plans, and using a multi-stakeholder approach to pool resources effectively.
 
>>International Law Professor: Exactly!

>>Human Rights Advocate: Couldn't have said it better myself!","During our casual catch-up, we delved into the intricate world of international law, which governs the conduct of states and other global actors. We discussed how international law is distinct from domestic legal systems as it relies heavily on mutual consent rather than a central authority for enforcement. This system encompasses various domains such as war, diplomacy, economic relations, and human rights.

We noted that the sources of international law include treaties, customary practices accepted as law, and general principles recognized by most national legal systems. Treaties are binding agreements between states that must be interpreted in good faith according to their terms and purposes. Customary international law requires consistent state practice accompanied by a belief that such practice is legally obligatory.

The conversation highlighted the historical evolution of international law from ancient peace treaties to modern frameworks established post-World War II. The Peace of Westphalia in 1648 was identified as a seminal event that shaped the current international legal order based on sovereign equality and non-interference.

We also touched upon the complexities of integrating international law with national legal systems, noting the differences between monist and dualist approaches. Monist systems incorporate international treaties directly into national law, while dualist systems require specific legislative action to do so.

Our discussion extended to various specialized areas within international law including human rights, environmental protection, labor standards, and maritime laws. The role of institutions like the United Nations (UN), International Court of Justice (ICJ), and International Criminal Court (ICC) in enforcing these laws was emphasized.

Contemporary challenges were also a key topic. Issues such as enforcement difficulties due to lack of centralized authority, cybersecurity threats, climate change cooperation disparities, and global health crises like COVID-19 were identified as pressing concerns requiring robust international collaboration.

In conclusion, while international law faces significant challenges in enforcement and adaptation to new global dynamics, it remains crucial for maintaining order and addressing complex issues in an interconnected world. Our discussion underscored the importance of continuous evolution and cooperation within this framework to ensure a just and sustainable global society."
"The meeting focused on the multifaceted refugee crisis, emphasizing the need for a holistic approach to address both immediate needs and long-term integration. Key points included:

1. **Legal Obligations**: The importance of adhering to international laws like the 1951 Refugee Convention, which mandates host countries to ensure refugees' safety and access to basic services.
2. **Social Integration**: Challenges such as language barriers, trauma, and limited social networks that affect both refugees and host communities. Successful integration can enrich societies but requires significant support systems.
3. **Environmental Factors**: Climate change is increasingly driving forced displacement, necessitating sustainable solutions that address both immediate needs and long-term resilience.
4. **Mental Health**: The profound emotional impact of trauma on refugees, highlighting the need for psychological support alongside physical aid.
5. **On-the-Ground Realities**: Overcrowded camps with dire conditions exacerbate daily struggles for refugees, requiring adaptable and responsive aid efforts.

The discussion underscored the necessity of comprehensive strategies involving legal frameworks, social policies, environmental actions, and mental health care to effectively support displaced individuals and foster societal cohesion.",">>Humanitarian Aid Worker: Hey everyone! How's it going? It's been a while since we all caught up.

>>Sociologist: Hey! I'm doing well, thanks. It's great to see everyone here. Let's dive into today's topic—the refugee crisis.

>>Policy Analyst: Yes, it's good to see everyone. The refugee crisis is complex, and we need to think about our international responsibilities under agreements like the 1951 Refugee Convention. These individuals are fleeing persecution and cannot return home safely.

>>Psychologist: Hi everyone! When we think about the refugee crisis, we need to consider the emotional impact on individuals. The trauma they experience can be profound and long-lasting—like carrying an invisible wound that needs careful attention and support.

>>Humanitarian Aid Worker: Absolutely, it's important to remember that these are real people facing unimaginable hardships every day. I recently met a family who had fled their home with nothing but the clothes on their backs. Despite everything, they were determined to rebuild their lives and find some sense of normalcy in a new country.

>>Sociologist: That's a powerful example. From a community perspective, it's not just about providing immediate needs like food and shelter. The integration process into new societies can be incredibly challenging due to language barriers, trauma, and limited social networks.

>>Policy Analyst: And according to international law, host countries have obligations to provide protection and support in accordance with these legal frameworks. But beyond legalities, it's about human compassion and understanding. 
 >>Humanitarian Aid Worker: So, um, I recently had a chance to visit a refugee camp in Jordan. You know, it's one thing to read about the conditions, but seeing it firsthand is just overwhelming. The resilience of these people is truly inspiring, but we must remember that they face immense daily struggles.

>>Sociologist: Yeah, I can imagine. Well, I recently had an interesting experience while conducting a community study in a small town that has seen an influx of refugees. What we see here is the incredible adaptability of both the local residents and the newcomers. It's fascinating to observe how they are finding common ground and building new social networks despite initial challenges.

>>Psychologist: That sounds really insightful. Um, I recently had a conversation with a young refugee who shared his story of fleeing from Syria. It's just heartbreaking to hear about the trauma he endured. The important thing to remember is that these experiences leave deep emotional scars that need long-term support and care.

>>Climate Scientist: So true. I mean, I recently attended a conference on climate change and its impact on human migration. It's incredible to see how environmental factors are increasingly driving people to leave their homes.

>>Policy Analyst (interrupting): Sorry to jump in here—did they discuss any specific regions most affected by this?

>>Climate Scientist: Oh yes! They highlighted areas like Sub-Saharan Africa and parts of Southeast Asia as particularly vulnerable due to rising sea levels and extreme weather events.

>>Humanitarian Aid Worker: Absolutely. And speaking of regions affected by climate change—

>>Policy Analyst (laughing): Wait, before you continue—did anyone else get caught in that sudden downpour yesterday? It really made me think about how unpredictable our climate has become!

>>(Everyone laughs briefly)

>>Humanitarian Aid Worker: Yes! It was quite something! Anyway, back on topic—during my visit to the refugee camp in Jordan, I also noticed how climate change is exacerbating their living conditions. 
 >>Policy Analyst: We need to remember our legal obligations under international law, like the 1951 Refugee Convention, to protect refugees. The UNHCR helps ensure countries follow these standards.

>>Sociologist: Right, what we see here is a complex interplay of social dynamics that significantly impacts both the displaced individuals and the host communities. Refugees impact both themselves and host communities, creating competition for resources but also bringing diverse skills that can enrich society if supported properly.

>>Humanitarian Aid Worker: We must remember that the on-the-ground realities are often far more complex than statistics can convey. For instance, in many refugee camps I've visited, the conditions are dire—overcrowding, limited access to clean water and healthcare, and constant threats of violence. It's not just about numbers; it's about human lives and their daily struggles.

>>Sociologist: Well, it's important to note that these social dynamics are not just about immediate survival but also long-term integration. When refugees settle in host communities, they often bring diverse skills and cultural perspectives that can enrich local society. However, this process requires significant support systems to address language barriers, trauma recovery, and employment opportunities.

>>Humanitarian Aid Worker: It's not just about survival; it's about maintaining dignity in harsh conditions. In Jordan, I saw children without education and families struggling for food—these are real people with hopes and dreams.

>>Policy Analyst: The 1951 Refugee Convention ensures refugees' rights to safety and basic services like education and healthcare, which we must uphold.

>>Humanitarian Aid Worker: We need to address this crisis's scale—over 108 million displaced globally—and focus on sustainable solutions. At the end of the day? These are human beings with dreams and aspirations. 
 >>Sociologist: So, what we see here is a complex interplay of factors driving forced displacement. Wars and persecutions are significant, but we also need to consider the social implications on both refugees and host communities. Integration challenges can be immense—language barriers, trauma, and limited social networks all play a role.

>>Climate Scientist: Yeah, um, environmental factors are increasingly becoming a primary driver of forced displacement. Rising sea levels, extreme weather events, and prolonged droughts are making certain regions uninhabitable. This isn't just about losing homes; it's about losing entire ways of life!

>>Humanitarian Aid Worker: Right, and we need to consider the on-the-ground realities that refugees face daily. It's not just about the immediate displacement but also the long-term challenges they encounter in camps and host communities. You know, I've seen firsthand how limited resources and overcrowded conditions can exacerbate trauma and hinder integration efforts.

>>Policy Analyst: International laws like the 1951 Refugee Convention require countries to protect people fleeing persecution, but many aren't doing enough. This failure leads to further displacement and suffering.

>>Sociologist: Exactly. The social implications extend far beyond the immediate crisis. We need to think about how these disruptions affect community cohesion and identity in the long run.

>>Humanitarian Aid Worker: Absolutely. The conditions in some camps are dire—I've met families who have been living there for years with no hope of returning home or integrating into new communities. It's heartbreaking to see children growing up without basic necessities like clean water or proper medical care.

>>Climate Scientist: And these environmental changes aren't going away anytime soon. We need sustainable solutions that address both immediate needs and long-term resilience for displaced populations.

>>Policy Analyst: Agreed. We should focus on practical steps forward—like improving international cooperation to ensure better resource allocation and support for host countries.

>>Sociologist: Yes, collaboration is key. By working together across disciplines, we can develop more comprehensive strategies that address both the root causes of displacement and its wide-ranging impacts. 
 >>Humanitarian Aid Worker: So, the conditions in Moria Refugee Camp are quite dire. Imagine a place designed for 3,500 people now holding over 20,000. The overcrowding leads to severe shortages of basic necessities like food and clean water. What we need to consider is how these conditions impact the mental and physical health of the refugees.

>>Psychologist: Absolutely. Beyond the physical needs, this kind of environment can cause severe psychological trauma. Constant stress and uncertainty can lead to long-term mental health issues like PTSD, anxiety, and depression. I've seen cases where children stop speaking altogether because they're so traumatized.

>>Sociologist: And socially, this overcrowding strains both the refugee community and the host society. The lack of resources leads to competition and tension among refugees, which hinders their ability to form supportive networks. This isn't just about individual suffering; it's about how these conditions disrupt entire communities.

>>Humanitarian Aid Worker: Exactly. Overcrowding not only leads to health issues but also creates a breeding ground for violence and exploitation, especially against women and children. We must remember that these are human beings with dreams and aspirations.

>>Policy Analyst: These conditions clearly break international laws set by the 1951 Refugee Convention. Host countries have legal obligations to provide adequate living conditions for refugees. We need immediate relief efforts as well as long-term policy changes to ensure compliance with international standards.

>>Sociologist: Right, from a community perspective, this overcrowding disrupts social cohesion. Competition for basic necessities can lead to conflicts and erode trust among refugees, making it difficult for them to form supportive networks.

>>Humanitarian Aid Worker: It's not just about numbers; it's a daily struggle for survival. Imagine having to wait hours just to get a small amount of food or water. These conditions are breeding grounds for diseases and further trauma.

>>Policy Analyst: From a legal standpoint, we need both immediate relief efforts and long-term policy changes to ensure compliance with international standards.

>>Psychologist: And let's not forget the emotional toll on these individuals. Constant stress can lead to severe psychological trauma including PTSD, anxiety, and depression.

>>Sociologist: Given all this information, what steps should we take next? How do we address both immediate needs and long-term solutions?

>>Humanitarian Aid Worker: We need more resources on the ground immediately—food supplies, medical aid—and better infrastructure in camps to handle such large populations.

>>Policy Analyst: Agreed. And at the same time, we should push for policy reforms that hold host countries accountable under international law while providing them support through global cooperation. 
 >>Sociologist: So, what we see here is a complex interplay of economic and political factors driving forced displacement. In social terms, the impact on communities can be profound. For instance, Germany's 'Marshall Plan with Africa' aims to address root causes by fostering economic development and stability in African nations. This kind of initiative not only helps reduce migration pressures but also strengthens community resilience.

>>Humanitarian Aid Worker: Yeah, um, the on-the-ground realities are often stark. In many refugee camps, like those in Jordan or Greece, we see overcrowding and a lack of basic necessities. These conditions exacerbate the trauma and stress that refugees already face.

>>Policy Analyst: According to international law, particularly the 1951 Refugee Convention, it is imperative that we consider the legal obligations of states in providing protection and basic rights to refugees. The fundamental issue here is that arms sales by certain countries exacerbate conflicts, leading to increased displacement. From a legal standpoint, these actions not only violate human rights but also undermine global stability.

>>Sociologist: Right, but let's not forget that while initiatives like Germany's 'Marshall Plan with Africa' are crucial in addressing root causes of forced displacement by fostering economic development and stability, there's more to it. We need to look at how arms sales fuel conflicts too.

>>Humanitarian Aid Worker: Exactly! I mean, take Yemen for example—I've seen firsthand how the influx of weapons has only fueled conflicts there. It's heartbreaking because it leads to more displacement and suffering. We really need to tackle this issue at its root.

>>Policy Analyst: Indeed! What we must understand is that the current legal frameworks governing arms sales are often inadequate when it comes to addressing humanitarian consequences. You know, stricter regulations and accountability mechanisms for arms exports are essential if we're going to make any real progress here.

>>Humanitarian Aid Worker: Well said! And it's not just about laws on paper; it's about real lives being affected every day. In places like Syria too—I've met families who have lost everything because of these conflicts fueled by external weapons supplies.

>>Sociologist: That's true. But don't you think there's also a need for more immediate support for these communities? Economic initiatives are great long-term solutions but what about now?

>>Policy Analyst: Absolutely! Immediate humanitarian aid is critical too. But without addressing the underlying issues like arms sales fueling conflict, we're just putting a band-aid on a much bigger wound.

>>Humanitarian Aid Worker: I agree with both points actually—we need both immediate relief efforts and long-term strategies working hand-in-hand if we're going to make any lasting difference. 
 >>Policy Analyst: According to international law, it's crucial that we consider the legal obligations of host countries under frameworks like the 1951 Refugee Convention. These policies are designed to ensure refugees' rights to safety and basic services, but their implementation often falls short due to various challenges.

>>Sociologist: Right, and what we see here is a complex interplay of legal frameworks and on-the-ground realities. From a community perspective, the social implications of these policies are profound. For instance, while trust funds for Africa aim to address root causes, their effectiveness often hinges on local implementation and community engagement. We need to think about the impact on society when these funds don't reach the intended beneficiaries or fail to create sustainable change.

>>Humanitarian Aid Worker: Yeah, I've seen firsthand how trust funds and other financial aids often get tangled in bureaucratic red tape and fail to reach those who need it most. I remember one case where a village was promised new water wells, but they never got built because the money disappeared somewhere along the way.

>>Sociologist: Exactly. And when that happens, it can lead to increased tension and competition for resources among refugees and residents. I've seen communities where this kind of mismanagement has caused real friction between groups.

>>Humanitarian Aid Worker: So true. The key takeaway here is that while these trust funds are well-intentioned, they often don't translate into tangible benefits on the ground. Effective implementation at the grassroots level is crucial for any policy to succeed.

>>Policy Analyst: From a legal standpoint, ensuring that these trust funds are not only allocated but also effectively monitored is fundamental. There must be strict checks and balances in place to prevent mismanagement so that the funds reach their intended beneficiaries and create sustainable change.

>>Sociologist: And from a social perspective, it's essential that we consider how these policies impact community dynamics. When trust funds don't reach local communities effectively, it can exacerbate existing tensions and create new conflicts over resources. Proper management of these funds is vital for fostering social cohesion.

>>Humanitarian Aid Worker: That's a good point you made about community engagement earlier. How do you think we can improve it?

>>Sociologist: One approach could be involving local leaders more directly in decision-making processes. They understand their communities' needs better than anyone else and can help ensure that resources are used effectively. 
 >>Climate Scientist: So, um, what we need to understand is that forecasting refugee movements due to climate change involves complex models that take into account various environmental factors like sea-level rise, extreme weather events, and prolonged droughts. These models help us predict which regions will become uninhabitable and thus trigger mass migrations. It's incredible how accurate some of these predictions can be!

>>Psychologist: Well, while these models are incredibly useful for predicting where and when mass migrations might occur, we also need to consider the emotional impact on both the refugees and the host communities. Preparing host countries involves not just logistical planning but also mental health support systems because trauma often continues as refugees try to adapt to new environments.

>>Humanitarian Aid Worker: You know, while these models and psychological preparations are crucial, I've seen firsthand how unpredictable factors like sudden violence or bureaucratic delays can disrupt even the best-laid plans. At the end of the day, it's about being adaptable and responsive to these ever-changing conditions.

>>Policy Analyst: According to international law like the 1951 Refugee Convention, we must consider not only predictive models but also our legal obligations. We have to follow these legal protections when making policies.

>>Sociologist: From a community perspective, forced displacement significantly strains both refugee and host communities' social fabric. While resource competition might create tension initially, there's also potential for positive cultural exchanges if managed properly with comprehensive social policies that foster integration.

>>Humanitarian Aid Worker: Exactly! Even with all this planning—predictive models or psychological support—there's always something unexpected on the ground that requires flexibility in our response. 
 >>Psychologist: So, when we talk about the trauma refugees face, it's not just the immediate events that cause harm. The long-term uncertainty and instability can be like a shadow that follows them everywhere. We need to consider the emotional impact of these experiences on their mental health.

>>Sociologist: Yeah, what we see is that forced displacement really affects people socially. Refugees often face huge challenges in integrating into new societies—things like language barriers, limited social networks, and the trauma they carry with them. These challenges put a lot of pressure on both refugees and their new communities.

>>Humanitarian Aid Worker: I remember this one time in a refugee camp in Jordan. There was this young girl, maybe ten years old, who had lost her entire family to the conflict. Despite her own trauma, she was always helping others. It's incredible how these children carry such heavy burdens and yet find ways to support each other. They become like the glue holding their fractured communities together.

>>Policy Analyst: Do you think there's enough focus on providing psychological support for these children? It seems crucial given what you've described.

>>Psychologist: That's a great point! Trauma stays with them even after they find safety; it's like carrying heavy emotional baggage that takes time to unpack.

>>Humanitarian Aid Worker: Absolutely. And it's not just about resilience; it's also about finding hope and normalcy in dire situations. For example, I met an elderly man in a camp in Lebanon who had lost everything but still managed to create a small garden with limited resources he found around him. These acts of resilience are what keep communities going.

>>Sociologist: Exactly! And over time, these experiences reshape their identities and communities too. I've seen neighborhoods in host countries transform as they adapt to new cultural dynamics brought by refugees. This can lead to positive cultural exchanges but also significant social strain.

>>Policy Analyst: That’s interesting—how do host communities generally respond to these changes?

>>Sociologist: It varies widely. Some embrace the diversity and benefit from it culturally and economically, while others struggle with the rapid changes and increased competition for resources.

>>Humanitarian Aid Worker: And let's not forget education and employment opportunities for refugees—they're crucial for integration but often hard to come by due to various barriers.

>>Psychologist: Right, without proper support systems in place, it’s difficult for refugees to rebuild their lives fully.

>>Policy Analyst: So it sounds like there needs to be a more holistic approach—addressing mental health, social integration, education, and employment all at once?

>>Sociologist: Definitely! A comprehensive strategy is essential for helping refugees truly integrate and thrive. 
 >>Humanitarian Aid Worker: So, you know, I was thinking about how we all have our little quirks. Like, I can't start my day without a cup of coffee. It's like my brain just won't function until I've had that first sip.

>>Sociologist: Oh, totally! For me, it's reading a chapter from a book every morning. It's like my brain needs that little escape before diving into the day's work.

>>Policy Analyst: You know, I have this quirky habit of organizing my bookshelf by the color of the book spines. It looks like an art piece in my living room!

>>Climate Scientist: That's hilarious! I actually do something similar with my wardrobe. Everything is color-coded; it makes getting dressed so much easier.

>>Psychologist: Well, um, speaking of habits, I can't start my day without some meditation. It really helps me center myself before dealing with everything else.

>>Humanitarian Aid Worker: Yeah, and for me, checking the news is like a ritual. As someone who's always on the ground, it's practically in my DNA to be obsessed with current events.

>>Sociologist: It's funny how these little things we do every day really shape our routines, don't you think? Like for me, I need a quick jog around the block to kickstart everything.

>>Climate Scientist: You know what's funny? My dog has picked up on that routine too. If I'm even a minute late for our morning walk, he starts whining!

>>Policy Analyst: Haha! Pets are great at keeping us on schedule. My cat insists on being fed at exactly 6 AM every day—no exceptions!

>>Psychologist: Oh wow! Animals really do keep us grounded in their own way. It's amazing how they become such an integral part of our lives.

>>Humanitarian Aid Worker: Speaking of routines and work-life balance... How do you guys manage to stay focused with all that's going on in your fields?

>>Sociologist: Good question! For me, it's about setting clear boundaries between work and personal time. Otherwise, I'd get lost in research papers all day long.

>>Climate Scientist: Same here. Especially when analyzing complex data sets or working on climate models—it can be overwhelming without taking breaks.

>>Policy Analyst: Absolutely! And sometimes those breaks involve reorganizing my bookshelf again—it's oddly therapeutic!

>>Psychologist: Haha! We all have our ways to cope. For me, it's important to practice what I preach—self-care and mindfulness go a long way. 
 >>Humanitarian Aid Worker: Well, it's been a comprehensive discussion. The key takeaway here is that our efforts must be holistic, addressing both immediate needs and long-term integration. We must remember that these are individuals with dreams and aspirations, not just statistics.

>>Policy Analyst: Absolutely. Legally speaking, we need to consider our international obligations under the 1951 Refugee Convention, which outlines refugee rights. Host countries have to ensure refugees' safety and access to basic services. These commitments are binding.

>>Sociologist: I agree with what the Policy Analyst mentioned about legal obligations. From a community perspective, the social implications of forced displacement are profound. We're looking at not just immediate survival challenges but also long-term integration issues affecting both refugees and host communities.

>>Climate Scientist: And let's not forget the environmental factors driving displacement in the first place. Climate change is increasingly becoming a major factor in forced migration. We need to address this root cause while also supporting those already displaced.

>>Psychologist: Right, um, from a mental health perspective, it's crucial to provide psychological support alongside physical aid. Trauma can have lasting effects on individuals and communities if not addressed properly.

>>Humanitarian Aid Worker: So reflecting on our discussions, it's clear that the refugee crisis is multifaceted. What we need to consider is how these on-the-ground realities shape our approach to providing aid. At the end of the day, it's about human dignity and resilience.

>>Policy Analyst: Building on that point about human dignity, it’s heartbreaking to see how many people are affected by this crisis. We really need to ensure we're doing everything we can within our legal frameworks to help them.

>>Sociologist: Exactly! And understanding social dynamics is key here. If we can foster successful integration for both refugees and host communities, it will strengthen societal cohesion and resilience overall.

>>Climate Scientist: Yeah! Addressing climate change as a root cause will help mitigate future displacement crises while supporting current refugees more effectively.

>>Psychologist: Absolutely! Providing comprehensive support including mental health services ensures we address all aspects of well-being for displaced individuals.

>>Humanitarian Aid Worker: It sounds like we're all on the same page about taking a holistic approach—legal support, social integration, environmental action, and mental health care are all crucial pieces of the puzzle.","During our casual catch-up, we delved into the complexities and scale of the global refugee crisis. We discussed how a refugee crisis involves large groups of forcibly displaced individuals, including refugees, asylum seekers, and internally displaced persons. By the end of 2022, conflicts and human rights violations had forced 108.4 million people to flee their homes globally, with 35.3 million being refugees.

The United Nations High Commissioner for Refugees (UNHCR) plays a crucial role in managing these crises, overseeing millions of refugees worldwide. Notably, low to middle-income countries host 76% of these refugees, with Türkiye accommodating the largest number at nearly 3.6 million.

We highlighted that wars and persecutions are primary drivers behind these displacements. For instance, Syria has produced 6.5 million refugees due to its ongoing conflict. Additionally, environmental factors like climate change also contribute significantly to displacement.

The meeting touched on specific cases such as the Moria Refugee Camp in Greece, which is severely overcrowded and unsafe for women and children. The camp's conditions have led to protests and riots among its inhabitants.

We also examined how some entities profit from the refugee crisis through arms sales that fuel conflicts leading to displacement. This was particularly noted in Europe’s context where arms trade exacerbates migration issues.

Efforts by various organizations aim to address root causes of migration by promoting political stability and economic development in affected regions. For example, Germany's ""Marshall Plan with Africa"" seeks to reduce migration by fostering local economic growth.

In terms of policy responses, we discussed how different countries manage refugee inflows differently based on their capacities and political climates. The European Union has implemented several measures like trust funds for Africa and agreements with Turkey to manage migrant flows.

Lastly, we acknowledged that forecasting refugee trends is essential for effective policy-making and humanitarian efforts. Accurate predictions can help allocate resources better and prepare host countries for incoming populations.

In conclusion, while significant efforts are underway globally to manage the refugee crisis effectively, addressing its root causes remains critical for long-term solutions."
"In the meeting, participants discussed how blockchain technology can drive economic growth and innovation, focusing on its applications in supply chain management, cross-border payments, healthcare, and digital identity management. They highlighted the benefits of blockchain's transparency and traceability in reducing fraud and errors, which can lead to significant cost savings and efficiency improvements.

The conversation also covered the trade-offs between public and private blockchains, with consortium blockchains being a potential middle ground. Regulatory compliance was a major concern, particularly regarding data privacy laws like GDPR. The need for integrating privacy-preserving technologies such as zero-knowledge proofs was emphasized to ensure compliance while maintaining innovation.

Scalability issues were addressed with solutions like proof-of-stake mechanisms, layer 2 solutions (e.g., Lightning Network), and sharding. The importance of balancing initial implementation costs with long-term benefits was noted, especially for smaller entities. Financial incentives or phased adoption strategies were suggested to support these entities.

The meeting concluded with an agreement to set up a team to explore scalable solutions that are both economically viable and compliant with regulations, along with regular check-ins to monitor progress.",">>Blockchain Developer: Good morning, everyone! Let's quickly check in—how's everyone doing?

>>Economist: Morning! I'm good, thanks. Today, we'll focus on how blockchain can drive economic growth and innovation.

>>Legal Expert: Morning! Doing well here too. We should also discuss regulatory aspects to avoid legal issues with blockchain.

>>Blockchain Developer: Absolutely. We'll look at some case studies where compliance was key.

>>Economist: Speaking of economic implications, has anyone looked into how blockchain is being used in supply chain management?

>>Legal Expert: Yes, exactly. Those case studies will help us understand practical applications of these regulations better. 
 >>Blockchain Developer: Hey everyone, hope you're all doing well. So, let's dive into blockchain technology. Basically, it's a decentralized digital ledger that records transactions across many computers so they can't be altered later on. Each block has a unique hash from the previous block, a timestamp, and transaction data—this keeps everything secure and transparent.

>>Economist: Hi there! That decentralization can really cut down transaction costs and boost efficiency. But how exactly do these hashes ensure data integrity?

>>Blockchain Developer: Think of cryptographic hashes as digital fingerprints for each block—they change if any data is tampered with, making it obvious if something's been altered.

>>Economist: Ah, I see! That's crucial for trust in financial transactions. But what about different types of blockchains? Public ones are open but might struggle with scalability; private ones offer control but could limit access.

>>Blockchain Developer: Exactly! Public blockchains are transparent but every node processes each transaction which can slow things down. Private ones are faster but not as inclusive.

>>Economist: Right, balancing those trade-offs is key for economic impact—public ones might cost more due to scalability issues while private ones could exclude some participants.

>>Blockchain Developer: True! And then there are consortium blockchains—a middle ground where multiple organizations collaborate while keeping some control and privacy.

>>Economist: Consortiums sound promising—they share benefits and cut costs but we need to watch how they affect competition and innovation in the market.

>>Blockchain Developer: Absolutely! They mix public transparency with private control which is great for industries needing both collaboration and confidentiality. 
 >>Economist: Blockchain in cross-border payments can really cut down on transaction costs and time. But we need to look at how this efficiency translates into broader economic benefits, like boosting trade volumes and improving liquidity.

>>Legal Expert: Absolutely, but we also have to make sure these transactions comply with international financial regulations. Adhering to anti-money laundering (AML) and know your customer (KYC) requirements is crucial.

>>Blockchain Developer: Right, and when it comes to supply chain management, blockchain's traceability is a game-changer. Imagine being able to track every component of a product from start to finish! This transparency can reduce fraud and errors significantly. And in healthcare, securing patient records with blockchain ensures data integrity while maintaining privacy compliance.

>>Economist: That's a good point about traceability reducing costs associated with fraud and inefficiencies. If we can reinvest those savings into further economic growth and innovation, the potential benefits are huge.

>>Legal Expert: I agree. But let's not forget about data sovereignty laws in healthcare. For example, patient records on a blockchain must comply with GDPR in Europe, which means personal data can't be transferred outside the EU without proper safeguards.

>>Blockchain Developer: Exactly. So it's not just about making records tamper-proof; it's also about ensuring they're accessible only to authorized personnel, which reduces the risk of data breaches.

>>Economist: And those cost savings from reduced administrative overheads and fewer errors could be reinvested into improving healthcare services. How do you think that would play out?

>>Legal Expert: Well, if hospitals save money on admin tasks thanks to blockchain, they could potentially invest more in patient care or new medical technologies.

>>Blockchain Developer: Speaking of practical examples, there's a case where a major retailer used blockchain for tracking produce from farm to table. It drastically cut down the time needed for tracing foodborne illness sources from weeks to mere seconds.

>>Economist: That's impressive! And it shows how these efficiencies can ripple through the economy by reducing waste and improving safety standards.

>>Legal Expert: Yes, but we should also consider how these technologies impact day-to-day operations. For instance, companies might need to train their staff on new systems or update their compliance protocols regularly.

>>Blockchain Developer: True. It's all about balancing innovation with practicality. 
 Economist: Well, we need to understand that scalability remains a significant hurdle. As the ledger grows, so do the computational and storage requirements, which can be economically burdensome for smaller entities.

Legal Expert: You know, from a regulatory perspective, it's really tricky because there aren't clear guidelines across different jurisdictions. This creates significant uncertainty for businesses looking to adopt blockchain technology. It can lead to compliance challenges and potential legal risks, deterring investment and innovation in this space.

Blockchain Developer: Yeah, exactly! And don't forget about data privacy concerns with regulations like GDPR. Blockchain's immutable nature can conflict with these laws since individuals have the right to be forgotten. We need to ensure any implementation complies with these data protection laws to avoid severe penalties.

Economist: That's a great point about data privacy. Have you seen any promising solutions that address both scalability and compliance?

Blockchain Developer: High energy consumption is indeed an issue. We should look into alternatives like proof-of-stake or delegated proof-of-stake to address this. Also, let's not forget about layer 2 solutions like Lightning Network or sidechains for scalability. These can significantly reduce the load on the main blockchain by handling transactions off-chain and then settling them in batches.

Legal Expert: Actually, creating a standardized framework for blockchain compliance could help businesses navigate the legal landscape more effectively and foster innovation. Isn't that a step towards reducing compliance challenges?

Economist: Implementing these solutions could reduce operational costs significantly. For instance, Ethereum's transition to proof-of-stake has shown promising results in reducing energy consumption. Moreover, international regulatory cooperation can streamline compliance processes.

Blockchain Developer: Yes, actually! Some networks have reported significant reductions in energy use with proof-of-stake implementations. It's definitely a step towards more sustainable blockchain solutions. 
 >>Blockchain Developer: So, considering the scalability and compliance challenges we've discussed, sharding could be a game-changer. By splitting the blockchain into smaller pieces called 'shards,' we can process transactions in parallel, significantly improving throughput. And when combined with proof-of-stake mechanisms, it could address both performance and energy concerns effectively.

>>Legal Expert: That's true. However, we need to be mindful of regulatory challenges. For instance, sharding might complicate compliance with data protection laws like GDPR since data may be stored across multiple jurisdictions. We should ensure robust compliance frameworks are in place.

>>Blockchain Developer: Absolutely. We also need to tackle technical complexities like ensuring shard synchronization and security through cross-shard communication protocols. For proof-of-stake mechanisms, exploring decentralized governance models could help prevent centralization among stakeholders.

>>Economist: Good point! Economically speaking, while these solutions can reduce operational costs and energy consumption, smaller entities might struggle with initial implementation costs. We need strategies to ensure these technologies don't create new barriers but rather democratize access to blockchain technology.

>>Legal Expert: Exactly! Ensuring compliance across different jurisdictions will be key here...

By incorporating these changes, the dialogue would flow more naturally and reflect a realistic meeting scenario better. 
 >>Blockchain Developer: So, considering the importance of compliance and scalability, I think we should explore blockchain use cases that can provide immediate value to our organization. For instance, implementing a blockchain-based supply chain management system could enhance transparency and traceability. This would not only streamline operations but also ensure data integrity across all stages.

>>Economist: Absolutely! From an economic perspective, implementing a blockchain-based supply chain management system could significantly reduce operational costs and enhance efficiency. The transparency and traceability provided by blockchain can lead to substantial cost savings by minimizing fraud and errors.

>>Legal Expert: That sounds promising, but we need to be mindful of the regulatory implications. Any data stored on the blockchain must comply with relevant data protection laws like GDPR. Immutable records can pose challenges in terms of data erasure and modification rights.

>>Blockchain Developer: Good point. We definitely need to consider those aspects. Another area worth exploring is digital identity management using blockchain technology. It could help us secure identities for both employees and clients, making authentication processes smoother.

>>Economist: How exactly would that work? Are there any examples of companies successfully using blockchain for identity management?

>>Blockchain Developer: Sure! For example, some banks are already using it to verify customer identities more securely during transactions. It reduces the risk of identity theft because the information is decentralized and harder to tamper with.

>>Legal Expert: While that's interesting, remember what I mentioned earlier about compliance with data protection laws. We'll need to ensure any implementation adheres to regulations like GDPR.

>>Blockchain Developer: Right, absolutely. Um... another potential use case is secure document management with blockchain. We could make sure all documents are tamper-proof and easily verifiable—think contracts or legal agreements.

>>Economist: That could save us a lot of headaches with document verification processes!

>>Legal Expert: Yes, but again, we have to be cautious about compliance issues as I mentioned before. The immutable nature of blockchain complicates things like data erasure requests under GDPR.

>>Blockchain Developer: Understood. Considering these points, maybe we should also look into automating compliance processes with smart contracts on the blockchain?

>>Economist: Automating compliance sounds efficient! But how do we ensure these smart contracts are legally enforceable?

>>Legal Expert: That's a good question. Legal recognition of smart contracts varies across jurisdictions; they need to comply with existing contract laws and regulations.

>>Blockchain Developer: Got it. So yeah... um... another interesting application might be secure voting systems using blockchain technology. Votes would be tamper-proof and verifiable, which could increase trust among stakeholders.

>>Economist: That’s intriguing! But wouldn't it require significant changes in our current voting infrastructure?

>>Legal Expert: Definitely something we'd need to consider carefully—both from a technical standpoint and a legal one. 
 >>Blockchain Developer: So, um, speaking of technical standpoints, I remember a project where we implemented blockchain for supply chain management. The transparency it brought was amazing! We could track every single item from production to delivery.

>>Economist: Indeed! That level of transparency can significantly reduce costs associated with fraud and errors. How did you handle any challenges during implementation?

>>Blockchain Developer: We faced some initial resistance from stakeholders unfamiliar with blockchain technology. However, once they saw the benefits in real-time tracking and reduced fraud, they were on board. It was quite a journey convincing everyone.

>>Economist: You know, using blockchain in supply chains can really cut down on costs from fraud and mistakes. Companies can save a lot of money this way. But do you think there are any downsides or challenges we should be aware of?

>>Blockchain Developer: Good point. One challenge is the initial cost and complexity of setting up the system. Plus, there's always the need for ongoing maintenance and updates to keep everything secure.

>>Economist: That's true. And considering recent advancements in digital identity management, it's crucial to note the economic impact as well. Implementing blockchain for secure identity verification can reduce costs associated with fraud and administrative overheads by up to 30%. This enhances security while freeing up resources for other critical areas.

>>Blockchain Developer: Absolutely. Speaking of security, I recall another project where we used blockchain for digital identity management. The security it provided was unparalleled! Every identity was verified and tamper-proof, which significantly reduced the risk of identity theft.

>>Economist: Interesting! But what about user adoption? Did people find it easy to use?

>>Blockchain Developer: Initially, there were some usability issues since not everyone is tech-savvy. We had to invest in user training and support to ensure smooth adoption.

>>Economist: Makes sense. Actually, I read that companies adopting secure document verification using blockchain have seen administrative cost reductions by up to 25%, enhancing operational efficiency.

>>Blockchain Developer: Yeah, that's right! I remember one time we tracked a shipment of medical supplies using blockchain during an emergency situation. It was incredible how we could see every step in real-time; it made a huge difference in ensuring timely delivery.

>>Economist: Wow, that's impressive! It's clear that blockchain has so many applications beyond just finance or supply chains.

>>Blockchain Developer: Exactly! And speaking of intellectual property management with blockchain... We ensured every piece of intellectual property was registered and verifiable in real-time, drastically reducing infringement risks.

>>Economist: That's fascinating but also raises questions about data privacy and ownership rights within such transparent systems.

>>Blockchain Developer: Definitely something worth discussing further. 
 >>Economist: You know, it's fascinating how blockchain can revolutionize so many sectors. But have you ever thought about how it could impact something as mundane as our daily coffee purchases? Imagine tracking the entire supply chain of your morning coffee from bean to cup!

>>Blockchain Developer: Oh, totally! Picture this: you scan a QR code on your coffee cup, and it shows you the entire journey of those beans! From the farm where they were grown, through the roasting process, all the way to your local café. Isn't that amazing?

>>Economist: Yeah, that would be pretty cool. The transparency blockchain offers could really change our daily transactions. Knowing the exact origin of every ingredient in your coffee ensures fair trade practices and quality control.

>>Legal Expert: Hold on a second. While tracking your coffee's journey through blockchain is intriguing, we must consider regulatory implications. For instance, data privacy laws like GDPR could pose significant challenges in ensuring that all personal data collected during this process is handled according to the law.

>>Blockchain Developer: Absolutely! And think about extending this beyond just coffee. Imagine applying it to other everyday products like clothing or electronics. We could ensure ethical sourcing and manufacturing practices across the board.

>>Economist: From an economic perspective, transparency provided by blockchain in tracking products like coffee or clothing can significantly enhance consumer trust. This could lead to increased demand for ethically sourced goods.

>>Legal Expert: True, but let's not forget smaller producers who may struggle with the initial costs of implementing such technology.

>>Blockchain Developer: Good point! Speaking of which, have you ever thought about how this technology could be used in the music industry? Imagine tracking every single play of a song to ensure artists get their fair share of royalties.

>>Economist: That's an interesting idea! Ensuring artists get their fair share would certainly shake up the industry.

>>Legal Expert: To be clear, while these applications are exciting, each industry will face unique regulatory challenges that must be addressed carefully. 
 >>Blockchain Developer: One of the key issues we face during blockchain project implementation is aligning technical feasibility with regulatory compliance. It's interesting how these two aspects can sometimes be at odds. For example, while our tech team might push for innovative solutions like decentralized identity management, the legal department might raise concerns about data privacy laws like GDPR. We need to find a balance that satisfies both sides without compromising on innovation or compliance.

>>Legal Expert: Legally speaking, the challenge here is ensuring that any innovative solutions we implement do not violate existing data privacy regulations. For instance, decentralized identity management must comply with GDPR's stringent requirements on data processing and storage. We need to ensure our technical advancements are designed with these legal constraints in mind from the start.

>>Blockchain Developer: Basically, we need to integrate privacy-preserving technologies like zero-knowledge proofs or homomorphic encryption into our systems. These technologies can help us comply with GDPR by keeping sensitive data private while still allowing for verification and validation processes. It's amazing how advanced cryptographic techniques can solve these regulatory challenges.

>>Economist: In economic terms, integrating privacy-preserving technologies like zero-knowledge proofs can indeed help us comply with GDPR while fostering innovation. However, it's crucial to consider the cost implications of these advanced cryptographic techniques. Smaller entities might find it challenging to bear these costs initially, which could hinder widespread adoption.

>>Blockchain Developer: As for costs—

>>Legal Expert (interrupting): Sorry to jump in—how exactly do zero-knowledge proofs work here? Just want to ensure we're all clear.

>>Blockchain Developer: Sure! They let you prove something is true without revealing any details—like proving you know a password without actually showing it.

>>Legal Expert: Got it, thanks!

>>Blockchain Developer: No problem! So as I was saying, we should explore scalable solutions that are both economically viable and technically robust. For instance, implementing layer 2 solutions like state channels or sidechains can significantly reduce costs while maintaining compliance with GDPR. It's fascinating how these technologies offer a middle ground.

>>(Phone rings briefly in background)

>>Economist: Sorry about that.

>>(Everyone pauses momentarily)

>>(Phone stops ringing)

>>Economist (resuming): Where was I? Right... While exploring scalable solutions like state channels or sidechains, it's essential to consider the economic impact on smaller entities. These solutions can reduce costs but initial implementation might still be a barrier for some. Perhaps we could look into phased adoption strategies or financial incentives to support these entities.

>>(Someone coughs lightly)

>>(Brief pause)

>>(Economist looks around) 

>>Economist (continuing): Right, so as I was saying... consortium blockchains can indeed provide a more accessible solution. However, it's essential to consider the initial setup costs and ongoing maintenance expenses. Perhaps we could explore financial incentives or phased adoption strategies to support smaller players.

>>Blockchain Developer: Considering those initial setup costs and ongoing maintenance expenses—we should also explore hybrid blockchain solutions. These combine the benefits of both public and private blockchains, offering flexibility and cost-efficiency. It's fascinating how we can tailor these solutions to meet diverse needs while maintaining compliance. 
 >>Economist: So, we need to understand that while hybrid blockchain solutions offer a promising balance, the economic impact on smaller entities must be carefully considered. Initial costs can be prohibitive, but long-term savings could justify the investment. Let's look at the data and think about financial incentives or phased adoption strategies to help with these barriers.

>>Legal Expert: That's true. We also need to make sure any financial incentives or phased strategies comply with regulations like GDPR and AML so we don't create compliance risks for smaller entities. How do we plan to handle these regulatory challenges?

>>Blockchain Developer: Good point! We should definitely consider both economic viability and regulatory compliance. How about we set up a team to explore these strategies further? And let's have regular check-ins to monitor progress and tackle any new issues.

>>Economist: Agreed! Setting up this team will help us manage initial costs for smaller entities while staying compliant.

*Phone rings loudly in the background*

>>Legal Expert: Oh sorry about that! *quickly silences phone* As I was saying...

>>Economist: No problem at all! Regular check-ins sound good too so we can stay on top of things.","In today's cross-functional meeting, we discussed the concept and applications of blockchain technology. Blockchain is a decentralized digital ledger that records transactions across multiple computers in such a way that the registered transactions cannot be altered retroactively. This ensures transparency and security, making it highly reliable for various uses.

We began by exploring the fundamental structure of blockchain, which consists of blocks containing transaction data. Each block is linked to the previous one through cryptographic hashes, forming a chain. This design prevents any single point of failure and makes it resistant to tampering.

The discussion then moved on to the different types of blockchains: public, private, and consortium. Public blockchains are open to anyone and are typically used for cryptocurrencies like Bitcoin and Ethereum. Private blockchains are restricted to specific users within an organization, providing more control over access and modifications. Consortium blockchains are semi-decentralized, managed by a group rather than a single entity.

We also examined the potential applications of blockchain beyond cryptocurrencies. In finance, blockchain can streamline processes such as cross-border payments and trade settlements by reducing intermediaries and increasing transaction speed. In supply chain management, it enhances traceability and accountability from production to delivery. Additionally, in healthcare, blockchain can secure patient records while ensuring privacy compliance.

The team acknowledged some challenges associated with blockchain adoption. These include scalability issues due to the size of the ledger growing over time, high energy consumption particularly in proof-of-work systems like Bitcoin's mining process, regulatory uncertainties across different jurisdictions, and concerns about data privacy.

In conclusion, while blockchain presents significant opportunities for innovation across various sectors due to its security features and decentralization benefits, careful consideration must be given to its limitations and implementation challenges. The next steps involve further research into scalable solutions such as proof-of-stake mechanisms or sharding techniques to address performance bottlenecks.

Action items include setting up a task force to explore specific use cases relevant to our organization’s needs and conducting pilot projects to assess feasibility before full-scale deployment."
"In the meeting, the team discussed integrating AI systems with mechanical structures to predict and mitigate potential failures in real-time. The Mechanical Engineer emphasized the importance of robust structural design and material selection, such as using carbon fiber and titanium alloys for durability without adding excessive weight. The Artificial Intelligence Specialist highlighted optimizing AI algorithms for better performance and adaptability, including predictive maintenance and real-time adjustments using machine learning techniques. The Automation Engineer stressed the need for robust communication protocols between components to handle real-time data efficiently.

They reviewed last week's test results to identify integration issues early on. They also discussed various types of end-effectors like suction devices, magnetic grippers, soft grippers, and vacuum grippers, focusing on their structural design and algorithmic optimization for different applications.

The conversation touched on user experience improvements through intuitive interfaces and efficient speech recognition algorithms. They acknowledged the impact of robotics on job creation, emphasizing modular designs for easier maintenance and upgrades.

Finally, they agreed on assigning specific responsibilities based on expertise, setting deadlines, and having regular check-ins to stay aligned. The meeting concluded with a light-hearted discussion about trying a new coffee place nearby.",">>Mechanical Engineer: Good morning, everyone! How's it going today?

>>Artificial Intelligence Specialist: Hey! I'm doing great, thanks. Before we get started, let's review our goals for today. We need to ensure our AI systems are efficient and seamlessly integrated with our mechanical structures to predict and mitigate potential failures in real-time.

>>Automation Engineer: Morning! I'm good too. From an automation perspective, robust communication protocols between mechanical structures and AI algorithms are crucial for handling real-time data effectively.

>>Mechanical Engineer: Agreed. Our focus should be on ensuring that our robots' structural design integrates smoothly with AI systems to enhance durability and performance while mitigating potential failures. How about we start by reviewing last week's test results?

>>Artificial Intelligence Specialist: Right! Optimizing our AI algorithms will improve performance and adaptability under various operational stresses. For instance, we could look at how the new algorithm performed with the latest robot prototype.

>>Automation Engineer: Absolutely. And let's discuss how we can solidify these communication protocols so everything works together seamlessly. Maybe we can assign someone to develop a more robust protocol based on the test outcomes.

>>Mechanical Engineer: Definitely. Reviewing those results will help us pinpoint any integration issues early on. Let's dive into the specifics and see where improvements can be made. 
 Artificial Intelligence Specialist: So, when we talk about robotics, it's fascinating to see how AI algorithms can enhance efficiency in various applications. For instance, in search and rescue missions, optimizing pathfinding algorithms can significantly reduce the time it takes for robots to locate survivors. I remember a project where we managed to cut down the search time by half!

Automation Engineer: Yeah, integrating these AI algorithms into our automated systems is crucial. But we need to ensure that the communication protocols between different robotic components are robust enough to handle real-time data efficiently. This is where most failures occur from an automation perspective.

Mechanical Engineer: I see what you mean. From a mechanical standpoint, making sure robots can handle tough environments is really important. We need strong materials and smart designs so they don't break down easily. I've worked on a project where using carbon fiber made a huge difference in durability.

Artificial Intelligence Specialist: Exactly! And speaking of adaptability, machine learning techniques can help robots adjust their performance on the fly. In space exploration, for example, conditions are unpredictable, so having an adaptable system is key. I once saw a robot adapt its movement pattern after encountering unexpected terrain—it was amazing!

Mechanical Engineer: Considering space exploration, we also have to think about energy efficiency and mobility mechanisms. It's not just about withstanding radiation and temperature changes; it's also about ensuring the robot can move effectively without wasting power.

Artificial Intelligence Specialist: Right! And looking at industrial automation, leveraging predictive maintenance algorithms allows us to foresee potential failures and address them before they occur. This not only enhances efficiency but also reduces downtime significantly.

Automation Engineer: That's true, but I've noticed that sometimes these predictive models aren't as accurate as we'd like them to be. We need more reliable data inputs to make better predictions.

Mechanical Engineer: For industrial automation, ensuring that robots are durable yet adaptable to various tasks is key. Incorporating modular components that can be easily replaced or upgraded will significantly enhance the robot's lifespan and efficiency.

Artificial Intelligence Specialist: Absolutely! And speaking of modularity, I’ve seen how using interchangeable parts in one of our factory projects reduced maintenance time by 30%. It’s those little tweaks that make a big difference. 
 >>Mechanical Engineer: So, when we talk about structural design in robotics, it's crucial to consider the balance between strength and weight. For instance, using materials like titanium alloys can provide the necessary durability without adding excessive weight. This is particularly important for robots designed for space exploration or search and rescue missions.

>>Artificial Intelligence Specialist: Yeah, using titanium alloys is great because they're strong but not too heavy, which is perfect for space robots. From an AI perspective, optimizing our algorithms can really boost the efficiency of these structures. Like, if we refine our pathfinding algorithms, we could cut down on energy use and reduce wear on those materials.

>>Mechanical Engineer: That's interesting! How do you think we could integrate those predictions into our current system? I remember when we first tried using series elastic actuators in our lab; it was amazing how much smoother everything ran. By introducing intentional elasticity between the motor actuator and the load, we improve force control and reduce wear on mechanical components.

>>Artificial Intelligence Specialist: Have you thought about how machine learning algorithms can predict wear and tear on these series elastic actuators? By analyzing real-time data, we could foresee failures before they happen. It would be a game-changer for efficiency and safety.

>>Mechanical Engineer: Integrating machine learning to predict wear sounds promising. We could enhance this further by incorporating real-time feedback loops that adjust performance based on predicted data. But have we considered how complex it might be to implement?

>>Artificial Intelligence Specialist: And what about using reinforcement learning to optimize control strategies for these actuators? It learns continuously from real-time data which could make our robots more adaptable in dynamic environments.

>>Mechanical Engineer: I'm not sure if reinforcement learning is the best approach here; maybe supervised learning methods might be simpler to start with. Also, exploring advanced materials like carbon nanotubes could significantly enhance our robots' durability due to their exceptional strength-to-weight ratios.

>>Artificial Intelligence Specialist: Absolutely! But have we thought about the cost implications for large-scale production? If AI can analyze stress and strain data in real-time through machine learning algorithms, it might help justify the investment by enhancing structural integrity even further.

>>Mechanical Engineer: Definitely! Also worth considering are piezo motors for precise actuation. These motors offer nanometer resolution which can significantly boost our robots' performance in delicate tasks. But again, practicality matters – are they reliable enough under different conditions? 
 Automation Engineer: Well, speaking of practicality, we can't overlook the importance of reliable power sources. Batteries are still the go-to for most robots, but we need to consider their weight and cycle lifetime. Lead-acid batteries are common, but they're heavy. Silver-cadmium batteries are lighter but more expensive.

Artificial Intelligence Specialist: Right, and when it comes to actuators, electric motors are essential for robotic movements. They convert electrical energy into mechanical motion, which is crucial for precise control. But from an algorithmic perspective, optimizing the control algorithms can significantly enhance their efficiency and responsiveness.

Mechanical Engineer: Um, considering the structural design of robots, it's crucial to account for the dynamic loads imposed by actuators. We need to ensure that the physical structure can handle these stresses without compromising durability or performance. For instance, using materials like titanium alloys can provide the necessary strength while keeping weight manageable.

Automation Engineer: I see what you mean about balancing weight and strength. And let's not forget about recent advancements like series elastic actuation. It offers improved force control and reduces mechanical wear on components.

Artificial Intelligence Specialist: Yeah! Series elastic actuation is pretty exciting because it allows for better compliance and shock absorption during movement. From an AI standpoint, this means we can develop more sophisticated algorithms to take advantage of these capabilities.

Mechanical Engineer: Integrating such advanced technologies requires careful consideration of both structural integrity and material selection. Ensuring that our designs can accommodate these new actuators without sacrificing reliability is key.

Automation Engineer: Speaking of power sources again—what about exploring newer battery technologies? Lithium-ion batteries offer a good balance between weight and capacity but come with their own set of challenges regarding safety and longevity.

Artificial Intelligence Specialist: True! And if we optimize our power management algorithms effectively, we could extend battery life significantly while maintaining performance levels.

Mechanical Engineer: That's a good point. Efficient power management combined with robust structural design will be critical in achieving optimal performance for our robots in various applications. 
 Artificial Intelligence Specialist: So, when we talk about sensors, it's fascinating how they enable robots to interact with their environment. I mean, tactile sensor arrays can mimic human touch, which is incredible! From an algorithmic perspective, fine-tuning the data processing from these sensors can really boost a robot's responsiveness and adaptability.

Mechanical Engineer: Yeah, integrating those tactile sensor arrays into robotic structures is no walk in the park. The design has to make sure these sensors are protected but also positioned just right to gather accurate data. If we mess that up, the robot's interaction with its environment goes down the drain.

Automation Engineer: Totally! And lidar and radar sensors bring their own set of headaches. Getting them to work seamlessly with other components requires precise calibration. It's like putting together a jigsaw puzzle; everything has to fit perfectly for it to work well.

Artificial Intelligence Specialist: Exactly! We really need to fine-tune how we handle lidar and radar data. It can be super dense, so making sense of it efficiently is key. It's like trying to find a needle in a haystack but with the right approach, we can make it much faster and more accurate.

Mechanical Engineer: Right. And besides protection and positioning, there's also weight distribution to think about when integrating these sensors. If they're not balanced properly, it could affect the robot's performance.

Automation Engineer: Absolutely! I've seen cases where poor integration led to significant performance drops. For instance, if sonar sensors aren't properly aligned or calibrated, you get noisy data that's hard to interpret accurately.

Artificial Intelligence Specialist: Oh yeah! Optimizing algorithms for sonar data processing is like fine-tuning a high-performance engine. Sonar data can be quite noisy—it's like trying to make sense of a chaotic symphony—but once you fine-tune the algorithms, the clarity in underwater navigation is just incredible!

Mechanical Engineer: Well said! And don't forget about tactile sensor arrays; their integration into robotic limbs requires precision in both placement and protection against external forces.

Automation Engineer: Definitely! And let's not overlook radar systems—they need clear lines of sight without interference from other components or materials within the robot's structure.

Artificial Intelligence Specialist: Yeah, it's all interconnected. Each type of sensor brings unique challenges but also amazing potential when integrated effectively. Have you guys encountered any specific issues recently?

Mechanical Engineer: Actually yes—we had an issue where improper shielding caused electromagnetic interference with our radar sensors. It took some redesigning to fix it but now they're working flawlessly.

Automation Engineer: I remember a project where our sonar sensors were giving us false readings because they were misaligned during installation. We ended up developing a new calibration protocol that solved the problem. 
 >>Mechanical Engineer: So, speaking of end-effectors, it's crucial to consider the structural design for different types. For instance, suction devices are often overlooked but they play a significant role in industries like electronics and automotive manufacturing. Their design must ensure a strong seal and durability under repetitive use.

>>Artificial Intelligence Specialist: Absolutely, and I remember a case where we used AI to optimize suction devices for an electronics manufacturer. The machine learning model predicted the best suction force for different components on the assembly line, which significantly reduced damage rates.

>>Automation Engineer: That's interesting! And when it comes to integrating these into automated systems, we need to make sure that the control algorithms are precise enough to handle those variations in texture and surface. I've seen cases where slight miscalculations led to major disruptions.

>>Mechanical Engineer: Right. Another interesting type of end-effector is the magnetic gripper. These are particularly useful in industries dealing with ferromagnetic materials, like steel manufacturing. The structural design must ensure that the magnetic field is strong enough to hold heavy objects securely while allowing for quick release when needed.

>>Artificial Intelligence Specialist: Speaking of magnetic grippers, I recall a project where we trained an AI model to adjust the magnetic strength dynamically based on the weight and shape of steel parts. It was fascinating how quickly it adapted during real-time operations.

>>Automation Engineer: That sounds impressive! But integrating such dynamic adjustments into existing workflows can be tricky. We had a situation where introducing new tech caused temporary slowdowns because operators weren't familiar with the system's nuances.

>>Mechanical Engineer: Definitely something to keep in mind. Let's not forget about the versatility of soft grippers. These end-effectors are particularly useful in handling delicate items like fruits and vegetables in the food industry. Their design must ensure flexibility and adaptability to various shapes while maintaining a gentle touch to avoid damage.

>>Artificial Intelligence Specialist: I agree with you there. In fact, we've been working on an AI-driven soft gripper system for a fruit packaging company. The system learns from each grip and adjusts pressure accordingly, ensuring even fragile berries aren't bruised.

>>Automation Engineer: And from an automation standpoint, ensuring that these adjustments happen seamlessly during operation is key. We've had success using feedback loops that constantly monitor grip pressure and make real-time corrections.

>>Mechanical Engineer: Exactly. Another type of end-effector worth mentioning is the vacuum gripper. These are particularly effective in handling objects with smooth surfaces, like glass or metal sheets. Ensuring a reliable seal and maintaining suction under varying loads is critical from a structural design perspective.

>>Artificial Intelligence Specialist: Vacuum grippers remind me of our work with a glass manufacturer where AI helped predict optimal suction levels based on surface conditions and weight distribution patterns—really minimized breakage rates!

>>Automation Engineer: That's great! However, one challenge we faced was ensuring consistent performance across different batches of materials due to slight variations in texture or finish—something our integration team had to address meticulously.

>>Mechanical Engineer: Good point! It's clear that each type of end-effector has its unique challenges and applications.

>>Artificial Intelligence Specialist: Indeed! And as you mentioned earlier about soft grippers' versatility—it's amazing how adaptable they can be across different sectors beyond just food processing.

>>Automation Engineer: True! But let's also consider potential pitfalls like maintenance issues or unexpected downtime due to wear-and-tear—these factors can impact overall efficiency if not managed properly. 
 >>Artificial Intelligence Specialist: So, um, when we talk about control systems, it's crucial to ensure that our algorithms are not only efficient but also adaptable to real-time changes. You know, in the realm of AI, integrating multiple sensors and effectors requires everything to work together smoothly for optimal performance. By fine-tuning our processing phase, we can significantly enhance the robot's responsiveness and accuracy.

>>Mechanical Engineer: From a mechanical standpoint, combining various sensors and actuators into the control system requires meticulous structural design. We need to ensure that the physical layout supports optimal sensor placement and minimizes interference. For instance, positioning LIDAR sensors at strategic points can enhance spatial awareness without compromising the robot's balance.

>>Artificial Intelligence Specialist: Considering the real-time capabilities and IoT connectivity, we need to make sure our algorithms can handle the data influx efficiently. By optimizing our processing phase with advanced sensor fusion techniques like Kalman filters, we can enhance both responsiveness and accuracy.

>>Automation Engineer (interrupting): Hold on a second—when you mention ""advanced sensor fusion techniques,"" do you mean specific algorithms or general methods?

>>Artificial Intelligence Specialist: Great question! I mean both specific algorithms like Kalman filters and general methods that combine data from different sensors in real-time.

>>Automation Engineer: Got it, thanks! So as I was saying earlier, combining various sensors and actuators into a control system isn't just about placement. It's about ensuring seamless communication between components. If one sensor lags or fails, um, the entire system's performance can be compromised. We need robust protocols to handle real-time data influx efficiently.

>>Mechanical Engineer: And ensuring redundancy in critical areas could help mitigate risks if any sensor fails. 
 Automation Engineer: So, when it comes to integrating different locomotion systems, we need to think about what each environment needs. Wheeled robots are great on smooth surfaces but struggle on rough ones. Animal-mimicking movements like walking bipeds or swimming fish can handle varied environments better.

Artificial Intelligence Specialist: Absolutely. From an algorithmic perspective, we should tweak our algorithms for different types of movement. For wheeled robots, pathfinding algorithms that save energy on smooth terrains would be ideal. For animal-mimicking robots, using reinforcement learning could help them adapt their movements in real-time and navigate complex environments more efficiently.

Mechanical Engineer: Right, and structurally speaking, each type has its own demands. Wheeled robots need a strong chassis to handle shocks and vibrations on rough terrains. Walking bipeds need a flexible yet sturdy frame to keep their balance on uneven surfaces. We should also consider materials like carbon fiber composites for strength without adding too much weight.

Artificial Intelligence Specialist: Good point about the materials! And speaking of adaptability, improving algorithmic efficiency for real-time adjustments is key. Reinforcement learning is one way to go, but we could also look into other AI techniques like neural networks or genetic algorithms to enhance performance.

Mechanical Engineer: Definitely! And let's not forget the practical side—durable materials will cut down on maintenance time and costs. I've seen some innovative designs using titanium alloys that offer both durability and flexibility.

Automation Engineer: Yeah, reducing downtime is crucial. Plus, making sure our designs allow easy access for maintenance can really boost operational efficiency.

Artificial Intelligence Specialist: Combining advanced materials with smart algorithms sounds like a solid approach. It ensures both physical resilience and intelligent navigation across various terrains.

Mechanical Engineer: Absolutely! And by the way, have you guys seen how strong yet light carbon fiber is? It's amazing what it can do for our designs!

Automation Engineer: Totally agree! Building on what you said about durability and adaptability together... it's all about finding that perfect balance between strength and flexibility. 
 Artificial Intelligence Specialist: So when we're talking about user experience in robotics, it's really important to make interfaces intuitive for everyone, not just experts. If we optimize algorithms for things like speech recognition and gestures, it can really improve how people interact with robots.

Mechanical Engineer: (nodding) From a mechanical perspective, we need to make sure the robot's structure supports these advanced features. Placing sensors correctly is crucial, but they also need protection from damage.

Automation Engineer: Yeah, I mean integrating these sensors isn't just about where they go. We have to think about how they'll hold up in real-world conditions too. Using shock-absorbing materials around critical sensors can prevent damage during unexpected collisions.

Artificial Intelligence Specialist: Exactly! And by optimizing those algorithms for speech recognition and gesture interpretation, we can reduce the computational load on the robot's processors. This means faster response times and more fluid interactions with users. It's like giving the robot a more efficient brain that processes information quicker and more accurately.

Mechanical Engineer: Right, so it's not just about placing these sensors correctly; we also need to consider their protection from potential impacts or environmental factors. For instance, using shock-absorbing materials around critical sensors can prevent damage during unexpected collisions.

Automation Engineer: And don't forget about maintenance. These systems need to be easy to access for repairs without compromising their protective measures.

Artificial Intelligence Specialist: Absolutely! By refining our algorithms for speech recognition and gesture interpretation, we can make the robot's responses almost instantaneous. Imagine a robot that not only understands your words but also reacts to your body language in real-time—Incredible!

Mechanical Engineer: Yes, and we should also think about how different environmental conditions might affect sensor performance and durability.

Automation Engineer: And ensuring that all components are easily accessible for maintenance is key too. We can't afford downtime because something's hard to reach or replace. 
 Automation Engineer: So, when we talk about the impact of robotics on jobs, it's important to look at both sides. Sure, automation can replace some jobs, but it also creates new ones in robot maintenance and development. When we integrate these systems well, it can create new specialized jobs for people.

Mechanical Engineer: Yeah, that's a good point. From a mechanical standpoint, designing robots with modular components makes maintenance and upgrades easier. This means more job opportunities for technicians and engineers. Plus, using advanced materials like carbon fiber composites can make robots more durable and reduce downtime.

Artificial Intelligence Specialist: Exactly! And from an AI perspective, making our algorithms efficient can really boost job creation. For example, optimizing algorithms for predictive maintenance—basically predicting issues before they happen—can cut down on downtime and improve productivity. This not only creates roles in AI development but also helps secure existing jobs.

Automation Engineer: Right. And let's not forget about system integration. We need skilled professionals who understand both hardware and software to bring these systems together smoothly. That opens up a whole range of new career paths.

Mechanical Engineer: Absolutely. And speaking of design again, focusing on modularity is key because it simplifies maintenance and upgrades—creating more job opportunities for technicians and engineers.

Artificial Intelligence Specialist: You know what? The efficiency of AI isn't just about reducing downtime; it's also about creating smarter systems that adapt to new tasks and environments. By refining these algorithms, we're opening up a whole new range of job opportunities in AI development and system optimization.

Automation Engineer: Exactly! In my last project, we saw how integrating AI reduced downtime by 20%. As we bring these advanced systems into different industries, we'll see more specialized roles that need human oversight—roles that didn't exist before.

Mechanical Engineer: I mean... yeah! It's all interconnected—the design impacts how easily robots can be maintained or upgraded which then affects job creation in those areas.

Artificial Intelligence Specialist: Totally agree! But I'm curious—how do you think modular components specifically impact AI development?

Mechanical Engineer: Good question! Modular components make it easier to upgrade parts without overhauling the entire system. This flexibility allows us to implement better AI solutions as technology advances without major disruptions. 
 >>Mechanical Engineer: So, um, with these new actuators, we need to make sure our designs can handle all that extra data and adapt in real-time. Plus, improving the user interface is key for better interaction and efficiency.

>>Artificial Intelligence Specialist: Yeah, exactly. We should tweak our algorithms so they can process this data smoothly. And speaking of the user interface, making it more intuitive will definitely help users interact with the system better.

>>Automation Engineer: Absolutely! And to keep everything on track, we should assign specific responsibilities and set deadlines. What do you think about splitting tasks based on our expertise?

>>Mechanical Engineer: That sounds good. For instance, if we're using series elastic actuators, we need to ensure our designs can handle the added compliance and shock absorption without compromising durability. Maybe I can take the lead on that part.

>>Artificial Intelligence Specialist: Good point! I'll focus on optimizing our data processing pipelines to avoid any bottlenecks. Ensuring smooth data flow is like keeping traffic moving without jams.

>>Automation Engineer: Exactly. I'll document everything we've discussed so far so we have a reference point moving forward. Let's make sure we have regular check-ins to stay aligned. 
 >>Mechanical Engineer: Alright, as we wrap up, I want to thank everyone for their valuable contributions. It's been enlightening to see how our structural designs can integrate with the new actuators and AI algorithms we've discussed. Balancing strength and flexibility in our designs will be crucial moving forward.

>>Artificial Intelligence Specialist: Yeah, optimizing our AI algorithms is crucial. We should streamline our data processing to boost performance without overloading our systems.

>>Automation Engineer: Absolutely. We need robust communication protocols for real-time data handling. Let's focus on making these as efficient as possible.

>>Automation Engineer: I'll keep track of everything and set up regular check-ins so we stay on track.

>>Mechanical Engineer: Great work today, everyone! Before we wrap up, does anyone have any final thoughts? Or maybe something fun to share?

>>Artificial Intelligence Specialist: Um, actually, I was wondering if anyone has tried that new coffee place down the street? I've heard their cappuccinos are amazing.

>>Automation Engineer: Oh yeah, I went there last week! Their cappuccino is fantastic, but you should also try their pastries—they're delicious.

>>Mechanical Engineer: Sounds like we've got our next break spot sorted then!","In our cross-functional meeting, we delved into the expansive field of robotics, which integrates mechanical engineering, computer science, and various other disciplines to design, construct, and operate robots. The primary objective in robotics is to create machines that assist humans by performing hazardous or monotonous tasks. This includes applications in search and rescue operations, space exploration, industrial automation, and more.

We discussed the three core aspects of robot design: mechanical construction, power sources (primarily batteries), and actuators. Actuators are crucial as they convert stored energy into movement; electric motors are predominantly used due to their efficiency in lighter load systems. Recent advancements include series elastic actuation for improved safety and energy efficiency.

Sensors play a vital role in enabling robots to interact with their environment by providing essential data for task execution. Notable developments include tactile sensor arrays mimicking human fingertips for enhanced grip control and advanced sensing technologies like lidar, radar, and sonar.

The conversation also covered end-effectors such as grippers and suction devices used in various industries for handling objects. We noted the increasing complexity of robotic hands that mimic human dexterity.

Control systems were highlighted as critical for coordinating robot actions through perception, processing, and action phases. Modern systems integrate multiple sensors and effectors with real-time capabilities and IoT connectivity to enhance performance in dynamic environments.

Locomotion methods were explored extensively—from wheeled robots to those mimicking animal movements like walking bipeds or swimming fish—each designed for specific terrains or tasks.

We touched on the importance of user experience in robotics design, emphasizing intuitive interfaces for non-expert users. Social interaction capabilities are being developed to improve human-robot collaboration through speech recognition, facial expressions, gestures, and artificial emotions.

Finally, we acknowledged the growing impact of robotics on employment across various sectors. While automation poses challenges to job security, it also creates opportunities for new roles in robot maintenance and development.

Action items include further research into advanced actuator technologies and enhancing user interface designs to facilitate broader adoption of robotic systems across different industries."
"In a meeting, experts discussed the Renaissance's profound impact on art, literature, science, and philosophy. They highlighted how polymaths like Leonardo da Vinci and Michelangelo revolutionized art with techniques such as perspective and chiaroscuro. Literary figures like Shakespeare and Dante shaped cultural and intellectual landscapes, while the invention of the printing press by Gutenberg made knowledge more accessible. The Medici family's patronage was crucial for artistic development in Florence. Humanist scholars like Erasmus emphasized classical education, influencing modern educational systems. Scientific advancements by figures like Galileo were also noted for their groundbreaking contributions. The interconnectedness of these fields during the Renaissance fostered interdisciplinary dialogue, leading to significant cultural shifts towards individualism and secularism. The discussion concluded with ideas for interdisciplinary workshops to explore these themes further through hands-on sessions and virtual tours.","Historian: Good day, everyone! I hope you're all well. Today, we aim to delve into the multifaceted nature of the Renaissance period, exploring its profound impact on various domains such as art, literature, science, and philosophy. Isn't it fascinating how this era marked a significant cultural rebirth?

Art Historian: Absolutely! You know, Renaissance artists were not just painters or sculptors; they were true polymaths. Take Leonardo da Vinci, for instance. His 'Vitruvian Man' is a perfect blend of art and science. It's amazing how he illustrated human proportions with such precision.

Literature Scholar: Indeed! And speaking of polymaths, let's not forget about the literary giants like Shakespeare and Dante. Their works didn't just entertain; they really shaped the cultural and intellectual landscape of their time.

Historian: Right! And it's interesting that the Renaissance also marked a significant shift in how knowledge was disseminated. The invention of the printing press by Johannes Gutenberg around 1440 revolutionized everything. Books became more accessible, spreading new ideas far and wide.

Art Historian: Exactly! And you might notice that the use of perspective in Renaissance art was revolutionary too. Raphael's 'School of Athens,' for example—his use of linear perspective to create depth is simply mind-blowing!

Literature Scholar: Oh yes! The literary achievements during this time are incredible. Works like Machiavelli's 'The Prince' and More's 'Utopia' reflect so much about political thought and ethical considerations back then.

Historian: Speaking of education, humanist scholars like Erasmus and Thomas More emphasized studying classical texts. They advocated for a curriculum that included grammar, rhetoric, poetry... It was all about cultivating virtuous and knowledgeable citizens.

Art Historian: And don't forget architecture! There was a revival of classical styles during this period too. Figures like Filippo Brunelleschi drew inspiration from ancient Roman structures—columns, domes... It’s fascinating how they incorporated these elements into their designs.

Literature Scholar: You know what always amazes me? How chiaroscuro—the contrast between light and dark—added dramatic effects to paintings back then. Caravaggio used it masterfully to create depth and volume in his works.

Historian: It's incredible how interconnected all these changes were. By the way, did anyone else find reading 'The Prince' in college completely eye-opening? It really changed my perspective on leadership.

Art Historian: Oh definitely! But while I agree with you on most points about da Vinci's contributions, I think Michelangelo's impact was equally profound in different ways. His sculptures are just breathtaking!

Literature Scholar: That's true! Michelangelo brought such emotion into his work—it’s hard not to be moved by it.

Historian: Absolutely! This discussion reminds me why I love studying history so much—there’s always something new to discover or appreciate. 
 Art Historian: You know, Florence's economic prosperity really played a big role in this artistic boom. The Medici family, for instance, provided crucial financial support. I remember visiting Florence and seeing firsthand how their influence is still evident in the city's art.

Historian: Absolutely! And building on what you said about the Medici family, we also have to consider the revival of classical antiquity and humanism. Scholars like Petrarch really pushed this movement forward.

Literature Scholar: Totally! Dante's 'Divine Comedy' is a great example of that blend between medieval and Renaissance thought. It really bridges the gap between these eras.

Historian: And it's fascinating how this revival impacted scientific inquiry during the Renaissance. Figures like Galileo were deeply influenced by ancient Greek texts, leading to groundbreaking contributions to our understanding of the natural world.

Art Historian: Yeah, and you can see this revival in artistic techniques too. The use of perspective in painting, like in Raphael's 'School of Athens,' is truly remarkable. It allowed artists to create more realistic and three-dimensional spaces—a significant departure from the flat works of the medieval period.

Literature Scholar: Exactly! And speaking of literature, let's not forget how it influenced political thought too. Machiavelli's 'The Prince' drew heavily from ancient Roman texts to craft his ideas on statecraft and power dynamics. This blending of ancient wisdom with contemporary issues created a new paradigm for political theory. 
 >>Historian: Isn't it interesting that the Renaissance's focus on individual expression led to significant advancements in artistic techniques? For instance, the use of chiaroscuro by artists like Caravaggio not only added depth but also highlighted the emotional intensity of their subjects. It's quite fascinating.

>>Literature Scholar: Absolutely! And this emphasis on individuality wasn't just limited to visual arts. Shakespeare's characters are complex individuals with profound psychological depth, reflecting similar advancements in literature.

>>Art Historian: That's true! Speaking of artistic techniques, Raphael's 'School of Athens' used perspective brilliantly to create depth and emphasize individual figures within a grand narrative. It really showcased personal achievements within a larger context.

>>Historian: Indeed, this spirit extended beyond arts and literature into science as well. Figures like Galileo Galilei exemplified this curiosity and innovation by pushing knowledge boundaries in unprecedented ways.

>>Literature Scholar: And it's amazing how these advancements across different fields were interconnected. Shakespeare’s exploration of human nature parallels the detailed anatomical studies by artists like Michelangelo—both seeking deeper understanding through their work.

>>Art Historian: Exactly! Michelangelo’s 'David' captures both physical strength and inner contemplation through precise anatomy—a perfect blend of artistic skill and individual expression. 
 >>Historian: Indeed! Michelangelo's 'David' is a testament to the Renaissance's profound understanding of human anatomy and its artistic application. You know, it's fascinating how Leonardo da Vinci, another towering figure of this era, combined scientific inquiry with artistic mastery. His detailed anatomical sketches reveal an unparalleled dedication to both art and science.

>>Art Historian: Absolutely. And speaking of Leonardo, I think his 'Vitruvian Man' is just as significant. It perfectly illustrates the blend of art and science during the Renaissance. But what really struck me when I first saw 'David' in person was not just the anatomical precision but also the sheer scale and presence of the sculpture. It's something you have to experience firsthand.

>>Literature Scholar: That's a good point about experiencing it firsthand. The interplay between scientific inquiry and artistic creativity during the Renaissance is indeed remarkable. In literature, this period wasn't just about visual arts but also about exploring human nature deeply. For instance, Shakespeare's works delve into the complexities of human emotions and motivations, much like how Michelangelo's 'David' captures both physical perfection and inner contemplation.

>>Historian: You know, it's interesting that the Renaissance's emphasis on anatomical precision not only revolutionized art but also laid the groundwork for modern scientific studies. Leonardo’s meticulous dissections provided invaluable insights into human anatomy that went beyond his paintings.

>>Art Historian: Well, what's truly remarkable about Michelangelo's 'David' isn't just the anatomical precision but also how he captures a moment of psychological tension—the furrowed brow and intense gaze suggest an inner struggle before action. This blend of physical and emotional depth sets Renaissance art apart.

>>Literature Scholar: Exactly! And in literature, we see similar depths explored through characters' psychological complexities. Shakespeare’s characters often embody this intricate balance between external actions and internal thoughts—much like David’s poised stance reflecting both readiness for battle and deep contemplation.

>>Historian: Right! And let's not forget how these artists influenced each other across disciplines. Leonardo’s work on anatomy undoubtedly informed his paintings just as much as it did his scientific studies.

>>Art Historian: Building on what you said about influence, I think it's worth mentioning Raphael too. His frescoes in the Vatican show a different approach to blending art with intellectual themes—more focused on harmony and beauty rather than tension.

>>Literature Scholar: That's true! Raphael brought a sense of calmness that contrasts with Michelangelo's intensity. It's fascinating how different artists from the same period can have such varied impacts on their fields.

>>Historian: And looking beyond the Renaissance, these ideas continued to evolve. The Enlightenment took those principles further by emphasizing reason alongside artistic expression—a clear legacy from these early pioneers. 
 >>Literature Scholar: You know, Dante's 'Divine Comedy' not only explores profound theological themes but also elevates the Italian language to a literary standard. What do you think about its impact on modern literature?

>>Art Historian: I agree! It's amazing how his vivid imagery influenced Renaissance artists. Have you seen Botticelli's illustrations of Dante's work? They really bring his words to life.

>>Literature Scholar: Absolutely! And speaking of inspiration, Petrarch's sonnets revived classical themes and inspired countless artists. His work is so full of emotion and beauty. Have you noticed how Boccaccio’s 'Decameron' influenced prose fiction development?

>>Historian: Oh, definitely. Isn't it interesting how these writers brought back classical themes but also focused on personal expression? Petrarch’s letters are so introspective; they really paved the way for modern autobiographies.

>>Art Historian: That's a great point about Petrarch! I’ve always found his influence on visual arts fascinating too—how do you think his focus on human emotion translated into painting?

>>Literature Scholar: Well, many artists tried to capture that same depth of feeling in their work. And Boccaccio’s 'Decameron', with its vivid portrayal of human life and society, set a precedent for future novelists. His narrative style is rich in detail and character development.

>>Historian: It’s amazing how these authors’ humanist ideals permeated their writings, reflecting a deep engagement with classical antiquity while forging new paths in literary expression. Their emphasis on individual experiences and societal norms was groundbreaking.

>>Art Historian: And let's not forget how this period shows the deep connection between literature and art. The cross-pollination of ideas led to some incredible works that still inspire us today. 
 >>Historian: The Renaissance was a time when the boundaries between disciplines were remarkably fluid. Galileo, for instance, not only revolutionized our understanding of the cosmos but also engaged with philosophical debates that challenged traditional views. Isn't it fascinating how his work sparked so much controversy?

>>Literature Scholar: Yeah, it's really interesting! Galileo's meticulous notes and observations laid the groundwork for modern scientific inquiry. This period was buzzing with intellectual energy. I remember reading Erasmus' 'In Praise of Folly' in college—it really made me question a lot of societal norms.

>>Art Historian: Absolutely! And art wasn't just a backdrop to these changes; it was an active participant. Take Raphael's 'School of Athens,' for example. It visually brings together great philosophers and scientists, capturing the spirit of intellectual inquiry.

>>Historian: That's a great point about art reflecting these ideas. And speaking of challenging norms, Copernicus' heliocentric theory was another game-changer that shook up our understanding of the universe.

>>Literature Scholar: What strikes me is how interconnected all these fields were during the Renaissance. Erasmus and More didn't just critique society—they influenced scientific thought too. 'Utopia' really pushed me to think differently about social structures.

>>Art Historian: Well said! And let's not forget Leonardo da Vinci—he combined scientific exploration with artistic expression in ways that still inspire us today.

>>Historian: Exactly! It's amazing how one field could inspire advancements in another. But do you think all Renaissance thinkers were as interconnected as we often suggest? Sometimes I wonder if we're oversimplifying things a bit.

>>Literature Scholar: That's a fair point. While there were definitely connections, not every thinker was influencing or being influenced by others in such direct ways. Still, the overall atmosphere encouraged cross-disciplinary thinking.

>>Art Historian: True, and even if not everyone was directly connected, the cultural environment fostered this kind of interdisciplinary dialogue. It's what makes studying this period so fascinating! 
 >>Historian: The Renaissance really changed Western culture by promoting individualism and secularism. It encouraged people to think critically, which influenced politics and education. Erasmus emphasized humanist education.

>>Literature Scholar: That's true! And his ideas laid the groundwork for modern educational systems. I remember reading 'The Prince' in college; it completely changed my perspective on political power.

>>Art Historian: Absolutely! And let's not forget how Renaissance literature shaped Western thought. Works like Machiavelli's 'The Prince' and More's 'Utopia' didn't just reflect political ideologies; they actively shaped them.

>>Literature Scholar: Exactly, these texts still influence modern political theory. Shakespeare's plays, like 'Hamlet' and 'Othello,' also explored human nature and individualism, providing insights into the human psyche that resonate even today.

>>Art Historian: Speaking of individualism, it revolutionized artistic techniques too. Take Leonardo da Vinci's 'Mona Lisa'—the use of sfumato to create lifelike transitions between colors is remarkable. But what's really interesting is how artists began experimenting with perspective, creating more realistic and three-dimensional spaces in their paintings.

>>Historian: And we can't overlook the Renaissance's impact on technology either. The period saw significant advancements in engineering and scientific instruments crucial for exploration and navigation.

>>Art Historian: Absolutely, but let's also consider how these technological advancements influenced art. For instance, better tools allowed for more detailed work in painting and sculpture.

>>Historian: Right! Figures like Leonardo da Vinci excelled not only in art but also made substantial contributions to technological innovation. Galileo’s improvements in telescopes significantly enhanced our understanding of the cosmos.

>>Literature Scholar: It's amazing how interconnected everything was during the Renaissance—art, science, literature—they all influenced each other. 
 >>Historian: You know, this interconnectedness gives us a unique opportunity to design interdisciplinary workshops. We could create a seminar series that explores the influence of Renaissance literature on scientific thought and vice versa. Figures like Galileo were not only scientists but also deeply engaged with literary works.

>>Art Historian: That's a great idea! And speaking of the Renaissance, we could also dive into artistic techniques like chiaroscuro and perspective. Maybe even have some hands-on sessions where participants can try these methods themselves.

>>Literature Scholar: Absolutely! And we should definitely include literary analysis by looking at works like Machiavelli's 'The Prince' and More's 'Utopia.' These texts really reflect societal norms and governance structures of the time.

>>Historian: Um, we should also delve into the technological advancements of the Renaissance...

>>Art Historian (interrupting): Oh yes, like how the printing press changed everything!

>>Historian: Exactly! A workshop on that would be fantastic. This invention revolutionized access to information and education.

>>Art Historian: Actually, exploring the role of patronage in the Renaissance is another idea. Families like the Medici not only funded artists but also influenced their themes and subjects. This could be an engaging topic for a workshop, examining how economic power shaped artistic expression.

>>Literature Scholar: Right! And let's not forget about lesser-known aspects beyond Italy.

>>Art Historian: Hmm, I'm not sure if we have enough resources for that right now. Maybe we could start with a focus on Italy first?

>>Historian: Indeed! But it’s important to highlight contributions from different regions too—like how they contributed to technological advancements or cultural exchanges during that time.

>>Art Historian: So true! And maybe we can include interactive elements in these seminars—like virtual tours of significant art pieces or historical sites from various regions—to make them more engaging for participants.

>>Literature Scholar: I love that idea! We could use virtual tours to show significant art pieces from different regions—maybe even compare them side-by-side to highlight regional differences.","In today's cross-functional meeting, we discussed the Renaissance, a pivotal period in European history that spanned roughly from the 14th to the 17th century. The main points of discussion included its origins, key characteristics, influential figures, and lasting impact on various fields such as art, science, literature, and philosophy.

We began by examining the origins of the Renaissance in Italy, particularly in cities like Florence. It was noted that this era marked a revival of interest in classical antiquity and humanism. The participants highlighted how economic prosperity and political stability in these regions facilitated cultural flourishing.

The conversation then shifted to the defining characteristics of the Renaissance. We agreed that it was characterized by a renewed focus on individual achievement and expression. This period saw significant advancements in artistic techniques such as perspective and chiaroscuro, which were pioneered by artists like Leonardo da Vinci and Michelangelo. Their works exemplified the blend of scientific inquiry and artistic creativity that defined the era.

In addition to visual arts, we discussed how literature flourished during this time with figures like Dante Alighieri, Petrarch, and Giovanni Boccaccio leading the way. Their writings not only reflected humanist ideals but also laid the groundwork for modern vernacular literature.

Science and philosophy were also major topics of discussion. The group acknowledged how thinkers like Galileo Galilei and Nicolaus Copernicus challenged traditional views of the cosmos, paving the way for modern science. Philosophers such as Erasmus and Thomas More contributed to social thought with their critiques of contemporary society.

The meeting concluded with an exploration of the Renaissance's enduring legacy. It was agreed that this period fundamentally transformed Western culture by promoting values such as individualism, secularism, and critical thinking. These changes set the stage for subsequent developments in various domains including politics, education, and technology.

As action items moving forward, it was suggested that further interdisciplinary studies be conducted to explore lesser-known aspects of the Renaissance across different regions beyond Italy. Additionally, there is potential for organizing educational workshops or seminars to delve deeper into specific contributions from this era that continue to influence our world today."
"In the meeting, experts from various fields discussed chaos theory and its implications. The mathematician introduced the topic, emphasizing the sensitivity of deterministic systems to initial conditions, often illustrated by the butterfly effect. The physicist shared experimental observations showing how small changes can lead to vastly different outcomes in physical systems like fluid dynamics. The computer scientist highlighted the challenges of simulating chaotic systems due to their sensitivity to initial conditions and potential applications in weather prediction and traffic management. The philosopher of science raised ethical questions about predictability, control, and responsibility when applying chaos theory in real-world scenarios.

The discussion covered practical applications such as optimizing traffic flow using real-time data and machine learning, while also addressing challenges like computational errors, infrastructure costs, and public acceptance. Overall, the conversation underscored the complexity and unpredictability inherent in chaotic systems and the need for careful consideration of both technical precision and ethical implications when applying these theories across different fields.",">>Mathematician: Good morning, everyone. I hope you're all doing well today. Let's get started with our meeting objectives. Today, we'll be delving into the fascinating world of chaos theory, exploring its principles and implications across various fields.

>>Physicist: Morning! It's great to see you all here. We've got some interesting experimental observations related to chaos theory that I'd like to share.

>>Computer Scientist: Hey everyone! Yeah, chaos theory is such a cool topic. And speaking of small changes leading to big differences, imagine if we could refine our models to predict weather patterns more accurately—it's fascinating!

>>Philosopher of Science: Absolutely, understanding these unpredictable behaviors also makes us think about broader questions like free will and determinism. Chaos theory really makes us rethink predictability and control in fields like meteorology or economics.

>>Mathematician: Exactly, it's crucial to understand that even deterministic systems can exhibit unpredictable behavior due to their sensitivity to initial conditions. This principle, often illustrated by the butterfly effect, is key for understanding complex dynamical systems.

>>Physicist: Right! And those experimental observations we've made really highlight how small changes can lead to vastly different outcomes in physical systems.

>>Computer Scientist: You know, that's what makes it so interesting from a computational perspective too. The challenge of simulating these tiny variations and seeing how they evolve over time is just mind-blowing.

>>Philosopher of Science: Indeed. And philosophically speaking, it raises questions about free will and determinism—if everything is so sensitive to initial conditions, then how much control do we really have over future events? 
 >>Mathematician: So, chaos theory fundamentally challenges our understanding of predictability in deterministic systems. Even though these systems follow precise laws, their sensitivity to initial conditions means tiny variations can lead to vastly different outcomes. Take the Lorenz attractor—it's a perfect example of how deterministic equations can produce seemingly random behavior.

>>Physicist: Absolutely! In our lab experiments with double pendulums, even minor changes in starting angles resulted in completely divergent paths. It's fascinating—and sometimes frustrating—to see this sensitivity play out so dramatically.

>>Computer Scientist: I hear you! Simulating such systems is incredibly challenging because even small errors can lead our predictions astray over time. It really tests our computational models' limits.

>>Mathematician: Exactly! This is why long-term prediction in chaotic systems is so tough. The Lyapunov exponent helps us understand how quickly nearby trajectories diverge—think about weather forecasting; beyond a certain point, it becomes unreliable due to exponential error growth.

>>Philosopher of Science: That's intriguing! If our predictions are inherently limited by initial conditions, managing complex systems like climate models becomes quite challenging ethically and practically. It really makes us rethink control and responsibility in science.

>>Physicist: And it's not just theoretical—we see this unpredictability regularly in fluid dynamics experiments too. Even with controlled conditions, outcomes can be wildly different due to those initial variations.

>>Philosopher of Science: Indeed! These limitations force us to consider how we approach scientific practice responsibly when dealing with unpredictable systems like climate change forecasts. 
 >>Physicist: You know, from an experimental perspective, we've seen the butterfly effect quite vividly in fluid dynamics. Just a tiny change in the initial velocity of a fluid particle can lead to completely different flow patterns! This sensitivity to initial conditions makes long-term predictions really tough.

>>Mathematician: Exactly. It's fascinating how even small changes at the start can lead to huge differences later on. Like, with weather patterns, a tiny shift can mean the difference between sunshine and a storm days later. That's why predicting the weather long-term is so tricky.

>>Computer Scientist: Yeah, simulating these chaotic systems on computers is like trying to predict where a single leaf will land in a storm. Even the smallest rounding error can throw everything off. That's why our weather forecasts are only reliable for a few days out.

>>Mathematician: Right, and this shows us just how limited we are when it comes to predicting long-term outcomes in these systems. Take the Lyapunov exponent—it basically tells us how quickly small changes can lead to big differences. So even if we start with precise data, our predictions get unreliable pretty fast.

>>Physicist: And it's not just theory; we see this all the time in our lab. Last week, we noticed that even a slight fluctuation in temperature drastically changed how our fluid system behaved. It's amazing but also frustrating!

>>Computer Scientist: Speaking of practical applications, imagine if we could use chaos theory to optimize traffic flow in real-time. By simulating different starting conditions and their outcomes, maybe we could predict and prevent congestion before it happens. It'd be like trying to control every gust of wind in a storm!

>>Philosopher of Science: Hmm... that's really interesting! But doesn't this also bring up some ethical questions? If we're using chaos theory for things like traffic management, aren't we responsible for any unintended consequences?

>>Mathematician: Absolutely, those are important concerns. The Lyapunov exponent shows us that small errors grow exponentially over time, so it's crucial that we think about both practical and ethical implications when applying these theories. 
 >>Computer Scientist: You know how chaotic systems work in artificial environments like traffic flow? It's fascinating how a single car's slight delay can ripple through the entire system causing massive congestion. Computational simulations are so useful for predicting these scenarios.

>>Physicist: Absolutely! We could set up sensors on real roads to monitor traffic patterns. Imagine introducing a small roadblock just for an experiment – we'd see firsthand how minor changes lead to big disruptions.

>>Mathematician: Exactly! Using dynamical systems theory, we can model this mathematically. Even tiny delays can amplify due to factors like the Lyapunov exponent. That's why precise initial measurements are crucial.

>>Physicist: And if we had real-time data from those sensors adjusting traffic signals dynamically? It would be amazing for validating our models and improving efficiency!

>>Mathematician: Right! Feedback control systems could manage this but they need careful handling because they're sensitive to initial conditions too.

>>Physicist: What if we used machine learning algorithms? Setting up sensor networks feeding continuous data into our models could help us predict and mitigate congestion in real-time!

>>Computer Scientist: Yes! Integrating machine learning with real-time data would allow us to adjust signals dynamically – optimizing flow and reducing delays effectively.

>>Mathematician: This is chaos theory in action – small changes leading to significant differences necessitating precise control.

>>Physicist: Let's set up an experiment where we introduce minor perturbations in traffic flow using our models – it would be both fascinating and practical! 
 Philosopher of Science: You know, while the experiment is fascinating, we really need to think about the ethical side of things. If our models aren't accurate because of chaos, we could end up causing harm instead of good. How do we balance these risks?

Physicist: Good question! From what we've seen in our lab, even small changes in initial conditions can lead to completely different results. This unpredictability is a significant challenge.

Computer Scientist: Exactly! The computational models are incredibly sensitive to initial conditions. Imagine if we could harness this for predictions, but we have to be careful about the potential consequences of any inaccuracies.

Mathematician: Indeed, this sensitivity means we must be cautious in applying these models to areas like climate prediction or medical diagnostics. Even a tiny error can grow exponentially and lead to vastly different outcomes.

Physicist: Right, and think about our experimental findings on chaotic systems. Even with precise initial conditions, the outcomes can vary wildly. This raises significant ethical questions about how we use these models in real-world applications.

Computer Scientist: We need to refine our computational methods to minimize errors and ensure reliable predictions. It's not just about technical accuracy; it's also about responsibility and trust in scientific predictions.

Philosopher of Science: So, how do we move forward? Should we focus on refining our models first or address these ethical concerns head-on? 
 >>Mathematician: Um, balancing theoretical precision with practical applicability is challenging. We must consider how quickly small errors can amplify—this is crucial for fields like meteorology where initial conditions are never perfectly known.

>>Physicist: Absolutely! From an experimental perspective, even minor perturbations in fluid dynamics can lead to vastly different outcomes. This sensitivity makes weather prediction tough but fascinating.

>>Computer Scientist: That's true! If we could integrate more precise data into our models, it would significantly improve predictability—not just for weather but also for financial markets.

>>Mathematician: Exactly! In population dynamics too, slight variations can lead to drastically different outcomes over time. This principle applies broadly across biological systems and financial markets.

>>Physicist: And validating these chaotic systems experimentally is quite challenging due to their inherent sensitivity. High-resolution data helps but isn't enough for long-term forecasts.

>>Computer Scientist: Right! The computational challenges are immense. Advanced algorithms could minimize errors significantly—a game-changer for both weather forecasting and market analysis.

>>Philosopher of Science: It's intriguing how chaos theory applies across diverse fields. For instance, leveraging this unpredictability in cryptographic algorithms could enhance security immensely by making encryption keys harder to predict or reverse-engineer.

>>Mathematician: Indeed! Using chaos theory's principles in cryptography could make systems much more secure against attacks by exploiting inherent unpredictability effectively. 
 >>Physicist: You know, from an experimental perspective, we've observed that even with precise initial measurements, the predictability of chaotic systems like fluid dynamics is limited to short-term forecasts. It's like trying to predict the exact path of a leaf in a storm—small changes lead to big differences quickly.

>>Computer Scientist: Yeah, exactly! In practice, even tiny computational errors can grow really fast. So, predicting chaotic systems accurately beyond a certain point is nearly impossible. Even if we could minimize these errors somehow, we'd still face the fundamental issue of things getting unpredictable quickly.

>>Mathematician: Right. This unpredictability is tied to how small errors grow exponentially over time. Think about it like this: if you start with two almost identical weather models, they can end up predicting completely different outcomes after just a few days because of those tiny initial differences.

>>Physicist: Absolutely! And consider our fluid dynamics experiments—like when we tried predicting water flow patterns—we saw that even tiny changes led to completely different outcomes after just a short time. It's fascinating but also frustrating.

>>Mathematician: Exactly! And it's not just theoretical; it's something we see in real-world applications all the time. For instance, take a double pendulum. Even with precise initial conditions, its behavior becomes wildly unpredictable after a short period because of its sensitivity to those initial conditions.

>>Computer Scientist: Yeah! From a computational standpoint, it's both fascinating and frustrating. We can simulate these systems up to a point but then hit this wall where predictions just fall apart due to tiny inaccuracies growing out of control.

>>Physicist: Right! And have you noticed how this plays out differently in weather forecasting versus stock market predictions? Both are chaotic systems but behave so differently under similar principles.

>>Mathematician: Absolutely! The exponential growth of errors isn't just some abstract concept; it has real implications for our ability to make long-term predictions in various fields. Whether it's weather or financial markets, any small error will grow exponentially over time and make accurate long-term forecasts nearly impossible. 
 >>Computer Scientist: You know, this brings us to the practical side of things. Imagine if we could harness chaos theory to improve real-time traffic management systems. By simulating various scenarios and understanding how small changes can lead to significant outcomes, we could potentially optimize traffic flow and reduce congestion.

>>Physicist: That's a fascinating idea! In our lab, we've seen how small tweaks can drastically alter fluid dynamics. Applying similar principles to traffic systems could be really effective.

>>Mathematician: Yeah, modeling traffic flow as a dynamic system makes sense. We could predict how minor changes—like adjusting signal timings—might improve overall efficiency.

>>Physicist: Setting up real-time sensors would be key here. Tracking how small changes affect congestion patterns would help us validate our models.

>>Computer Scientist: And integrating machine learning with this data could make predictions even more accurate. We could adjust signals dynamically before congestion starts.

>>Mathematician: Exactly! Combining chaos theory with machine learning gives us a solid framework for predicting traffic patterns and improving flow efficiency on the fly.

>>Physicist: It would be interesting to test this in controlled environments first to refine our models based on real data before full-scale implementation.

>>Computer Scientist: True, but what about potential challenges? Like the cost of setting up these sensors or the complexity of integrating different data sources?

>>Physicist: Good point. There will definitely be hurdles, especially in terms of infrastructure and initial investment. But if we can demonstrate significant improvements in traffic flow, it might justify the costs.

>>Mathematician: Plus, there's always the challenge of public acceptance and ensuring that these systems are reliable under various conditions. It's not just about the technology; it's also about making sure people trust it.

>>Computer Scientist: Absolutely. We'll need thorough testing and clear communication with stakeholders to get everyone on board.","During the decision-making meeting, the primary focus was on understanding and discussing chaos theory, an interdisciplinary scientific study and branch of mathematics. The theory examines deterministic dynamical systems that are highly sensitive to initial conditions, often leading to unpredictable long-term behavior despite their deterministic nature. This phenomenon is famously illustrated by the ""butterfly effect,"" where a small change in one part of a system can result in significant differences later.

Key points discussed included the fundamental properties of chaotic systems such as underlying patterns, feedback loops, fractals, and self-organization. It was noted that chaotic behavior is prevalent in various natural systems like weather patterns, fluid dynamics, and even biological rhythms. Additionally, artificial systems such as traffic flow also exhibit chaotic characteristics.

The meeting highlighted that while chaotic systems follow deterministic laws, their sensitivity to initial conditions makes precise long-term predictions impossible. This unpredictability is quantified using concepts like Lyapunov exponents which measure the rate at which nearby trajectories diverge over time.

Applications of chaos theory were extensively covered across multiple disciplines including meteorology for weather prediction limits, biology for population dynamics modeling, economics for financial market analysis, and engineering for designing more efficient cryptographic algorithms. The discussion also touched upon how chaos theory has influenced fields like sociology and environmental science.

Conclusions reached emphasized the importance of recognizing the limitations imposed by chaos on predictability in complex systems. It was agreed that while short-term predictions might be feasible within certain bounds (like Lyapunov times), long-term forecasts remain inherently uncertain due to exponential divergence from initial conditions.

Action items included exploring further applications of chaos theory in specific domains relevant to participants' fields and considering collaborative research opportunities to leverage chaos-inspired methodologies for practical problem-solving. Additionally, it was suggested to organize workshops or seminars to deepen understanding among team members about advanced concepts related to chaos theory and its implications across various scientific and engineering disciplines."
"In a meeting on climate change mitigation strategies, experts discussed the integration of renewable energy, addressing emissions from land use changes, and the importance of reforestation and sustainable agricultural practices. They emphasized the need for a policy framework supporting clean energy investments and carbon capture technologies, alongside technical upgrades in transmission and storage solutions to balance supply and demand. The discussion highlighted the economic benefits of early investments in renewable infrastructure, improved public health outcomes from reduced air pollution, and the necessity of tailored policies for different regions. Action items included drafting timelines, exploring funding opportunities, coordinating with local authorities for compliance, and assigning roles for overseeing technical implementations and financial planning. The team agreed to reconvene in two weeks for updates.",">>Climate Scientist: Good morning, everyone. I'm looking forward to our discussion on climate change mitigation strategies.

>>Environmental Policy Expert: Morning. Great to see you all here.

>>Renewable Energy Engineer: Hey, good morning! Excited to discuss how we can improve renewable energy systems.

>>Environmental Economist: Good morning. Glad to be here with you all.

>>Climate Scientist: So, what we need to focus on is how renewable energy integration is essential but also address significant emissions from land use changes like deforestation and agriculture.

>>Environmental Policy Expert: Right, and we need a policy framework that supports both renewable energy integration and carbon capture technologies. This means creating incentives for clean energy investments while setting stringent regulations on emissions.

>>Renewable Energy Engineer: Absolutely! From an engineering perspective, integrating renewable energy sources like solar and wind into our grid is technically feasible. We need to ensure these systems are reliable and can handle variability in power generation—using long-distance electricity transmission and energy storage solutions can help balance supply and demand.
   (Environmental Policy Expert nods in agreement)

>>Climate Scientist: Yes, exactly! Reforestation and sustainable agricultural practices should be integral parts of our comprehensive strategies alongside current efforts in renewable energy integration.

>>Environmental Economist (interrupting): Sorry for interrupting—just wanted to clarify—are you suggesting reforestation as part of the strategy?

>>Climate Scientist: Yes, exactly. 
 >>Environmental Policy Expert: Alright, let's figure out our main goals for today. We need to look at the options we've talked about, see what's good and bad about each one, and decide on the best way forward. By the end of this meeting, we should have a clear decision and specific action items assigned.

>>Renewable Energy Engineer: Yeah, exactly! You know, from an engineering perspective, we need to make sure that our renewable energy systems are technically feasible and reliable. For example, integrating solar and wind power into the grid means we need significant upgrades in transmission and storage solutions. Without these upgrades, balancing supply and demand could be tricky.

>>Climate Scientist: Right, and on top of that, we should think about how these upgrades impact our overall climate goals. It's not just about the technical side; we need a comprehensive approach that includes both technical feasibility and policy enforcement.

>>Environmental Economist: Absolutely! And from an economic viewpoint, investing in these infrastructure upgrades now can save us money down the line by avoiding costly inefficiencies or failures later on.

>>Environmental Policy Expert: I agree with what you're saying. Now let's talk about practical steps for aligning our technical strategies with policy enforcement. We need robust implementation plans with clear guidelines and incentives to make sure everything works smoothly.

>>Renewable Energy Engineer: Definitely! When it comes to implementation, having detailed plans for infrastructure upgrades is crucial. Like I mentioned earlier, without improvements in transmission and storage solutions, balancing supply and demand will be challenging.

>>Climate Scientist: To add to that... um... integrating renewable energy sources like solar and wind isn't just about making them work technically but also ensuring we have the necessary infrastructure in place. The data shows that without significant improvements in transmission and storage solutions... uh... we'll face challenges in balancing supply and demand effectively.

>>Environmental Economist: Exactly! And economically speaking... um... putting money into these infrastructure upgrades now can help us avoid bigger costs later by preventing inefficiencies or failures.

>>Environmental Policy Expert: So true! Let's make sure our approach covers both technical feasibility and policy enforcement comprehensively. Now for next steps—John will handle the technical feasibility study for solar integration, Sarah will draft policy guidelines for incentives, and I'll coordinate with stakeholders on implementation plans. 
 >>Renewable Energy Engineer: One thing we need to keep in mind is upgrading our grids for solar and wind power integration. Ensuring our energy storage solutions can handle variability is crucial.

>>Climate Scientist: Absolutely! It's not just about adding new power plants; we need our electrical grids to manage these variable sources effectively, which means investing in good storage solutions and transmission capabilities.

>>Environmental Policy Expert: And from a policy standpoint, we need regulations and incentives that support these technical upgrades. Without them, our efforts might fall short.

>>Environmental Economist: Sorry to interrupt, but when you talk about significant upgrades, do you mean completely overhauling current systems or just improving what's already there?

>>Climate Scientist: Great question! It depends on each region's infrastructure—some might need a complete overhaul while others could get by with smaller improvements. Both require substantial investment.

>>Environmental Policy Expert: Exactly! We also need strong policies to support these changes effectively. 
 >>Climate Scientist: Um, reforestation and afforestation are key for capturing CO2. The data suggests that restoring degraded forests could capture about 205 gigatonnes of CO2 by the end of the century. We need to prioritize these efforts alongside our renewable energy initiatives.

>>Environmental Policy Expert: We should consider how policy frameworks can support these efforts. It's crucial to implement incentives for landowners and communities to engage in these activities. Without strong policies, we might not reach our full potential.

>>Environmental Economist: From an economic standpoint, reforestation and afforestation are not only environmentally beneficial but also economically viable. We should explore public-private partnerships to fund these initiatives. How can we integrate these efforts into our broader economic strategies?

>>Climate Scientist: Scientifically speaking, improved agricultural methods can significantly enhance soil carbon sequestration. Practices like no-till farming and cover cropping can increase soil organic carbon levels, which helps in capturing CO2 and improves soil health and productivity. How do we integrate these methods into our broader mitigation strategies?

>>Environmental Policy Expert: We need to figure out how to effectively integrate these improved agricultural methods into our existing policy frameworks. Providing support and incentives for farmers to adopt practices like no-till farming and cover cropping will enhance soil carbon sequestration while boosting overall soil health.

>>Renewable Energy Engineer: Improving agricultural methods sounds great! But how do we ensure farmers actually adopt them? Are there any successful case studies or pilot programs we can learn from?

>>Climate Scientist: It's important to note that enhancing natural carbon sinks through ecosystem restoration isn't just about planting trees. Restoring wetlands, peatlands, and coastal ecosystems like mangroves sequesters carbon much faster than terrestrial forests. We need a holistic approach that includes various ecosystems.

>>Environmental Policy Expert: So true! What we need is the integration of ecosystem restoration into our policy frameworks. Creating incentives for restoring wetlands, peatlands, and coastal ecosystems like mangroves is essential since they sequester carbon at a much faster rate than terrestrial forests.

>>Renewable Energy Engineer: Yeah! And don't forget the technical side—how do we monitor the effectiveness of these restorations? Are there technologies available that can help us track progress accurately?

>>Climate Scientist: Good point! The restoration of coastal ecosystems like mangroves is particularly effective; they can sequester carbon up to 40 times faster than terrestrial forests! We should definitely look into integrating advanced monitoring technologies as part of our strategy.

>>Environmental Economist: Absolutely! Investing in technology for monitoring will ensure transparency and accountability in these projects. Plus, it provides valuable data for future initiatives. 
 >>Environmental Policy Expert: We need to think about how carbon pricing systems can be effectively implemented to drive down emissions. Getting rid of fossil fuel subsidies and promoting energy efficiency measures are crucial steps. International cooperation initiatives like the Global Methane Pledge can really boost our efforts.

>>Climate Scientist: From a scientific standpoint, the data shows that carbon pricing can significantly reduce emissions by giving businesses financial reasons to lower their carbon footprint. And cutting fossil fuel subsidies is key; these subsidies mess with market dynamics and favor high-emission industries. Without them, renewables become more competitive, which speeds up innovation and adoption.

>>Renewable Energy Engineer: Yeah, eliminating those subsidies would definitely level the playing field for renewables. But we also need to think about how this transition will actually work in practice. How do we make sure industries adapt without causing major economic disruptions?

>>Environmental Economist: That's where careful planning comes in. A phased approach with clear timelines and support for affected industries is essential. This way, we minimize economic disruption while still pushing forward with our climate goals.

>>Environmental Policy Expert: Right! We need to fit these policies into what we're already doing, and that requires careful planning and coordination across various sectors. Plus, international cooperation through initiatives like the Global Methane Pledge can further enhance these efforts.

>>Climate Scientist: Exactly! And it's not just about leveling the playing field for renewables; it's also about correcting market distortions that have long favored high-emission industries. For example, look at Sweden—they've successfully reduced emissions by implementing a carbon tax while phasing out fossil fuel subsidies.

>>Renewable Energy Engineer: Right! And speaking of innovation, promoting energy efficiency measures alongside these policies will help us achieve even greater reductions in emissions. It's all interconnected.

>>Environmental Economist: Absolutely! By combining carbon pricing with energy efficiency measures and international cooperation initiatives like the Global Methane Pledge, we create a comprehensive strategy that addresses multiple facets of emission reduction.

>>Climate Scientist: To put it in perspective, eliminating fossil fuel subsidies means making renewable energy sources more competitive and driving innovation in clean technologies faster. But we need to carefully plan and coordinate these policy measures across various sectors to ensure their effectiveness.

>>Environmental Policy Expert: So true! And ensuring that the elimination of fossil fuel subsidies is done in a way that minimizes economic disruption requires a phased approach with clear timelines and support mechanisms for affected industries. 
 >>Environmental Economist: From an economic standpoint, investing in renewable energy sectors not only mitigates climate change but also creates substantial job opportunities. We need to consider how these investments can be structured to maximize both environmental and economic benefits.

>>Climate Scientist: You know, reducing air pollution through renewable energy can really improve public health. Like, fewer people would suffer from respiratory issues. What does this mean for our healthcare systems?

>>Environmental Policy Expert: Well, we need to ensure that these renewable energy investments are equitably distributed. It's crucial that the benefits of job creation and public health improvements reach all communities, especially those historically marginalized. How can we structure policies to guarantee this?

>>Renewable Energy Engineer: We could start by identifying underserved areas and prioritizing them for renewable projects. This way, we provide jobs and cleaner air where it's needed most. But how do we make sure these communities have the necessary infrastructure?

>>Climate Scientist: To put it in perspective, the reduction in air pollution from renewable energy investments can lead to a significant decrease in healthcare costs. This isn't just about cleaner air; it's about fewer hospital visits and lower medical expenses for respiratory and cardiovascular conditions.

>>Environmental Policy Expert: Basically, if we can demonstrate the economic benefits of reduced healthcare costs due to improved air quality, it would really bolster our argument for renewable energy investments. How do we effectively communicate these savings to policymakers?

>>Environmental Economist: Actually, integrating health savings into our economic models could show a more comprehensive picture of the benefits. I recently read a study where a city saw a 20% drop in asthma cases after switching to renewables—imagine what that could mean nationwide!

>>Renewable Energy Engineer: Absolutely! And we should also consider how these long-term career paths in renewables can stabilize local economies.

>>Climate Scientist: Right! And ensuring that these health benefits are equitably distributed across all communities is vital. Fewer cases of asthma and other respiratory conditions would not only improve quality of life but also reduce healthcare costs overall.

>>Environmental Policy Expert: So, what we need is a policy framework that quantifies these health savings and integrates them into our broader strategy. Demonstrating the economic benefits of reduced healthcare costs will strengthen our case for renewable energy investments.

>>Environmental Economist: Exactly! By showing how much money could be saved on healthcare through improved air quality, we'll have a stronger argument for funding renewables. 
 >>Climate Scientist: I recently came across a fascinating case study from Denmark. They implemented a comprehensive renewable energy strategy that not only reduced emissions but also significantly improved public health outcomes. Their healthcare costs dropped noticeably due to better air quality.

>>Environmental Policy Expert: That's interesting! We should think about how Denmark's success can be replicated in other regions. From a policy perspective, it's crucial to implement strategies that focus on both emissions reduction and public health benefits. This dual approach can make a compelling case for policymakers and the public.

>>Renewable Energy Engineer: Absolutely, and speaking of successful implementations, I worked on a project in Germany where we integrated solar panels with battery storage systems. The right infrastructure made a huge difference by stabilizing the grid and reducing reliance on fossil fuels.

>>Climate Scientist: Exactly! Integrating renewable energy systems like solar and wind into our grid not only reduces emissions but also provides significant health benefits by improving air quality. In California, we saw fewer asthma cases after implementing these systems. Prioritizing infrastructure upgrades is key.

>>Environmental Policy Expert: Right, and I remember a project in the Netherlands where they subsidized electric vehicle charging stations. It boosted EV adoption and significantly reduced urban air pollution. We need to tailor similar policies to fit different regions' unique needs.

>>Renewable Energy Engineer: That reminds me of a project in India where we installed solar microgrids in a remote village. It provided reliable electricity and improved the local economy by enabling small businesses to operate longer hours. Localized solutions like this can be scaled up effectively.

>>Climate Scientist: In Kenya, we implemented agroforestry practices that helped sequester carbon, improved soil health, and increased crop yields for local farmers. These kinds of projects show how diverse approaches can have multiple benefits.

>>Environmental Economist: Those are all great examples of successful projects around the world. But let's not forget about the economic viability of scaling these solutions globally. While subsidies for EV charging stations work well in developed countries like the Netherlands, developing nations might need different financial models. 
 >>Environmental Policy Expert: We need to tailor these policies to fit the unique economic and infrastructural contexts of different regions. A one-size-fits-all approach won't work here. We need adaptable frameworks that can be customized based on local needs and capabilities.

>>Renewable Energy Engineer: Absolutely, and when we talk about grid upgrades and energy storage solutions, it's crucial to consider the technical feasibility. For instance, integrating solar and wind power requires not just new infrastructure but also advanced storage systems to manage variability. Ensuring these upgrades are reliable and scalable is key.

>>Climate Scientist: I agree with what you both mentioned. From a scientific standpoint, integrating renewable energy sources like solar and wind into our grid is essential. However, we must ensure our storage solutions are robust enough to handle their variability. This means investing in advanced technologies and upgrading our grid infrastructure to be more flexible.

>>Environmental Policy Expert: Right, we also need clear timelines and responsibilities for each action item. For example, who will oversee the grid upgrades? And who will promote renewable energy incentives?

>>Renewable Energy Engineer: Good point! The technical feasibility of these upgrades is paramount. We need someone to take charge of overseeing these implementations to ensure our infrastructure can handle the increased load from renewable sources while maintaining reliability.

*Phone rings briefly in the background*

Sorry about that! As I was saying earlier about financial planning...

>>Environmental Economist: Yes, financial planning is crucial here. We need a well-thought-out plan for these grid upgrades and storage solutions. What we need is a thorough look at costs and benefits—how will these upgrades impact overall economic stability? Who will develop this analysis?

>>Climate Scientist: Indeed! Integrating renewable energy sources isn't just a technical necessity but an economic imperative as well. Our storage solutions must be robust and scalable. So again, who will oversee these technical implementations?

>>Environmental Policy Expert: Let's summarize our concerns into actionable steps. First, we need someone to coordinate with local authorities for compliance with regional regulations. Second, we require a team for financial planning to analyze costs versus benefits thoroughly.

>>Renewable Energy Engineer: Agreed! I'll volunteer to lead the technical implementation team for overseeing grid upgrades and ensuring everything runs smoothly.

>>Environmental Economist: Great! I'll handle the financial planning aspect then—developing cost-benefit analyses and ensuring long-term economic stability.

>>Climate Scientist: Perfect! And I'll support by providing ongoing data analysis on how effective our integration of renewables is over time.

>>Environmental Policy Expert: Excellent teamwork everyone! With clear roles assigned, we're set up for success. 
 >>Environmental Economist: It's crucial that we make sure our financial planning lines up with our technical and policy strategies. The data shows that early investments in renewable infrastructure will save us money in the long run and bring a lot of benefits. We need to figure out how to balance these initial costs with the economic gains we'll see down the road.

>>Climate Scientist: That's a great point, and from my side, I can add that these investments will also help reduce emissions significantly and improve air quality. It's essential we align our financial planning with these strategies to meet our climate goals effectively.

>>Environmental Policy Expert: Absolutely, and we need to think about the immediate actions required to move forward. From a policy perspective, it's crucial that we set clear timelines and assign responsibilities for each task. This way, we can ensure our strategies are implemented and monitored effectively. So, let's recap the major decisions we've made today: prioritizing reforestation alongside renewable energy initiatives, integrating improved agricultural methods into broader mitigation strategies, and adopting a holistic approach to ecosystem restoration.

>>Renewable Energy Engineer: Right! And on the technical side of things, we'll need to focus on upgrading grid infrastructure and ensuring reliable energy storage solutions. These steps are vital for supporting our renewable energy goals.

>>Climate Scientist: Exactly! We must prioritize immediate actions like setting clear timelines.

>>Environmental Policy Expert: Agreed, let's also make sure everyone knows their roles moving forward. John, can you draft a timeline for our next steps? Sarah, please look into potential funding opportunities.

>>Environmental Economist: Sounds good. I'll keep an eye on any emerging economic trends or potential funding opportunities that could support our initiatives as well.

>>Environmental Policy Expert: Perfect. Let's reconvene in two weeks for updates and adjustments as needed.","In our decision-making meeting on climate change mitigation, we discussed various strategies to limit greenhouse gas emissions and their effectiveness. The primary focus was on reducing reliance on fossil fuels by transitioning to renewable energy sources like solar and wind power, which are currently the most cost-effective options. However, these sources require significant upgrades to electrical grids and energy storage solutions to manage their variability.

We also examined secondary mitigation strategies such as changes in land use and carbon dioxide removal (CDR) techniques. Land use changes, including deforestation and agriculture, contribute significantly to emissions but can be mitigated through practices like reforestation, afforestation, and improved agricultural methods. Enhancing natural carbon sinks through ecosystem restoration was highlighted as a crucial measure.

The meeting underscored the insufficiency of current policies in achieving the Paris Agreement's goal of limiting global warming to below 2°C. It was noted that without drastic cuts in emissions, global temperatures could rise by approximately 2.7°C by 2100. The IPCC's Sixth Assessment Report emphasized the need for emissions to peak before 2025 and decline by 43% by 2030 to maintain a chance of limiting warming to 1.5°C.

We discussed various policy measures that could support mitigation efforts, including carbon pricing systems, eliminating fossil fuel subsidies in favor of clean energy incentives, and promoting energy efficiency measures. The importance of international cooperation was stressed, with initiatives like the Global Methane Pledge aiming for significant reductions in methane emissions.

The potential co-benefits of mitigation actions were also considered, such as improved public health from reduced air pollution and economic benefits from job creation in renewable energy sectors. However, challenges remain in terms of financing these initiatives and ensuring equitable implementation across different regions.

In conclusion, while there are multiple pathways to achieve climate goals, a combination of aggressive emission reductions, technological advancements in renewable energy and storage solutions, policy reforms, and international collaboration is essential. Immediate action is required to implement these strategies effectively.

Action items include:
1. Developing comprehensive plans for grid upgrades and energy storage solutions.
2. Promoting policies that incentivize renewable energy adoption.
3. Enhancing international cooperation on emission reduction commitments.
4. Investing in research for advanced CDR technologies.
5. Implementing land use changes that enhance natural carbon sinks.

These steps will be critical in mitigating climate change impacts effectively while maximizing co-benefits for society at large."
"In the meeting, participants discussed the pervasive issue of microplastics affecting both marine and terrestrial ecosystems. They highlighted sources such as textiles and industrial processes, and their persistence in the environment. The Marine Biologist explained how microplastics are ingested by marine organisms, causing physical harm and introducing toxic chemicals into food webs. The Public Health Expert emphasized the health risks to humans through ingestion and inhalation of microplastics.

The Policy Maker stressed the need for stricter regulations on microplastics, including mandatory filtration systems in washing machines and promoting biodegradable alternatives. The Environmental Scientist pointed out that textiles contribute significantly to ocean microplastics, advocating for comprehensive waste management practices.

Participants agreed on several key actions: conducting research on health impacts, studying long-term effects on marine ecosystems, addressing urban runoff with advanced filtration systems, and establishing robust regulations. They also discussed involving local communities in these efforts to gain practical insights. The meeting concluded with assigned responsibilities: Environmental Scientist to handle urban runoff strategies, Marine Biologist to focus on community engagement, and Public Health Expert to oversee research on health impacts.",">>Policy Maker: Good morning, everyone. I hope you're all doing well today. Before we dive into today's agenda, let's quickly recap the key points from our last meeting. We talked about the problem with microplastics and their impact on both marine and terrestrial ecosystems, as well as potential ways to address this issue.

>>Marine Biologist: Morning, everyone. It's great to see you all here. As the Policy Maker mentioned, we covered a lot about microplastics in our last meeting. Today, let's focus on the specific impacts on marine ecosystems and discuss potential solutions.

>>Environmental Scientist: Good morning. Indeed, microplastics are a widespread problem that affects both marine and terrestrial environments. These particles come from various sources like textiles and industrial processes and can persist for hundreds to thousands of years, accumulating in soil and water and impacting many organisms.

>>Public Health Expert (interrupting): Sorry to jump in here, but could you clarify how exactly these particles are ingested by marine organisms? Is it through direct consumption or some other means?

>>Marine Biologist: Great question! These particles can be ingested directly by a wide range of organisms—from tiny zooplankton to large fish—which often leads to blockages and false satiation, disrupting entire food chains and ecosystems.

>>Policy Maker: As we continue our discussion on microplastics, we need to think about the rules we need to put in place to tackle this issue effectively.

>>Environmental Scientist (overlapping): And don't forget about textiles! They are a major source too.

>>(Phone rings briefly)

>>(Everyone chuckles)

>>Public Health Expert (smiling): Seems like even our devices are alerting us about this urgent issue!

>>(Everyone chuckles briefly)

—These tiny particles can enter our bodies through the food we eat, the water we drink, and even the air we breathe. The critical factor here is understanding how these pollutants accumulate in our tissues and potentially disrupt biological processes.

>>Marine Biologist: The impact of microplastics on marine life is indeed concerning... 
 Environmental Scientist: We need to consider the persistence of microplastics in both terrestrial and aquatic ecosystems. These particles don't just vanish; they break down into even smaller fragments, which can be ingested by a wide range of organisms. This leads to bioaccumulation and potential biomagnification up the food chain, affecting not only marine life but also terrestrial animals and humans.

Public Health Expert: It's important to note that microplastics don't just affect marine life; they also pose significant risks to human health. These tiny particles can enter our bodies through the food we eat, the water we drink, and even the air we breathe. The critical factor here is their potential to accumulate in our tissues, leading to various health issues over time.

Marine Biologist: The persistence of microplastics in marine ecosystems is particularly alarming because these particles can be ingested by a wide range of marine organisms, from plankton to whales. This ingestion not only causes physical harm but also introduces toxic chemicals into the food web, leading to bioaccumulation and biomagnification.

Policy Maker: We really need to tighten up our regulations on microplastics. We should have stricter controls on both primary and secondary sources and push for sustainable alternatives.

Marine Biologist: Yes, it's really concerning how persistent these particles are in marine ecosystems. They cause physical harm to marine organisms and act as vectors for toxic chemicals, disrupting the food web.

Environmental Scientist: Notably, what we need to consider is the significant contribution of textiles to microplastic pollution. About 35% of all ocean microplastics come from clothing due to erosion of synthetic fibers like polyester and nylon during washing. This affects marine ecosystems and has implications for terrestrial environments as these fibers can accumulate in soil and air.

Public Health Expert: That's a good point about textiles contributing to microplastic pollution. From a health perspective, this means we're exposed through multiple pathways. Ingestion of microplastics can lead to chronic inflammation and other long-term health issues since they carry toxic chemicals that disrupt endocrine functions.

Environmental Scientist: Indeed! Microplastics impact terrestrial ecosystems too. They accumulate in soil affecting its health and fertility, even entering the air we breathe. Microplastics are not just a marine issue but a global environmental crisis. 
 >>Policy Maker: We really need to close these regulatory gaps that let microplastics persist in our environment. I'm talking about comprehensive legislation targeting both primary and secondary sources. This means stricter controls on industrial processes, mandatory filtration systems for washing machines, and incentives for developing biodegradable alternatives.

>>Marine Biologist: Absolutely, the ocean is a vast mystery, and microplastics are infiltrating every level of the marine food web. These tiny particles cause significant harm. We should look at innovative solutions like advanced filtration systems in washing machines and promoting biodegradable materials.

>>Environmental Scientist: I agree with you both. But we also need to consider the impact of microplastics on land. They don't just affect marine life; they accumulate in soil and air, disrupting plant growth and soil health. Comprehensive waste management practices are crucial here.

>>Public Health Expert: That's a good point. And let's not forget that microplastics are a significant public health concern too. They can enter our bodies through food, water, and even the air we breathe, potentially leading to long-term health issues like respiratory problems or endocrine disruption.

>>Marine Biologist: Right! And it's fascinating how these tiny particles can cause such widespread harm across ecosystems. We should definitely push for those advanced filtration systems in washing machines to tackle one major source of pollution.

>>Environmental Scientist: Actually, textiles play a huge role in this problem—about 35% of all ocean microplastics come from clothing fibers due to erosion during washing processes. Implementing mandatory filtration systems in washing machines could significantly reduce this source of pollution.

>>Public Health Expert: Exactly! While we're focusing on environmental regulations, we must also consider the direct impact on human health. Studies show that inhalation of microplastics can lead to respiratory issues and even disrupt endocrine functions.

>>Marine Biologist: You know, it's crucial to understand that microplastics aren't just a marine issue; they infiltrate terrestrial ecosystems too, affecting soil health and plant growth. We need comprehensive waste management practices that address these pollutants at every level.

>>Environmental Scientist: Indeed! And urban runoff is another big contributor to microplastic pollution—stormwater systems often carry these particles from streets and industrial areas directly into our waterways. Better filtration systems and green infrastructure could help mitigate this issue. 
 >>Policy Maker: We need clear guidelines and funding to support research into alternative materials. Collaboration between government, academia, and industry is key.

>>Marine Biologist: These materials could help marine ecosystems, but we need to ensure they don't cause new problems. Could their breakdown products harm marine life?

>>Environmental Scientist: We should also look at their impact on land. They might help soil health but could introduce new hazards.

>>Public Health Expert: We need to check if these materials break down into tiny particles that could be inhaled or ingested.

>>Marine Biologist (interrupting): Sorry to jump in—are you talking about nanoparticles? That's a significant concern.

>>Public Health Expert: Exactly! Nanoparticles have unique risks. We need comprehensive studies on these potential health impacts.

>>Marine Biologist: From my experience, collaboration with industry partners is crucial for securing research funding. 
 >>Policy Maker: We need clear rules for our campaigns to make sure everyone is on the same page. It's important that we have guidelines on how we share information across different channels.

>>Environmental Scientist: Definitely. Community events can play a big role in spreading awareness. Things like clean-up drives and educational workshops can really show people the impact of plastic pollution on local ecosystems and get them involved.

>>Marine Biologist: Good point. And it's surprising how much impact these tiny particles can have on marine life. Microplastics are ingested by many marine organisms, causing physical harm and chemical exposure.

>>Public Health Expert: Exactly, and from a public health perspective, microplastics can enter our bodies through food, water, and even air. Over time, they can accumulate in our tissues and potentially lead to long-term health issues. We need to make sure our campaigns highlight these human health impacts clearly.

>>Marine Biologist: I agree. We should also think about using social media to amplify these messages. Platforms like Instagram and TikTok are great for reaching younger audiences with engaging content about the effects of plastic pollution on marine life.

>>Environmental Scientist: While we're discussing environmental impacts, let's also consider how microplastics affect land ecosystems. These particles can accumulate in soil, affecting plant growth and soil health. Our campaigns should cover this too.

>>Public Health Expert: Right, it's crucial that we communicate the health risks associated with microplastics effectively. This isn't just an environmental issue; it's a human health crisis as well.

>>Marine Biologist: Absolutely! Microplastics infiltrate every aspect of our environment—from marine life ingesting them to their presence in the air we breathe—the impact is pervasive. Using social media to share compelling visuals and stories can make these issues relatable and urgent for the public.

>>Environmental Scientist: Indeed! And what about educational workshops in schools? Engaging young minds with hands-on activities can foster a deeper understanding and commitment to reducing plastic use early on. 
 >>Marine Biologist: Wow! That's a fantastic idea. If we can integrate advanced filtration technologies into these educational programs, it could really drive home the importance of innovation in tackling microplastic pollution. What specific filtration advancements do you think are most feasible?

>>Public Health Expert: From a public health perspective, it's crucial to reduce microfibers entering our food and water supply. Have there been any studies on how effective these filtration technologies are at mitigating this risk?

>>Marine Biologist: Yes, several studies show that systems using nanofiber membranes or electrocoagulation can significantly reduce microfibers in wastewater. But how can we ensure these technologies are cost-effective and accessible?

>>Environmental Scientist: We also need to think about the environmental footprint of these technologies themselves. Have there been any life cycle assessments on them?

>>Policy Maker: Good point—we don't want to solve one problem only to create another. More detailed studies would definitely help before large-scale implementation.

>>Marine Biologist: Exactly! Are there any models or pilot projects that have successfully integrated such systems without causing additional harm?

>>Environmental Scientist: There are some pilot projects testing methods like nanofiber membranes and electrocoagulation, but scaling them up while maintaining environmental integrity is challenging.

>>Public Health Expert: Gathering more data from those pilots and running controlled trials in different settings could give us clearer insights into their feasibility.

>>Policy Maker: That sounds practical. We should also explore funding sources for these trials since financial constraints often hinder progress.

>>Marine Biologist: Absolutely! Involving local communities could provide valuable insights into real-world applications and acceptance levels. 
 >>Policy Maker: We really need to set up some strong rules to make sure companies cut down on plastic. It’s about holding them accountable and giving them reasons to adopt sustainable practices.

>>Environmental Scientist: Absolutely, but we should also look at specific strategies like promoting biodegradable materials or encouraging a circular economy where products are designed to be reused or recycled from the start.

>>Marine Biologist: Speaking of recycling, Patagonia's partnership with Bureo is a great example. They turn old fishing nets into skateboard decks and other products. It's a win-win for reducing waste and supporting sustainable fishing practices.

>>Public Health Expert: That's a good point. And from a health perspective, microplastics are everywhere – in our food, water, even the air we breathe. Reducing plastic production can help lower these risks significantly.

>>Marine Biologist: Another cool initiative is Adidas working with Parley for the Oceans. They make sportswear from upcycled marine plastic waste. It not only helps clean up the oceans but also raises consumer awareness about pollution.

>>Environmental Scientist: Those initiatives are fantastic, but we need to think about their overall environmental impact too. For instance, what happens at the end of these products' life cycles? Are they truly sustainable?

>>Public Health Expert: Exactly! Plus, thorough research on these initiatives can help us understand any potential health impacts better and avoid unintended consequences.

>>Policy Maker: Good points all around. Maybe we could offer tax breaks or subsidies for companies that show real progress in cutting down their plastic use and adopting greener practices. What do you all think?

>>Marine Biologist: That sounds promising! And getting local communities involved could provide valuable insights into how these initiatives work on the ground and how people feel about them.

>>Environmental Scientist: Definitely! Plus, having comprehensive studies on these projects will ensure we're scaling up solutions that genuinely benefit the environment without causing new problems.

>>Public Health Expert: Right! And those studies can guide us in making informed decisions that protect both our planet and public health. 
 >>Policy Maker: We need to start taking concrete steps now. Let's establish mandatory filtration systems in washing machines and provide incentives for industries to adopt biodegradable alternatives. Environmental Scientist, would you be able to lead the research on filtration technologies? And Marine Biologist, can you focus on community engagement and awareness campaigns?

>>Marine Biologist: I agree with establishing filtration systems and promoting biodegradable alternatives. Additionally, we could collaborate with local organizations to amplify our community engagement efforts.

>>Environmental Scientist: Yeah, another critical aspect is urban runoff management. Urban runoff significantly contributes to microplastic pollution, affecting both terrestrial and aquatic ecosystems. How about we assign a dedicated team to develop strategies for mitigating this source of pollution?

>>Public Health Expert: Thanks for bringing up urban runoff management; it's definitely a key area we need to address. Also, it's important to note that microplastics pose significant health risks to humans. These particles can enter our bodies through food, water, and even the air we breathe. We need a dedicated team to research these health impacts further.

>>Policy Maker: Absolutely, those are all crucial points. So let's break it down: Environmental Scientist will handle urban runoff strategies; Marine Biologist will take charge of community engagement; Public Health Expert will oversee research on health impacts. Does that work for everyone?

>>Marine Biologist: Right, I'll start by organizing workshops and educational programs about microfiber pollution reduction techniques.

>>Environmental Scientist: Sure, I can take that on. I'll begin by reviewing current urban runoff management practices and identifying areas for improvement.

>>Public Health Expert: I'll coordinate with medical researchers to study how microplastics affect human health over time.

>>Policy Maker: Excellent! Let's reconvene next month to review progress and adjust our strategies as needed. Thank you all for your contributions today. 
 >>Public Health Expert: Um, it's important to note that our next steps should include a thorough review of the health impacts of microplastics. We need focused research on how these particles affect human health, especially in vulnerable populations like children and the elderly.

>>Marine Biologist: You know, in the grand scheme of things, our next steps should definitely include a comprehensive study on how microplastics affect marine ecosystems at all levels. We need to look into the long-term impacts on biodiversity and food webs, as well as potential mitigation strategies. Additionally, we must ensure that our research is collaborative and involves local communities to gain real-world insights.

>>Environmental Scientist: Well, what we need to consider is the broader impact of microplastics on both terrestrial and aquatic ecosystems. Addressing urban runoff—essentially water from cities carrying pollutants into natural bodies—and implementing advanced filtration systems are crucial steps from an ecological perspective. Our efforts must be comprehensive and collaborative.

>>Policy Maker: It's imperative that we establish a robust regulatory framework to address this multifaceted issue. From a regulatory standpoint, we need to enforce mandatory filtration systems in washing machines and incentivize industries to adopt biodegradable alternatives. Our legislative framework requires comprehensive urban runoff management strategies to mitigate pollution effectively.

>>Marine Biologist: I completely agree with you all. And just to add, involving local communities will give us valuable insights that can make our solutions more practical and effective.

>>Environmental Scientist: Absolutely! To summarize briefly, we've agreed on several key actions: conducting comprehensive research on health impacts; studying long-term effects on marine ecosystems; addressing urban runoff with advanced filtration systems; and establishing robust regulations. Let's keep collaborating closely moving forward!","In our recent decision-making meeting, we discussed the pervasive issue of microplastics and their environmental impact. Microplastics are defined as plastic fragments less than 5 mm in length, originating from various sources such as cosmetics, clothing, food packaging, and industrial processes. These particles are classified into primary microplastics, which are manufactured to be small, and secondary microplastics that result from the breakdown of larger plastic items.

The discussion highlighted that microplastics persist in both aquatic and terrestrial ecosystems due to their slow degradation rate. They pose significant risks by entering the food chain through ingestion by marine organisms and potentially affecting human health. Notably, textiles contribute significantly to oceanic microplastic pollution due to synthetic fibers released during washing.

We also examined the role of wastewater treatment plants (WWTPs) in mitigating microplastic pollution. While WWTPs can remove a substantial amount of these particles, they are not entirely effective, leading to continued environmental contamination. Additionally, single-use plastics and improper disposal practices exacerbate the problem.

The meeting concluded with several action items aimed at addressing this issue:

1. **Policy Implementation**: Advocate for stricter regulations on the use of microplastics in consumer products and improved waste management practices.
2. **Research Investment**: Support further research into alternative materials that degrade more rapidly and safely.
3. **Public Awareness Campaigns**: Launch educational initiatives to inform the public about reducing plastic use and proper disposal methods.
4. **Technological Innovations**: Encourage advancements in filtration technologies for washing machines and WWTPs to capture more microfibers.
5. **Corporate Responsibility**: Engage with industries to reduce plastic production and promote sustainable practices.

By focusing on these areas, we aim to mitigate the adverse effects of microplastics on our environment and health while fostering a more sustainable future."
"In the meeting, the team discussed leveraging SpaceX's achievements for public relations and business strategy. The Public Relations Specialist emphasized the importance of highlighting SpaceX's innovations, such as reusable rockets, to attract investors and build a compelling narrative. The Aerospace Engineer explained how technical advancements like cost savings from reusability and long-term sustainability can draw investor interest. The Business Strategist suggested targeting new markets, including space tourism and educational partnerships, to monetize these advancements.

The team agreed on the need for clear communication that showcases both technical reliability and human stories to build trust and excitement among the public and investors. They also discussed expanding Starlink's coverage to underserved regions as a way to boost SpaceX's image and profitability.

Action items were assigned: the Aerospace Engineer will prepare a detailed report on technical benefits and financial returns, while the Public Relations Specialist will develop a PR narrative with personal testimonials. The Operations Manager will coordinate these efforts. A follow-up meeting was scheduled in two weeks to review progress.",">>Public Relations Specialist: Hey everyone, great to see you all! Let's dive into today's topic—SpaceX's achievements and how we can leverage them for PR.

>>Business Strategist: Absolutely! We need to focus on how these accomplishments can attract investors and partnerships.

>>Aerospace Engineer: Right, their reusability with rockets like Falcon 9 has been huge for cost savings. It's made space missions way cheaper for clients.

>>Business Strategist: Exactly! So how do we highlight these cost savings to draw investor interest?

>>Public Relations Specialist (interrupting): Wait a second, can you explain how those savings translate into investor interest? That'll help us shape our PR strategy better.

>>Aerospace Engineer: Sure! Lower launch costs mean missions are cheaper for clients, attracting more customers and investors looking for good returns due to lower expenses.

>>Business Strategist: Got it. We should definitely emphasize that in our communications—how these innovations save money and attract investment.

>>Aerospace Engineer: And don't forget about long-term sustainability. It's not just reusability; it's about integrating these advancements into future projects while keeping them cost-effective and reliable. 
 >>Business Strategist: I think we should also consider how this can attract more investors. The cost savings from reusability are fantastic, but what if we could pitch these advancements to new markets? For instance, emerging space tech companies or even educational institutions looking for research opportunities.

>>Public Relations Specialist: Absolutely, and these milestones are not just technical achievements but powerful stories. SpaceX is making space travel more accessible and affordable. We need to highlight innovation and progress in a way that resonates with the public.

>>Aerospace Engineer: From a technical side, making rockets reusable is like revolutionizing air travel by making planes reusable. It’s not just about reducing costs; it’s about increasing launch frequency and opening up new possibilities for space missions.

>>Public Relations Specialist: Exactly! And we need to communicate these milestones in a way that highlights SpaceX's role in making space travel more accessible. Imagine the excitement when people see rockets being reused like airplanes. It's inspiring the next generation of explorers.

>>Aerospace Engineer: You know, it's not just a cost-saving measure but a paradigm shift in how we approach space missions. Think of it as moving from disposable cameras to digital ones—suddenly, the frequency and flexibility of capturing moments increase exponentially. This leap can enable more frequent and diverse missions, potentially fostering international collaborations.

>>Business Strategist: Absolutely! These milestones open up new markets too. We should focus on monetizing these advancements—like offering satellite launch services or even space tourism packages. At the end of the day, it's about turning innovation into profit.

>>Public Relations Specialist: Speaking of which—

>>Aerospace Engineer (interrupting): Wait, I just thought of something—how do you think our competitors will react? Will they try similar approaches or stick with their current models?

>>Public Relations Specialist: Good point! They’ll definitely take notice and might start exploring similar technologies. But if we position ourselves as pioneers through effective storytelling and media coverage, we'll maintain our lead.

>>Business Strategist: Actually, I’m not so sure everyone’s ready for space tourism yet. There might be skepticism about safety or costs among potential customers.

>>Public Relations Specialist: True, but that's where our storytelling comes in—we need to build trust by showcasing successful launches and sharing testimonials from satisfied clients or partners. 
 >>Aerospace Engineer: The Dragon spacecraft's first docking with the ISS was huge for us. It showed our systems work and opened doors for private companies in space. We should think about how these advancements can push our future missions forward.

>>Business Strategist: Yeah, it was a big deal. We should use this success to get more investors and partners on board. How can we turn these milestones into new revenue streams?

>>Aerospace Engineer: Well, the success of the Dragon in the COTS program set a great example. We could look into partnerships with educational institutions for research missions or even explore space tourism ventures.

>>Public Relations Specialist: From a PR standpoint, that milestone really boosted SpaceX's brand image. It showed everyone that we're reliable and capable, which is key for attracting public interest and investments. How do you think we can keep this momentum going?

>>Business Strategist: Good point. The key takeaway here is that we've got a lot of commercial opportunities now. What if we explored new markets like space tourism or even manufacturing in space? Maybe partner with luxury brands for exclusive experiences?

>>Public Relations Specialist: That's an interesting idea! Given our strong brand image after the Dragon mission, partnering with luxury brands could add exclusivity and excitement that appeals to high-end customers. But we need to make sure it aligns with our core mission and values.

>>Aerospace Engineer: True, we have to balance innovation with our long-term goals. Maybe start small with some pilot projects to test the waters before fully committing. 
 >>Business Strategist: What we need to focus on is ensuring these pilot projects are commercially viable. It's not just about the technology but also about how we can monetize these advancements. How can we attract investors by showcasing potential returns from these small-scale initiatives?
>>Public Relations Specialist: From a PR standpoint, it's crucial to inspire people with our progress on space travel while emphasizing our technology's reliability and safety. Successful test flights will drive excitement and trust among both the public and investors.
>>Aerospace Engineer: Absolutely! The Starship project is revolutionary because its design allows for multiple launches with minimal refurbishment, reducing costs significantly. We should highlight these advancements effectively to both investors and the public.
>>Public Relations Specialist: Imagine the headlines when we successfully land on Mars! But let's also show that our technology is reliable through every successful test flight—it builds trust and anticipation.
>>Aerospace Engineer: Each successful test flight validates our design and demonstrates feasibility for frequent missions at lower costs. These milestones can help secure long-term investments and public support if communicated well.
>>Business Strategist: Right, so every milestone achieved helps build a stronger case for investment? We need a solid business model showing potential returns at each stage of Mars colonization—how do we leverage this?
>>Public Relations Specialist (interrupting): Are you suggesting that each test flight directly correlates with increased investor confidence?
>>Aerospace Engineer: Yes, exactly! Each successful test flight shows we're making progress towards cost-effective missions, which boosts investor confidence. 
 >>Business Strategist: So, um, speaking of investor confidence, we really need to focus on how we can grow Starlink's coverage effectively. We're already making good progress with our current service regions, but how do we expand further while keeping it profitable?

>>Public Relations Specialist: Right! Expanding isn't just about profits; it's also about boosting SpaceX's image as an innovator. More regions covered means more people experiencing our tech firsthand.

>>Business Strategist: Exactly! We should target markets with high demand for reliable internet but limited access—those could be gold mines for us.

>>Public Relations Specialist: Absolutely! And imagine telling stories about remote villages getting high-speed internet for the first time—that's powerful stuff!

>>Aerospace Engineer: From a technical side, expanding means deploying more satellites carefully to avoid collisions and ensure they work well together.

>>Business Strategist: Good point! We should look at local partnerships too—they can help us navigate regulations and meet market needs better.

>>Public Relations Specialist: Yeah! Those impactful stories will boost our reputation and support from both public and investors. 
 >>Aerospace Engineer: Um, what we need to consider is how feasible it is technically to expand our satellite network while keeping things safe and reliable. Deploying more satellites means we have to get really precise with their paths so they don't collide.

>>Business Strategist: Right, from a business angle, expanding our network could open up new revenue streams by targeting underserved markets and forming strategic partnerships. Each successful deployment boosts both our technical credibility and market position.

>>Aerospace Engineer: You know, using advanced propulsion systems like ion thrusters could be crucial here. They can enhance fuel efficiency and extend our satellites' operational lifespan.

>>Business Strategist: That's true! And from a commercial standpoint, these systems could reduce long-term costs significantly.

>>Public Relations Specialist: Plus, think about the PR benefits—partnering with such a high-profile company would look great for us.

>>Aerospace Engineer: Also, there's potential for collaboration with SpaceX on their Starship project. Their reusable rockets could give us more frequent access to space at lower costs. Remember when we worked with them on that small satellite launch last year? It was smooth and cost-effective.

>>Business Strategist: Absolutely! And leveraging their technology could help us reach new markets faster. But do you think there are any risks involved?

>>Aerospace Engineer: Well, there's always some risk in relying too much on one partner. We should have backup plans in case of delays or issues on their end.

>>Public Relations Specialist: From a PR perspective, this is huge! Aligning ourselves with SpaceX would boost our brand image significantly. But we should also be prepared to handle any negative fallout if something goes wrong.

>>Aerospace Engineer: Good point. We should also consider using Starship for deep space missions too—it has great payload capacity which could revolutionize interplanetary exploration.

>>Business Strategist: Exactly! Let's keep an eye on this opportunity while exploring these strategic interests actively. 
 >>Aerospace Engineer: You know, one of the most memorable experiences I had was during the early days of developing the Falcon 9. We faced numerous technical challenges, especially with making it reusable. It's like trying to build a plane that can fly over and over without needing a ton of repairs.

>>Public Relations Specialist: That sounds challenging! How did you manage to overcome those issues?

>>Aerospace Engineer: It took a lot of trial and error, honestly. One of the toughest parts was working on the thermal protection system for the Dragon spacecraft. Making sure the heat shield could handle re-entry temperatures was no joke – it's like trying to keep something from melting in an oven.

>>Public Relations Specialist: Wow, that's intense! From a PR standpoint, these stories are gold mines for our brand image. Overcoming such hurdles makes SpaceX look not just innovative but also resilient and determined.

>>Aerospace Engineer: Yeah, exactly! And then there was developing the Raptor engine. Getting high efficiency and thrust while using methane as fuel was another big challenge.

>>Business Strategist: Speaking of challenges, evaluating the commercial viability of space tourism has been eye-opening for me. The technology is groundbreaking, but making it affordable is tough – kind of like selling luxury cars; you need to balance exclusivity with accessibility.

>>Public Relations Specialist: That's interesting! How do you think we can best communicate these technical details to the public?

>>Business Strategist: Good question. I think focusing on how these advancements will impact everyday life might help make it more relatable.

>>Aerospace Engineer: Definitely. And speaking of impact, launching the first batch of Starlink satellites was huge for us. It wasn't just about technology; it was about connecting people in remote areas who never had internet access before.

>>Public Relations Specialist: That's amazing! It's like bringing light to places that were in darkness.

>>Aerospace Engineer: Exactly. And let's not forget about developing the Merlin engine – balancing thrust and efficiency while keeping reliability high is always a tricky part.

>>Business Strategist: Absolutely! And assessing things like asteroid mining has been intriguing too. Turning something that sounds like science fiction into a profitable business model is quite a task. 
 >>Aerospace Engineer: Um, what we need to consider is the technical feasibility of these ambitious projects. We need to make sure our propulsion systems and spacecraft can handle the challenges of asteroid mining. Precision in navigation and resource extraction will be key.

>>Public Relations Specialist: That's a good point. From a PR standpoint, it's essential to craft a compelling narrative that highlights our innovative approach while transparently addressing safety and environmental concerns. How does this look to the general public and investors?

>>Business Strategist: Right, from a business perspective, we should focus on the commercial viability of these projects. If we can demonstrate a clear path to profitability, investors will be more inclined to support us. So, how can we leverage SpaceX's technology—since they have advanced tech that could help us cut costs significantly—and maximize returns?

>>Aerospace Engineer: Interestingly, integrating advanced AI for autonomous operations could significantly enhance precision in navigation and resource extraction. The critical factor here is ensuring our systems are robust enough to handle the complexities of asteroid environments.

>>Public Relations Specialist: To put it simply, our messaging needs to be clear and compelling. We're pioneers in asteroid mining but also deeply care about safety and the environment.

>>Business Strategist: That sounds promising. Focusing on how SpaceX's technology can help us reduce operational costs and increase profitability is vital. Leveraging their advancements could make asteroid mining commercially viable much sooner than expected.

>>Public Relations Specialist: You know, our narrative should not only focus on technical marvels but also on the human element. We're pushing boundaries for humanity's betterment. How does this look to families and communities who might be inspired by our work? 
 >>Business Strategist: So, we need to make sure our commercial ventures are not just technically sound but also financially viable. Investors want to see a return on their investment. Let's consider this angle: how can we ensure that our projects, like asteroid mining or space tourism, are profitable from the get-go? We need clear action items and responsibilities assigned to make this happen.

>>Aerospace Engineer: The technical feasibility of our projects is crucial. Ensuring the reliability and reusability of our spacecraft directly impacts cost-effectiveness and investor confidence. We should highlight how these technical advancements translate into financial benefits.

>>Public Relations Specialist: From a PR standpoint, it's crucial that our communication strategy highlights not just the technical and financial aspects but also the human stories behind these projects. Showcasing personal testimonials from astronauts or engineers can make our advancements more relatable and inspiring. The key message here is to build trust and excitement through authentic storytelling.

>>Aerospace Engineer: Absolutely! I'll develop a detailed report on how our technical advancements reduce costs and increase profitability, including relevant case studies and past project data.

>>Business Strategist: Fantastic! Let's assign specific tasks to ensure profitability. I suggest the Aerospace Engineer takes on the detailed report on technical benefits and financial returns given their expertise in technical advancements. Can we aim to have this ready in two weeks? Does that work for everyone?

>>Aerospace Engineer: Two weeks should be doable for me as long as I get access to all necessary data promptly.

>>Public Relations Specialist: Sounds good! I'll take on developing a compelling PR narrative with personal testimonials and success stories to build trust and excitement. Two weeks works for me too.

>>Business Strategist: Great! And let's have someone oversee the coordination between these efforts to ensure everything aligns smoothly. How about you, Operations Manager?

>>Operations Manager: Sure thing! I'll coordinate between the engineering report and PR narrative to make sure we're all on track.

>>Business Strategist: Perfect! So, we have clear tasks assigned—Aerospace Engineer will handle the technical report, Public Relations Specialist will craft the PR narrative, and Operations Manager will oversee coordination. Let's reconvene in two weeks with updates.

>>Public Relations Specialist: Absolutely!

>>Aerospace Engineer: Got it!

>>Operations Manager: Will do! 
 >>Business Strategist: Alright, let's wrap this up. We need to make sure our next steps are clear and actionable. How about we schedule a follow-up meeting in two weeks? By then, our Aerospace Engineer will have the technical report ready, and our Public Relations Specialist will have the PR narrative prepared.

>>Public Relations Specialist: Definitely! From a PR perspective, it's crucial that our technical report and narrative are in sync so that our story resonates with both investors and the public. Great job today, everyone!

>>Aerospace Engineer: My technical report will provide a detailed analysis of our advancements and their financial implications. We need to ensure that our data aligns with the PR narrative.

>>Public Relations Specialist: Right! And we should also highlight the human stories behind these advancements. This will resonate deeply with both investors and the public.

>>Aerospace Engineer: Indeed! My report will cover key advancements like efficiency improvements and cost savings from reusable rockets. We need to integrate these details into the PR narrative to emphasize both innovation and financial prudence.

>>Business Strategist: Exactly! So, let's ensure that our follow-up meeting in two weeks is productive. Everyone should come prepared with their respective reports.

>>Public Relations Specialist (interrupting): Sorry to jump in—uhm, are we including any customer testimonials or case studies?

>>Aerospace Engineer: Good point! Yes, those elements can definitely add value by providing real-world context.

>>Business Strategist: I agree, but let's also consider if we have enough time to gather quality testimonials before our next meeting.

>>Public Relations Specialist: Sounds good!

>>Aerospace Engineer: Looking forward to it!

>>Business Strategist: Thanks for your hard work today, everyone!","In today's decision-making meeting, we discussed the key aspects and achievements of SpaceX, a private American aerospace manufacturer and space transportation company founded by Elon Musk in 2002. The primary focus was on understanding SpaceX's mission to reduce space transportation costs and enable the colonization of Mars.

We reviewed SpaceX's significant milestones, including the development of the Falcon 1, Falcon 9, and Falcon Heavy rockets. These rockets have revolutionized space travel with their reusability features, drastically cutting down costs. The successful launch and landing of these rockets were highlighted as pivotal moments in aerospace history.

The team also examined SpaceX's Dragon spacecraft, which has been instrumental in transporting cargo to the International Space Station (ISS) under NASA's Commercial Orbital Transportation Services (COTS) program. Notably, Dragon became the first commercial spacecraft to dock with the ISS in 2012. We acknowledged that this achievement marked a new era for private companies in space exploration.

Another critical point of discussion was SpaceX's ambitious Starship project aimed at deep-space missions, including potential human landings on Mars. The Starship is designed to be fully reusable and capable of carrying large numbers of passengers or cargo. We noted that while there have been several test flights with mixed results, progress continues toward achieving operational status.

The meeting also covered SpaceX’s role in satellite deployment through its Starlink project, which aims to provide global high-speed internet coverage via a constellation of low Earth orbit satellites. This initiative has already launched thousands of satellites and begun offering services in various regions worldwide.

In conclusion, we recognized SpaceX as a transformative force in the aerospace industry due to its innovative technologies and ambitious goals. Moving forward, our action items include monitoring further developments from SpaceX closely and exploring potential collaborations or investments that align with our strategic interests in space technology advancements.

Overall, today's meeting provided valuable insights into how SpaceX is shaping the future of space exploration and transportation while presenting opportunities for us to engage with this dynamic sector actively."
"In a meeting discussing dark matter, experts from astrophysics, particle physics, and astronomy shared insights on recent findings and theories. They emphasized the importance of combining observational techniques like gravitational lensing and cosmic microwave background (CMB) data with direct detection methods to map dark matter distribution accurately. The discussion highlighted the roles of weakly interacting massive particles (WIMPs) and axions as potential dark matter candidates, while also considering other possibilities like sterile neutrinos and primordial black holes.

The participants agreed that refining galaxy rotation curve data and leveraging advanced technologies such as radio astronomy and machine learning could reveal subtle anomalies in dark matter interactions. They acknowledged the challenges of direct detection but stressed its necessity for validating observational evidence. The conversation also touched on modified gravity theories like MOND and TeVeS, noting their limitations compared to dark matter models.

Personal anecdotes about significant discoveries underscored the excitement and collaborative spirit driving their research. The meeting concluded with a consensus on integrating various approaches—observational techniques, direct detections, and computational analysis—to achieve a comprehensive understanding of dark matter. Specific action items were outlined for future research to refine detection methods and enhance observational precision.",">>Astrophysicist: Good morning, everyone. It's great to see you all here as we delve deeper into the mysteries of dark matter. Today we'll explore the latest findings and theories surrounding this elusive substance and discuss how these insights can advance our understanding of cosmology.

>>Particle Physicist: Morning! Despite its elusive nature, the experimental evidence we've gathered so far has been quite compelling. We've attempted to detect weakly interacting massive particles (WIMPs) and axions, but nothing conclusive yet. There's still so much to uncover.

>>Astronomer: As we gaze upon the vast expanse of space, we notice galaxies rotating in ways that defy our understanding if only visible matter were present. The gravitational effects hint at something more—dark matter! It's fascinating how empirical observations like galaxy rotation curves and gravitational lensing provide such compelling evidence for dark matter's existence.

>>Astrophysicist: When discussing WIMPs and axions earlier, could you briefly explain their significance again?

>>Particle Physicist: Sure! WIMPs are hypothetical particles that interact weakly with ordinary matter through gravity and possibly other forces. Axions are another type of hypothetical particle that might solve some problems in quantum chromodynamics while also being a candidate for dark matter.

>>Astronomer: It's interesting how these observations align with our theoretical models. Just imagine if we could observe the gravitational lensing effects with even greater precision... 
 >>Astrophysicist: Imagine if we could observe gravitational lensing with such precision; it'd be like having a magnifying glass to the universe's hidden secrets. These observations could help us map out dark matter distributions more accurately and even test alternative theories of gravity.

>>Particle Physicist: That would be incredible! And if we could also detect WIMPs or axions directly, it would totally change our understanding of dark matter. The experimental evidence from particle detectors like those at Gran Sasso or SNOLAB is crucial for this.

>>Astronomer: Exactly! Plus, when you think about how galaxies rotate in ways that defy our expectations, it really points to the presence of dark matter. Observations like these challenge our understanding and push us to explore further.

>>Astrophysicist: Right, and the cosmic microwave background anisotropies—those tiny temperature fluctuations—show us how ordinary and dark matter interacted in the early universe. It's fascinating how these patterns align with our theoretical models.

>>Particle Physicist: And combining insights from gravitational lensing with data from cosmic microwave background anisotropies would allow us to create a more comprehensive map of dark matter distribution across the universe. This approach could reveal new aspects of dark matter's role in galaxy formation.

>>Astronomer: Look at the Bullet Cluster... two galaxy clusters colliding, and the dark matter separates from visible matter. This separation indicates that dark matter doesn't interact electromagnetically like ordinary matter. Observations like these provide direct evidence for dark matter's existence.

>>Astrophysicist: Using data from gravitational lensing and cosmic microwave background anisotropies to create a detailed map of dark matter distribution would enhance our understanding of galaxy formation and potentially reveal new insights into the nature of dark matter itself. 
 Particle Physicist: We've been focusing on WIMPs and axions for years now, but still no conclusive evidence. Maybe it's time we consider other candidates like sterile neutrinos or primordial black holes?

Astronomer: That's a good point. Our observations do support dark matter's existence through galaxy rotations and lensing effects. How can we refine these methods further to guide our search?

Astrophysicist: If we integrate direct detection data with our cosmological models, we might uncover patterns pointing to new particles. What technologies could help us here?

Particle Physicist: Advanced detection tech could be key. We need to push beyond current limits to uncover these elusive particles.

Astronomer: Right, and combining observational techniques with new particle detection technologies might give us the edge we need. Have you thought about how gravitational lensing data could pinpoint regions where dark matter interactions are more likely?

Astrophysicist: Absolutely, leveraging that data along with galaxy rotation curves sounds promising. It could reveal specific areas in the universe where these interactions are happening.

Particle Physicist: And if our current methods aren't enough, maybe exploring new theoretical frameworks could enhance our detection capabilities. It's all about pushing the boundaries of what we know.

Astronomer: Agreed. By refining our observational methods and integrating them with advanced technology, we might finally get closer to understanding dark matter. 
 >>Astronomer: The advancements in radio astronomy are incredible! We've mapped dark matter halos around galaxies with amazing precision.

>>Astrophysicist: Yeah, and if we combine these maps with gravitational lensing data, we could get a better understanding of galaxy mass distribution. It's like seeing the universe in high definition.

>>Particle Physicist: That's a great idea! But don't you think we also need direct detection methods to confirm our findings? Indirect evidence can only take us so far.

>>Astrophysicist: True, but refining our galaxy rotation curve data with these new techniques might help us spot subtle anomalies pointing to new dark matter interactions. It’s exciting to think about what we might discover.

>>Particle Physicist: Absolutely. But capturing dark matter particles directly would be a game-changer. Imagine if we could actually detect them in our advanced particle detectors—that would provide irrefutable evidence and maybe even tell us more about their nature.

>>Astronomer: Speaking of which, using gravitational lensing has allowed us to observe distant galaxies and their dark matter halos more clearly than ever before. For instance, we've recently observed a distant galaxy cluster that revealed unexpected dark matter distributions.

>>Astrophysicist: That’s fascinating! Leveraging precise radio astronomy maps to refine our understanding of galaxy rotation curves could reveal those subtle anomalies you're talking about. It’s like piecing together a cosmic puzzle.

>>Particle Physicist: And while we're at it, let's not forget the challenges of direct detection. Capturing these elusive particles is no small feat, but combining both approaches—observational and direct detection—could truly revolutionize our understanding.

>>Astronomer: Absolutely! And it's not just about finding dark matter but also understanding its role in galaxy formation and evolution. These observations give us a glimpse into the very fabric of the universe. 
 >>Astrophysicist: Imagine if we could tweak our understanding of gravity itself to explain these phenomena. Theories like MOND and TeVeS try to do just that by adjusting Newtonian dynamics and general relativity. It's pretty cool when you think about it, right?

>>Particle Physicist: Yeah, those theories are interesting, but they often fall short when we look at the full range of evidence. For example, the Bullet Cluster's gravitational lensing data really doesn't fit with MOND or TeVeS. Dark matter seems to align better with what we're seeing both directly and indirectly.

>>Astronomer: I get your point about the Bullet Cluster. It's a fascinating case study. But let's not forget other evidence too, like galaxy rotation curves which also support dark matter over modified gravity theories.

>>Astrophysicist: True, while MOND and TeVeS struggle with some observations like the Bullet Cluster, they still offer valuable insights into things like galaxy rotation curves where dark matter alone doesn't fully explain everything.

>>Particle Physicist: And don't forget the Cosmic Microwave Background (CMB) anisotropies. The structure we see there is well-explained by the Lambda-CDM model that includes dark matter. MOND and TeVeS have a hard time matching up with that data.

>>Astronomer: Absolutely, the CMB data is crucial. But maybe there's a way to combine aspects of both approaches? We could look into how modified gravity theories might work alongside dark matter in certain contexts.

>>Astrophysicist: That's an interesting idea. Maybe refining our models further could help bridge some gaps. We should definitely explore more cosmic collisions beyond just the Bullet Cluster to see if similar patterns emerge.

>>Particle Physicist: Agreed, expanding our research could provide more clarity. Let's consider setting up a collaborative study to investigate these different angles together. 
 >>Astrophysicist: Have you thought about combining our efforts to create a comprehensive map of dark matter distribution using both gravitational lensing and CMB data? This could really enhance our understanding and maybe even reveal subtle anomalies pointing us towards new physics. Isn't that fascinating?

>>Astronomer: That sounds incredible! If we refine our observational techniques further, like combining the precision of radio astronomy with gravitational lensing data, we might uncover those subtle anomalies in dark matter distribution. Just think about the potential discoveries!

>>Particle Physicist: While that's definitely intriguing, we shouldn't overlook the necessity of direct detection methods. Without experimental evidence from particle detectors, all these observations remain speculative. What if we explore more advanced detection technologies to finally capture WIMPs or axions? That's crucial too.

>>Astrophysicist: True, but imagine integrating these advanced detection technologies with our current observational methods. We could potentially pinpoint the exact nature of dark matter by cross-referencing direct detection data with gravitational lensing and CMB anisotropies. This multi-faceted approach might finally give us the breakthrough we've been seeking.

>>Particle Physicist: I agree it's promising, but without concrete experimental evidence from particle detectors, we're still speculating. Maybe we should focus on enhancing the sensitivity of our detectors to capture WIMPs or axions more effectively first.

>>Astronomer: It's amazing how far our observational techniques have come! If we leverage the precision of radio astronomy to map dark matter halos more accurately, we might find unexpected patterns or anomalies. Combining these refined maps with gravitational lensing data could help pinpoint regions where dark matter interactions are most likely.

>>Astrophysicist: And what if we use machine learning algorithms to analyze vast amounts of data from various observational techniques? We might uncover patterns or correlations not immediately apparent through traditional methods. This approach could revolutionize our understanding of dark matter interactions.

>>Astronomer: Yeah, using machine learning to analyze these maps sounds like a great idea! We might uncover patterns or correlations that aren't immediately obvious through traditional methods.

>>Particle Physicist: I'm a bit skeptical about relying too much on machine learning though. It can be powerful, but it also has its limitations and biases. We need to ensure we're not missing out on critical insights by over-relying on algorithms.

>>Astrophysicist: That's a fair point. But if machine learning could predict where dark matter interactions are most likely to occur by training algorithms on combined datasets from gravitational lensing, CMB anisotropies, and direct detection experiments... we'd be able to pinpoint regions of interest with unprecedented accuracy. That would be a game-changer!

>>Astronomer: Definitely worth exploring further! But let's make sure we're balancing all approaches—observational techniques, direct detections, and computational analysis—to get the most accurate results. 
 >>Astrophysicist: You know, speaking of unexpected moments, I once had this observation session where we were tracking a comet. The weather was terrible, and we thought we'd have to pack up. But then, the clouds parted just in time for us to capture the most stunning images of the comet's tail! Isn't it amazing how sometimes nature just gives you exactly what you need?

>>Astronomer: That's incredible! It reminds me of when we were trying to capture data on the Cosmic Microwave Background. The equipment was acting up all night—

>>Particle Physicist: Oh no, not that!

>>Astronomer: (laughs) Yeah, it was a nightmare! Just as we were about to call it quits, everything suddenly started working perfectly. The data we collected that night was some of the most precise we've ever had.

>>Astrophysicist: Wow, that's lucky! It's those moments that make all the hard work worth it.

>>Particle Physicist: Well, while those stories are fascinating, let's not forget that without direct detection methods, all these observations remain speculative.

>>Astronomer: True, but sometimes those indirect observations can lead us to new hypotheses.

>>Particle Physicist: Fair point. I remember an experiment where we were trying to detect WIMPs using a cryogenic detector. The setup was incredibly sensitive; any slight disturbance could ruin the data. We were about to call it a night after hours of no results when suddenly—

>>Astrophysicist: Let me guess—everything aligned perfectly?

>>Particle Physicist: Exactly! We detected an anomaly that matched our predictions perfectly. It was such an adrenaline rush!

>>Astronomer: Those breakthroughs are what keep us going despite all the setbacks and long hours in the lab.

>>Astrophysicist: Speaking of long hours, do you guys remember your first major discovery? Mine was during my PhD when I identified a new galaxy cluster. It felt like finding buried treasure! I couldn't sleep for days from excitement.

>>Astronomer: Oh wow! For me, it was discovering an exoplanet orbiting a distant star. It felt like being part of something much bigger than myself.

>>Particle Physicist: My first big moment was detecting neutrinos from a supernova explosion. It was such an adrenaline rush knowing we were witnessing something so rare and significant.

>>Astrophysicist: And it's not just about the data; it's also about those shared experiences with your team. There's something really special about overcoming challenges together.

>>Astronomer: Absolutely! Those late nights and eureka moments create bonds that last a lifetime. 
 >>Astrophysicist: Yes, those shared experiences are really valuable. Let's quickly recap our key ideas: combining gravitational lensing with CMB data for dark matter mapping, refining radio astronomy techniques, and using machine learning to find hidden patterns.

>>Particle Physicist: Integrating machine learning is promising, but we need solid experimental evidence from direct detection methods to validate any patterns we find.

>>Astronomer: Absolutely! Our observations have consistently pointed towards dark matter. But balancing indirect methods with direct detection is crucial for accuracy.

>>Astrophysicist: Right, combining these approaches could lead us to groundbreaking discoveries if we ensure rigorous validation through direct detection.

>>Astronomer: Agreed! Moving forward, let's outline specific action items for future research focusing on refining our direct detection methods alongside advanced observational techniques.

>>Particle Physicist: Exactly! A comprehensive strategy is essential for significant progress in understanding dark matter.","During the Innovation Forum, the topic of dark matter was extensively discussed. Dark matter is a hypothetical form of matter that does not interact with light or other electromagnetic radiation, making it invisible and detectable only through its gravitational effects. It constitutes about 26.8% of the universe's mass-energy content, while ordinary matter makes up just 5%, and dark energy accounts for 68.2%.

The forum highlighted that dark matter's existence is inferred from various astronomical observations such as galaxy formation and evolution, gravitational lensing, and cosmic microwave background anisotropies. Despite its elusive nature, it is believed to be composed of unknown subatomic particles like WIMPs or axions, or possibly primordial black holes.

Historically, the concept dates back to Lord Kelvin in the late 19th century and was further developed by astronomers like Jacobus Kapteyn and Fritz Zwicky in the early 20th century. Zwicky's study of galaxy clusters provided significant early evidence for dark matter through his application of the virial theorem.

In recent decades, advancements in radio astronomy and optical measurements have reinforced the presence of dark matter halos around galaxies. Observations such as flat galaxy rotation curves and gravitational lensing have been pivotal in supporting this hypothesis.

The forum also addressed alternative theories that modify general relativity to explain these phenomena without invoking dark matter. However, none have successfully accounted for all observational evidence simultaneously.

Current research focuses on detecting dark matter particles directly through laboratory experiments or indirectly via their annihilation products in space. Experiments like DAMA/LIBRA claim detection but remain unconfirmed by other studies.

Concluding the discussion, participants acknowledged that while modifications to gravity could explain some observations, there is substantial evidence suggesting that some form of dark matter must exist in the universe. The search for its true nature continues to be a major endeavor in both astrophysics and particle physics.

Action items include continuing support for direct detection experiments and encouraging collaboration between theoretical physicists and astronomers to refine models explaining dark matter's properties and behavior within the cosmos."
"In the meeting, experts from various fields discussed the evolution of human intelligence, focusing on how genetics, culture, and brain development have intertwined to shape cognitive abilities. They highlighted key evolutionary milestones such as bipedalism in Sahelanthropus tchadensis and tool use by Homo habilis, emphasizing how these changes influenced brain structure and function. The conversation also covered the role of diet, particularly cooking and omega-3 fatty acids from fish, in enhancing neural connectivity and cognitive functions.

The discussion explored how social interactions and cultural practices like communal cooking and storytelling contributed to cognitive development. The reduced aggression theory was mentioned as a factor that allowed early humans to form complex social bonds and cooperate better, further driving cognitive advancements.

The experts considered modern applications of these insights, suggesting that integrating communal activities and digital tools mimicking social interactions into educational strategies could enhance learning outcomes. They emphasized the importance of a holistic approach combining cognition, culture, and biology to address contemporary issues in education and health.",">>Cognitive Scientist: Good morning, everyone! How's everyone doing today? Before we dive into today's topic on the evolution of human intelligence, let's quickly recap what we covered last time.

>>Anthropologist: Morning! Last time, we talked about how early societies developed cognitive skills through genetics and culture—like tool-making and language development. 

>>Neuroscientist: Yeah, and we also discussed brain development's role in these advancements—such as increased brain size and complexity.

>>Evolutionary Biologist: Exactly. So today, we'll build on that with some specific examples and case studies to illustrate these concepts further.

>>Cognitive Scientist: Perfect. Let's get started then. One interesting aspect I came across is how certain cultural practices might have accelerated cognitive development in early humans.

>>Anthropologist: That's a great point. For instance, the use of fire not only provided warmth but also led to social gatherings where communication skills could evolve.

>>Neuroscientist: And from a neurological perspective, those social interactions likely stimulated brain regions associated with language and problem-solving.

>>Evolutionary Biologist: Plus, genetic adaptations over generations would have supported these changes. It's fascinating how intertwined our biology and culture are in shaping intelligence. 
 Anthropologist: What's really interesting is how the development of bipedalism in Sahelanthropus tchadensis around 7 million years ago set the stage for later advancements. Imagine moving from dense forests to open grasslands! This change didn't just alter our movement; it freed our hands for tool use, which was a game-changer in human evolution.

Cognitive Scientist: Building on that, it's amazing how this shift also led to significant changes in brain structure and function. The increased brain volume and complexity allowed for more sophisticated problem-solving and social interactions—key aspects of human intelligence.

Neuroscientist: Sorry to jump in here, but I wanted to add that this increase in brain volume is often linked with enhanced neural connectivity. It's like having more highways connecting different parts of the brain, which improves communication and processing power.

Anthropologist: Exactly! As we evolved through species like Australopithecus and Homo habilis, each step brought new cognitive abilities and social structures. These developments paved the way for significant brain growth.

Cognitive Scientist: Speaking of Homo habilis around 2.4 million years ago, they were the first known users of stone tools. This leap in cognitive abilities suggests an increase in brain volume and complexity. They used tools for tasks like cracking bones to extract marrow—a technological advancement that led to more sophisticated problem-solving.

Evolutionary Biologist: Just a quick note on those early tools—they were quite rudimentary compared to what came later with Homo erectus. But even those simple tools represented a huge leap forward at that time.

Neuroscientist: Right, each evolutionary milestone brought its own challenges and adaptations. For instance, Homo erectus not only used more advanced tools but also showed early signs of social behavior and communication.

Cognitive Scientist: Absolutely! The evolution of Homo erectus around 1.9 million years ago shows a significant increase in brain size and complexity. This species laid the groundwork for even more complex cognitive abilities in later species like Homo sapiens—it's fascinating!

Anthropologist: And you know what's really interesting? Each step along this evolutionary path wasn't just about physical changes; it was also about cultural shifts. Bipedalism didn't just free our hands—it opened up new ways of interacting with our environment and each other. 
 >>Neuroscientist: Let's talk about the link between brain size and cognitive abilities across different species. It's fascinating how dolphins, great apes, and humans all have larger brains compared to their body sizes. This increase in brain volume is often connected with better neural connectivity and more complex social behaviors.

>>Cognitive Scientist: Yeah, it's not just about the size but also how intricate these neural networks are. Dolphins, for example, have a really convoluted neocortex that supports their complex social structures and problem-solving skills. If we could map out these connections, it would give us a deeper understanding of their intelligence!

>>Anthropologist: From an anthropological view, cultural practices like using tools and fire have played a big role in human brain development. I wonder if similar environmental factors might have influenced the neural connectivity in dolphins and great apes too?

>>Evolutionary Biologist: Sorry to jump in—how do we explain species with large brains but less complex behaviors? Like some birds?

>>Neuroscientist: Good question! While brain size is important, the organization of neural circuits matters too. Birds like crows have highly specialized brains even though they're smaller.

>>(Phone rings briefly)

>>(A couple of people smile)

>>Neuroscientist (smiling): Sorry about that! As I was saying... 
 Anthropologist: Let me tell you a story. Our ancestors' brains grew not just because of social networks but also due to cultural practices like tool-making and shared rituals. These activities might have played an equally crucial role in shaping our cognitive abilities.

Cognitive Scientist: That's a great point! It's fascinating how both the social brain hypothesis and the cultural intelligence hypothesis highlight different aspects of our evolution. Social interactions and cultural knowledge both played significant roles.

Anthropologist: Exactly! From an anthropological standpoint, early humans had to navigate social networks and pass down complex skills like tool-making and fire use. This required sophisticated communication and teaching methods.

Cognitive Scientist: Right. When we look at human intelligence, it's clear that social interactions and cultural practices are deeply intertwined. Creating tools needed cognitive skills as well as social learning and communication, suggesting a co-evolutionary process.

Neuroscientist: Absolutely, it's fascinating how these factors are so interconnected from a neuroscientific perspective. The co-evolution of social complexity and cultural knowledge has driven significant changes in our neural architecture, particularly enhancing connectivity in regions associated with social cognition and cultural learning.

Evolutionary Biologist (interrupting): Hold on a second—when you say ""enhanced neural connectivity,"" do you mean specific brain changes?

Neuroscientist: Great question! By enhanced neural connectivity, I mean both increased synaptic connections within certain brain regions and more efficient communication between areas involved in social cognition and cultural learning.

Cognitive Scientist: In simple terms, our brains evolved through both social interactions and cultural learning.

Anthropologist: You know, I remember reading about early humans teaching each other how to use fire—it must have been an incredible leap for our cognitive development. It's intriguing how these dual challenges likely pushed our cognitive abilities to new heights! 
 Evolutionary Biologist: You know, the reduced aggression theory is pretty interesting. It suggests that as our ancestors became less aggressive, they could form more complex social bonds and cooperate better. This cooperation might have driven the development of advanced cognitive abilities.

Cognitive Scientist: Yeah, I think it's really interesting how becoming less aggressive could have helped early humans form stronger social bonds and engage in more complex cooperative behaviors. This would have been great for cultural transmission and social learning.

Anthropologist: Absolutely! From an anthropological perspective, we see that cooperation and empathy are crucial for survival in many cultures. Reduced aggression might have allowed early humans to thrive by fostering these traits.

Neuroscientist: Hold on a second—what about the neurological side of things? How did changes in brain structure or function support this reduction in aggression?

Evolutionary Biologist: Good point! There’s evidence suggesting that changes in brain regions associated with emotion regulation and social behavior played a role. For example, the prefrontal cortex might have become more developed, helping control aggressive impulses.

Cognitive Scientist: Right, so if early humans were less aggressive, they could focus more on building relationships and working together. This would definitely help with developing advanced socio-cognitive abilities.

Anthropologist: And think about this—in many cultures today, we see that those who can cooperate well are often more successful. Maybe these traits were selected for because they helped early humans survive better in their communities.

Neuroscientist: Also, what about sexual selection? If individuals who were less aggressive were seen as better mates because they could cooperate and empathize...

Cognitive Scientist: Exactly! If being less aggressive made someone a more attractive mate due to their ability to cooperate and empathize, it would create a positive feedback loop where these socio-cognitive abilities kept getting selected for.

Anthropologist: That makes sense. It's like how we see certain traits being valued across different societies because they contribute to group success. Reduced aggression could have paved the way for more complex social structures and cultural practices.

Neuroscientist: And don't forget how these changes might have influenced other aspects of human evolution too. The interplay between reduced aggression and brain development is fascinating! 
 >>Anthropologist: You see, from an anthropological standpoint, it's fascinating how mastering social interactions became crucial for humans. Early humans who could navigate complex social networks had a significant advantage in terms of survival and reproduction. They could form alliances, share resources, and pass down knowledge more effectively.

>>Cognitive Scientist: That's a great point! And from a cognitive perspective, these social interactions likely drove major cognitive advancements too. If early humans hadn't formed complex networks, sharing knowledge would have been much harder. I remember reading about a tribe that used storytelling to pass down important survival techniques.

>>Neuroscientist: Absolutely! And I think this need for better communication must have influenced brain development as well. The brain had to adapt to handle all the new information and social cues.

>>Cognitive Scientist: Definitely! Navigating social hierarchies probably pushed our brains to adapt neurologically too. It's like how we see kids today developing tech skills so quickly because they're constantly exposed to it.

>>Anthropologist: Exactly! As we started dominating our environments, we needed advanced social skills more than ever before. It's like the shift from surviving nature to surviving each other in some ways.

>>Evolutionary Biologist: Right, those who couldn't keep up with these demands were less likely to survive and reproduce. Natural selection played a big role here—only the socially adept thrived.

>>Cognitive Scientist: Yes, it's fascinating how interconnected all these factors are—social complexity pushing both cognitive and neural advancements. It reminds me of how modern workplaces value teamwork and communication skills so highly now.

>>Anthropologist: From my perspective, it's amazing how our ancestors' ability to form alliances became such a crucial survival skill. Those who could communicate effectively had a significant edge. 
 Cognitive Scientist: You know, diet is crucial for brain development. If early humans hadn't discovered cooking, our brains might not have evolved the way they did. Cooking made nutrients more accessible and efficient to absorb, which supported cognitive growth.

Neuroscientist: Absolutely! And it's pretty cool how adding fish to our diet helped our brains connect better. Omega-3 fatty acids from fish were a game-changer for neural connectivity and cognitive functions.

Anthropologist: Right, and from an anthropological view, cooking wasn't just about taste—it changed everything about our ancestors' diets and energy intake. This shift allowed their brains to develop more because they got more nutrients.

Evolutionary Biologist: Exactly! Plus, different environments offered various foods that contributed to their nutrition. So it wasn't just cooking but also what they had access to that mattered.

Cognitive Scientist: Yeah, and speaking of omega-3s, they're still important today for keeping our brains flexible—what we call neural plasticity—and functioning well. Imagine tracing these impacts back to early human societies!

Anthropologist: It's fascinating how cultural practices around food preparation shaped our evolution. In many cultures, cooking together not only provided essential nutrients but also fostered social bonds and knowledge sharing.

Neuroscientist: Definitely! And those social bonds likely played a big role in survival too—working together to gather food strengthened group cohesion.

Evolutionary Biologist: Well said! Even today, families that eat together tend to communicate better and have stronger relationships.

Cognitive Scientist: What if I told you that today's diverse diets are like a modern parallel to early human dietary shifts? Just as cooking and omega-3s enhanced cognitive functions back then, understanding nutrition now helps optimize brain health.

Anthropologist: I remember reading about ancient Greeks valuing fish oil for its benefits—they were onto something! It's incredible how these practices influenced cognitive evolution over time.

Neuroscientist: And let's not forget other nutrients like iron and zinc—they're vital for brain health too. Early humans with varied diets probably had a cognitive edge.

Evolutionary Biologist: True! The communal aspect of eating was crucial—sharing knowledge about beneficial foods must have been key for survival. 
 Evolutionary Biologist: Think about it, the way our ancestors adapted to their environments and diets is a testament to the beauty of evolution. It's so interesting how these genetic and environmental influences worked together to shape our cognitive abilities. Each dietary shift was like a stepping stone in our evolutionary journey.

Anthropologist: Yeah, and those shifts didn't just change us physically but culturally too. Shared meals weren't just about eating; they were about bonding and exchanging knowledge. Every new food source brought new social structures and cultural practices.

Cognitive Scientist: Right, from a cognitive perspective, it's amazing how changes in diet influenced brain growth and function. Like when we started cooking—better nutrient absorption led to enhanced neural connectivity.

Neuroscientist: Absolutely! And specific nutrients like omega-3s from fish played a crucial role in neural development. The link between diet and brain function is truly remarkable.

Evolutionary Biologist: Exactly! And shared meals weren't just for survival—they were learning opportunities too. Teaching younger generations about safe foods or hunting techniques happened around the dinner table.

Anthropologist: Yes! Cooking didn't just improve nutrition; it transformed social interactions around the fire, leading to storytelling and knowledge sharing. Meals became moments of cultural evolution.

Cognitive Scientist: You know, it's not just diet or social interactions that shaped our cognitive abilities—language development played a huge part too. Imagine how linguistic advancements tied into neural adaptations, like Broca's and Wernicke's areas enhancing complex communication.

Neuroscientist: That's an interesting point. Language likely had a significant impact on shaping our brains' structure over time.

Anthropologist: I agree, but let's not forget early humans used symbols and tools for more than survival—they communicated complex ideas and emotions with them. Each tool or symbol was a step towards evolving our social intelligence.

Cognitive Scientist: And think about social learning's role in cognitive development. Our ability to learn from others, even as infants, has been crucial in evolving our intelligence. This cultural transmission has shaped both our brains and societies.

Neuroscientist: Definitely! Early childhood experiences are vital too—interactions with caregivers set the foundation for lifelong cognitive abilities through neural growth and social learning.

Anthropologist: Yes! Communal activities like hunting weren't just for survival; they were ways to share knowledge and strengthen bonds. Each collaborative effort boosted collective intelligence.

Evolutionary Biologist: I remember reading about a study where early humans' cooperative hunting strategies significantly improved their chances of survival while also fostering stronger community ties...

Cognitive Scientist (interrupting): Exactly! And those strategies required advanced planning and communication skills which further developed their cognitive abilities...

Neuroscientist (overlapping): Not to mention the problem-solving aspects involved in such hunts!

Anthropologist (smiling): See? Even now we're building on each other's points—just like they did back then! 
 Cognitive Scientist: So, we've talked a lot about how diet and social interactions affect our brains. Let's see how we can use this info in today's world. What if we could map these influences to enhance educational strategies?

Anthropologist: Yeah, it's really interesting. Our ancestors' practices like communal cooking and shared meals were crucial for social bonding and cognitive development. Maybe we should look into modern equivalents—like group projects or community events—and see how they can boost learning.

Neuroscientist: I think that's a great idea. And from a biological standpoint, certain nutrients that were important for brain development back then might still be relevant today. If we integrate this with current dietary habits, it could be really impactful.

Evolutionary Biologist: Absolutely, but let's not forget the genetic side of things. Understanding how our genes and environment have evolved together can give us insights into improving education and health now.

Cognitive Scientist: Right! And from a cognitive perspective, using digital tools that mimic social interactions could really enhance learning outcomes. Imagine tailoring these tools to individual needs—personalized education could be revolutionary!

Anthropologist: Definitely! And speaking of communal activities, what if schools incorporated more collaborative projects? Things like team-based problem solving or even cooking classes could make learning more engaging.

Neuroscientist: Exactly! Plus, understanding how language shapes the brain can help us develop better communication tools that support cognitive growth.

Evolutionary Biologist: Good point! By studying evolutionary processes closely, we might find new ways to tackle contemporary issues in both education and health.

Cognitive Scientist: To sum up, integrating modern technology and communal activities into educational strategies seems promising. Using digital tools to mimic social interactions tailored to individual profiles could change the game for personalized education.

Anthropologist: Absolutely! We need to keep fostering innovation through collaboration in our educational systems.

Neuroscientist: Yes! And making sure everyone has a chance to share their ideas will lead to more comprehensive solutions.

Evolutionary Biologist: Agreed! Combining insights from cognition, culture, and biology can create a holistic approach that benefits everyone.","During the Innovation Forum, we delved into the evolution of human intelligence, which is intricately linked to brain development and the emergence of language. The discussion spanned approximately seven million years of human evolution, highlighting key phases from Sahelanthropus to Australopithecus and finally Homo species in the Paleolithic era.

We noted that traits such as empathy, theory of mind, and tool use are present in great apes but are more sophisticated in humans. Chimpanzees' ability to make tools and engage in complex social behaviors was discussed as a precursor to human intelligence. A significant point was the correlation between brain size and intelligence across species like dolphins, great apes, and humans.

Environmental changes around 10 million years ago led to bipedalism among primates, freeing their hands for tool use. This adaptation marked a pivotal shift towards advanced cognitive functions. The rapid increase in brain volume from Homo habilis to Homo neanderthalensis was emphasized, with modern Homo sapiens having slightly smaller brains but greater cognitive capabilities.

The forum explored how early hominins used tools for survival advantages, necessitating larger brains for coordination. Morphological changes accompanied this growth, including wider birth canals for larger skulls and adaptations for facial expressions crucial for communication.

We examined various hypotheses explaining intelligence evolution: Robin Dunbar's social brain hypothesis suggests intelligence evolved primarily for managing complex social groups; the cultural intelligence hypothesis posits that social learning drove cognitive advancements; and the reduced aggression theory links lower aggression levels with higher socio-cognitive abilities.

Sexual selection theories were also discussed, suggesting that intelligence may have evolved as a fitness indicator through mate choice. Additionally, ecological dominance-social competition models propose that mastering social interactions became crucial as humans dominated their habitats.

Finally, we considered dietary influences on brain development. While direct evidence linking diet to intelligence evolution is scarce, diverse diets and cooking technologies likely played roles in enhancing cognitive functions.

In conclusion, human intelligence evolved through a combination of environmental pressures, social complexities, cultural transmission of knowledge, and dietary factors. Future research should continue exploring these interconnected aspects to deepen our understanding of this intricate evolutionary process."
"In a meeting discussing advancements in gene therapy, participants highlighted the progress made with CRISPR and AAV vectors, emphasizing their potential to treat conditions like diabetes, heart disease, hemophilia, cystic fibrosis, and muscular dystrophy. Ethical concerns about accessibility and socioeconomic disparities were raised, stressing the need for equitable access to these treatments. Regulatory challenges were discussed, particularly regarding safety and long-term effects. The integration of non-viral delivery methods like nanoparticles with CRISPR was seen as promising but requiring further research and development. The importance of transparency, patient consent, and data privacy in collaborations with biotech companies was underscored. The group proposed forming a subcommittee to explore partnerships and draft guidelines ensuring affordability and compliance with regulations while considering practical implementation through examples and training sessions for practitioners.",">>Geneticist: Good morning, everyone. It's a pleasure to see you all here today. Our main objective for this meeting is to discuss the latest advancements in gene therapy and their potential applications. Gene therapy has evolved significantly since its early days, moving from basic gene insertion techniques to more sophisticated methods like CRISPR and AAV vectors that allow precise editing and targeted delivery.

>>Bioethicist: Morning. As we delve into these advancements, it's crucial to consider the ethical implications of these technologies. How do we ensure that these groundbreaking treatments are accessible to all and do not exacerbate existing healthcare inequalities?

>>Regulatory Expert: Sorry to interrupt, but could you clarify how regulatory frameworks are adapting to these new technologies? Are there any specific challenges you're facing with these methods?

>>Geneticist: Great question! Regulatory frameworks are indeed evolving, but there are still hurdles—especially concerning safety and long-term effects. We're working closely with regulatory bodies to address these issues.

>>Bioethicist: Building on what you mentioned about regulatory hurdles, it's essential to address the potential for socioeconomic disparities as well. How do we ensure that gene therapy remains accessible and doesn't become a privilege for only a few?

>>Clinical Researcher: From a trial perspective, we've seen significant advancements in gene therapy techniques. The use of CRISPR and AAV vectors has not only improved precision but also increased the success rates of these therapies.

>>Geneticist: These advancements could potentially be applied to treat common conditions like diabetes or heart disease. The potential applications of these methods are expanding rapidly. 
 >>Clinical Researcher: Let's check out the data from our latest trials. It's pretty remarkable! In one trial for hemophilia, patients had sustained clotting factor levels after just one treatment. That's really promising!

>>Bioethicist: The results are indeed promising.
>>Clinical Researcher: Absolutely.
>>Bioethicist: However, we need to think about long-term implications. How do we make sure everyone can access these therapies, no matter their socioeconomic status?

>>Geneticist: Imagine if we could harness gene therapy to not only treat but maybe even cure genetic disorders like hemophilia. The sustained levels of clotting factor we've seen are a testament to this potential! But, um, we also need to think about scalability and long-term safety.

>>Bioethicist: While advancements in gene therapy for hemophilia are groundbreaking, there's an ethical dilemma regarding long-term monitoring. For instance, how do we ensure that low-income patients can afford these treatments? And what about those in rural areas who might not have easy access to follow-up care?

>>Geneticist: Recent advancements in gene therapy, particularly with AAV vectors, have shown not only efficacy but also a remarkable safety profile. If we could extend these benefits to other genetic disorders beyond hemophilia—like cystic fibrosis or muscular dystrophy—the potential is truly fascinating!

>>Bioethicist: From an ethical standpoint, it's crucial that the long-term safety and potential risks are thoroughly communicated to patients. Transparency is key here.

>>Geneticist: To put it in perspective, the advancements with AAV vectors aren't just limited to hemophilia. Imagine applying this technology to other genetic disorders! The therapeutic impact could be widespread.

>>Bioethicist: Expanding gene therapy raises ethical questions about accessibility and affordability, especially for rare diseases where patient populations are small. 
 >>Regulatory Expert: We need to make sure we're following safety standards closely. The legal framework requires strict oversight to prevent any adverse effects and ensure patient safety. All gene therapy trials must adhere to these guidelines to avoid potential risks.

>>Geneticist: Imagine if we could tackle the scalability issue by developing more efficient vector systems. Advancements in non-viral delivery methods, like those using nanoparticles, could revolutionize gene therapy. These methods might offer safer and more cost-effective alternatives to viral vectors, which are currently a major bottleneck.

>>Clinical Researcher: Non-viral delivery methods like nanoparticles show promise in terms of safety and efficiency. For example, recent trials at XYZ University showed that nanoparticle-based delivery had a 30% higher efficiency rate compared to traditional methods. But we still need to figure out how to scale them up effectively without compromising safety.

>>Bioethicist: That's a good point. As we think about scaling up these new methods, we also need to consider the ethical implications. Beyond consent issues, there's the risk of creating disparities in who can benefit from these advancements.

>>Geneticist: Absolutely! And integrating CRISPR technology could help address some of these scalability issues. Precisely editing genes in a way that enhances the efficiency and safety of non-viral delivery methods could be a game-changer for making gene therapy more accessible and effective.

>>Clinical Researcher: Interesting idea! How feasible do you think it is to integrate CRISPR with nanoparticle delivery on a large scale?

>>Geneticist: It's definitely challenging but not impossible. It would require significant research and development investment, but the potential benefits make it worth exploring further.

>>Regulatory Expert: While we're pushing for innovation, let's not forget our responsibility towards patient safety and regulatory compliance. Any new method will have to undergo rigorous testing before it can be widely adopted.

>>Bioethicist: And as we move forward, let's keep an eye on socioeconomic factors too. We don't want these advancements to only be available to those who can afford them; equity in access is crucial. 
 >>Geneticist: Imagine if we could harness CRISPR technology to not only treat but potentially cure genetic disorders at their root cause. CRISPR is incredibly precise and efficient; it's really changing the game. This opens up a whole new realm of possibilities for treating conditions that were previously deemed untreatable.

>>Clinical Researcher: Absolutely, and from a trial perspective, using nanoparticles for non-viral delivery is quite promising! They offer a safer alternative to viral vectors and can be tailored for specific tissues. Plus, they significantly reduce immune responses, which is pretty amazing.

>>Bioethicist: That's a great point about safety. But we also need to think about the long-term implications. How do we ensure equitable access to these groundbreaking therapies, especially for those in underserved communities?

>>Regulatory Expert: And let's not forget the regulatory hurdles we'll face with these new technologies. Ensuring safety and efficacy will be paramount.

>>Clinical Researcher: Right! Building on what you said about safety, nanoparticles are not only safer but also more flexible in targeting specific tissues. Imagine combining this with CRISPR for even more precise gene editing.

>>Bioethicist: If we go down that path, we must address potential unintended genetic consequences too. How do we make sure these therapies are safe and ethically sound in the long term?

>>Geneticist: Integrating CRISPR with non-viral methods like nanoparticles could revolutionize our approach to gene therapy. The precision of CRISPR combined with the safety of nanoparticles could minimize off-target effects and enhance therapeutic outcomes!

>>Bioethicist: Indeed! But while this integration is promising, we must consider the ethical implications of potential off-target effects as well. How do we ensure these therapies are effective yet safe and accessible to all?

>>Clinical Researcher: To put it simply, combining CRISPR with nanoparticle delivery isn't just about precision and safety—it's also about scalability and practicality in real-world applications. These methods can be adapted for various tissues, making them incredibly versatile.

>>Regulatory Expert: I hear you on scalability, but I'm concerned about how quickly we can move through regulatory approvals given the novelty of these approaches.

>>Geneticist: That's a valid concern. We need robust data to support our claims and ensure we're meeting all regulatory standards without compromising innovation. 
 >>Bioethicist: Let's talk about the ethical implications of germline gene therapy (GGT) versus somatic cell gene therapy (SCGT). GGT involves changes that can be passed down to future generations. Should we focus more on SCGT to avoid these risks?

>>Regulatory Expert: From a regulatory perspective, GGT is heavily scrutinized because of its heritable nature. Many places have banned it due to potential long-term risks. We need to ensure any gene therapy strictly follows safety standards.

>>Geneticist: I get that, but think about the possibility of using GGT to permanently eliminate genetic disorders. It could be groundbreaking! But yeah, we have to be careful about any unforeseen consequences for future generations.

>>Clinical Researcher: Our clinical trials show SCGT is quite promising for treating genetic disorders without those heritable risks. It's definitely safer for now. Still, it's exciting to think about how we might safely explore GGT in the future.

>>Bioethicist: Exactly, balancing those long-term risks with the promise of lasting cures is key. How do we make sure we're not causing unforeseen problems for future generations?

>>Regulatory Expert: That's why we need thorough consideration of both ethical implications and regulatory frameworks before moving forward with GGT.

>>Geneticist: Right, and while we're being cautious, let's not lose sight of the potential benefits. If we can find a way to harness GGT responsibly, it could change everything.

>>Clinical Researcher: Absolutely. For now, SCGT seems like the safer bet, but keeping an eye on how we might use GGT in a controlled way is definitely worth it. 
 >>Geneticist: We've seen some incredible results with gene therapy, like when we corrected a CFTR mutation in cystic fibrosis patients. The improvements were astonishing!

>>Bioethicist: We really need to think about how these breakthroughs will be accessible to everyone, no matter their financial situation. Equitable access is a huge concern.

>>Clinical Researcher: That's a great point about equitable access, Bioethicist. I remember during a hemophilia trial, our gene therapy led to sustained clotting factor levels after just one treatment. It was groundbreaking! But getting insurance companies on board has been tough.

>>Bioethicist: Besides access, we also need to consider long-term safety and potential unintended consequences of gene editing. It's not just about the immediate results but the future impact as well.

>>Clinical Researcher: Absolutely. One of the most challenging yet rewarding experiences I had was during a trial for a rare genetic disorder. We faced numerous setbacks with vector delivery, but when we finally saw positive results in patient outcomes, it was incredibly fulfilling.

>>Geneticist: Imagine if we could leverage gene therapy to address conditions like Duchenne muscular dystrophy. During one of our trials, we successfully used AAV vectors to deliver a functional dystrophin gene resulting in significant muscle function improvements!

>>Bioethicist: And let's not forget the ethical implications of these advancements. Ensuring that treatments are safe and equitably accessible is crucial, but we also have to think about consent and the potential for misuse.

>>Clinical Researcher: You know, while we've had some amazing successes, there have also been trials where progress was slower than expected due to unforeseen complications. It's all part of the process.

>>Geneticist: Exactly. Persistence and innovation can lead to breakthroughs even in tough cases. It's important that we keep pushing forward while being mindful of the ethical landscape. 
 >>Clinical Researcher: Um, let's look at the data from our recent trials. What we found was that partnerships with biotech companies have really helped us move faster. By collaborating, we've managed to overcome some of the logistical challenges that typically slow down clinical trials.

>>Bioethicist: Yeah, that's a good point. From an ethical standpoint, it's really important to think about what these partnerships mean. Sure, collaboration can speed things up, but we need to make sure everyone stays transparent and that the benefits reach everyone. How do we guarantee that these advancements benefit everyone, not just a select few?

>>Geneticist: I totally agree. Imagine if we could harness the collective expertise of geneticists, clinical researchers, and regulatory experts to streamline gene therapy development. By integrating our insights with clinical trial data and regulatory frameworks, we could create a synergistic approach to gene therapy development. Leveraging each other's strengths could truly revolutionize the field by accelerating discovery while ensuring safety and efficacy.

>>Bioethicist: Indeed! The crux of the matter is ensuring that these collaborative efforts do not compromise ethical standards. If a biotech company prioritizes profit over patient welfare, how do we safeguard against potential exploitation? Transparency and accountability must be at the forefront of our partnerships.

>>Regulatory Expert: Absolutely. From a regulatory perspective, industry-regulator cooperation is paramount in ensuring the safety and efficacy of gene therapies. We must ensure that all collaborative efforts strictly adhere to established guidelines and legal frameworks to prevent any potential breaches in compliance.

>>Geneticist: Right, so as a geneticist, I can speak to the scientific advancements we're seeing. But I'd love to hear more from you on how we handle patient consent in these complex partnerships.

>>Bioethicist: Let's consider the ethical implications of data sharing in these collaborations then. How do we ensure that patient privacy is protected while still promoting transparency and innovation?

>>Regulatory Expert: That's a great question. We need robust protocols for data handling and clear communication with patients about how their information will be used.

>>Clinical Researcher: Exactly! And by working together closely—sharing data responsibly—we can make sure we're moving forward ethically while also pushing boundaries in research. 
 >>Geneticist: Imagine if we could harness the full potential of CRISPR technology to not only treat but potentially cure genetic disorders like cystic fibrosis or muscular dystrophy. The possibilities are huge! We're on the brink of such breakthroughs, and it's both exciting and a bit daunting.

>>Bioethicist: Absolutely, it's thrilling. But we also need to think about the potential for unintended consequences. For instance, how do we make sure these treatments are available to everyone, not just those who can afford them?

>>Clinical Researcher: That's a great point. In our last trial, we saw a patient with muscular dystrophy respond incredibly well to CRISPR treatment when combined with nanoparticle delivery. The precision was remarkable, and there was hardly any immune response. But making sure everyone benefits from these advancements is definitely a challenge.

>>Bioethicist: Exactly. And if we do manage to make these treatments widely accessible, there's always the risk of misuse or unforeseen side effects. It's something we need to keep in mind as we move forward.

>>Clinical Researcher: True. From what we've seen in trials, integrating CRISPR with nanoparticle delivery is promising and practical for real-world applications. But scaling this up while ensuring safety and accessibility is crucial. Maybe partnering with biotech companies could help us accelerate this process?

>>Geneticist: I agree. Imagine developing a universal delivery system for gene therapy that works across various genetic disorders—that could revolutionize treatment approaches and make them more efficient and accessible.

>>Bioethicist: That would be incredible! But again, we have to consider how such a system might impact healthcare inequalities. We don't want to widen the gap between those who can afford cutting-edge treatments and those who can't.

>>Clinical Researcher: Definitely something to think about. What if we set up a subcommittee specifically focused on exploring partnerships with biotech companies? They could also work on drafting guidelines for equitable access.

>>Geneticist: That sounds like a solid plan. We should also look into securing funding that ensures these treatments remain affordable for all patients.

>>Bioethicist: Agreed. Let's get started on forming that subcommittee and drafting those guidelines right away. 
 Regulatory Expert: We need to make sure our guidelines follow both national and international rules so we don't run into any issues. This will help us avoid potential breaches and ensure the safety of all involved.

Geneticist: To summarize, we've explored advancements in gene therapy like CRISPR and nanoparticle delivery systems. Moving forward, we should focus on drafting guidelines that address these innovations while ensuring compliance with regulations.

Bioethicist: From an ethical standpoint, it's crucial that our guidelines prioritize equitable access to these treatments. We must ensure they are affordable to prevent exacerbating healthcare inequalities.

Clinical Researcher: Sorry to interrupt, but I think it's also important to consider how these guidelines will be communicated to practitioners in the field. If they aren't clear or accessible...

Regulatory Expert: That's a good point, John. How do you suggest we make them clearer?

Clinical Researcher: Maybe we could include some practical examples or case studies in the guidelines. That way, practitioners can see how to apply them in real-world scenarios.

Geneticist: I agree with John. Practical examples would definitely help. Also, maybe a Q&A section could address common concerns or questions from practitioners.

Bioethicist: And let's not forget about training sessions or workshops for practitioners. It’s one thing to have clear guidelines; it’s another to ensure everyone understands and can implement them effectively.","During the Innovation Forum, we discussed the advancements and challenges in gene therapy, a medical technology aimed at treating diseases by manipulating gene expression or altering cellular properties. The concept of gene therapy was first explored in the 1960s, with significant milestones including the first successful human nuclear gene transfer in 1989 and the first therapeutic use of gene transfer in 1990.

Since then, over 2,900 clinical trials have been conducted, leading to several approved therapies such as Gendicine (2003), alipogene tiparvovec (2012), Strimvelis (2016), and Zolgensma (2019). These therapies primarily utilize viral vectors like adeno-associated viruses (AAVs) and lentiviruses for gene delivery. Non-viral methods are also being developed to address limitations like immune responses and scalability.

Gene therapy can be classified into somatic cell gene therapy (SCGT) and germline gene therapy (GGT). SCGT targets non-reproductive cells, affecting only the treated individual, while GGT involves modifying reproductive cells, making changes heritable. Ethical concerns and regulatory frameworks vary globally, with some countries prohibiting GGT due to potential risks.

Recent innovations include CRISPR-based genome editing for precise DNA modifications. Clinical successes have been reported in treating genetic disorders like ADA-SCID, hemophilia, retinal diseases, and certain cancers. However, early clinical failures and adverse events have highlighted safety concerns that need addressing.

The forum concluded that while gene therapy holds immense potential for curing genetic diseases and improving health outcomes, ongoing research is crucial to enhance delivery methods, ensure long-term efficacy, and address ethical considerations. Collaboration among scientists, regulatory bodies, and industry stakeholders is essential to advance this promising field responsibly."
"The meeting involved a diverse group discussing the history, cultural significance, and modern evolution of martial arts. The Martial Arts Historian highlighted the deep historical roots and cultural exchanges that shaped martial arts, such as the influence of Sun Tzu's ""The Art of War"" and the introduction of Buddhism to China by Indian monks. The Cultural Anthropologist emphasized how martial arts preserve cultural heritage and foster community identity, serving as a bridge between generations. The Martial Arts Practitioner shared insights on the practical application and adaptability required in modern competitions, blending traditional techniques with new styles. The Fitness Expert noted the physical benefits of martial arts training, including fitness and mental focus.

Discussions also covered the impact of martial arts films on global perceptions, with Bruce Lee's movies being pivotal in popularizing Asian culture in the West. The integration of technology into training was another key topic, with VR and AI enhancing performance while maintaining core values. Concerns were raised about balancing innovation with tradition to ensure that technological advancements do not overshadow the essence of martial arts.

Overall, the conversation underscored the importance of respecting traditional practices while embracing modern tools to enhance training and accessibility, potentially leading to a cultural renaissance within martial arts communities worldwide.","Martial Arts Historian: Good morning, everyone. It's a pleasure to be here today. I hope we can have an engaging and insightful discussion about the rich history and cultural significance of martial arts.

Martial Arts Practitioner: Hey everyone! I'm really looking forward to diving into our discussions today. Let's make this interactive and fun, so feel free to jump in anytime!

Cultural Anthropologist: Martial arts have always been more than just physical combat; they are deeply woven into the fabric of many societies, reflecting values and traditions. Let's explore how these practices shape and are shaped by the communities that embrace them.

Martial Arts Film Critic: Morning! Martial arts films have had an incredible impact on how martial arts are perceived globally. From Bruce Lee's groundbreaking performances to the intricate choreography in modern cinema, these films not only entertain but also offer a glimpse into the discipline and philosophy behind the techniques.

Fitness Expert: Speaking of Bruce Lee—did you know he was also a fitness pioneer? His training methods were revolutionary for his time.

Martial Arts Film Critic: Absolutely! His approach combined strength training with flexibility and speed work, which was quite ahead of its time.

Martial Arts Historian: The term 'martial arts' itself has a fascinating history. It derives from the Latin 'arts of Mars,' referring to the Roman god of war. This highlights how deeply intertwined martial practices are with cultural and historical contexts.

Martial Arts Practitioner: It's great to be here with such a knowledgeable group. What you need to understand is that martial arts are not just about techniques or history. In the heat of the moment, it's all about how you apply those techniques practically.

Cultural Anthropologist: I agree, and from a cultural standpoint, martial arts often serve as a means of preserving cultural heritage and fostering a sense of identity. In many communities, these practices are deeply embedded in the social fabric, reflecting broader societal values and norms.

Martial Arts Historian: From a historical perspective, it's fascinating to see how martial arts have evolved over centuries. For instance, varzesh-e pahlavāni was not only a means of training warriors but also cultivating moral virtues. This highlights their deep cultural roots. 
 >>Cultural Anthropologist: You know, martial arts often act as a bridge between generations, passing down not just techniques but also values and philosophies. In many communities, the dojo is where elders share wisdom with younger folks, fostering respect and discipline.

>>Martial Arts Practitioner: Absolutely. Honestly, it's not just about the techniques or the history. In competitions today, you have to be ready to adapt and mix different styles on the fly. Like during my last match—I had to switch from striking to grappling within seconds! This kind of adaptability shows how martial arts have evolved over time.

>>Martial Arts Historian: Right. It's interesting how martial arts evolved through cultural exchanges. During China's Warring States period, there was a lot of development in martial philosophy and strategy, like in Sun Tzu's 'The Art of War.' These ancient ideas still influence modern practices.

>>Cultural Anthropologist: What this tells us is that martial arts serve as a cultural repository, preserving not just combat techniques but also the philosophies and values of a society. For example, consider how 'inner peace' in Korean martial arts like Taekwondo emphasizes self-control and discipline—values deeply rooted in their cultural ethos.

>>Martial Arts Historian: And historically speaking, the cultural exchanges between China and India were pivotal in shaping martial arts as we know them today. The introduction of Buddhism to China by Indian monks like Bodhidharma is often credited with influencing Shaolin Kung Fu's development. These ancient interactions still resonate in modern practices.

>>Martial Arts Practitioner: That's fascinating. You know, practical application is where you really see its evolution too. 
 >>Fitness Expert: Martial arts training is fantastic for overall health—it boosts fitness, flexibility, and mental focus. It's a great way to stay in shape.

>>Cultural Anthropologist: Martial arts really bring people together across generations, passing down not just techniques but also values and philosophies. It's more than just physical fitness; it's about preserving culture and building community.

>>Martial Arts Practitioner: The adaptability required in modern competitions is unbelievable! I remember this one match where I had to transition from a high kick to a ground submission in seconds.

>>Martial Arts Historian: During China's Warring States period, martial arts were about more than just fighting—they included strategy and philosophy too, like in Sun Tzu's 'The Art of War.' Modern applications—whether for self-defense or competition—are deeply rooted in these ancient traditions.

>>Martial Arts Film Critic: Speaking of history, isn't it fascinating how films like 'Crouching Tiger, Hidden Dragon' blend combat with philosophy so beautifully?

>>Martial Arts Historian: Absolutely! Films do an excellent job of highlighting these aspects. As I was saying, during the Warring States period in China, martial arts were not just about combat but also about strategy and philosophy. What we can learn from this is that modern applications are deeply rooted in these ancient traditions.

>>Cultural Anthropologist: Consider this: In many communities, martial arts serve as a means of social integration. They bring together people from different backgrounds, fostering mutual respect and understanding. These practices can significantly reduce social tensions and promote harmony.

>>(Everyone chuckles)

>>Martial Arts Historian: Sorry for that—where was I? Oh yes, during medieval Europe...

>>Fitness Expert (interjecting): Oh yes! Like knights who had to master both armed and unarmed combat!

>>Martial Arts Historian: Exactly! Much like today's mixed martial artists who must master various techniques. The essence of martial arts has always been about versatility and readiness for any situation. 
 >>Cultural Anthropologist: You know, martial arts like Taekkyon in Korea are fascinating because they embody not just physical techniques but also deep philosophical and spiritual values. These practices serve as a bridge between generations, preserving cultural heritage while adapting to modern times.

>>Martial Arts Practitioner: Yeah, exactly! It's not just about the physical techniques. In the heat of the moment, it's the philosophy and discipline that really come through. I remember my last competition - I was up against a really tough opponent, but it was my mental focus and respect for the art that helped me push through and win.

>>Cultural Anthropologist: You see, in many communities, martial arts serve as a form of cultural preservation. For instance, Taekkyon in Korea helps maintain a connection to their historical roots and values. These practices foster a sense of identity and continuity within the community.

>>Martial Arts Historian: Interestingly, um, the recognition of Taekkyon by UNESCO is a testament to its historical and cultural significance. From a historical perspective, this acknowledgment not only preserves the art itself but also the values and philosophies embedded within it. One might wonder how other traditional martial arts could benefit from similar recognition.

>>Martial Arts Practitioner: To be fair, you know, that recognition by UNESCO is huge. It brings global attention to its cultural significance. During competitions or training sessions, you can really feel that connection to history and tradition.

>>Fitness Expert: Absolutely! And from a fitness perspective, these traditional forms offer incredible benefits too. They keep people active while connecting them with their heritage. For example, practicing Taekkyon improves flexibility and cardiovascular health while also teaching discipline.

>>Martial Arts Film Critic: Yeah! And let's not forget how films play into this too. Movies showcasing martial arts often highlight these deep-rooted traditions and philosophies which resonate with audiences globally.

>>Cultural Anthropologist: Exactly! The way films portray these arts can significantly influence public perception and appreciation of their cultural value.

>>Martial Arts Historian: Historically speaking... umm...the preservation of martial arts through UNESCO recognition isn't just about safeguarding techniques but also about maintaining those cultural narratives passed down through generations. How do you think these recognitions influence global perceptions?

>>Martial Arts Practitioner: Honestly? The recognition by UNESCO isn't just a formality at all. During competitions or even training sessions, you can feel that deep connection to history and tradition. It's amazing how these practices have survived for so long! 
 >>Martial Arts Film Critic: You know, Bruce Lee's films did more than just showcase martial arts; they revolutionized how the West perceived Asian culture. It's fascinating to think about why directors chose to emphasize certain techniques over others.

>>Cultural Anthropologist: Absolutely! And it's amazing how these films also introduced Western audiences to Eastern philosophies and values. They weren't just action-packed; they had a deeper cultural significance.

>>Martial Arts Historian: From a historical perspective, Bruce Lee's movies marked a turning point in the commercialization of martial arts. This popularization brought global recognition but also led to some dilution of traditional practices.

>>Martial Arts Practitioner: Honestly, you need to understand that in competitions, the techniques we see in films can be impractical. I mean—

>>Fitness Expert (interrupting): Sorry to jump in! But isn't there some value in those flashy moves for fitness training? They look like they'd be great for building agility and strength.

>>Martial Arts Practitioner: Oh absolutely! They do have their place in training routines for sure. But when you're actually sparring or fighting, it's a whole different ball game! Let me tell you about a time I tried using a flashy move from a movie and almost got knocked out!

>>(Laughter)

>>Cultural Anthropologist: Consider this: the way martial arts are portrayed in films often shapes societal perceptions of these practices. From my standpoint, Bruce Lee's movies not only popularized martial arts but also served as powerful tools for cultural exchange.

>>Martial Arts Historian: Historically speaking, the commercialization of martial arts through film has indeed created an intriguing dichotomy. On one hand, it has brought global recognition and appreciation for these ancient practices. However—

>>Fitness Expert (interjecting with enthusiasm): And don't forget how they've inspired people to get into shape! I mean, who hasn't wanted to try those moves after watching his films?

>>(Laughter)

>>Martial Arts Historian (chuckling): Yes, that's true too. But from a historical perspective, one might wonder if this widespread popularity has sometimes overshadowed the true essence and cultural significance of traditional martial arts.

>>(More laughter)

>>Martial Arts Practitioner: Honestly though—what you need to understand is that during competitions—

>>(Laughter continues) 
 >>Martial Arts Practitioner: You know, integrating technology into martial arts training can really push your limits! Using VR for sparring practice or AI for analyzing techniques can give competitors an edge. For example, I used motion capture to improve my kicks and a smart punching bag to track my progress—unbelievable results!

>>Cultural Anthropologist: It's interesting how technology is changing martial arts training culturally. It not only enhances performance but also makes martial arts more accessible to people who might not have traditional training facilities nearby.

>>Martial Arts Historian: Interestingly, the integration of technology into martial arts isn't entirely new. Historically speaking, we can trace back to ancient times when warriors used innovative methods to enhance their combat skills. For example, in medieval Europe—

>>Fitness Expert: That's really interesting! Can you tell us more about those methods?

>>Martial Arts Historian: Absolutely! In medieval Europe, knights would train with weighted weapons to build strength and precision. This concept is somewhat similar to modern resistance training. And yes, some principles are definitely still relevant today.

>>Cultural Anthropologist: Technology is really making martial arts more accessible and inclusive. It allows individuals from various backgrounds to engage in high-quality training without needing traditional facilities.

>>Martial Arts Film Critic: Oh! Like those wooden dummies in old kung fu movies?

>>Martial Arts Historian (laughing): Exactly! In ancient China, warriors would practice their techniques on wooden dummies to perfect their strikes and blocks. This concept has evolved into modern-day training tools like punching bags and focus mitts, which are now being further enhanced with technology.

>>(Laughter)

>>Martial Arts Practitioner: While technology offers many benefits, we should also consider potential drawbacks like over-reliance on gadgets or losing the essence of traditional training methods. 
 >>Cultural Anthropologist: It's fascinating how technology is changing martial arts training. It makes it more accessible while helping preserve traditions by documenting them widely. How do we balance innovation with maintaining core values?

>>Martial Arts Historian: True, even ancient warriors used innovative methods like wooden dummies and weighted clothing. Innovation has always been part of martial arts evolution, but we need to respect traditions too.

>>Martial Arts Practitioner: I agree! It's not just about new gadgets; it's about pushing limits while respecting core values. In one competition, I had to use both traditional skills and modern tech—it was a game-changer!

>>Fitness Expert: Definitely! You can't rely solely on tech; foundational skills are crucial for overall fitness.

>>Martial Arts Film Critic: And movies often depict this balance well—showing traditional training tools alongside modern techniques really illustrates this blend.

>>Cultural Anthropologist: Integrating technology into martial arts also impacts society profoundly. Communities find new ways to connect and preserve heritage while embracing advancements. How do we ensure these innovations don't overshadow martial arts' essence?

>>Martial Arts Historian: During Japan's Edo period, samurai adapted new techniques while adhering to their honor code. We can apply this today by ensuring modern practices respect traditional values.

>>Martial Arts Practitioner: Finding that sweet spot between tradition and modernity is key. Another time in competition, blending my traditional training with new tech gave me an edge—it was amazing!

>>Fitness Expert: Exactly! Combining old-school methods with new technologies leads to better fitness outcomes overall.

>>Martial Arts Film Critic: Some films capture this perfectly—characters mastering both ancient techniques and cutting-edge tools really resonate with audiences.

>>Cultural Anthropologist: We're witnessing a cultural renaissance within martial arts communities worldwide! 
 Martial Arts Practitioner: It's been amazing to see how we've all brought different perspectives to the table. We've covered a lot of ground, from historical insights to cultural impacts and practical applications. So, how can we actually use these ideas to improve our training methods?

Martial Arts Historian: Yeah, it's interesting. Martial arts have always balanced innovation with tradition. From ancient tools to modern VR systems, the core principles stay the same. But technology keeps pushing boundaries.

Cultural Anthropologist: And culturally, it's fascinating how martial arts evolve while keeping their values intact. Technology not only enhances training but also makes it more accessible for younger generations. Imagine how many kids might get into martial arts through VR who wouldn't have otherwise.

Fitness Expert: Sorry to jump in here, but I think we should also consider the physical benefits of integrating new tech like VR into training programs. It could really change up fitness routines too.

Martial Arts Film Critic: That's a good point! And if you look at martial arts films, they show this balance between tradition and innovation really well. From Bruce Lee's classics to modern movies with VR training scenes, these films reflect how martial arts are evolving and inspire new generations.

Martial Arts Historian: Absolutely! Augmented reality is another great example of this evolution while keeping core principles unchanged.

Martial Arts Practitioner: To be fair, integrating technology with traditional martial arts is incredible! But we need to balance these advancements with foundational techniques. We should focus on creating programs that blend VR and AI with core skills to enhance overall performance.

(Phone rings loudly)

(Everyone laughs)

(Phone stops ringing)

Martial Arts Historian (smiling): As I was saying... from ancient tools to modern VR systems, it's amazing how technology respects the essence of martial arts while pushing boundaries.

Fitness Expert (laughing): And maybe throw in some AR for good measure!

(Everyone chuckles)

Cultural Anthropologist: Culturally speaking, it's incredible how martial arts have evolved while maintaining their core values. The integration of technology not only enhances training but also makes these traditions more accessible—

(Someone sneezes loudly off-camera)

—more accessible... bless you!...to younger generations. Consider this: how many young people might be drawn—

(Door creaks open slightly)

(Everyone glances at door briefly before refocusing)

—to martial arts through VR experiences who otherwise wouldn't have been interested? This could lead to a cultural renaissance within global communities.","During the Innovation Forum, we discussed the extensive history and evolution of martial arts, which are codified systems and traditions of combat practiced for various purposes including self-defense, military applications, competition, physical and mental development, entertainment, and cultural preservation. The term ""martial arts"" is derived from the Sino-Japanese word meaning ""martial"" and ""arts,"" and was popularized in Western culture during the 1960s-70s through Hong Kong films featuring Bruce Lee.

Historically, martial arts have roots dating back to ancient civilizations with evidence of combat sports like wrestling and boxing found in Mesopotamian art from around 3000 BC. The development of martial arts in East Asia was significantly influenced by cultural exchanges between China and India. In Europe, martial traditions date back to Ancient Greece with sports like boxing and pankration featured in the Olympic Games.

The forum highlighted that modern martial arts have evolved into both competitive sports and self-defense systems. For instance, judo was formalized by Kano Jigoro in Japan in 1882 while Brazilian jiu-jitsu gained prominence through mixed martial arts (MMA) competitions in the 1990s. Additionally, traditional forms such as Korean Taekkyon were recognized by UNESCO for their cultural significance.

We also noted that martial arts training offers numerous benefits beyond physical fitness including mental health improvements and emotional well-being. This has led some schools to focus on therapeutic aspects rather than combat effectiveness.

The commercialization of martial arts has seen significant growth since the 1970s with millions practicing worldwide. However, this surge also resulted in low-quality schools known as ""McDojos."" Despite this, legitimate training continues to thrive with structured testing systems for skill progression.

In conclusion, martial arts remain a dynamic field blending historical traditions with modern practices across various cultures globally. Moving forward, it is essential to maintain high standards of practice while embracing innovations that enhance both competitive and therapeutic aspects of these disciplines."
"In the meeting, participants discussed the balance between privacy rights and security concerns in the context of mass surveillance. The Privacy Advocate emphasized the need for robust privacy protections to prevent an Orwellian future, citing historical examples like East Germany's Stasi and modern revelations by Edward Snowden. The Cybersecurity Expert highlighted technical safeguards such as end-to-end encryption, multi-factor authentication (MFA), and regular security audits to protect data from unauthorized access. The Legal Scholar stressed that any surveillance must be proportionate, necessary, and subject to strict oversight to avoid chilling effects on free speech and political dissent. They suggested using legal frameworks like Europe's GDPR as models for balancing these concerns effectively.

The group agreed on several key points: implementing strong encryption protocols across all sectors, ensuring regular updates and audits of security measures, creating independent oversight bodies for surveillance activities, and launching public awareness campaigns about privacy rights. They also discussed the potential of blockchain technology for decentralized data control and the importance of international cooperation in setting high standards for data privacy. The meeting concluded with plans to reconvene in two weeks to review progress on these initiatives.",">>Privacy Advocate: Good morning, everyone. Before we dive into today's discussion, let's quickly recap our previous conversations on mass surveillance. We've talked about its implications for privacy rights and civil liberties. Today, let's explore practical solutions that can help protect our fundamental rights while addressing security concerns.

>>Cybersecurity Expert: Morning! It's crucial we address technical safeguards like robust encryption and secure communication channels to prevent unauthorized access due to mass surveillance.

>>Legal Scholar: Good morning. From a legal standpoint, balancing surveillance with human rights is key. Historical precedents like East Germany's Stasi show how mass surveillance can chill free speech. Let's discuss how we can establish legal frameworks that protect privacy without compromising security.

>>Privacy Advocate: If we don't act now, we're risking our civil liberties! We need measures that protect security but not at the expense of our fundamental rights.

>>Cybersecurity Expert: Absolutely! For instance, implementing end-to-end encryption can significantly enhance data protection against unauthorized access.

>>Legal Scholar: Agreed. Legally speaking, any surveillance must respect human rights principles. We could look at recent laws in Europe as models for balancing these concerns effectively. 
 >>Privacy Advocate: Imagine if we lived in a world where every single action, every conversation, and every movement was monitored. Is this what we want? Edward Snowden's revelations showed us that Big Brother is indeed watching. This highlights the urgent need for robust privacy protections.

>>Cybersecurity Expert: Well, consider this: while mass surveillance might be justified under national security, it often leads to a slippery slope where civil liberties are eroded. How can we ensure that our technical safeguards, like robust encryption and secure communication channels, are not bypassed by these surveillance measures? We need to stay vigilant and protect your data.

>>Legal Scholar: That's a good point. Legally speaking, any form of surveillance must be proportionate and necessary. Unchecked mass surveillance not only infringes on our fundamental right to privacy but also risks creating a chilling effect on free speech and political dissent. Remember the European Court of Justice's ruling in 2014? It invalidated the Data Retention Directive for violating basic rights. This precedent underscores the need for strong legal frameworks to protect civil liberties.

>>Privacy Advocate: If we allow mass surveillance to continue unchecked, it could lead to a society where dissent is stifled and free speech is merely an illusion. We must act now to protect our civil liberties.

>>Cybersecurity Expert: So how do we balance this? Ensuring security without compromising privacy is tricky. But with strong encryption protocols like end-to-end encryption for all communications platforms and regular audits of data security practices... well, that's a start.

>>Legal Scholar: Exactly! And it's really important that any surveillance measures are subject to strict oversight and accountability mechanisms. The European Court of Justice's decision serves as a reminder that even in the face of security concerns, human rights cannot be disregarded.

>>Privacy Advocate: Right! And let's not forget Snowden's case; it highlighted how far-reaching government surveillance can be. If we're not careful... um... we'll end up sacrificing our freedoms for an illusion of safety.

>>Cybersecurity Expert: Technology evolves rapidly. We need laws that keep pace with these changes while safeguarding individual rights.

>>Legal Scholar: To be precise, balancing these interests requires continuous dialogue between lawmakers, technologists, and civil society. Only then can we develop frameworks that respect both security needs and personal freedoms. 
 >>Cybersecurity Expert: One of the best defenses we've seen is using multi-factor authentication (MFA) at a big financial institution. It really cut down on unauthorized access. How can we get more organizations to use it?

>>Privacy Advocate: We must take action now to ensure that robust encryption protocols are not just adopted but mandated by law! But let's also consider practical examples of successful defenses against digital attacks. For instance, the deployment of advanced intrusion detection systems (IDS) in healthcare networks has been highly effective. How can we ensure more sectors adopt such proactive measures?

>>Legal Scholar: Sure, but any cybersecurity measures need strong legal backing to work well. Look at Europe's GDPR; it's got strict data protection rules that could be a good model for others.

>>Privacy Advocate: We must take action now—

>>Cybersecurity Expert (interrupting): Absolutely, encryption is key, but it's not enough on its own. I remember when we implemented MFA at my previous job; it was challenging at first but made a huge difference in security. We need to ensure our systems are resilient against various attack vectors, including social engineering and insider threats. How can we integrate these safeguards into our existing infrastructure without overwhelming users?

>>(Everyone nods in agreement)

>>Legal Scholar: Speaking of integration—how do you propose balancing user convenience with security requirements? 
 >>Privacy Advocate: Imagine if we allowed mass surveillance to continue unchecked. Our civil liberties are at stake here! We must take action now to ensure that privacy remains a fundamental right. Think about how it would feel if every conversation, every movement, and every transaction were monitored. Is this the kind of society we want to live in?

>>Cybersecurity Expert: You're absolutely right. Unchecked surveillance can lead to a situation where our every move is monitored. Encryption is powerful, but it's not enough on its own. We need secure communication channels and regular audits to protect our data effectively. For instance, look at how some companies have implemented end-to-end encryption successfully but still faced breaches due to insecure channels.

>>Legal Scholar: From a legal standpoint, any surveillance must be proportionate and necessary. If we don't set clear boundaries, it could lead to a chilling effect on free speech and erode trust in democratic institutions. Historical precedents like the Stasi in East Germany show us the dangers of pervasive state monitoring. But let's also consider modern examples—like the Snowden revelations—which highlighted how extensive government surveillance can be without proper oversight.

>>Privacy Advocate: Exactly! And it's not just about privacy; it's about protecting our fundamental freedoms. When people know they're being watched, they change their behavior—they're less likely to speak out or engage in activism.

>>Cybersecurity Expert: That's true. And from a technical perspective, we need to stay ahead of potential threats by continuously updating our security measures. It's not just about encryption; it's also about ensuring that our systems are resilient against new types of cyber attacks.

>>Legal Scholar: Indeed, and internationally, frameworks like the EU's GDPR emphasize stringent safeguards for personal data protection from unwarranted access. How can we push for similar protections globally? Perhaps by advocating for international agreements that set high standards for data privacy.

>>Privacy Advocate: We should definitely look into global standards. But let's not forget local actions too—educating people about their rights and how they can protect their own privacy is crucial.

>>Cybersecurity Expert: Agreed. Public awareness is key. People need to understand the importance of using secure communication tools and regularly updating their software to protect themselves from vulnerabilities.

>>Legal Scholar: And legally, we need robust policies that hold both governments and corporations accountable for protecting personal data. This includes transparency reports and independent oversight bodies that can audit these practices regularly.

>>Privacy Advocate: Absolutely! It's a multi-faceted approach—legal safeguards, technical measures, and public education all play vital roles in ensuring our privacy rights are upheld. 
 >>Legal Scholar: Indeed, from a legal standpoint, consider the implications of unchecked mass surveillance on our fundamental rights. Historical precedents, such as the Stasi in East Germany, illustrate how pervasive monitoring can erode trust and stifle free speech. The rule of law dictates that any surveillance must be proportionate and subject to rigorous oversight to prevent abuse.

>>Cybersecurity Expert: Well, let's think about the technical safeguards we can implement to protect our data. Encryption is crucial, but we also need robust intrusion detection systems and regular security audits. How can we ensure these measures are continuously updated to counter evolving threats?

>>Privacy Advocate: Unchecked surveillance could lead us down a path where every move is monitored; this is not acceptable. We must take action now to ensure that any surveillance measures are proportionate and subject to rigorous oversight! You know, I remember reading about how the NSA's PRISM program raised significant concerns about privacy violations. The implications for our society are chilling.

>>Legal Scholar: Thus, it's essential that we learn from history and recent events like the Snowden revelations which really opened our eyes to the extent of government surveillance. We must ensure that any measures taken today do not repeat past mistakes.

>>Cybersecurity Expert: You see, while encryption and intrusion detection systems are essential, we must also consider the human element. Regular training and awareness programs for employees can significantly reduce the risk of breaches. How can we ensure that these measures are effectively implemented across all sectors?

>>Privacy Advocate: Right! And it's not just about technology; it's about creating a culture where privacy is valued and protected. Even in democratic societies like the UK, mass surveillance has become pervasive. The implications for our privacy are staggering.

>>Legal Scholar: Indeed, balancing security needs with privacy rights requires a multi-faceted approach involving legal safeguards, technical measures, and public education.

>>Cybersecurity Expert: Absolutely! And speaking of technical measures, we've seen significant reductions in breaches with regular security audits. What steps should we take to replicate such success across different sectors?

>>Privacy Advocate: Well said! We need comprehensive strategies that include both technological solutions and strong legal frameworks to protect our civil liberties. 
 Cybersecurity Expert: So, while technological solutions like encryption and intrusion detection systems are crucial, we must also focus on regular security audits and continuous updates to counter evolving threats. How can we ensure these measures are effectively implemented across various sectors?

Legal Scholar: Yes, legally speaking, we need strong oversight to ensure these security measures are used responsibly. Historical examples like the Stasi in East Germany show how unchecked monitoring can erode trust and stifle dissent. We should push for policies that guarantee transparency and protect civil liberties while addressing security concerns.

Privacy Advocate: We could create a decentralized system where individuals control their own data using blockchain technology to ensure transparency and security. This could significantly reduce the risk of mass surveillance by central authorities. Is this something we want for our future?

Cybersecurity Expert: That's an interesting idea. How do you think we can address the potential security risks with blockchain?

Privacy Advocate: By leveraging AI to create a dynamic privacy protection system that adapts in real-time to emerging threats, we could empower individuals while maintaining robust security. Shouldn't this be the direction we're heading?

Legal Scholar: Absolutely, but any new technology or policy needs a solid legal framework to prevent abuse. We need comprehensive legislation that supports innovation but also safeguards against misuse.

Cybersecurity Expert: Given the challenges we've discussed with implementing new technologies securely, what specific steps can we take to ensure compliance across sectors?

Privacy Advocate: We should consider developing global privacy standards similar to GDPR but with stricter safeguards against mass surveillance. This could empower individuals worldwide and set a precedent for other nations.

Legal Scholar: Creating such standards would require international cooperation and commitment. It's not just about setting rules but ensuring they are enforceable globally.

Cybersecurity Expert: Right, so how do we foster this level of international collaboration? And more importantly, how do we make sure these standards evolve with technological advancements without becoming obsolete quickly? 
 >>Privacy Advocate: Imagine if our every move was recorded and stored, ready to be used against us. Is that what we want? Privacy is a fundamental right! We must act now to prevent an Orwellian future. My grandfather used to tell me about the Stasi – people were scared even at home because they never knew who might be listening. Do we really want history repeating itself with modern tech?

>>Cybersecurity Expert: Yeah, it reminds me of a healthcare project I worked on. We found so many threats in just one week! It showed me how crucial regular audits are for security.

>>Legal Scholar: Exactly! The Stasi example shows how unchecked surveillance erodes trust. Modern tech could do this globally if we're not careful with our laws.

>>Privacy Advocate: Right! I remember someone at a conference talking about being targeted by mass surveillance just for peaceful protests. It's chilling!

>>Cybersecurity Expert: That's alarming... It highlights why encryption is so important too – without it, sophisticated attacks could undermine everything.

>>Legal Scholar: True, but encryption alone isn't enough. We need strong policies for both tech safeguards and legal protections.

>>Privacy Advocate: Absolutely! And public awareness is key – people need to understand what's at stake so they can advocate for their rights effectively.

>>Cybersecurity Expert: Education is crucial – if people understood cybersecurity better... we'd have stronger defenses collectively.

>>Legal Scholar: Yes, combining public awareness with robust legal frameworks will help us resist intrusive surveillance practices better. 
 >>Privacy Advocate: If we don't act now to protect our privacy rights, we're heading towards a future where Big Brother is always watching. We need stronger encryption protocols across all sectors, independent oversight bodies for surveillance activities, and public awareness campaigns about privacy.

>>Cybersecurity Expert: Agreed! But how do we ensure these encryption protocols are regularly updated? Cybersecurity is everyone's responsibility.

>>Legal Scholar: True. We need clear legal frameworks against mass surveillance overreach—think about East Germany's Stasi as a cautionary tale. Let's push for robust oversight mechanisms and international cooperation too.

>>Privacy Advocate: Absolutely! Public awareness campaigns can really change how people view their privacy rights.

>>Cybersecurity Expert: And regular audits will help maintain trust in these systems over time.

>>Legal Scholar: Exactly! Independent oversight is crucial here to prevent chilling effects on free speech. International cooperation will be key too.

>>Privacy Advocate: So let's get those public awareness campaigns rolling ASAP!

>>Cybersecurity Expert: I'll start working on guidelines for regular audits and updates on encryption protocols.

>>Legal Scholar: Great! Let's reconvene in two weeks to review our progress.","During the Innovation Forum, the topic of mass surveillance was extensively discussed. Mass surveillance involves monitoring a large portion of a population by governments or corporations to track citizens' activities. The legality and extent of such surveillance vary across countries, often reflecting their political systems. Totalitarian regimes are particularly known for extensive surveillance practices.

The forum highlighted that proponents argue mass surveillance is essential for national security, crime prevention, and counter-terrorism. However, critics emphasize its infringement on privacy rights and civil liberties, potentially leading to authoritarian states where dissent is suppressed.

A significant turning point in the global debate on mass surveillance was Edward Snowden's 2013 revelations about the NSA's practices in the United States. This disclosure sparked widespread discussions about privacy in the digital age and led to increased scrutiny of government surveillance programs worldwide.

Various countries have been identified as having high levels of intrusive surveillance. For instance, Bahrain uses sophisticated tools to monitor dissidents' online activities, while Iran employs deep packet inspection technologies from Chinese companies like ZTE and Huawei. In India, legislation allows extensive data collection without oversight, raising concerns about privacy violations.

In Europe, there has been a push towards stronger data protection laws with the introduction of GDPR replacing previous directives. The European Court of Justice has also invalidated certain directives that violated basic rights to privacy.

Corporations play a significant role in mass surveillance by collecting user data through various means such as loyalty programs and online services like Google and Facebook. This data is often shared with governments under legal frameworks like the US's PRISM program.

The forum concluded that while technological advancements have made mass surveillance more pervasive, there is an urgent need for robust legal frameworks to protect individual privacy rights globally. Action items include advocating for stricter regulations on data collection and promoting transparency in government and corporate practices related to surveillance.

Overall, balancing security needs with privacy rights remains a critical challenge in the digital era, necessitating ongoing dialogue and policy development at both national and international levels."
"In a meeting, participants discussed the practical applications of Stoicism in modern life. The Philosophy Professor emphasized focusing on inner virtues and controlling what we can, quoting Seneca. The Psychologist highlighted how Stoic principles help manage stress and improve mental health by focusing on our reactions. The Wikipedia Editor compared applying Stoicism to maintaining neutrality in editing, while the Historian noted the adaptability of Stoic ideas from ancient Greece to Roman times.

They explored how Roman Stoics like Seneca adapted teachings to address political instability, emphasizing resilience and inner strength. They agreed that understanding historical contexts deepens appreciation of Stoic principles, with examples like Epictetus' emphasis on inner freedom due to his experience as a slave and Marcus Aurelius' reflections during his reign.

The discussion also covered integrating Stoic virtues into organizational culture to enhance decision-making and ethical behavior. Workshops on temperance, wisdom, and courage were suggested to foster balance and resilience in teams. Mindfulness training was recommended for emotional regulation. They acknowledged potential resistance but proposed starting with pilot programs to demonstrate benefits.

Overall, they concluded that cultivating virtues like wisdom, courage, and temperance could significantly transform organizational culture by fostering resilience and ethical decision-making.","Philosophy Professor: Good morning, everyone. I hope you're all well. Today, we aim to delve deeper into the practical applications of Stoicism in our modern lives. As Seneca once said, ""It is not the man who has too little, but the man who craves more, that is poor."" Let's explore how this ancient wisdom can guide us today.

Psychologist: Morning! It's great to see you all. I'm excited to discuss how Stoic principles can help us manage stress and improve our mental health. Last time, we touched on focusing on what we can control—let's build on that.

Wikipedia Editor: Hey everyone! Great to be here. Applying Stoicism reminds me of editing Wikipedia—staying neutral and not getting attached to personal biases. It’s about maintaining inner peace while ensuring accuracy.

Historian: Good morning, everyone. Pleasure to be here. The evolution of Stoicism from ancient Greece with Zeno to Roman thinkers like Seneca and Marcus Aurelius shows how adaptable these ideas are. They tailored their teachings to address the issues of their times.

Philosophy Professor: That's a good point! How did these shifts influence their teachings?

Historian: Well, Roman Stoics like Seneca focused more on personal ethics due to political instability at the time. They emphasized resilience and inner strength.

Philosophy Professor: Indeed! By focusing on what is within our control and accepting what isn't, as the Stoics believed, we can navigate life's challenges with greater resilience.

Wikipedia Editor: Absolutely! And just like the Stoics focused on what they could control—

Psychologist (nodding): —we focus on managing our reactions and emotions effectively.

(Everyone smiles)

Wikipedia Editor (smiling): Exactly! Like when editing Wikipedia—relying on reliable sources rather than personal beliefs helps maintain neutrality.

Philosophy Professor: Imagine if we applied Epictetus' teachings today—

Wikipedia Editor (interrupting): —By focusing on what's within our control!

(Everyone chuckles)

Philosophy Professor (smiling): Yes! Such as our reactions and attitudes; it helps us navigate contemporary society with greater ease and resilience.

Psychologist: Absolutely! Emotional intelligence plays a crucial role in applying Stoic principles—

(Phone rings loudly)

Psychologist (pausing briefly): Sorry about that... As I was saying, by being aware of our emotions and understanding their impact, we can better manage our reactions to external events... 
 >>Historian: To understand this better, let's look at how Marcus Aurelius applied courage during his reign—facing constant threats and political turmoil. His Meditations show inner strength that's still relevant today for innovation.

>>Philosophy Professor: Absolutely! And wisdom isn't just theoretical; it's practical too. If innovators today embraced it, they'd make better decisions aligned with true values.

>>Wikipedia Editor: That's like ensuring neutrality when editing Wikipedia—fair representation leads to balanced solutions in innovation too.

>>Psychologist: Right! And resilience is key here. Temperance helps maintain balance despite setbacks—

>>Historian (interrupting): Can you give an example? It might clarify its relevance historically.

>>Psychologist: Sure! Benjamin Franklin practiced temperance by moderating desires despite challenges, staying focused on long-term goals.

>>Philosophy Professor: Exactly! Temperance helps balance ambition with ethical responsibility in innovation—crucial for sustainable progress.

>>Psychologist: And emotional regulation is part of that—

>>Philosophy Professor (overlapping): —which is vital for creativity and problem-solving.

>>Psychologist: Yes! It helps maintain focus during tough times.

>>Philosophy Professor: Indeed! Courage also means confronting internal fears. Innovators who channel this can push creative boundaries further. 
 >>Historian: Consider this event: Zeno of Citium, the founder of Stoicism, began teaching in Athens around 300 BCE. His teachings were deeply influenced by the political turmoil and social upheaval of his time. As Santayana said, 'Those who cannot remember the past are condemned to repeat it.' Understanding these historical contexts is crucial for interpreting Stoic principles today.

>>Wikipedia Editor: That's interesting. When we look at how these historical contexts shape our understanding today, it's important to consider that Zeno's teachings weren't just philosophical musings but responses to the chaos around him. So, we need to think about the socio-political environment to fully grasp Stoic principles.

>>Philosophy Professor: Absolutely! Take Epictetus, for example—a former slave who emphasized inner freedom and resilience in the face of external circumstances. His teachings were practical responses to his own life experiences. Understanding these personal histories can really deepen our appreciation of Stoic principles.

>>Wikipedia Editor: I see your point. When we examine Epictetus' life, verifying the historical context and sources helps us understand his emphasis on inner freedom better. His personal history definitely adds layers to our interpretation of Stoic principles.

>>Philosophy Professor: Exactly! And then there's Seneca—he served as an advisor to Emperor Nero. His writings on virtue and ethics were practical advice for navigating political power's treacherous waters. His experiences with Roman politics profoundly shaped his Stoic teachings.

>>Historian: That's a great example. Seneca's position must have given him unique insights into applying Stoicism in real-world governance and ethics.

>>Wikipedia Editor: Right, and when examining Seneca's writings, it's essential to verify sources and understand the political dynamics of his time. His experiences with Nero add a whole new layer to our interpretation of Stoic ethics.

>>Philosophy Professor: Indeed! And let's not forget Marcus Aurelius—his Meditations were written amidst ruling an empire's challenges. They provided practical guidance for maintaining integrity and resilience under immense responsibility.

>>Historian: Marcus Aurelius' reflections offer profound insights into applying Stoicism in leadership and governance today.

>>Wikipedia Editor: Yes, understanding his role as an emperor really adds depth to our interpretation of his work.

>>Philosophy Professor: The Stoics viewed virtue as the highest good—'Virtue is sufficient for happiness.' Imagine applying this principle today by focusing on cultivating inner virtues rather than external achievements.

>>Historian: It's fascinating how these ancient ideas still resonate so strongly with modern challenges. 
 >>Psychologist: So, one practical way to apply Stoic principles today is through cognitive-behavioral therapy (CBT). As cognitive-behavioral theory suggests, our thoughts significantly influence our emotions and behaviors. By challenging irrational beliefs and focusing on what we can control, much like Epictetus taught, we can manage stress more effectively.

>>Philosophy Professor: That's a great point. The Stoics really emphasized that it's not the events themselves but our perception of them that affects us. They believed cultivating inner virtues like wisdom and courage could help us handle life's challenges better.

>>Wikipedia Editor: You know, I find it interesting how this idea of focusing on what we can control applies to so many areas. For instance, when editing Wikipedia, sticking to verifiable sources helps maintain objectivity and accuracy, especially with controversial topics.

>>Historian: And let's not forget how these principles have evolved over time. The historical context really shapes how these ideas were applied by different philosophers. For example, Epictetus' teachings were deeply influenced by his experiences as a slave.

>>Philosophy Professor: Absolutely! It's fascinating to see how personal experiences shape philosophical teachings. Speaking of which, Marcus Aurelius often reminded himself that while we can't control external events, we can control our responses to them. This mindset can be incredibly empowering today.

>>Psychologist: Right! Practicing mindfulness helps us become more aware of our thoughts and emotions, allowing us to respond rather than react to situations. This approach is incredibly beneficial in managing stress and maintaining emotional balance.

>>Wikipedia Editor: Yeah, exactly! And speaking from experience, staying neutral isn't always easy when dealing with heated topics on Wikipedia. But focusing on reliable sources helps keep things fair and balanced.

>>Historian: It's interesting how these ancient principles still resonate today. They provide a solid foundation for dealing with modern issues—whether it's in therapy sessions or even something as specific as editing an online encyclopedia.

>>Philosophy Professor: Indeed! By cultivating virtues like wisdom and temperance, we're essentially building a strong foundation for ourselves that supports us through life's inevitable storms.

>>Psychologist: Absolutely! And I've seen firsthand how applying these principles in therapy helps clients build resilience and cope better with life's challenges. 
 Wikipedia Editor: You know, when editing Wikipedia articles on philosophical topics like Stoicism, it's crucial to maintain a 'neutral point of view.' This means presenting all significant viewpoints fairly and without bias.

Philosophy Professor: Absolutely. We can't just look at Marcus Aurelius' Meditations alone; we need to think about what was happening around him at that time. The pressures he faced as an emperor really influenced his reflections.

Psychologist: Right! And being mindful of our own biases helps us stay neutral. It's easy to let our perceptions color the way we present information.

Historian: Indeed! Take Epictetus, for example. His life as a former slave is essential to understanding his teachings. Ignoring that context would give us an incomplete picture.

Wikipedia Editor: Exactly! That's why it's so important to include these perspectives in our articles. It gives readers a well-rounded understanding of the philosophers and their ideas. 
 >>Philosophy Professor: Consider this: integrating Stoic principles into our organizational culture could significantly enhance decision-making processes. 'Virtue is sufficient for happiness,' as the Stoics believed, and by fostering virtues like wisdom, courage, and temperance within our teams, we can create a more resilient and ethically grounded workplace.

>>Psychologist: I agree, resilience is crucial. I've seen how practicing temperance can help teams stay balanced under pressure. Imagine facing a tough decision with a team that's grounded in these virtues; it would lead to more thoughtful and ethical outcomes.

>>Wikipedia Editor: That's an interesting point. From my experience with collaborative editing, ensuring clear guidelines for applying virtues like wisdom and temperance can help maintain consistency across the team.

>>Philosophy Professor: To illustrate this point, we could run workshops on temperance where participants practice self-control in real-life situations they've faced at work. This would not only enhance their decision-making skills but also foster a culture of balance and ethical behavior within the organization.

>>Psychologist: Absolutely! And you know what? Mindfulness could really tie into this well. We could have sessions where employees practice mindfulness techniques to enhance their self-awareness and emotional control.

>>Philosophy Professor: Indeed! And incorporating the Stoic virtue of courage into our leadership strategies could be transformative. Leaders who embody courage can inspire their teams to face challenges head-on and make decisions grounded in ethical principles, even under pressure.

>>Psychologist: Emotional intelligence plays a crucial role here too. If we had workshops that not only focused on Stoic virtues but also integrated emotional intelligence training, it could help employees better understand and manage their emotions, leading to more effective communication and collaboration.

>>Historian: Hold on a second—let's not forget how these principles evolved over time. The historical context shows us how they were applied differently across various cultures. We should consider this when designing our workshops so that they're relevant today.

>>Philosophy Professor: Good point! We could have a series of workshops where employees practice the Stoic virtue of wisdom through role-playing scenarios based on historical contexts. This would not only enhance their problem-solving skills but also instill a deeper sense of ethical responsibility in their decision-making processes.

>>Wikipedia Editor: Right! And just like editing an article for neutrality, it's important to ensure that all voices are heard during these workshops. Providing diverse perspectives will enrich the learning experience for everyone involved.

>>Historian: I'm not sure everyone will buy into this idea right away though. How do we address potential resistance?

>>Psychologist: That's true; some might be skeptical about adopting these ancient principles in modern times. Maybe we start small with pilot programs to show tangible benefits before rolling out company-wide initiatives. 
 >>Philosophy Professor: Indeed! As Seneca once said, ""It is not the man who has too little, but the man who craves more, that is poor."" Imagine if we could instill this mindset in our organizational culture. By focusing on what we can control and valuing inner virtues over external rewards, we can foster a more resilient and ethically grounded environment.

>>Wikipedia Editor: I agree that fostering inner virtues is important. In addition to that, ensuring neutrality and inclusivity in our guidelines can further support a balanced organizational culture. For example, when editing Wikipedia, we always strive to present all significant viewpoints fairly.

>>Philosophy Professor: Exactly. By cultivating a mindset that prioritizes rationality and inner tranquility, we can navigate organizational challenges with greater clarity and resilience. What if I told you that implementing workshops on these principles could significantly enhance our team's decision-making processes?

>>Psychologist: Absolutely! Resilience is what we're aiming for here. Imagine if our team members could approach challenges with inner tranquility—our decision-making processes would be so much better. For instance, I've seen teams improve their problem-solving skills after mindfulness training sessions.

>>Historian: Understanding how Stoicism evolved helps us see its adaptability—something we can leverage when integrating these principles into our current organizational culture. The way Roman thinkers like Seneca adapted Greek Stoicism to their context shows us how flexible these ideas can be.

>>Philosophy Professor: So, to summarize our discussion—we've explored how Stoic principles can profoundly impact modern organizational culture. Focusing on virtues like wisdom, courage, and temperance can enhance resilience and ethical behavior within our teams. Imagine implementing workshops to cultivate these virtues—what a remarkable transformation that would be.

>>Wikipedia Editor: Exactly! And for those workshops to be effective, our guidelines need to be clear and inclusive. Just like in Wikipedia editing where presenting all significant viewpoints fairly fosters a balanced perspective.","During the recent Innovation Forum, we delved into the philosophy of Stoicism, exploring its origins, principles, and relevance in contemporary life. The discussion began with an overview of Stoicism's inception in ancient Greece around the early 3rd century BC by Zeno of Citium. It was noted that Stoicism emphasizes personal virtue and wisdom as the path to true happiness.

Key points highlighted included the four cardinal virtues central to Stoic thought: wisdom, courage, justice, and temperance. These virtues guide individuals in leading a life aligned with nature and reason. The forum participants discussed how these principles encourage resilience and emotional control by focusing on what is within one's power while accepting what is not.

The conversation also touched upon prominent Stoic philosophers such as Epictetus, Seneca, and Marcus Aurelius. Their contributions were acknowledged for providing practical guidance on applying Stoic principles to daily life. For instance, Epictetus' teachings emphasize distinguishing between what we can control and what we cannot, which remains a cornerstone of modern cognitive-behavioral therapy.

A significant portion of the meeting was dedicated to examining how Stoicism can be integrated into modern innovation practices. Participants agreed that adopting a Stoic mindset could enhance decision-making processes by fostering clarity and reducing emotional biases. This approach could lead to more sustainable and ethical innovations.

The forum concluded with several action items aimed at incorporating Stoic principles into our organizational culture. First, it was proposed that workshops be conducted to educate team members about Stoicism's core tenets and their practical applications. Additionally, developing a set of guidelines inspired by Stoic virtues could help steer project management and leadership strategies towards more thoughtful and resilient outcomes.

In summary, the exploration of Stoicism during this Innovation Forum underscored its timeless relevance and potential benefits for both personal development and professional practices. By embracing its teachings on virtue, control, and rationality, we can cultivate a more balanced approach to innovation that aligns with both ethical standards and long-term success goals."
"In the meeting, participants discussed strategies to grow their business and improve market position by leveraging economic principles, behavioral insights, and data analytics. They emphasized the importance of understanding supply and demand dynamics, consumer behavior during economic shifts, and the impact of perceived scarcity on buying habits. The team proposed a pilot project combining behavioral insights with predictive analytics to gain a competitive edge.

They also highlighted the role of big data in predicting market trends and personalizing customer experiences. The discussion covered how firms with significant market power can distort prices and market equilibrium, using examples from industries like telecommunications, airlines, pharmaceuticals, and tech.

The importance of fostering innovation through cross-functional teams was stressed, along with creating a safe environment for idea sharing. Action items included investing in advanced data analytics tools, exploring partnerships with tech firms, training teams in data interpretation, and ensuring psychological safety within teams to drive creativity and agility.",">>Business Strategist: Good morning, everyone! I'm excited to kick off today's discussion. Let's talk about new ways to grow our business and improve our market position. I want this to be an open conversation where everyone feels comfortable sharing their thoughts.

>>Economist: Morning, all! As we dive into today's topic, it's important to think about basic economic principles like supply and demand. But let's also consider how these principles play out in real-world scenarios. For example, during the last recession, we saw some interesting shifts in consumer behavior that could inform our strategies.

>>Market Analyst: Absolutely! Data-driven insights can really help us understand these market dynamics better. If we analyze past consumer behavior during economic shifts, we can identify patterns and prepare more effectively for future changes. What do you all think about leveraging big data for predictive analytics in this context?

>>Behavioral Economist: From a behavioral perspective, it's fascinating how perceived scarcity can drive consumer behavior. If consumers believe a product is running out, their urgency to buy increases, often leading to panic buying. This psychological response can significantly amplify demand beyond what traditional models predict.

>>Economist: That's a great point, Behavioral Economist. Building on that idea, I think we should look at how companies like Amazon handle perceived scarcity with their ""only X left in stock"" notifications. It creates urgency without causing panic buying that disrupts the market.

>>Market Analyst: Exactly! And speaking of big data, remember how Target used predictive analytics to anticipate customer needs? They were able to send personalized promotions based on purchasing patterns which significantly boosted their sales.

>>Business Strategist: Those are excellent examples! So it sounds like combining behavioral insights with predictive analytics could give us a competitive edge. How do you all feel about starting a pilot project focused on these areas?

>>Behavioral Economist: I think that's a fantastic idea. We could start by identifying key products where perceived scarcity might influence buying behavior and then use data analytics to track the results.

>>Economist: Agreed. And let's not forget to monitor external factors like economic indicators that might affect consumer confidence and spending habits.

>>Market Analyst: Definitely. We should also consider setting up regular reviews of the data so we can adjust our strategies quickly if needed.

>>Business Strategist: Great suggestions! Let's outline the next steps for this pilot project after the meeting and assign roles accordingly. 
 >>Economist: So, when we talk about supply and demand, it's really about finding that sweet spot where what people want matches what's available at a certain price. This balance ensures there's neither a surplus nor a shortage in the market.

>>Market Analyst: Exactly! Like when fuel prices go up, everyone suddenly wants electric cars, pushing prices higher. We can look at historical trends to predict these shifts based on things like new tech or policy changes.

>>Behavioral Economist: I agree with you both—it's also interesting how consumer perceptions play into this. When people think something is scarce, they rush to buy it—like how everyone hoarded toilet paper during the pandemic!

>>Economist: Right, and if there's a technological breakthrough that reduces production costs for electric vehicles, the supply would increase. This would lead to lower prices and more availability if demand stays the same.

>>Market Analyst: Yeah, that's a great point about technological breakthroughs reducing costs. During the pandemic, we saw a huge spike in demand for home fitness equipment because gyms were closed. Prices went up and there were shortages initially. Analyzing these trends helps businesses plan better.

>>Economist: It's important to note that while our models assume perfect competition where no single buyer or seller can influence the market price, real-world markets often have firms with significant power like monopolies or oligopolies. These situations require us to tweak our models to account for strategic behavior by these firms.

>>Market Analyst: You know what's interesting? These principles apply across different markets too. During holiday seasons, there's always a surge in demand for certain toys which leads to higher prices and sometimes shortages if supply can't keep up. Looking at past trends helps retailers prepare their inventory and pricing strategies better.

>>Behavioral Economist: And it's fascinating how consumer behavior sometimes defies traditional economic models. Take 'perceived value,' for instance—if consumers believe a product is more valuable due to branding or marketing efforts, they're willing to pay more even if nothing else has changed. 
 >>Economist: Well, in economic terms, this deviation from traditional models is particularly evident in markets with significant market power. Consider oligopolies, where a few firms dominate and can influence prices through strategic interactions. This isn't just theoretical; we see it in industries like telecommunications and airlines.

>>Market Analyst: Yeah, it's really interesting how these big companies can set prices like that. Take airlines for example—when a few major players control most of the routes, they can hike up prices because there's not much competition. We've all seen it happen.

>>Economist: Exactly. And when we talk about oligopolies, it's crucial to understand that these firms don't just passively accept market prices. They actively engage in strategic behavior to influence those prices. For instance, look at the telecommunications industry where a few major players can set higher prices due to limited competition. This has real-world implications for consumers and market efficiency.

>>Market Analyst: Right, and another good example is the tech industry. Think about how a handful of companies dominate the software market—they have the power to set subscription fees pretty high because there aren't many alternatives.

>>Behavioral Economist: From a behavioral perspective, it's intriguing how firms with market power exploit consumer biases. Telecom companies use complex pricing structures to confuse consumers, making it harder for them to compare prices and switch providers.

>>(Phone rings briefly before being silenced)

>>(Participants exchange amused glances)

>>Economist (smiling): Sorry about that! Anyway, as I was saying... it's important to note that firms with market power can significantly distort the supply and demand equilibrium—

>>Business Strategist (interrupting): Hold on a second—when you say ""distort,"" do you mean price manipulation?

>>Economist: Good question! By ""distort,"" I mean that these firms manipulate their output levels or pricing strategies to shift the supply curve intentionally. In a perfectly competitive market, prices are determined by the intersection of supply and demand curves. However, when a firm has significant market power—

>>Business Strategist (nodding): Got it! Thanks for clarifying.

>>Economist (continuing): —it manipulates its output to influence prices effectively shifting the supply curve. We see this in industries like pharmaceuticals where a few companies control drug prices.

>>Market Analyst: Wow! It's amazing how firms with market power shift the supply curve to their advantage. A few pharmaceutical companies control most drug production; they limit output to drive prices up, leaving consumers no choice but to pay more for essential medications. 
 >>Economist: So, when production costs rise, we see higher prices and lower output. On the flip side, if consumer income goes up or preferences shift towards certain goods, demand increases, leading to higher prices and more output.

>>Business Strategist: Exactly. Strategically speaking, if we expect consumer incomes to rise, we should position our products to meet that demand. How do different industries adapt their strategies based on these economic indicators?

>>Market Analyst: Good point! For example, if there's a sudden increase in consumer income, luxury goods and tech gadgets might see a big boost in demand. Companies would need to ramp up production quickly.

>>Economist: Right. And these shifts aren't just theoretical—they have real-world impacts. When raw material prices go up, it can lead to stagflation—higher inflation and unemployment at the same time. Businesses need to be prepared for that.

>>Market Analyst: True. And it's not just luxury items; everyday products can also see increased demand when people have more disposable income. Industries like travel and dining out could really benefit from this.

>>Behavioral Economist: Absolutely! From a behavioral perspective, when people feel richer, they don't just buy more stuff—they spend on experiences like travel or dining out too. How can businesses use this insight to better align their strategies with consumer behavior?

>>Market Analyst: That's an interesting point! Historical data shows that during economic booms, spending increases across both luxury and essential goods. This helps businesses forecast demand more accurately.

>>Economist: Well said! Understanding these supply and demand dynamics is crucial because they directly impact market equilibrium. For instance, rising production costs can lead to stagflation—a tough scenario for businesses to navigate strategically.

>>Business Strategist: I remember during the last economic boom we saw a huge spike in demand for our luxury products—it was challenging but exciting to keep up with the market changes. 
 >>Economist: When businesses see higher demand for their products, they usually need more workers. This can push wages up because companies compete for talent.

>>Business Strategist: Exactly! But it's not just about wages. Companies should also focus on creating a great work environment and offering career growth opportunities.

>>Market Analyst: Right! For example, if a tech company suddenly needs more staff, they might offer flexible hours and training programs along with higher pay. This helps keep employees happy and loyal.

>>Behavioral Economist: True, but even with high salaries, if work-life balance isn't addressed, turnover can still be high. Job satisfaction plays a big role too.

>>Business Strategist: Absolutely! Beyond wages, things like wellness programs and continuous learning can really help retain talent.

>>Market Analyst: And these strategies can boost productivity too! Investing in employee wellness and remote work options can lead to happier, more productive employees.

>>Economist: Yes, so it's important for businesses to consider all factors—wages, working conditions, career prospects—when trying to attract talent. If any area is lacking, it could offset wage increases. 
 >>Behavioral Economist: You know, it's fascinating how firms set prices based on psychological factors rather than just market forces. Like when a company sets a price that feels fair to consumers—it can really drive loyalty.

>>Market Analyst: Totally! It's like when grocery stores keep prices stable for essentials. Even if they're a bit higher, it builds trust with customers.

>>Economist: That's an interesting point about consumer perception. Building on that, theoretically speaking, the concept of administered prices challenges the traditional supply and demand model. When firms set prices based on factors like cost-plus pricing—where they add a markup to the cost of production—or perceived fairness, it disrupts the equilibrium that would naturally occur in a perfectly competitive market.

>>Market Analyst: Right, and speaking of inefficiencies, if we look at the data, these administered prices often lead to market inefficiencies. Imagine this scenario: if a firm consistently sets higher prices than the market-responsive ones, it might lose out on potential customers who are price-sensitive.

>>Business Strategist: I see your point about stability, but don't you think it could also lead to complacency among firms? They might not innovate as much if they rely too heavily on administered pricing.

>>Behavioral Economist: Absolutely! And there's also the psychological aspect where consumers associate higher prices with better quality or exclusivity. So even though it might seem inefficient from an economic standpoint, there are other benefits that come into play.

>>Economist: True, but we can't ignore the potential downsides either. If too many firms adopt this approach without considering market dynamics, we could see significant distortions in resource allocation across industries.

>>Market Analyst: Well... that's where empirical evidence comes into play. We need more data-driven studies to understand when and how administered pricing works best without causing major disruptions.

>>Business Strategist: Exactly! It's all about finding that balance between strategic goals and market realities. Maybe we should look at some case studies where this has been implemented successfully?

>>Behavioral Economist: Good idea! Real-world examples could provide valuable insights into how different industries handle this balance effectively. 
 >>Economist: Considering the advanced models we're discussing, it's crucial to understand how power imbalances can distort market outcomes. When a few firms have significant control, they can influence prices to their advantage. For instance, monopolies might limit production to drive up prices.

>>Market Analyst: That's interesting! From a consumer standpoint, these imbalances really mess with market dynamics. If a few companies control most of the supply, they can set prices that don't reflect true market conditions. What if we use data-driven insights to spot and address these issues?

>>Behavioral Economist: Exactly! And when consumers feel like a few firms dominate the market, they might stop looking for better deals because they think it won't make a difference. We could use small changes to encourage them to make more informed choices.

>>Market Analyst: Absolutely! By analyzing large datasets, we can identify patterns that indicate power imbalances. For example, if we see consistent price manipulation by certain firms, we can develop strategies to counteract these effects and promote fairer competition.

>>Behavioral Economist: But let's not forget that these imbalances can also lead to a sense of inevitability among consumers. They might think, 'Why bother looking for alternatives if the market is rigged?' This mindset can stifle competition even further.

>>Economist: I see what you mean. Let's consider this from a theoretical standpoint too. When firms have significant power, they distort equilibrium prices and quantities, leading to inefficiencies in the market.

>>Market Analyst: For instance, we've seen how tech giants have been scrutinized for their pricing strategies recently. If we track pricing patterns over time using big data, we can pinpoint where these imbalances occur and develop targeted interventions.

>>Behavioral Economist: Absolutely! But I'm not sure if data alone can solve this issue; we need regulatory measures too. Consumers might become skeptical about fairness and transparency if they feel dominated by a few firms.

>>Economist: Good point. By applying advanced models to understand firm behavior in oligopolistic markets, we can predict how they'll act and find potential points for intervention. 
 >>Business Strategist: You know, fostering a culture of innovation isn't just about advanced models but also practical implementation. Creating cross-functional teams can encourage diverse ideas and perspectives. How can we explore this further?

>>Market Analyst: Absolutely! These teams could leverage data-driven insights to identify market trends and consumer behavior patterns, leading to more personalized products. What do you all think about using real-time data in these teams?

>>Behavioral Economist: From a behavioral perspective, it's crucial that team members feel safe sharing their ideas without fear of ridicule. This kind of environment can significantly boost creativity.

>>Economist: I agree! When team members from diverse backgrounds come together, they bring unique perspectives that can really drive innovation forward. Using real-time data could be a game-changer for this process.

>>Market Analyst: Right! Predicting consumer needs with data could lead to more targeted solutions. How might this approach enhance team collaboration?

>>Behavioral Economist (interrupting): Sorry to interrupt—how do we ensure team members engage effectively with this data?

>>Economist (nodding): Good point! By leveraging diverse perspectives and ensuring proper training on data interpretation, we can boost our innovation efforts even further.

>>Market Analyst: Absolutely! Cross-functional teams using real-time data could quickly identify market gaps, leading to timely solutions. How might this foster a more agile organizational culture? 
 >>Business Strategist: So, let's wrap things up. We've talked about how important cross-functional teams and real-time data are for driving innovation. We need to empower these teams to make quick decisions and focus on training them in data interpretation.

>>Economist: Yeah, from a microeconomic perspective, these strategies can really boost our efficiency by shifting the supply curve—basically meaning we can produce more at lower costs. It's crucial that our teams are well-trained in data interpretation to fully capitalize on these benefits.

>>Market Analyst: Absolutely! And using real-time data not only helps predict demand but also personalizes the customer experience. Imagine a retailer anticipating trends and stocking up on popular items before competitors even realize there's a demand spike. It's amazing!

>>Behavioral Economist: Right, I agree with what everyone has said about using real-time data and cross-functional teams. Additionally, creating a safe environment for idea sharing is crucial for fostering innovation. When team members feel secure in expressing their ideas without fear of criticism or rejection, it leads to more creative solutions.

>>Business Strategist: Exactly! And speaking of action items, one thing we should consider is investing in advanced data analytics tools to better anticipate consumer needs. What if we also explore partnerships with tech firms to integrate these tools seamlessly into our operations?

>>Economist: That makes sense. Partnering with tech firms could give us access to cutting-edge tools and expertise that we might not have in-house.

>>Market Analyst: Yeah! Plus, those advanced analytics tools will enhance our ability to predict market trends and personalize customer experiences significantly.

>>Behavioral Economist: And don't forget about ensuring psychological safety within those cross-functional teams—it’s just as important as having the right tools!

>>Business Strategist: Alright, so it sounds like our next steps are clear—we'll invest in advanced analytics tools, look into tech partnerships, train our teams better, and ensure they feel safe sharing ideas.","During the Innovation Forum, we discussed the fundamental economic model of supply and demand, which is crucial for understanding price determination in a market. The model posits that in a perfectly competitive market, prices adjust until the quantity demanded equals the quantity supplied, achieving economic equilibrium.

We explored how firms with market power can influence prices, necessitating more complex models like oligopoly or monopsony. In macroeconomics, the aggregate demand-aggregate supply model helps determine total output and price levels in equilibrium.

The forum highlighted that supply schedules (depicted as supply curves) show the relationship between price and quantity supplied. Factors such as production costs can shift these curves. Similarly, demand schedules (demand curves) represent how much consumers are willing to buy at various prices, influenced by factors like income and preferences.

We noted that both supply and demand curves assume perfect competition where no single buyer or seller can influence market prices. However, real-world deviations require adjustments to these models.

Historical context was provided on the development of these concepts from early mentions by John Locke to formalizations by economists like Cournot and Marshall. The marginalist school later refined these ideas by focusing on subjective value at the margin.

Practical applications were discussed, including labor markets where individuals supply labor while businesses demand it. The money market also uses this model to analyze interest rates based on money supply and demand.

The forum concluded with an acknowledgment of critiques from modern Post-Keynesians who argue that real-world pricing often involves administered prices set by firms rather than being purely responsive to market forces.

Action items include further exploration of advanced models for markets with significant power imbalances and continued examination of empirical evidence supporting or challenging traditional supply and demand theories in various sectors."
"In the meeting, the historian, Egyptologist, and archaeologist discussed various aspects of ancient Egyptian civilization. They covered topics such as the precise alignment of pyramids with celestial bodies, which reflected both architectural achievement and religious beliefs. They also explored the interconnectedness of Egyptian society, where language, art, and daily life were deeply intertwined with spiritual beliefs.

The conversation touched on Egypt's advanced medical practices and tools found during excavations that indicated a sophisticated understanding of anatomy and treatments. The unification of Upper and Lower Egypt under Narmer was highlighted as a pivotal moment that set the stage for advancements in art and language.

They discussed the decline of ancient Egypt due to internal factors like economic difficulties and political instability, which made it vulnerable to external invasions. The social structure was examined, noting the significant roles of priests, scribes, and women in governance and daily life.

The participants marveled at the Egyptians' mathematical skills used in land surveying and accounting, their holistic approach to medicine combining practical treatments with spiritual beliefs, and their influence on modern science and art. They concluded by planning their next meeting in two weeks to discuss recent discoveries further.","Historian: Good morning, everyone. I hope you're all doing well. Today, let's catch up on our research areas and plan our next steps. Last time, we talked about how the pyramids' alignment with the stars reflected their religious beliefs.

Egyptologist: Morning! It's great to see you all again. The hieroglyphs show that aligning the pyramids with celestial bodies was both an architectural achievement and a reflection of their spiritual life.

Archaeologist: Hey folks! You wouldn't believe how precise those pyramid alignments are—it's mind-blowing!

Historian: That's amazing! What tools do you think they used?

Archaeologist: We found some ancient instruments that might have been used for measurements. It's incredible to think about the knowledge they had back then.

Egyptologist: Absolutely! And it's fascinating how every aspect of their society seemed connected in some way. The language itself reflects this interconnectedness—each symbol carrying multiple layers of meaning related to their worldview.

Historian: Their achievements in astronomy were incredible. Speaking of which, has anyone made progress on understanding their medical practices?

Archaeologist: Actually, yes! We've uncovered some interesting artifacts that suggest they had advanced medical knowledge for their time.

Egyptologist: That's right! Their medical texts are quite detailed and show a deep understanding of anatomy and treatments.

Historian: It’s truly remarkable how advanced they were in so many fields. Their ability to integrate various fields of knowledge into a cohesive system is something that continues to amaze scholars today. 
 >>Egyptologist: You know, when I first studied the unification of Upper and Lower Egypt under Narmer, I was amazed at how it set the stage for so many advancements in art and language. It really was a pivotal moment in human history.

>>Archaeologist: Absolutely! During my last excavation, we found early mastabas that really showed how construction techniques evolved during this period. It's incredible to see firsthand how these structures were precursors to the pyramids.

>>Historian: Indeed! And did you know that scribes were essential in maintaining records? They ensured smooth governance and helped create a complex bureaucracy.

>>Egyptologist: That's fascinating! I've always been intrigued by how hieroglyphics played such a crucial role. The emergence of these inscriptions was vital for both administrative and religious purposes, solidifying state identity and facilitating communication across vast distances.

>>Historian: Moving forward to its decline after Alexander the Great's conquest in 332 BCE—it's important to note that it wasn't just external invasion that caused it. Internal factors like economic difficulties, political instability, and social unrest were also significant contributors.

>>Archaeologist: Right! From what we've uncovered, internal issues like economic troubles and political instability played huge roles in Egypt's decline. I remember uncovering artifacts that directly linked to this period—it was thrilling but also sobering to see how the erosion of centralized power made it easier for foreign powers to step in.

>>Historian: Absolutely. The decline was indeed multifaceted. Internal strife and economic challenges weakened Egypt's structure over time, making it vulnerable to external forces. Foreign powers exploited these weaknesses effectively.

>>Archaeologist: And you know, it wasn't just about politics either. The weakening of centralized power affected infrastructure and daily life too. Local leaders started gaining more control, leading to fragmented governance and further weakening state structures. 
 >>Egyptologist: You know, the architectural achievements of ancient Egypt were really tied to their religious beliefs. The Great Pyramid wasn't just a tomb; it was a symbol of divine power and the pharaoh's journey to the afterlife.

>>Historian: Absolutely! And their alignment with celestial bodies is just mind-blowing. How did they manage such precision?

>>Archaeologist: It's fascinating! They used simple tools like plumb bobs and leveling instruments but still achieved incredible accuracy. Can you believe it?

>>Historian: Right? Without any modern technology! Their knowledge in astronomy must have been top-notch.

>>Egyptologist: And let's not forget the religious significance behind these structures—temples were designed as microcosms of the universe, with every element having symbolic meaning tied to their mythology.

>>Historian: Exactly! This blend of practicality and spirituality is what makes their monuments so unique. They weren't just building for practical purposes but embedding their spiritual beliefs into every stone.

>>Archaeologist: Even today, we marvel at their ingenuity! It's amazing how they managed to create such enduring legacies with what we would consider basic tools.

>>Egyptologist: Yeah, it's this very blend that continues to captivate scholars and enthusiasts alike. Each discovery adds another layer to our understanding of their world. 
 >>Historian: You know, the symbolic nature of Egyptian art is not just decorative but deeply intertwined with their religious beliefs and daily life. Each symbol carried profound meaning.

>>Egyptologist: Absolutely! I remember reading about how they used hieroglyphs in tombs for protection in the afterlife. It's fascinating how these symbols were believed to hold magical properties.

>>Archaeologist: That's true. During my last excavation, we found stone tablets with detailed records of grain storage alongside religious texts. It really shows how integrated their approach was.

>>Egyptologist: Exactly! And it's amazing how even mundane activities were documented so meticulously. Did you notice any particular patterns in those records?

>>Archaeologist: Yes, actually! There were recurring symbols that seemed to denote different types of transactions. It gave us great insight into their administrative practices.

>>Historian: Right, it’s this blend of practicality and spirituality that makes their civilization so unique. Their art wasn't just functional; it was deeply symbolic too.

>>Egyptologist: And let's not forget how these symbols influenced both physical and spiritual realms—truly remarkable! 
 >>Historian: You know, the social structure of Ancient Egypt was pretty complex. Pharaohs were at the top, but priests and scribes also had significant roles in both governance and religion. It wasn't just about power; it was about maintaining Ma'at, or cosmic order.

>>Egyptologist: Yeah, and speaking of roles, women in Ancient Egypt had some pretty advanced rights for their time. They could own property, initiate divorce, and even run businesses. These weren't just legal technicalities; they were part of everyday life.

>>Archaeologist: Absolutely! From my digs, I've seen artifacts that show women involved in all sorts of economic activities. It's clear they weren't just stuck at home.

>>Historian: Right. And this hierarchy wasn't just rigid; it was dynamic. Priests were key administrators as well as religious leaders, and scribes held a lot of power because they could read and write. Women played crucial roles too—both at home and in the economy.

>>Egyptologist: Exactly! Hieroglyphs often show women engaged in business activities, which highlights their importance in society. Their ability to own property and initiate divorce really shows how respected they were.

>>Archaeologist: And these depictions aren't just symbolic—they're practical records of daily life. Titles like 'Mistress of the House' or 'Businesswoman' show that women were active participants in both domestic and economic spheres.

>>Historian: Speaking of titles, it's interesting how household roles reflected this stratification too. Women managed domestic affairs with authority and often had titles to match their responsibilities.

>>Egyptologist: Definitely! Ancient texts reveal that women contributed significantly to society. Titles like 'Mistress of the House' indicate their multifaceted roles which were essential for maintaining social order.

>>Archaeologist: So true! What we're seeing is a society where women's contributions were vital across different levels—domestic, economic, even administrative sometimes! 
 >>Egyptologist: The ancient Egyptians were amazing! Their math skills weren't just for building pyramids but also for practical stuff like land surveying and accounting. And their medical knowledge was incredibly advanced, with detailed surgical practices documented in papyri.

>>Historian: Absolutely! Have you read about the Edwin Smith Papyrus? It shows they had some pretty advanced medical techniques for their time, with detailed descriptions of surgical procedures and diagnoses that are astonishingly sophisticated.

>>Egyptologist: Yeah, and their approach to medicine wasn't just about treating ailments. It was deeply intertwined with their spiritual beliefs. For instance, the Ebers Papyrus contains remedies and spells, showing how they combined practical treatments with magical incantations. This holistic view of health—where physical and spiritual well-being were inseparable—is fascinating.

>>Archaeologist: From my fieldwork experience, it's incredible how advanced they were! We found specialized tools for surgeries that are remarkably similar to what we use today. Can you imagine performing surgery with such precision thousands of years ago?

>>Historian: Totally agree! And let's not forget their contributions to mathematics which extended beyond architecture into various practical applications. Using geometry in land surveying was crucial for re-establishing property boundaries after the annual flooding of the Nile.

>>Egyptologist: Exactly! They didn't just treat physical ailments; they considered the spiritual and emotional well-being of their patients too. Interestingly, some remedies from the Ebers Papyrus are still used in traditional medicine today.

>>Archaeologist: It's mind-blowing to think about performing surgery with such precision back then! Those specialized tools—they're so similar to what we use today.

>>Historian: Their systematic approach to medicine is fascinating. Combining empirical observation with spiritual practices created a unique healthcare system that emphasized diagnosis and prognosis—fundamental principles in modern medicine. 
 >>Egyptologist: You know, the influence of ancient Egyptian culture goes way beyond their monumental architecture and medical practices. Hieroglyphs weren't just for communication; they were an art form that conveyed deep spiritual and cultural meanings. This has inspired modern artistic expressions and even contemporary design elements.

>>Archaeologist: Absolutely! I remember being amazed when I first saw those intricate stone carvings during an excavation. Their construction techniques were so advanced that they still inspire modern engineering today. We found methods for aligning structures with celestial bodies that are just mind-blowing!

>>Historian: Indeed, the hieroglyphs reveal so much about their daily lives and beliefs. The depictions of gods and goddesses in tombs weren't just for decoration; they were believed to protect the deceased in the afterlife. This symbolism has influenced everything from jewelry to architecture in our times.

>>Egyptologist: And let's not forget their scientific endeavors. They were pretty advanced in medicine for their time, as shown in texts like the Edwin Smith Papyrus. These achievements have influenced contemporary medical practices.

>>Archaeologist: Yeah, it's fascinating how their early tools for land surveying were incredibly accurate too! It's amazing to see how these early scientific tools evolved into what we use today.

>>Historian: What we must understand is that the legacy of ancient Egypt's scientific endeavors extends beyond just medicine. Their advancements in fields like astronomy and mathematics laid the groundwork for many modern principles. For instance, their precise calculations for constructing pyramids demonstrate an advanced understanding of geometry and astronomy.

>>Egyptologist: Exactly! And these influences aren't limited to science or architecture alone. Ancient Egyptian art forms have also left a lasting impact on modern artistic expressions—whether it's through motifs seen in fashion or architectural designs inspired by their monumental structures.

>>Archaeologist: Speaking of which, during another dig, we found some tools used for land surveying that were incredibly accurate for their time. It’s fascinating how these early innovations have shaped what we do now!

>>Historian: Yes, those tools reflect a deep understanding of geometry and measurement which was crucial not only for building but also for agriculture and urban planning—fields where we still see echoes of their innovations today. 
 >>Egyptologist: You know, the mythology of ancient Egypt is another area ripe for exploration. Their myths weren't just stories but a reflection of their worldview and societal values. For instance, the tale of Osiris and Isis reveals much about their beliefs in resurrection and the afterlife.

>>Archaeologist: Absolutely! And have you noticed how many artifacts depict scenes from these myths? It's amazing to see how deeply intertwined these stories were with daily life. I remember finding a small statue in a tomb once that depicted Osiris—it was incredible to see such detailed craftsmanship on something so small.

>>Historian: Egyptian mythology offers profound insights into their cosmology and societal values. For example, Ra's daily journey across the sky not only explains natural phenomena but also reflects their understanding of order and chaos.

>>Archaeologist: Yeah, it's fascinating how even simple household items had depictions of gods and goddesses. It really shows how embedded these myths were in their culture.

>>Historian: Exactly! And this brings up another interesting aspect—how did these beliefs influence their legal systems? The concept of Ma'at—representing truth and order—was central to both cosmology and governance.

>>Egyptologist: Absolutely! And let's not forget the role mythology played in art and literature as well. The symbolism found in mythological tales often appears in hieroglyphs and temple carvings.

>>Archaeologist: Right! It's incredible to see how these stories influenced every aspect of their culture, from grand temples to everyday objects.

>>Historian: Indeed! This comprehensive influence provides us with a deeper understanding of ancient Egyptian civilization. 
 >>Egyptologist: Alright, we've covered a lot today, from pyramid alignments to mythology's impact on daily life. It's amazing how interconnected their achievements were with their beliefs.

>>Historian: Yes, indeed. You know—

>>Archaeologist: —and maybe we can also touch on some recent discoveries that shed light on these techniques. There's always something new coming up in the field that could add to our understanding.

>>Egyptologist: That sounds like a great idea... (slightly less enthusiastic) I mean, it's fascinating how much we're still learning about their methods even after all this time.

>>Historian: Agreed. So, um, let's set a date for our next meeting. How does two weeks from now sound for everyone?

>>Archaeologist: Works for me! I'll make sure to bring some detailed notes and images from my latest excavation site.

>>Egyptologist: Perfect! I'll prepare some additional insights on the cultural context behind those engineering feats as well.

>>Historian: Excellent. Well then, it looks like we're all set... By the way, did you hear about the new exhibit opening next month?

>>Archaeologist: Oh yeah, I've been meaning to check that out! Maybe we can all go together after our next meeting?

>>Egyptologist: Sounds like a plan! See you both soon!

>>Historian: Same here! Take care!","During our virtual meeting, we delved into the fascinating history and culture of Ancient Egypt. The discussion began with an overview of the civilization's timeline, highlighting its emergence around 3100 BCE and its eventual decline following the conquest by Alexander the Great in 332 BCE. We noted that Ancient Egypt is renowned for its remarkable achievements in various fields such as architecture, art, and writing.

The conversation then shifted to the iconic architectural feats of the Egyptians, particularly the construction of pyramids and temples. The Great Pyramid of Giza was emphasized as a testament to their advanced engineering skills. Additionally, we discussed how these structures were not only burial sites but also served religious purposes, reflecting the Egyptians' deep spiritual beliefs.

Our exploration continued with a focus on Egyptian art and hieroglyphics. It was concluded that their art was highly symbolic and played a crucial role in both religious practices and daily life. Hieroglyphics, their unique writing system composed of pictorial symbols, were used extensively for record-keeping and communication.

We also examined the social structure of Ancient Egypt, noting that it was a highly stratified society with Pharaohs at the top, followed by priests, scribes, artisans, and laborers. The role of women in this society was another point of interest; while they had certain rights and could own property or run businesses, their primary responsibilities were domestic.

The meeting further covered significant contributions made by Ancient Egyptians in science and medicine. Their advancements in mathematics facilitated architectural projects while their medical knowledge included surgical practices documented in papyri.

In conclusion, our discussion underscored that Ancient Egypt's legacy continues to influence modern culture through its monumental architecture, artistic expressions, and early scientific endeavors. No specific action items were identified during this session; however, participants expressed interest in further exploring related topics such as Egyptian mythology and daily life practices in future meetings."
"In the meeting, the team discussed enhancing e-learning by incorporating interactive elements like quizzes, discussion forums, and multimedia such as videos and animations to make learning more engaging. They emphasized using adaptive learning platforms for personalized content and integrating real-world scenarios through case studies and simulations. Continuous assessment with regular feedback was highlighted as crucial for student engagement.

The importance of flexibility in e-learning programs was noted, allowing learners to access materials at their own pace. The team reflected on the rapid adaptation during COVID-19 and the evolution of educational technology from early computer-based training to sophisticated online platforms.

They discussed aligning technology with learning theories—behaviorism, cognitivism, and constructivism—and integrating tools like mind mapping software, virtual labs, and gamification elements. Balancing synchronous (live sessions) and asynchronous (discussion boards) tools was seen as essential for catering to different learning preferences.

The team planned to create guidelines for instructors on effectively integrating these tools into courses. They also considered using AI for personalized education, providing real-time feedback, and tracking progress while ensuring it doesn't overwhelm students.

To stay updated with EdTech advancements, they proposed setting up a team for regular updates on new tools. Responsibilities were assigned: tracking new AI tools (LMS Administrator), evaluating their impact on learning outcomes (Instructional Designer), monitoring student well-being (Educational Psychologist), and setting milestones (Educational Technologist). A shared document would be used for updates, aiming to have an initial implementation plan ready by the next meeting.",">>Instructional Designer: Hey everyone! Great to see you all here. So, our main focus today is on e-learning and how we can make it more engaging and effective for our learners. To start off, let's think about what makes an e-learning experience truly impactful. What do you think are the key elements we should consider?

>>Online Education Specialist: As we dive into e-learning, let's consider how interactive elements like quizzes and discussion forums play a role in keeping learners engaged. What are your thoughts?

>>Instructional Designer: One key element we should definitely consider is the use of multimedia elements. Think about it... incorporating videos, animations, and interactive graphics can make the learning experience much more dynamic and engaging.

>>Educational Technologist: We should use technology not just for the sake of it but to create an engaging learning environment. For example, adaptive learning platforms can tailor content to each student's needs.

>>Educational Psychologist: From a psychological perspective, incorporating real-world scenarios and continuous feedback taps into constructivist learning theories. Students actively construct their knowledge through engagement and reflection.

>>Instructional Designer: That's a great point about real-world scenarios. How do you think we can best incorporate these into our current modules?

>>Educational Psychologist: We could design case studies or simulations that reflect real-life challenges students might face in their fields. This way, they can apply what they've learned in a practical context.

>>Instructional Designer: Another crucial aspect is the continuous assessment and feedback loop. Incorporating regular check-ins and progress tracking can help learners stay engaged and motivated.

>>Educational Psychologist: Absolutely! The continuous assessment aligns well with formative assessment principles, helping students engage actively by providing timely feedback. Including peer assessments could also enhance this process by encouraging collaboration.

>>Instructional Designer: Flexibility in e-learning programs is also important. Allowing learners to access materials at their own pace and on their own schedule can significantly enhance engagement and retention.

>>Online Education Specialist: I agree! Flexibility allows learners to manage their time better, which can lead to higher engagement levels. For instance, we could offer recorded lectures that students can watch anytime along with live Q&A sessions. 
 >>Educational Technologist: It's amazing how much EdTech has changed over the years. I remember when we first started using educational films and mechanical teaching machines back in the day. And now, with online learning platforms, it's a whole new world. The pandemic really pushed us to innovate quickly.

>>Instructional Designer: Totally! I was just thinking about how fast we had to adapt during COVID-19. It was like being thrown into the deep end, but it also showed us what we're capable of. I remember scrambling to get our courses online and figuring out new ways to engage students virtually.

>>Online Education Specialist: Yeah, those were some crazy times! But looking back, it's incredible to see how far we've come since the 1960s with computer-based training. Now, we have these sophisticated platforms that can handle so many users at once and offer personalized learning experiences.

>>Educational Psychologist: Absolutely! And it's not just about the tech itself but also how we've integrated different learning theories over time. For example, early computer programs used simple reward systems from behaviorism, but now we're all about active learning and making sure students are really engaging with the material.

>>LMS Administrator: Right! From my side of things, ensuring that our systems could handle the sudden increase in users during COVID-19 was a huge challenge. We had to make sure everything was user-friendly and reliable under pressure.

>>Instructional Designer: Exactly! And speaking of challenges, do you remember when we first introduced multimedia elements like videos? It was such a game-changer for student engagement compared to just text-based content.

>>Educational Technologist: Oh yeah! Videos and interactive graphics have made such a difference. They make learning so much more engaging and effective. I still get excited when I see students interacting with these tools in ways we never imagined before.

>>Online Education Specialist: Definitely! And I've noticed that students are now more engaged with interactive content compared to traditional methods. It's like they're more invested in their own learning journey because they can see immediate results from their efforts.

>>Educational Psychologist: Indeed! Plus, these advancements are grounded in psychological principles aimed at improving student engagement and retention. Active learning strategies have become central because they help students understand concepts on a deeper level.

>>LMS Administrator: Um... absolutely! Making sure our LMS supports all these diverse tools is crucial for providing a seamless experience for both educators and learners. 
 >>Educational Psychologist: So, when we talk about integrating tech into education, it's important to think about how it fits with different learning theories. Like, behaviorism is all about reinforcement and feedback, which adaptive learning tools can do really well. What do you guys think?

>>Instructional Designer: Yeah, totally! Cognitivism is more about mental processes like memory and problem-solving. So, using tools like mind mapping software or interactive simulations can help students organize info better.

>>Educational Technologist: Absolutely! And constructivism is all about students building their own understanding through experiences. Tools like virtual labs are great for this because they let students get hands-on and work together.

>>Instructional Designer: Exactly! Plus, gamification elements can make learning fun while reinforcing behaviorist principles with immediate rewards. Pretty cool, right? What do you all think?

>>Online Education Specialist: You know, aligning technology with these learning theories is crucial from a management perspective too. Implementing an LMS that supports adaptive learning caters to behaviorist principles by providing immediate feedback and tracking progress.

>>Learning Management System (LMS) Administrator: Right! Our LMS should support these theoretical foundations effectively. For behaviorism, we can integrate features like automated quizzes and instant feedback mechanisms. For cognitivism, tools like mind mapping and interactive simulations should be easily accessible within the system. And for constructivism, we need to support virtual labs and project-based learning platforms that encourage collaboration.

>>Instructional Designer: It's fascinating how these theories can be seamlessly integrated into our tech designs. When thinking about constructivism, using virtual labs allows students not only to experiment but also to collaborate and learn from each other in real-time.

>>Educational Technologist: I see your point on behaviorism with adaptive learning tools. But don't you think we also need to consider how these tools might overwhelm some students?

>>Online Education Specialist: Good point! Maybe we should also look at how we can balance these tools so they support different types of learners without being too much.

>>Educational Psychologist: For instance, last semester we used a new mind mapping tool in our history class project, and it really helped students connect different historical events better.

>>Educational Technologist: Fundamentally, integrating these learning theories into educational technology isn't just about aligning tools with theoretical principles but also about creating a cohesive and adaptive learning environment. This means leveraging data analytics to continuously refine and personalize the learning experience for each student. 
 >>Online Education Specialist: So, when we talk about synchronous learning, tools like video conferencing can really enhance real-time interaction and immediate feedback. It's almost like being in a physical classroom but with the flexibility of being anywhere! In one of my classes, students really appreciated being able to ask questions in real-time during our video sessions.

>>Instructional Designer: That's a great point. And on the flip side, asynchronous tools like discussion boards are fantastic for deep reflection. I remember a student who was quite shy in live sessions but really came alive on the discussion boards. It allows everyone to participate at their own pace.

>>Educational Technologist: Basically, these tools help keep students engaged by providing instant feedback. But we need to make sure they're integrated smoothly into our LMS so that switching between live sessions and other resources is seamless.

>>Educational Psychologist: I agree with you all. From a psychological perspective, real-time interaction can boost motivation, but having time to reflect deeply is crucial for long-term retention. Both methods have their unique benefits.

>>Instructional Designer: Absolutely! We should aim for a balance between both types of learning activities. Imagine a course where live sessions are complemented by discussion boards and recorded lectures—students get the best of both worlds.

>>LMS Administrator: Um... I think it's also important to consider how we support users in navigating these tools effectively. Providing clear instructions and support resources within the LMS can help ensure everyone gets the most out of both synchronous and asynchronous elements.

>>Online Education Specialist: Absolutely! And you know, having a mix of both types of learning activities can cater to different preferences and schedules too. Some students might thrive in live discussions while others prefer taking their time with discussion boards.

>>Instructional Designer: Exactly! By integrating both synchronous and asynchronous tools thoughtfully, we create a balanced learning environment that caters to various needs. Imagine attending live sessions for immediate interaction then using discussion boards to reflect deeply on material at your own pace.

>>Educational Psychologist: Right! And from an educational psychology standpoint, this blend supports diverse cognitive processes—immediate engagement during live sessions paired with reflective thinking through asynchronous activities enhances overall learning outcomes.

>>LMS Administrator: So it sounds like we're all on board with combining these approaches. How about we start by creating some guidelines for instructors on how to effectively integrate these tools? Maybe we could each take a part—I'll handle the technical integration piece.

>>Online Education Specialist: Great idea! I'll draft some best practices for using video conferencing effectively in classes.

>>Instructional Designer: I'll work on strategies for incorporating discussion boards and other asynchronous elements seamlessly into courses.

>>Educational Psychologist: And I'll provide insights on how these methods impact student motivation and retention so we can tailor our approach accordingly. 
 >>LMS Administrator: First, let's make sure our LMS supports both synchronous and asynchronous tools effectively. This way, we can provide a seamless experience for students and instructors alike. Does that make sense?

>>Instructional Designer: Absolutely! One key feature is seamless multimedia integration—videos, interactive graphics, you name it. These elements can really boost student engagement and understanding. And we also need an intuitive user interface to prevent navigation issues.

>>Educational Technologist: Right, we definitely need good multimedia support for different learning styles. And yeah, the interface has to be easy to use so people don't get lost.

>>Instructional Designer: Another thing we need to consider is the user interface of our LMS. If it's not intuitive and user-friendly, it can become a barrier rather than a facilitator for learning. Even the best features won't matter if students and instructors struggle to navigate the system.

>>Online Education Specialist: So true! Having these insights lets us adapt our programs in real-time based on what's working or not working for students.

>>Educational Psychologist: Absolutely! Understanding how students interact with the content helps us design better interventions that boost motivation and retention.

>>LMS Administrator: I agree with all these points about features and usability. Plus, we need solid technical support so users don't get frustrated when they encounter issues. 
 >>Educational Technologist: So, using AI in our learning platforms can really enhance personalized education. We can tailor content to meet individual student needs more effectively with these smart systems providing instant feedback based on their performance.

>>Instructional Designer: Absolutely! Imagine a system that adapts to each student's pace and suggests resources just for them. It's pretty amazing!

>>Online Education Specialist: Yeah, plus we can spot students who might be struggling early on by analyzing their interactions and data patterns. That way we can step in before they fall too far behind.

>>Educational Psychologist: From my perspective, these intelligent systems can boost student motivation by catering to their unique learning styles with personalized feedback. What do you all think?

>>Instructional Designer: One exciting part is creating custom learning paths for each student based on their strengths and weaknesses—like having a personal tutor for everyone!

>>Online Education Specialist: Exactly! And giving real-time feedback helps students understand where they need improvement right away while helping teachers adjust their strategies too.

>>Instructional Designer: Plus, these systems could encourage collaboration by matching students for peer-to-peer learning based on complementary skills.

>>Educational Psychologist: Indeed! Immediate performance insights help students self-regulate better and develop a growth mindset over time. 
 >>Online Education Specialist: Wow! That's a great point about self-regulation. One challenge I've faced is making these insights actionable for both students and instructors. How can we design our LMS to provide real-time feedback that's not just informative but also motivating?

>>LMS Administrator: First off, we need our LMS to handle real-time feedback efficiently with instant notifications and progress tracking for everyone involved. What do you think about that?

>>Instructional Designer: Yeah, I’ve seen how immediate responses can really keep students engaged by helping them adjust their learning strategies quickly.

>>Online Education Specialist: Right, but we also need this feedback to be personalized using AI based on individual performance. That could make a huge difference!

>>Educational Technologist: Sure thing! Technically speaking, we’ll need robust systems to manage high data volumes while providing personalized insights through AI algorithms.

>>Educational Psychologist: Personalized feedback is key for motivation and self-regulation among students. But we should also consider the potential stress of constant monitoring on some students.

>>LMS Administrator: Good point. So let’s ensure our LMS supports these features effectively without overwhelming users.

>>Instructional Designer: And don’t forget gamification—badges and points can make learning fun! But we should balance it so it doesn't feel too much like a game instead of an educational tool. 
 >>Educational Technologist: So, integrating AI into our e-learning platforms can really boost personalized learning experiences. By using data analytics, we can tailor content to individual student needs and provide real-time feedback. This is crucial for keeping students engaged and improving outcomes. We also need to keep an eye on advancements in EdTech—staying updated with emerging trends is key.

>>Online Education Specialist: Absolutely! To do this effectively, we should set up a team dedicated to monitoring these advancements regularly. Maybe they could give us monthly updates? What do you all think?

>>Instructional Designer: That sounds good! If we want our AI integration to truly enhance learning experiences, creating adaptive learning paths is essential too. Imagine each student having a personalized tutor—engagement would skyrocket!

>>LMS Administrator: I agree! And maybe we could have someone specifically tracking new AI tools while another person evaluates their impact on our learning outcomes? That way, we cover both discovery and implementation.

>>Educational Psychologist: Great point! And let's not forget about student well-being—we need to ensure these tools don't add unnecessary stress.

>>Instructional Designer: Definitely! How about setting up a shared document where everyone can update regularly about new tools they come across?

>>Educational Technologist: Yes, having a structured plan is essential. Regular updates are great but evaluating their impact continuously is just as important.

>>Online Education Specialist: Exactly! So let's finalize who will be responsible for what tasks then?

>>LMS Administrator: I'll track the new AI tools if that's okay with everyone?

>>Instructional Designer: Perfect! I'll evaluate their impact on learning outcomes then.

>>Educational Psychologist: And I'll keep an eye on how these changes affect student well-being.

>>Educational Technologist: Excellent plan! Let's get started with this structure then—regular updates from each of us will keep things moving smoothly. 
 >>Online Education Specialist: So, to wrap things up, we've covered a lot today! From integrating AI for personalized learning to ensuring our LMS supports both synchronous and asynchronous tools. Thank you all for your valuable contributions! Let's make sure we have a detailed implementation plan ready for our next meeting. Does that make sense?

>>Instructional Designer: Absolutely! I think it's crucial we stay on top of these updates. I'll create a shared document where everyone can add their findings and progress. What do you all think?

>>Educational Technologist: That’s a solid plan. We should also set some milestones to track our progress effectively. How about we aim to have the first draft of the implementation plan by next week? I'll handle setting up those milestones.

>>LMS Administrator: I agree, let’s do that. A shared document will help us stay organized. I'll start tracking new AI tools right away and update the document regularly.

>>Educational Psychologist: Great point! And let's not forget to consider student well-being in all these changes. It's important that any new tool or method we implement doesn't overwhelm them. I'll review student well-being considerations.

>>Online Education Specialist: Perfect! So, we'll each take our assigned tasks and keep updating the shared document. I'll draft the initial implementation plan, and we'll reconvene next week with our initial findings and draft plans.

>>Instructional Designer: Sounds good! Thanks, everyone.

>>Educational Technologist: Looking forward to it!

>>LMS Administrator: See you next week!

>>Educational Psychologist: Take care!","In our recent virtual meeting, we delved into the expansive field of e-learning and educational technology. The discussion began with an overview of educational technology (EdTech), which integrates computer hardware, software, and educational theory to enhance learning experiences. EdTech encompasses a wide range of tools and practices aimed at improving education through technological means.

We explored the historical context of educational technology, noting its evolution from early tools like abacuses and blackboards to modern digital platforms. Significant milestones included the introduction of online education in the 1960s by the University of Illinois and the subsequent development of various online learning systems. The COVID-19 pandemic further accelerated the adoption of e-learning globally, highlighting its importance in maintaining educational continuity.

The conversation also covered theoretical foundations underpinning educational technology, including behaviorism, cognitivism, and constructivism. These theories inform how technology is used to facilitate learning processes, emphasizing different aspects such as rewards and punishments (behaviorism), cognitive processes (cognitivism), and learner-centered environments (constructivism).

We discussed various forms of e-learning, including synchronous (real-time) and asynchronous (self-paced) learning. Synchronous methods involve live interactions through video conferencing or chat rooms, fostering immediate feedback and collaboration. Asynchronous methods utilize tools like emails, discussion boards, and pre-recorded lectures, offering flexibility for learners to engage with content at their own pace.

The role of Learning Management Systems (LMS) was highlighted as crucial in organizing and delivering online education. LMS platforms enable educators to manage course materials, track student progress, and facilitate communication between students and instructors.

Moreover, we examined emerging trends such as smart learning environments that adapt to individual learners' needs using artificial intelligence (AI). AI-driven tools provide personalized feedback and support adaptive learning paths tailored to each student's abilities.

In conclusion, our meeting underscored the transformative potential of educational technology in creating more accessible, flexible, and effective learning environments. Action items include exploring further integration of AI in e-learning platforms to enhance personalized education experiences and continuing to monitor advancements in EdTech for potential implementation in our educational strategies."
"In a meeting discussing AI regulation, participants emphasized the need for ethical considerations, transparency, and adaptability in regulatory frameworks to keep pace with rapid AI advancements. The AI Ethicist highlighted the importance of addressing biases and ensuring accountability and fairness in AI systems. The AI Researcher stressed the necessity of designing transparent and explainable AI systems that can adapt without stifling innovation. The Data Scientist pointed out that historical data often leads to biased outcomes and suggested systematic methods for identifying and mitigating these biases.

The Policy Maker agreed on the need for robust regulations that ensure compliance, transparency, and accountability while fostering trust. They also discussed the concept of an Ethical Turing Test to ensure AI systems understand and apply ethical principles. Continuous monitoring post-deployment was deemed essential to catch emerging biases early.

Participants agreed on forming a task force comprising ethicists, researchers, policymakers, and data scientists to regularly review AI systems' performance against bias metrics. They also discussed integrating real-time bias detection mechanisms into AI systems and involving diverse stakeholders in the regulatory process to identify potential biases early on.

The meeting concluded with a consensus on creating dynamic regulatory environments that evolve with technology while upholding ethical standards, fostering both trust and innovation in AI deployment.",">>Policy Maker: Hi everyone, hope you're all doing well today. Let's kick things off with a quick overview of what we want to achieve. We're here to discuss the latest in AI regulation and make sure our frameworks are keeping up with the fast pace of AI advancements.

>>AI Ethicist: Good morning! As we dive into today's agenda, let's keep the ethical implications front and center. Last time, we talked about the foundational principles of AI ethics and their broad impacts. Today, I want us to focus on how our regulations can address potential biases and societal impacts as technology evolves.

>>AI Researcher: Hey folks! Building on what was said, it's crucial from a technical standpoint that our regulations evolve alongside AI systems without stifling innovation. For instance, consider how quickly machine learning models are improving—our rules need to be flexible enough to adapt to these changes.

>>Data Scientist: Hello team! Adding to that, from a data perspective, we've seen cases where historical data has led to biased outcomes in hiring algorithms or loan approvals. We need strategies for systematically identifying and mitigating these biases in our regulatory frameworks. 
 >>AI Ethicist: You know, what we really need to ask ourselves is how we can make sure AI systems are not just fair but also accountable. Ethically speaking, transparency in decision-making processes is fundamental. We have to develop mechanisms for explainability so that users and regulators can understand and trust these systems.

>>Policy Maker: Absolutely, I couldn't agree more. It's essential to have robust regulations that ensure compliance and accountability. These AI systems need to be transparent, and their decision-making processes should be auditable. This way, we can build trust and effectively mitigate biases.

>>AI Researcher: Yeah, technically speaking, one of the critical points here is ensuring that AI systems are designed with inherent transparency and explainability. Without these features, it becomes nearly impossible to audit and trust the decisions made by these systems. For instance, I've been working on an algorithm that provides real-time explanations for its outputs—it's a game-changer for monitoring and error detection.

>>Data Scientist: That's interesting! You know, data shows that biases in AI systems often stem from the historical data used to train them. We need systematic methods to identify and mitigate these biases to ensure fairness. If we don't address these biases, we risk perpetuating existing societal inequalities.

>>AI Ethicist: Indeed! The key takeaway here is while transparency and accountability are paramount, addressing embedded biases within AI systems is equally important. These biases can perpetuate societal inequalities if not properly mitigated. How do we create frameworks that not only identify but actively correct these biases?

>>AI Researcher: From a technical perspective, one of the most significant challenges is ensuring AI systems are both transparent and interpretable. Transparency allows us to see how decisions are made, but interpretability ensures humans can understand those decisions. Advanced algorithms providing clear explanations for their outputs will help in auditing and building trust.

>>Policy Maker: Right! And from a regulatory standpoint, it's about creating standards that enforce this level of transparency and interpretability across all AI applications.

>>Data Scientist: Exactly! And um, let's not forget the importance of continuous monitoring of these systems post-deployment to catch any emerging biases or issues early on.

>>AI Ethicist: To sum up then, our focus should be on developing ethical frameworks that promote fairness, transparency, accountability—and actively work against bias in AI systems. 
 >>AI Researcher: You know, the concept of an Ethical Turing Test is quite fascinating. Implementing such a test would require sophisticated algorithms capable of nuanced moral reasoning—no small feat indeed. We need to consider if it's feasible to create AI systems that genuinely understand and apply ethical principles in diverse scenarios.

>>AI Ethicist: Absolutely! It's not just about mimicking human responses but truly understanding ethics consistently. But are we ready to trust machines with such significant moral responsibilities?

>>Policy Maker: From a regulatory standpoint, implementing this test means developing robust compliance frameworks too. We must ensure these AIs meet ethical standards similar to humans with clear guidelines and accountability measures.

>>Data Scientist: True! Programming ethical guidelines is one thing; having AIs adapt these principles autonomously across varied contexts is another challenge altogether. Are we prepared for machines making independent moral decisions?

>>AI Researcher: Exactly! Can we develop AIs that not only follow guidelines but also adapt to new dilemmas? This involves creating algorithms that evolve their reasoning over time—a complex task!

>>AI Ethicist: And let's not forget biases from training data! Even if an AI passes this test, continuous monitoring is necessary to maintain fairness.

>>Policy Maker: Right! Ensuring consistency while maintaining accountability through comprehensive regulations is crucial here.

>>Data Scientist: Plus, what happens when these systems face unprecedented situations? We need adaptive yet fair solutions! 
 >>AI Ethicist: Um, the key takeaway here is that biases in AI systems are often deeply embedded within the historical data used for training. These biases can manifest in various ways, like gender detection inaccuracies or higher error rates for certain demographics. We need to ask ourselves how we can identify and address these biases to ensure fairness and equity.

>>AI Researcher: Exactly. For instance, there was a case where facial recognition software had higher error rates for people with darker skin tones. Addressing these biases requires not just technical adjustments but also a comprehensive review of the training datasets.

>>Policy Maker: Right, and from a regulatory standpoint, we need robust frameworks to address these biases systematically. Compliance mechanisms must be in place for continuous monitoring and adjustment of AI systems. This involves not just identifying biased data but also implementing real-time oversight.

>>Data Scientist: You know, another example is predictive policing algorithms that have been shown to disproportionately target minority communities because they were trained on biased crime data. We need to find ways to spot these biases early and fix them.

>>AI Ethicist: Indeed! It's crucial to consider that these biases are not just technical issues but moral and ethical dilemmas. What kind of society do we want to build with AI? Addressing these biases requires a multi-faceted approach involving diverse teams and continuous monitoring.

>>AI Researcher: In reality, mitigating biases hinges on thorough and ongoing review of training datasets. It’s important to note this involves not just identifying biased data but also implementing robust mechanisms for real-time monitoring and adjustment. Recent advancements in explainable AI can help us trace decisions back to specific data points, allowing for more targeted interventions.

>>Policy Maker: Absolutely! And legally speaking, our regulatory frameworks must be robust enough to address these issues systematically. Continuous monitoring is essential for ensuring compliance with ethical standards.

>>Data Scientist: Actually, what’s fascinating is how explainable AI can help us pinpoint where things go wrong by tracing decisions back to specific data points. This allows for more targeted interventions which are crucial for fairness.

>>AI Ethicist: Fundamentally, we need to ensure our AI systems do not perpetuate existing societal biases. These aren’t just technical flaws but reflections of societal inequities. Creating a framework that identifies and actively works to dismantle them requires collaboration among ethicists, data scientists, and policymakers.

>>Policy Maker: So let's summarize our next steps. We should start by forming a task force that includes members from each of our areas—ethics, research, policy-making—to regularly review AI systems' performance against bias metrics.

>>AI Researcher: Agreed. I'll work on setting up an initial dataset audit process so we can begin identifying potential sources of bias right away.

>>Data Scientist: I’ll look into integrating explainable AI tools into our current systems so we can better understand decision-making processes and spot issues as they arise.

>>AI Ethicist: And I'll draft guidelines on ethical considerations that should be factored into every stage of development and deployment of our AI systems. 
 Policy Maker: It's essential that our compliance frameworks are robust enough to enforce these ethical guidelines effectively. We need clear standards and regular audits to maintain accountability.

AI Researcher: Combining robots with ethical AI is tricky. We need transparency and real-time monitoring to catch and fix biases as they happen.

AI Ethicist: True, but we also have to think about the bigger picture—how these systems affect human dignity and autonomy. How can we design them to be fair and respectful?

Data Scientist: Good point. In real-world scenarios, robots can make existing biases worse. What safeguards can we put in place to ensure fairness?

AI Researcher: One solution could be advanced algorithms that adapt continuously based on new data inputs.

Policy Maker: From a regulatory perspective, we need frameworks that support this kind of adaptive technology. Regular updates might be necessary to keep up with advancements.

AI Ethicist: And let's not forget the ethical dilemmas. These systems must respect human dignity while preemptively addressing biases. How do we create a framework for this?

Data Scientist: User feedback loops could help identify issues early on, providing real-time input from users.

AI Researcher: The technical feasibility of integrating real-time bias detection mechanisms into AI systems is promising, but it requires continuous learning from new data inputs.

Policy Maker: Agreed. Continuous learning is key here. But how do we ensure that this doesn't lead to new forms of bias or other unintended consequences?

AI Ethicist: Indeed! We must ensure these systems uphold human dignity while mitigating biases. How can we create a framework that detects and addresses these biases in real time?

Data Scientist: Using diverse datasets for training could help the system learn from a wide range of scenarios right from the start.

AI Researcher: Technically speaking, integrating real-time bias detection mechanisms into AI systems is essential. These systems need adaptive algorithms that learn from new data inputs continuously to effectively mitigate emerging biases.

Policy Maker: And we'll need ongoing oversight to make sure these adaptations align with our ethical standards over time. 
 AI Ethicist: The challenge lies in balancing transparency with innovation. We need to integrate ethical guidelines from the start to ensure responsible use while fostering creativity.

AI Researcher: Absolutely, and we can use techniques like differential privacy and federated learning to secure data while keeping things transparent. But how do we make sure these safeguards are practical?

Policy Maker: I think regular checks and audits are essential to keep everything on track. It's not just about setting standards but maintaining them over time.

Data Scientist: That's a good point about audits, but how do we ensure they're effective without stifling innovation? Maybe involving diverse stakeholders could help us get multiple perspectives on potential risks and solutions.

AI Researcher: Yeah, involving different voices is crucial. And using advanced techniques can definitely help secure data without compromising transparency.

Policy Maker: I'm really concerned about the risks here; we need solid guidelines that everyone follows consistently. Regulatory support will be key in enforcing these standards across platforms.

AI Ethicist: Exactly! And creating a culture of responsibility among developers and users is just as important as technical solutions. How do we foster that kind of environment?

Data Scientist: It's exciting how user feedback can help us catch issues early on. We should build systems that encourage continuous improvement based on real-world use.

AI Researcher: Right, it's not just about the technology but also about the people using it responsibly. If we can combine strong safeguards with a proactive community, we'll be in a good place.

Policy Maker: Agreed. Let's focus on building both robust technical measures and a supportive regulatory framework to guide ethical AI development. 
 Policy Maker: It's essential to consider that regular audits and checks are not just about compliance but also about fostering trust. We need to ensure these audits are thorough yet flexible enough to adapt to new innovations without stifling them.

AI Researcher: Um, technically speaking, ensuring our regulatory frameworks are robust but also adaptable to rapid advancements in AI technology is crucial. We can't afford to let regulations fall behind the pace of innovation.

AI Ethicist: I agree with you both. While regular audits are crucial for trust and compliance, we need them to be flexible enough to handle new innovations without causing issues. Plus, from an ethical standpoint, it's vital these frameworks actively work against biases and societal inequities embedded in AI systems.

Data Scientist: Actually, I think it's important we involve diverse stakeholders in this process. Getting feedback from different perspectives can help us identify potential biases early on and make the regulations more effective. What do you all think about setting up a stakeholder panel?

Policy Maker: Absolutely! Engaging diverse stakeholders is something I'm really passionate about because it ensures we're considering all angles. This approach will help us create comprehensive regulations that balance innovation with ethical safeguards.

AI Researcher: Right. By integrating real-time data—like user feedback collected continuously—we can adjust regulations dynamically as new risks emerge. This way, as AI systems evolve, the regulations can keep up with new capabilities and potential risks.

AI Ethicist: That's a great point. And by addressing biases early on through diverse input, we can design frameworks that not only adapt to technological advancements but also mitigate societal inequities effectively.

Data Scientist: Yeah, exactly! And by incorporating real-time data into our frameworks, we can ensure that any emerging issues or biases are addressed promptly without hindering innovation. It's all about staying ahead of the curve.

Policy Maker: Well said. Our goal should be a dynamic regulatory environment that evolves with technology while upholding ethical standards. This approach will foster both trust and innovation in AI deployment. 
 >>AI Ethicist: We need to think about how our regulations can keep up with tech changes and stay on top of biases. It's not just about setting rules but making sure they evolve as technology does.

>>Data Scientist: Absolutely. Biases often come from the data we use for training. In my last project, we found that involving a diverse team helped us catch biases we hadn't noticed before. We need ways to spot and fix these issues early on.

>>Policy Maker: I agree, but our regulatory frameworks must balance innovation with ethical integrity, especially in sectors like healthcare and criminal justice. When drafting recent regulations, we saw firsthand how important it is to get input from different sectors.

>>AI Researcher: From a technical standpoint, it's crucial to design AI systems with mechanisms that identify and mitigate biases right from the start. Real-time data integration helps us monitor performance continuously and make necessary adjustments promptly.

>>AI Ethicist: Right! And it's not just about addressing biases; we also need to ensure these systems are built with moral principles at their core. We should anticipate potential ethical dilemmas before they arise.

>>Data Scientist: Exactly! By involving diverse stakeholders in this process, we can get a broader view on potential issues and solutions. This approach will help us stay ahead of any emerging biases or ethical concerns.

>>Policy Maker: I see your point about continuous oversight, but how do we ensure it's not too burdensome for smaller companies? They might struggle with the resources needed for constant monitoring.

>>AI Researcher: That's a valid concern. Maybe we could develop scalable solutions that smaller companies can adopt without too much strain. Also, sharing best practices across the industry could help everyone maintain high standards without reinventing the wheel each time. 
 >>AI Ethicist: Um, basically, our ethical frameworks need to be dynamic and adaptable with how fast AI tech is advancing. Without continuous ethical vigilance, we risk perpetuating existing biases and creating new forms of inequality. So, how can we create an environment where developers and users are committed to fairness and accountability?

>>Policy Maker: I see what you mean. From a regulatory standpoint, it's crucial that our compliance frameworks are strong but flexible enough to adapt to these rapid advancements. We need regulations that foster innovation while embedding ethical principles at their core. How do we strike that balance effectively?

>>Data Scientist: You know, from a data perspective, our AI systems are only as unbiased as the data we feed them. Diverse teams and continuous monitoring can help identify these biases early on—like when we worked on Project X last year. The question is, how do we implement these practices consistently across all stages of AI development?

>>AI Researcher: Yeah, technically speaking, one of the most fascinating aspects we've discussed is integrating real-time bias mitigation mechanisms. These safeguards must be robust and adaptable to future advancements while maintaining ethical integrity.

>>AI Ethicist: To put it in perspective, um, the ethical integration of AI isn't just a theoretical exercise but a practical necessity. Our frameworks need to handle real-world complexities and adapt to future advancements. What specific strategies can we implement to ensure ongoing ethical vigilance among developers and users?

>>Policy Maker: Exactly! And from my side, ensuring that smaller companies aren't overwhelmed by compliance burdens is crucial too. We need scalable solutions that work for everyone.

>>Data Scientist: Actually, that's a good point. Smaller companies often lack resources for extensive oversight. Maybe collaborative efforts or shared resources could help bridge this gap.

>>AI Researcher: Yeah, I agree with that approach. Collaboration could indeed make it easier for smaller entities to maintain high standards without being overburdened.

>>AI Ethicist: Absolutely! Collaboration is key here—creating an ecosystem where knowledge sharing helps everyone stay ethically vigilant. So let's summarize our next steps...","In our recent virtual meeting, we delved into the multifaceted ethical considerations surrounding artificial intelligence (AI). The discussion highlighted several key areas of concern, including algorithmic biases, fairness in automated decision-making, accountability, privacy issues, and the need for robust regulation. We also explored emerging challenges such as machine ethics, AI safety and alignment, technological unemployment, AI-enabled misinformation, and the potential moral status of certain AI systems.

A significant portion of our conversation focused on machine ethics and the development of Artificial Moral Agents (AMAs). We examined philosophical ideas related to agency and moral behavior in machines. Alan Winfield's critique of the Turing test was noted, with a suggestion for an Ethical Turing Test to better assess AI's ethical decision-making capabilities.

The issue of bias in AI systems was a major topic. We discussed how biases are often embedded within historical data used to train these systems. Examples included gender detection inaccuracies in facial recognition algorithms and higher error rates in voice recognition systems for black individuals compared to white individuals. The case of Amazon's biased hiring algorithm underscored the importance of addressing these biases through improved data documentation and process mining.

We also touched upon robot ethics, emphasizing how robots' physical presence intersects with AI software ethics. The review of 84 ethics guidelines revealed principles like transparency, justice, non-maleficence, responsibility, privacy, beneficence, freedom and autonomy, trustworthiness, sustainability, dignity, and solidarity.

Concerns about transparency were raised regarding open-source AI models potentially being misused. While organizations like Hugging Face advocate for open-sourcing AI software to promote transparency and innovation responsibly.

The meeting concluded with discussions on regulatory efforts by entities like the European Commission High-Level Expert Group on Artificial Intelligence (AI HLEG) which aims to ensure trustworthy AI deployment. There was consensus that government regulation is essential but must balance innovation with ethical safeguards.

Action items include further research into mitigating biases in AI training data and developing comprehensive regulatory frameworks that ensure both innovation and ethical integrity in AI applications across various sectors such as healthcare and criminal justice."
"In a meeting focused on improving communication strategies during pandemics, various experts discussed the importance of clear and adaptable messaging. Key points included the need for consistent public health messages to control disease spread, combating misinformation, balancing prevention with addressing misinformation, and updating guidelines frequently due to virus mutations. Historical examples like the 1918 Spanish flu highlighted the benefits of early action and centralized responses. The role of digital tools in enhancing surveillance systems and real-time data integration was emphasized for early outbreak detection and response. Ethical considerations around resource allocation and maintaining public trust through transparent communication were also discussed. The meeting concluded with a consensus on strengthening international collaborations, preparedness plans, and ensuring that public health messages are clear and relatable to drive compliance effectively.",">>Communications Specialist: Hey everyone! Great to see you all. Before we dive into the details, let's quickly go around and introduce ourselves. I'll start—I'm Alex, and I'm here to help us nail down our communication strategies. So, what are we hoping to achieve today?

>>Epidemiologist: Hi everyone, it's great to see you all here. I'm Dr. Smith, an epidemiologist. I'm particularly interested in how we can control the spread of diseases through effective communication strategies. Today, I hope we can outline some clear objectives for improving public health messaging during pandemics.

>>Public Health Policy Expert: Hi there! I'm Maria, and I work on public health policies. It's crucial that we establish clear and adaptable communication strategies for different stages of a pandemic. For example, during the early stages of COVID-19, consistent messaging about social distancing and mask-wearing was vital in mitigating the spread. Does that align with your experience?

>>Virologist: Hi everyone, I'm Dr. Lee, a virologist. Understanding how viruses like SARS-CoV-2 mutate is crucial for developing effective communication strategies. When new variants emerge with higher transmissibility or different symptoms, we need to quickly update the public on how to protect themselves effectively.

>>Medical Historian: Hey folks! I'm Sam, a medical historian. Just like during the 1918 Spanish flu when inconsistent messaging led to confusion and non-compliance with health measures, we need consistent messaging today to avoid similar issues.

>>Communications Specialist: Absolutely! And it's also important to consider the role of misinformation during pandemics. From an epidemiological standpoint, misinformation can spread just as rapidly as the disease itself, undermining public health efforts and leading to increased transmission rates.

>>Epidemiologist: I completely agree with Alex on that point about misinformation. It’s something we've seen time and again—misinformation can really derail our efforts if we're not careful.

>>Public Health Policy Expert: Exactly! And building on what Dr. Smith said earlier about clear objectives—how do you all think we should prioritize our messaging? Should it be more focused on prevention or addressing misinformation first?

>>Virologist: Good question, Maria! I think it has to be a balance of both—prevention is key but so is combating misinformation swiftly before it spreads too far.

>>Medical Historian: Right! And historically speaking, when we've managed both aspects well—like clear preventive measures along with debunking myths—we've seen better compliance from the public. 
 >>Epidemiologist: To put it simply, we need to use both containment and mitigation strategies at the same time. This helps reduce the immediate burden on healthcare systems and buys us time for vaccine development. Make sense?

>>Virologist: Yeah, definitely. Viruses mutate quickly during pandemics, which can lead to new variants that might evade our immune responses or current treatments. So, we have to keep updating our strategies.

>>Public Health Policy Expert: Historically, timely and coordinated responses have been crucial. For instance—

>>Medical Historian: During the Spanish flu, cities with early social distancing measures had much lower mortality rates. Does that match your findings?

>>Public Health Policy Expert: Absolutely! That's a great example of how quick actions can change outcomes.

>>Communications Specialist: The key takeaway is clear communication. If people understand why measures like social distancing are important, they're more likely to follow them.

>>Epidemiologist: Exactly. Early intervention and strong public health measures are critical. During the Black Death—

(Epidemiologist realizes they’re muted)

>>Epidemiologist: Oh sorry! As I was saying—during the Black Death, quarantine in port cities was essential, and during the Spanish flu, early social distancing saved lives.

>>Virologist: Right! And because viruses mutate so fast during pandemics, we need to keep monitoring and updating our guidelines.

>>Public Health Policy Expert: Do you think this means we should update public health guidelines more frequently?

>>Virologist: Yes, continuous updates are crucial to stay ahead of new variants. 
 >>Public Health Policy Expert: We need quick and adaptable global responses. The new International Treaty on Pandemic Prevention is a good start—what do you think?

>>Epidemiologist: Totally agree! Quick info sharing and resource allocation are key to controlling outbreaks.

>>Virologist: Yeah, viruses behave differently during pandemics. HIV/AIDS has a long latency period, making it hard to detect early, while COVID-19 spreads quickly and mutates often.

>>Medical Historian: Exactly, history shows us that early action is key. During the Spanish flu, cities that acted fast had lower death rates.

>>Communications Specialist: And getting those messages out quickly and clearly is crucial for public compliance. People need to understand why these measures are necessary.

>>Epidemiologist: Right! We've seen how early interventions like social distancing can flatten the curve and prevent healthcare systems from being overwhelmed.

>>Virologist: Absolutely! The rapid mutation rates of viruses like COVID-19 present unique challenges. These mutations can lead to new variants that may evade immunity or increase transmissibility, requiring constant updates to vaccines and treatments.

>>Public Health Policy Expert: So true! And that's where policy needs to be flexible yet robust enough to handle these changes swiftly.

>>Medical Historian: If we look back at history again, you'll see similar patterns where adaptability was key in managing outbreaks effectively.

>>Communications Specialist: I mean—yeah—it's all about making sure everyone’s on the same page quickly so we can act fast! 
 >>Epidemiologist: To put it simply, the WHO has strict criteria for declaring a global health emergency. They look at both the current situation and what could happen next. For instance, polio was declared a PHEIC in 2014 because of its potential global impact despite having few cases.

>>Virologist: Exactly! And that's why we need constant monitoring for viruses like SARS-CoV-2, which mutate rapidly compared to something more stable like polio. This rapid mutation means our public health strategies need frequent updates.

>>Public Health Policy Expert: Building on that point about monitoring, the establishment of WHO’s Pandemic Hub is a big step forward. It boosts our ability to detect and respond to new threats through international collaboration.

>>Communications Specialist: Right, and effective public communication is key here. It's not just about sharing data but making sure people understand and act on it. Clear messaging during COVID-19 on things like mask-wearing was crucial for getting people to comply.

>>Medical Historian: Historically speaking, centralized responses have always been beneficial. During the Spanish flu pandemic, limited international cooperation made things worse. Centralized efforts now can help us manage pandemics much better.

>>Epidemiologist: Absolutely! The WHO's Pandemic Hub uses advanced tech like AI to analyze huge amounts of data quickly, helping us spot emerging threats early and prevent them from becoming major outbreaks.

>>Virologist: And with viruses mutating so fast, having adaptable strategies is essential. The Pandemic Hub helps us stay ahead by using cutting-edge technology for early detection and response.

>>Public Health Policy Expert: That's right! Our policies also need to be flexible enough to change as new information comes in. We can't afford to be rigid when dealing with evolving threats.

>>Communications Specialist: Agreed! And it's vital that these policy changes are communicated clearly to maintain public trust and ensure everyone knows what actions they need to take. 
 >>Public Health Policy Expert: We need strong vaccination programs. The quick rollout of COVID-19 vaccines helped a lot. Stockpiling PPE and ventilators is also crucial for preparedness.

>>Epidemiologist: The data shows that having a good surveillance system helps us catch outbreaks early so we can act fast.

>>Virologist: Understanding virus behavior is key for developing preventive measures. For instance, the rapid mutation rates of viruses like influenza and SARS-CoV-2 mean we need to keep updating our vaccines.

>>Communications Specialist: Public health campaigns are essential because if people don't understand why these measures matter, they won't follow them. We need to make our messages clear and relatable!

>>Medical Historian: Historically speaking, public compliance has always been a challenge during pandemics. During the 1918 flu pandemic, misinformation was rampant because communication channels were limited.

>>Public Health Policy Expert (interrupting): Exactly! And now we have social media and other tools at our disposal; we just need to use them effectively.

>>Epidemiologist: Right, integrating advanced surveillance systems with real-time data analytics can significantly enhance our ability to detect and respond to emerging threats. This proactive approach helps in early containment and informs vaccination strategies and public health policies.

>>Virologist: Staying ahead of these changes can significantly improve our preparedness and response.

>>Communications Specialist: It's not just about getting the message out there but making sure it's understood by everyone—from policymakers to the general public.

>>Medical Historian: Absolutely! And if I may add a historical note here—during past pandemics like smallpox or polio outbreaks—effective communication played a pivotal role in controlling disease spread. 
 >>Epidemiologist: Um, during pandemics, deciding who gets what resources is really tough. For instance, how do we prioritize treatment when resources are scarce? Should we focus on those most likely to survive or those most vulnerable?

>>Public Health Policy Expert: Well, from a policy perspective, these ethical considerations are indeed challenging. During COVID-19, many countries had to decide whether to prioritize healthcare workers or vulnerable populations for vaccination. Prioritizing healthcare workers helped maintain the healthcare system's functionality but raised questions about equity and fairness. Does that align with your experience?

>>Medical Historian: Historically speaking, pandemics have always presented ethical dilemmas around resource allocation. For example, during the Spanish flu of 1918, there were significant debates about whether to prioritize young adults who were more likely to survive or children and the elderly who were more vulnerable.

>>Virologist: Uh-huh! And from a viral perspective, rapidly mutating viruses like SARS-CoV-2 present unique challenges because they can quickly change their impact on different population groups.

>>Public Health Policy Expert: Let's consider balancing individual liberties with public health needs. During COVID-19 lockdowns and mask mandates were essential but sparked debates about personal freedoms.

>>Communications Specialist: Absolutely! Clear messaging helps keep everyone on track during these times.

>>Epidemiologist: Right, and it's not just theoretical—these decisions have real-world implications. Like during COVID-19, there was a lot of debate over prioritizing ventilators for younger patients versus older ones.

>>Public Health Policy Expert: Exactly! And then there's the issue of civil liberties versus public health measures like lockdowns and mask mandates.

>>Communications Specialist: Yeah, clear communication is key here. If people understand why these measures are necessary, they're more likely to comply. 
 >>Epidemiologist: So, to put it simply, the Global Influenza Surveillance and Response System (GISRS) helps us keep an eye on flu viruses around the world. This network lets us spot new strains early and update vaccines, which is really important to stop big outbreaks. Everyone with me so far?

>>Virologist: Yeah, definitely. From my side of things, these antibiotic-resistant bugs are a huge problem. They make treatments tricky and can lead to outbreaks that are tough to control. We need to understand how these resistant strains behave so we can come up with better ways to fight them.

>>Public Health Policy Expert: Absolutely. From a policy angle, it's crucial that we include these surveillance systems in our health plans. Countries with strong monitoring were able to respond faster during COVID-19. Have you seen similar results in your work?

>>Communications Specialist: Totally agree. Clear communication is key here. If people don't get why these networks or the threat of resistant bugs matter, they won't support the measures we need them to take. We have to make our messages clear and relatable.

>>Medical Historian: Right, looking back at history shows us why this matters. During the 1918 Spanish flu pandemic, there was no coordinated global monitoring, which delayed responses and increased death rates. It's a good reminder of why we need these systems now.

>>Virologist: Exactly! These superbugs evolve quickly and adapt faster than we can develop new treatments, making them tough opponents in our fight against infectious diseases.

>>Epidemiologist: That's true! Integrating global surveillance networks like GISRS is key in fighting pandemics. But let's not forget about those resistant bugs—they spread fast and complicate treatments, so improving our monitoring systems is essential.

>>Public Health Policy Expert: And from a policy perspective, our surveillance systems need to be both strong and flexible. Countries that could adapt their policies quickly during COVID-19 managed much better.

>>Communications Specialist: Speaking of flexibility, I remember during the early days of COVID-19 when we had to change our messaging almost daily based on new information coming in from these networks.

>>Epidemiologist: Yes! And those real-time updates were crucial for adjusting public health strategies on the fly. 
 >>Public Health Policy Expert: Leveraging digital tools for task coordination is essential. Platforms like Trello or Asana streamline project management effectively. Does that align with your experience?

>>Communications Specialist: Definitely! Keeping everyone engaged virtually can be tricky, but using interactive elements like polls or Q&A sessions makes a huge difference. What do you think?

>>Epidemiologist: Yes, these platforms help us track disease spread and control measures efficiently too.

>>Communications Specialist: And keeping virtual meetings lively with breakout rooms or icebreakers really helps maintain engagement.

>>Virologist: Real-time data on viral mutations allows us to adapt our strategies swiftly.

>>Medical Historian: Historically, coordinated efforts during pandemics have been crucial. Digital tools now give us an edge past generations didn't have.

>>Public Health Policy Expert: Exactly! These tools also enhance transparency and accountability within teams.

>>Epidemiologist: They improve our ability to monitor disease outbreaks in real-time, which is vital for public health interventions.

>>Communications Specialist: Absolutely! And keeping people connected and motivated is key too.

>>Virologist: Having real-time data keeps us ahead with viral mutations.

>>Medical Historian: Timely information sharing has always been critical; now we can do it even better with these tools. 
 >>Epidemiologist: So, um, to build on that, we need to make sure our surveillance systems are strong and can handle real-time data. This way, we can catch outbreaks early and act fast.

>>Virologist: Absolutely. And with viruses like SARS-CoV-2 mutating so quickly, we have to keep updating our strategies. It's key for keeping vaccines and other measures effective.

>>Public Health Policy Expert: Right, and from a policy angle, integrating these digital tools into our surveillance systems is a game-changer for early detection and response. Look at how some countries managed COVID-19 by using real-time data—they could step in quickly and reduce the impact. We should definitely focus on international collaboration and being prepared.

>>Communications Specialist: Exactly! The main thing here is that our communication needs to be clear and engaging so people actually follow the guidelines. We need messages that are easy to understand and relatable. Does that make sense?

>>Medical Historian: Totally agree. If you look back at history, sharing information quickly has always been crucial in handling pandemics. With today's digital tools, we're in a much better position than before.

>>Epidemiologist: To sum up what we've discussed—it's clear we need robust surveillance systems with real-time data integration for early outbreak detection. Plus, continuous updates to our strategies because of rapid virus mutations are essential. Moving forward, let's focus on strengthening international collaborations and preparedness plans.

>>Virologist: Yes, exactly! And just to add—having the data is one thing but being able to act on it quickly is just as important.

>>Public Health Policy Expert: Definitely! Integrating these digital tools will really boost our ability to detect and respond early.

>>Communications Specialist: Alright everyone, let's make sure our communication strategies are clear and engaging so we can drive public compliance effectively. Thanks for your input today!","During the virtual meeting, the concept and historical context of pandemics were discussed extensively. A pandemic is defined as an epidemic that spreads across multiple continents or worldwide, affecting a substantial number of individuals. Unlike endemic diseases with stable infection rates, pandemics involve sudden increases in cases and widespread transmission.

Historical examples such as the Black Death in the 14th century and the Spanish flu of 1918 were highlighted to illustrate the devastating impact pandemics can have on populations. More recent pandemics include HIV/AIDS, the 2009 swine flu, and COVID-19. The latter prompted significant global responses including negotiations for an International Treaty on Pandemic Prevention by WHO member states and new policies from governments like the US to manage medical research involving hazardous pathogens.

The meeting also covered definitions and criteria used by organizations like WHO to classify public health emergencies. A pandemic must be infectious and cross international boundaries, unlike non-contagious diseases such as cancer. WHO's category of Public Health Emergency of International Concern (PHEIC) was explained as a rigorous process requiring coordinated international response.

Preventive measures were emphasized, including anticipatory research, development of therapies and vaccines, routine vaccination programs, strategic planning for outbreak containment, data collection, stockpiling medical supplies, and public health awareness campaigns. The importance of international cooperation was underscored through initiatives like WHO’s Pandemic Hub in Berlin and the International Pathogen Surveillance Network.

Ethical considerations during pandemics were also discussed, such as prioritizing treatment when resources are scarce and managing individual liberties versus public health needs. Strategies for controlling outbreaks include containment through contact tracing and isolation early on, followed by mitigation measures if containment fails.

The meeting concluded with discussions on future pandemic prevention strategies which involve monitoring emerging pathogens through global networks like GISRS for influenza viruses. The potential impact of climate change on vector-borne diseases was noted along with concerns about antibiotic-resistant microorganisms posing future threats.

Action items included continuing support for international collaborations on disease surveillance and preparedness plans while addressing ethical issues in pandemic management to ensure equitable resource distribution during crises."
"In a recent meeting, an archaeologist, Egyptologist, and historian discussed their latest findings and insights into ancient Egyptian culture. The archaeologist shared the discovery of a beautifully preserved amulet in the Valley of the Kings, which led to a discussion on its potential significance and the meanings behind its hieroglyphs. The historian highlighted ancient Egyptian trade routes and their extensive interactions with neighboring regions like the Levant and Nubia.

The conversation also touched on the daily life of Egyptian scribes, who documented expeditions meticulously, akin to ancient journalists. They marveled at the preservation of artifacts and how these items provide glimpses into past lives. The Egyptologist mentioned that scribes recorded not only official documents but also personal letters and shopping lists.

Further discussions included advancements during different periods such as the Old Kingdom's architectural feats like pyramids and mastabas, Middle Kingdom's cultural resurgence, and New Kingdom's tombs filled with treasures. They noted how Egyptians used astronomy for precise alignments in construction and their advanced medical knowledge detailed in papyri.

The group also explored ancient Egyptian board games like Senet and Mehen, which reflected beliefs about the afterlife. Discoveries of miniature pottery depicting daily life scenes were shared, emphasizing how these artifacts offer snapshots of history. The meeting concluded with reflections on trade routes' impact on culture and plans to reconvene next month for further discussions.",">>Historian: Hey everyone! How's it going?

>>Archaeologist: Hi there! I'm doing great, thanks. What about you all? Any cool finds lately?

>>Egyptologist: Hey! I'm good, thanks. It's great to catch up on what everyone's been working on. Anyone find something really interesting recently?

>>Archaeologist: Oh, you know, the usual—dusty digs and ancient mysteries. But seriously, I did come across a fascinating artifact recently. We were in the Valley of the Kings and stumbled upon this beautifully preserved amulet. Imagine uncovering something that hasn't seen daylight for thousands of years! Incredible!

>>Egyptologist: Wow, that's amazing! The amulet might have belonged to someone important, like a priest or noble. The designs can tell us so much about their culture and beliefs.

>>Historian: (interrupting) Sorry to jump in—did it have any inscriptions? Those can give us direct insights into its use or owner.

>>Archaeologist: Yes, actually! There were some hieroglyphs on the back that we're still trying to fully decipher.

>>Egyptologist: That's really cool! The symbols on those amulets often carry deep meanings related to protection or deities. Did you ever wonder why certain symbols were chosen? Each one tells its own story.

>>Archaeologist: Absolutely! And get this—I almost tripped over it when we found it. Talk about a lucky find! 
 >>Historian: Wow! That must have been quite the moment, almost like a scene from an adventure movie. By the way, I recently had an interesting experience while researching ancient Egyptian trade routes. Did you know they traded extensively with their neighbors, including the Levant and Nubia? It's fascinating how these interactions influenced their culture and economy.

>>Egyptologist: That's incredible! You know, I came across a fascinating papyrus about the daily life of an Egyptian scribe recently. They weren't just confined to their desks but often traveled with expeditions, documenting everything meticulously. It's like they were the ancient world's journalists!

>>Archaeologist: So there we were in the Valley of the Kings, knee-deep in sand and dust. Speaking of scribes, imagine finding a tablet with detailed records—Incredible! It gives us a glimpse into their daily lives and priorities.

>>Historian: That’s amazing! It reminds me of something I read about their trade networks. Did you know their trade was so extensive that they even imported lapis lazuli from Afghanistan? The ancient world was so interconnected!

>>Egyptologist: Oh wow, that's really interesting. And speaking of discoveries, I found out that scribes didn't just write official stuff—they even noted down personal letters and shopping lists! It's like getting a peek into their everyday routines.

>>Archaeologist: Yeah, exactly! Those little details really bring history to life for us today.

>>Historian: Absolutely! By the way, I recently visited an exhibition on ancient Egyptian art. Standing in front of a beautifully preserved statue of Anubis was incredible—it captured not just physical form but also conveyed such reverence and mystery.

>>Egyptologist: Oh wow! That sounds fantastic. You know what else is interesting? The way these statues still retain so much color after all these years is just mind-blowing.

>>Archaeologist: Totally agree! And when we excavate sites and find artifacts with original paint intact—it's like stepping back in time. 
 >>Historian: The preservation of artifacts is indeed remarkable. But let's delve into the broader historical context. During the Old Kingdom, Egypt saw significant advancements in architecture with iconic structures like the pyramids at Giza.

>>Egyptologist: Absolutely! The Old Kingdom is often called the 'Age of the Pyramids.' These structures weren't just tombs; they reflected profound beliefs about the afterlife and divine kingship. Have you ever thought about how their architectural skills evolved during this time?

>>Archaeologist: Definitely! And speaking of evolution, when we were excavating in the Valley of the Kings from the New Kingdom period, we found tombs filled with treasures and hieroglyphs that tell us so much about their daily life and beliefs.

>>Egyptologist: That's fascinating! Hieroglyphs were meticulously crafted because they believed writing had magical properties capable of bringing words to life. It's amazing how much meaning each symbol carried.

>>Historian: Indeed! Moving on to another period—the Middle Kingdom—this era saw remarkable cultural resurgence with literature flourishing and monumental building projects taking off. Kings undertook extensive land reclamation schemes which transformed agriculture significantly.

>>Archaeologist: I remember seeing remnants of those ancient canals during an excavation—it's incredible how advanced their irrigation systems were!

>>Historian: And backtracking a bit to the Old Kingdom again—not only did they build pyramids but also intricate mastaba tombs and established Memphis as an administrative hub. This laid down Egypt's monumental legacy foundation. 
 >>Egyptologist: Picture this... the architectural marvels of ancient Egypt, like the pyramids and mastabas, were not just grand structures but also a testament to their advanced understanding of geometry and engineering. It's amazing how they've stood the test of time!

>>Archaeologist: Absolutely! When I was in the Valley of the Kings last year, we uncovered a tomb that was perfectly aligned with celestial bodies using just simple tools—it's mind-blowing! The precision they achieved is incredible.

>>Historian: That's really interesting! And did you know they were also pioneers in medicine? Their medical papyri detail treatments for various ailments—it's fascinating how advanced they were!

>>Egyptologist: Indeed! Ma'at wasn't just a religious belief but influenced every aspect of life—including their art and literature which aimed at maintaining cosmic order. Even their hieroglyphs reflected this balance and harmony.

>>Archaeologist: Exactly! Seeing those alignments firsthand really puts into perspective their skill level with rudimentary tools. It's something you have to see to believe.

>>Historian: And speaking of literature, works like The Tale of Sinuhe offer such rich insights into their societal values—truly remarkable! They had such a profound understanding of both engineering and healthcare.

>>Egyptologist: You know, it's not just about their technical skills but also about how deeply intertwined their beliefs were with everyday practices. For instance, even in art and literature—everything was done with an eye towards maintaining Ma'at.

>>Archaeologist: Yeah! From my experience in the field, it's fascinating to see how they used astronomy to align their structures. We use modern tools now to measure what they did with just their eyes and simple instruments. Imagine the skill and dedication it took!

>>Historian: Indeed! And let's not forget about their contributions to literature as well—like The Instruction of Ptahhotep—which offer insights into societal values and personal conduct during those times. 
 >>Archaeologist: So there we were, in the Valley of the Kings, knee-deep in sand and dust. We'd been digging for days with nothing to show for it. I remember feeling so frustrated. Then, out of nowhere, one of our team members hit something solid. We were so surprised when we found this beautifully preserved board game set! It was like finding an ancient Egyptian version of Monopoly!

>>Egyptologist: Picture this... In ancient Egypt, board games were not just a pastime but a reflection of their beliefs and daily life. Senet, for instance, symbolized the journey to the afterlife. They took such care in crafting these games because they believed playing them could influence their fate in the afterlife.

>>Historian: That's really interesting! And you know, these games evolved over time too. Mehen is another example – it was played on a circular board resembling a coiled snake. It's fascinating how they incorporated their environment and beliefs into these games.

>>Archaeologist: Oh yeah! And speaking of surprises, I remember another time when we found an entire stash of miniature pottery buried under what seemed like an ordinary mound. It turned out to be offerings left by families for their deceased loved ones. It's incredible what you can learn from these tiny artifacts.

>>Egyptologist: That's fascinating! Do you remember any specific scenes depicted on those potteries?

>>Archaeologist: Yes, some had scenes from daily life or religious rituals – almost like snapshots of their world left behind for us to discover thousands of years later.

>>Historian: And did you know that some tombs even contained model boats? These weren't just toys; they represented the deceased's journey through the underworld and into eternity. The craftsmanship was incredible!

>>Archaeologist: Yeah, well... I once stumbled upon a hidden chamber filled with statues of gods and goddesses during an excavation near Luxor. It felt like stepping into another realm entirely! Each statue told its own story about the beliefs and practices of ancient Egyptians.

>>Egyptologist: That's incredible! Those statues often served as intermediaries between humans and deities. By placing these statues in tombs or temples, they believed they could ensure divine protection and guidance in both life and death.

>>Historian: Indeed! And let's not forget about those intricate wall paintings depicting various aspects of Egyptian life – from farming scenes to grand feasts – all meticulously detailed to preserve their culture for eternity. 
 >>Archaeologist: Those wall paintings are like snapshots of daily life. One of my favorite discoveries was a set of miniature pottery in a tomb near Thebes. Each piece depicted scenes from everyday activities – it was like holding a piece of their world in my hands.

>>Egyptologist: Wow, that's amazing! The hieroglyphs on those pottery pieces tell us a lot about their daily lives and beliefs. They really valued detailed work because they believed words and images could transcend time. What did you find most fascinating in our discussion today?

>>Historian: Reflecting on our discussion, I found the exploration of ancient Egyptian trade routes particularly fascinating. The interconnectedness of civilizations and the exchange of goods like lapis lazuli from Afghanistan truly highlight the extensive reach and influence of Egypt. Speaking of their extensive reach, did anyone else hear that funny story about how they used to transport obelisks?

>>Archaeologist: (laughs) Yes! They would float them down the Nile on specially constructed barges. Can you imagine seeing that?

>>Egyptologist: (chuckles) Quite a sight indeed! Anyway, how about we meet again next month to talk more about this?","During our casual catch-up, we discussed the extensive history and achievements of Ancient Egypt. The civilization, centered along the Nile River, began around 3100 BC with the unification of Upper and Lower Egypt under King Menes. Ancient Egypt's history is marked by periods of stability known as the Old, Middle, and New Kingdoms, interspersed with Intermediate Periods of instability.

The New Kingdom was a peak era for Egyptian power, extending its influence over Nubia and parts of the Levant. However, subsequent invasions by foreign powers like the Hyksos, Assyrians, Persians, and eventually Alexander the Great led to periods of decline. The Ptolemaic Kingdom ruled until Cleopatra's defeat in 30 BC when Egypt became a Roman province.

Egypt's success was largely due to its agricultural productivity from Nile irrigation. This surplus supported dense populations and enabled advancements in construction (pyramids), writing (hieroglyphs), medicine, mathematics, and trade. The society was highly stratified but allowed significant rights for women compared to other ancient cultures.

Religious beliefs were central to Egyptian life; pharaohs were seen as divine intermediaries. Burial practices aimed at ensuring immortality included mummification and elaborate tombs filled with goods for the afterlife.

Ancient Egypt left a lasting legacy through its art, architecture, literature, and cultural influence on neighboring civilizations like Kush and later European fascination during Napoleon’s expeditions. Modern archaeological efforts continue to uncover insights"
"The meeting involved a discussion among various experts about their current projects and recent technological advancements. They delved into the history of the Internet, highlighting key contributions from pioneers like J.C.R. Licklider, Paul Baran, Donald Davies, Leonard Kleinrock, Louis Pouzin, Peter Kirstein, Vint Cerf, and Bob Kahn. The conversation covered the development of ARPANET and packet switching, the significance of TCP/IP protocols, and the emergence of commercial ISPs and the World Wide Web.

They also discussed how technologies like Wave Division Multiplexing (WDM) have revolutionized data transmission by increasing capacity without needing new cables. The impact of email, instant messaging, VoIP, video chat, and online shopping on communication and daily life was noted.

Challenges such as ensuring equitable access to technology advancements were highlighted. The importance of tailored approaches for different regions and public engagement in understanding these technologies was emphasized. Future prospects like 5G deployment and quantum internet were briefly mentioned.

Overall, the meeting underscored the journey from early Internet days to modern high-speed networks while focusing on making these advancements accessible to everyone.",">>Internet Pioneer: Hey everyone! How's it going? I hope you all had a great week.

>>Internet Historian: Hey there! I'm doing well, thanks for asking. So, what projects are you all working on this week?

>>Network Engineer: Hi everyone! I'm good too. Hey, did you guys see that new AI breakthrough? It's pretty cool!

>>Computer Scientist: Oh yes, I read about that! It's fascinating how quickly things are evolving.

>>Technology Journalist: Absolutely! I've been following it closely—it's amazing how much progress has been made recently. Did you see the part about its potential applications in healthcare?

>>Internet Pioneer: Yeah, it's incredible stuff. Anyway, back to our catch-up—what's everyone working on these days? 
 >>Internet Historian: So, speaking of incredible stuff, let's dive into the origins of the Internet. Back in the day, J.C.R. Licklider had this vision of a universal network that could connect everyone. Isn't that amazing? And then you have Paul Baran and Donald Davies coming up with packet switching—it's like comparing a horse-drawn carriage to a rocket ship!

>>Internet Pioneer: Oh yeah, the ARPANET project was really something else! I remember when we first started working on it, the idea of packet switching was revolutionary. The excitement in the air was palpable. We were all just a bunch of enthusiastic geeks trying to make this crazy idea work.

>>Network Engineer: Absolutely! Packet switching allowed for more efficient and reliable data transmission compared to traditional methods. Imagine sending messages over dedicated lines versus breaking them into packets that travel independently and reassemble at their destination. This innovation laid the foundation for modern networking.

>>Internet Historian: Fun fact: ARPANET wasn't just a technical marvel; it was also a social experiment. You had brilliant minds like Robert Taylor and Lawrence Roberts working together, often remotely, to make this thing work.

>>Computer Scientist: Leonard Kleinrock's work on queueing theory provided a mathematical foundation for understanding how data packets could be efficiently transmitted across networks. This allowed for dynamic routing and error correction, which were crucial for ARPANET's success.

>>Technology Journalist: It's wild to think about how far we've come since those early days! The ARPANET really set the stage for everything we do online today.

>>Internet Pioneer: Exactly! And you know what? It wasn't just about technology; it was about people coming together with a shared vision. We had so many late-night brainstorming sessions where ideas flowed freely.

>>Network Engineer: Indeed! Implementing packet switching in ARPANET improved efficiency and laid the groundwork for modern networking protocols like TCP/IP.

>>Internet Historian: Right! And it's fascinating how these pioneers were blazing trails while collaborating internationally with folks in places like the UK and France.

>>Computer Scientist: Yes, without these foundational technologies and collaborations, we wouldn't have today's Internet infrastructure. 
 >>Internet Pioneer: Oh boy! Speaking of foundational technologies, let's not forget Louis Pouzin's work on CYCLADES. Some might say it was just a scratch compared to ARPANET, but it was revolutionary in its own right. Isn't that interesting? And Peter Kirstein at UCL—wow! His efforts in internetworking were crucial for connecting the UK to the ARPANET. Amazing times!

>>Internet Historian: Yeah, Pouzin's CYCLADES really introduced some groundbreaking ideas like the end-to-end principle. It changed how we think about networking today. And Kirstein’s work at UCL? That was key in bridging the gap between the UK and ARPANET.

>>Network Engineer: Absolutely! Pouzin's idea of making hosts responsible for reliable delivery rather than the network itself laid the groundwork for TCP/IP. But remember, not everyone was on board with this initially—it took some convincing.

>>Computer Scientist: It's fascinating how these international collaborations laid such a strong foundation for what we now take for granted. Without Pouzin's end-to-end principle and Kirstein's practical internetworking, who knows where we'd be today?

>>Technology Journalist: Right? It's amazing how these global efforts set the stage for our modern Internet. I mean, without those key contributions from Pouzin and Kirstein, we might not have this robust global network we rely on every day.

>>Internet Historian: Exactly! And it's interesting to think about how much resistance there was at first. People weren't sure if these new ideas would actually work.

>>Network Engineer: Indeed! The impact of their work can't be overstated. These innovations were essential in creating a reliable and scalable network that could support global communication.

>>Internet Pioneer: You know what's funny? Back then, we didn't fully grasp just how big this would all become. We were just trying to solve immediate problems and make things work better.

>>Technology Journalist: That's so true! Sometimes it's those small steps that lead to giant leaps forward. 
 >>Internet Pioneer: Oh boy! Speaking of giant leaps, let's not forget the monumental impact of Vint Cerf and Bob Kahn's work on TCP/IP protocols back in 1974. I mean, can you imagine the Internet without it? It's just a small part compared to what we have now, right?

>>Internet Historian: Yeah, it's fascinating. Their work really laid the groundwork for today's Internet by allowing different networks to communicate seamlessly. But I'm curious—do you think there were any significant challenges they faced during its development?

>>Network Engineer: Absolutely! The TCP/IP protocols were indeed revolutionary. They provided a standardized way for different networks to communicate, which was crucial for expanding the Internet. One challenge was getting widespread adoption across various systems at first.

>>Computer Scientist: Right, TCP/IP was like creating a universal language for computers. It allowed diverse systems to interact smoothly despite initial resistance from some quarters.

>>Technology Journalist: So true! And NSFNET played such an important role by connecting research institutions across the U.S., making advanced computing resources accessible nationwide.

>>Internet Pioneer: Exactly! Without those foundational steps like NSFNET providing infrastructure support, we wouldn't have this seamless global connectivity that powers everything from academic research to social media today. 
 >>Internet Historian: So, speaking of seamless global connectivity, isn't it fascinating how commercial ISPs emerged around 1989? They really opened up public access to the Internet.

>>Technology Journalist: Yeah! I remember when my family first got dial-up—it was such a game-changer for us at home. The noise it made while connecting is unforgettable!

>>Network Engineer: Absolutely! It marked a huge shift from academic networks to something everyone could use. And then Tim Berners-Lee's creation of the World Wide Web at CERN in 1990? That was revolutionary!

>>Computer Scientist: Right! Suddenly we had this universal space for information—everything changed so quickly after that. I remember being amazed at how much you could find online.

>>Internet Pioneer: Oh yeah, I remember those days vividly! It felt like opening Pandora's box—suddenly everyone could tap into this vast network that was once limited to academics.

>>Technology Journalist: Exactly! It's hard to imagine life without it now. Before this shift, accessing information was so much harder. You had to go through books or libraries for everything.

>>Internet Historian: Looking back now, it all seems inevitable—but back then? It was groundbreaking! Like discovering a new world right from your desk.

>>Network Engineer: Indeed! And these changes spurred innovation across various sectors—commerce, education, entertainment—all transformed by this newfound accessibility. Remember when online shopping started becoming a thing?

>>Computer Scientist: Absolutely! We saw new industries emerge almost overnight thanks to these advancements. Think about how streaming services have changed entertainment.

>>Internet Pioneer: Yeah, it's wild thinking about how far we've come since then—from dial-up connections that took forever just to load a single page...to high-speed internet everywhere!

>>Technology Journalist: Haha, those dial-up days were something else! But hey—it paved the way for everything we have today. 
 >>Network Engineer: So, speaking of paving the way, let's talk about one of the most significant advancements in optical networking—Wave Division Multiplexing or WDM. Basically, WDM has revolutionized how we handle data transmission by allowing multiple signals to be sent simultaneously over a single optical fiber. This has exponentially increased our Internet capacity and efficiency. I remember when we first started using DWDM—it made a huge difference for our clients.

>>Internet Historian: Oh, absolutely! You know, before WDM, we were really limited by the capacity of single optical fibers. But with WDM, it was like adding more channels to a TV—suddenly, we could send so much more data at once! It's amazing to think about how that leap in capacity changed everything.

>>Computer Scientist: Indeed. The advent of WDM was a huge improvement in data transmission. By allowing multiple wavelengths to coexist on a single fiber, it essentially transformed our capacity limits. To put it another way, it's like turning a small stream into a wide river—suddenly, the volume of traffic that could be handled increased dramatically.

>>Technology Journalist: Yeah, it's fascinating! I mean, from my perspective as someone who covers these developments for the public, explaining how something like WDM works is always fun. It's such an elegant solution to what was becoming a massive bottleneck problem.

>>Internet Pioneer: You know what's interesting? Back when we first started working on the Internet's infrastructure, we couldn't have imagined something like WDM. It really opened up new possibilities for expansion without having to lay down tons of new cables.

>>Network Engineer: Exactly! The implementation of Dense Wavelength Division Multiplexing (DWDM)—basically allowing multiple data streams on different wavelengths at once—was particularly pivotal. We effectively multiplied the capacity of existing fiber infrastructure without needing new cables.

>>Internet Historian: And that's just it! It's like adding more channels to that TV analogy again—you suddenly have all this extra room for traffic without building new roads. The efficiency gains were incredible!

>>Computer Scientist: Right! And from a practical standpoint, it's fascinating how using different wavelengths makes better use of what we have without slowing things down.

>>Technology Journalist: Totally! And it's not just about technical improvements; it's also about making sure people understand why these advancements matter in their daily lives.

>>Internet Pioneer: Absolutely! Seeing these technologies evolve from concept to implementation has been quite the journey. It’s remarkable how far we've come since those early days. 
 >>Internet Historian: Oh boy! The way email and instant messaging revolutionized communication is just mind-blowing, right? I mean, back in the day, we had to rely on snail mail or expensive long-distance calls. Now, it's all at our fingertips!

>>Technology Journalist: Yeah, it's amazing how these changes have made our lives so much easier. From email to instant messaging, and now video chats! It's like we're living in a sci-fi movie. And don't even get me started on online shopping – it's a game-changer!

>>Network Engineer: Absolutely! VoIP and video chat have really changed how we work together, especially with colleagues around the world. And social networking services have redefined personal and business interactions alike.

>>Internet Historian: Isn't it fascinating how these technologies have not only changed the way we communicate but also how we live our daily lives? I mean, who would've thought we'd be video chatting with someone halfway across the world or shopping for groceries online from our couches? Amazing!

>>Computer Scientist: So true! The development of protocols like TCP/IP has enabled seamless global connectivity. It's amazing how these foundational theories have translated into practical applications that we now take for granted—

>>Technology Journalist (interrupting): Wait, can you explain what TCP/IP is? I've heard it mentioned but never really understood it.

>>Computer Scientist: Oh sure! TCP/IP stands for Transmission Control Protocol/Internet Protocol. It's basically a set of rules that governs how data is transmitted over networks. Think of it as the language computers use to talk to each other.

>>Internet Historian: So interesting! These advancements have not only changed communication but also our entire lifestyle.

>>(Everyone nods in agreement)

>>Network Engineer (smiling): We get it; back in your day things were different!

>>(Everyone chuckles)

>>Network Engineer: But seriously though, implementing VoIP and video chat required significant innovations in codecs and bandwidth management. 

>>(Phone notification sound)

>>Network Engineer: Sorry about that – just got a message from our overseas team.

>>(Everyone chuckles)

>>Network Engineer: Anyway, these technologies have not only enhanced professional communication but also brought people closer on a personal level. 
 >>Internet Pioneer: You know, it's fascinating how regional differences shape the evolution of the Internet. Back in the day, we had to consider so many unique challenges depending on where we were implementing new technologies. For instance, Europe and Asia had their own approaches that influenced global standards. But looking forward, what do you all think are the biggest challenges we'll face in ensuring equitable access to these advancements?

>>Internet Historian: Yeah, it's amazing how far we've come, but there's still a lot to do. One of the biggest challenges might be addressing the digital divide that still exists in many parts of the world. How do we make sure everyone has access to these advancements? It's like we're building this incredible tool, but not everyone can use it yet.

>>Network Engineer: Right, and speaking from experience, when we were rolling out IPv6 in Asia, they moved faster due to early adoption driven by IPv4 exhaustion. It was a real eye-opener on how tailored approaches are necessary for different regions. Now with 5G coming into play, I wonder how we can ensure these advancements reach everyone equally.

>>Computer Scientist: That's a good point about tailored approaches. Theoretical frameworks often assume uniform conditions which isn't practical globally. We need adaptable models that account for regional disparities in infrastructure and policy.

>>Technology Journalist: Absolutely! And let's not forget about public engagement and education. People need to understand these technologies to benefit from them fully. How do we bridge that gap between tech development and public understanding?

>>Internet Pioneer: Exactly! It's not just about deploying technology but making sure people know how to use it effectively.

>>Network Engineer: Speaking of 5G deployment, it's indeed critical for future Internet infrastructure. But remember when we worked on edge computing projects? Those required robust network architectures too – handling increased data traffic and ensuring low latency was no small feat.

>>Computer Scientist: True... The complexity increases with each new layer of technology added on top of existing systems.

>>Technology Journalist: So how do we address these technical challenges while maintaining equitable access across different regions? It seems like a balancing act between innovation and inclusivity.

>>Internet Historian: Well said! It's a bit like trying to build a skyscraper on uneven ground – you need strong foundations everywhere or it'll topple over eventually.

>>Network Engineer: Precisely! We must focus on scalable solutions that can adapt as technology evolves while ensuring no one gets left behind. 
 >>Technology Journalist: You know, it's been quite a journey from the early days of ARPANET to today's high-speed fiber optics and 5G networks. We've seen incredible advancements that have transformed our daily lives. Isn't it amazing how far we've come?

>>Internet Historian: Yeah, it's fascinating! I remember when we first started using ARPANET; we never imagined we'd get here so quickly. Making these technologies accessible is key.

>>Internet Pioneer: Absolutely! Back then, 5G was just a dream. Now it's reality—it's incredible!

>>Network Engineer: So true! And it's not just about speed but also enabling new possibilities for connectivity. We need to ensure everyone understands these benefits.

>>Computer Scientist: Speaking of future tech—did you hear about that breakthrough with quantum internet? It's supposed to revolutionize everything again!

>>Internet Historian: Oh yes! But back to our current focus...

>>Network Engineer: Right! Communicating these advancements is crucial too. Many people still don't fully understand what 5G means for them.

>>Internet Historian: Well said! So what's next on our agenda?

>>Network Engineer: Indeed! Our challenge now is making sure everyone benefits from these technologies by bridging the digital divide effectively.","During the casual catch-up meeting, participants discussed the comprehensive history of the Internet, tracing its origins back to efforts by scientists and engineers in the late 1950s. Key points included the development of time-sharing concepts and wide area networks, with significant contributions from J.C.R. Licklider at ARPA and Paul Baran at RAND Corporation. The ARPANET project, initiated in 1969 under Robert Taylor and Lawrence Roberts, was highlighted for adopting packet switching technology proposed by Donald Davies and Baran.

The meeting also covered international collaborations that shaped early networking technologies, such as Louis Pouzin's work on CYCLADES in France and Peter Kirstein's implementation of internetworking at University College London. Vint Cerf and Bob Kahn's publication on TCP/IP protocols in 1974 was noted as a pivotal moment leading to the modern Internet.

Further discussions touched on NSFNET's role in expanding network access in the U.S., commercial ISP emergence in 1989, and Tim Berners-Lee’s creation of the World Wide Web at CERN. The impact of optical networking advancements like wave division multiplexing (WDM) on Internet capacity growth was acknowledged.

Participants reflected on how these developments enabled rapid global communication changes, including email, instant messaging, VoIP calls, video chat, social networking services, and online shopping. The session concluded with remarks on ongoing challenges and future directions for Internet governance and regional differences shaping its evolution."
"In a meeting, a Philosophy Professor, Psychologist, Modern Stoic Practitioner, Ethicist, and Historian discussed the relevance of ancient philosophical principles in modern life. The Psychologist noted similarities between Stoicism and cognitive behavioral therapy (CBT), emphasizing internal state management. The Modern Stoic Practitioner highlighted Seneca's idea that obstacles can foster growth and shared practical applications of Stoic virtues like prudence and temperance in managing stress. The Ethicist connected Aristotle's 'golden mean' to modern ethical dilemmas. They all agreed on the importance of focusing on what one can control to build resilience and maintain balance. Historical references to Marcus Aurelius and Epictetus illustrated the enduring relevance of these ideas. The discussion underscored how ancient philosophies offer practical tools for handling contemporary challenges through introspection, virtue cultivation, and rational thought.",">>Philosophy Professor: Great to see everyone! How's it going?

>>Psychologist: Doing well, thanks! It's nice to see you all. You know, Stoicism's focus on our internal state is quite similar to cognitive behavioral therapy, where we work on changing our thoughts to influence our emotions and behaviors.

>>Modern Stoic Practitioner: I'm good too, thanks! Focusing on what we can control is really empowering. Seneca had this idea that obstacles can actually help us grow, which I find really relevant today with all the external pressures we face.

>>Ethicist: That's an interesting point about cognitive behavioral therapy, Psychologist. I think Aristotle's 'golden mean' also emphasizes balance in life, which could be helpful for modern ethical dilemmas. How do you think this perspective applies to today's challenges?

>>Philosophy Professor: Indeed! The Stoic focus on internal virtue over external circumstances can be seen as a precursor to modern psychological practices. As Socrates once said, 'the unexamined life is not worth living,' and this introspective approach remains crucial both in ancient and contemporary contexts.

>>Psychologist: Right, so both Stoicism and Aristotle's 'golden mean' emphasize the importance of our internal state over external factors. This really resonates with cognitive behavioral therapy principles. Can you tell me more about how this perspective might help someone dealing with modern stressors? 
 >>Philosophy Professor: The Stoics believed that by practicing the four cardinal virtues—prudence, fortitude, temperance, and justice—one could achieve a well-lived life. These virtues were practical guides for daily living, helping to manage modern stressors by focusing on internal virtue over external circumstances.

>>Modern Stoic Practitioner: Right. In today's context, 'the obstacle is the way' becomes a powerful mantra. Prudence helps us navigate challenges with wisdom, fortitude gives us strength to endure hardships, temperance keeps our desires in check, and justice ensures we act fairly towards others. These principles can be integrated into modern stress management techniques.

>>Psychologist: That makes sense. In cognitive behavioral therapy, we often emphasize changing our thought patterns to influence our emotions and behaviors. How does practicing prudence or temperance help someone manage their stress or anxiety practically?

>>Modern Stoic Practitioner: Practicing prudence allows us to make thoughtful decisions rather than reacting impulsively. For example, if you're overwhelmed at work, prudence would guide you to prioritize tasks within your control instead of stressing over things you can't change.

>>Philosophy Professor: Exactly! Epictetus taught that it's not the events that upset us but our judgments about them. By focusing on our internal responses rather than external circumstances, we cultivate resilience.

>>Psychologist: So by practicing prudence, we can focus on what's within our control and make more thoughtful decisions. Can you tell me more about how temperance might help someone manage their desires and maintain balance in their life?

>>Modern Stoic Practitioner: Sure thing. Temperance helps us manage our desires by encouraging moderation and self-control. For instance, when faced with temptations or excesses, one might reflect on what is truly beneficial and choose actions that align with their true needs rather than fleeting wants.

>>Philosophy Professor: Temperance isn't just about moderation; it's about aligning our desires with what is truly beneficial. By practicing temperance this way, we cultivate a balanced life free from excesses leading to stress and anxiety.

>>Psychologist: I see now how temperance helps us focus on what's truly beneficial instead of indulging fleeting wants. This reminds me of how cognitive behavioral therapy works to identify and challenge unhelpful thought patterns to promote healthier behaviors. How does this principle of 'living according to nature' guide someone in making these decisions practically? 
 >>Modern Stoic Practitioner: If we think about 'living in harmony with nature', it means acting in a way that makes sense based on our understanding of the world. This involves recognizing what we can control and what we can't. For example, when I'm stressed at work, I try to focus on how my response aligns with my values instead of reacting impulsively.

>>Philosophy Professor: Absolutely! Focusing on what's within our control can be really freeing. Epictetus said something like, ""It's not what happens to you, but how you react to it that matters."" This idea helps us build inner strength and stay calm no matter what's going on around us.

>>Psychologist: Right, both Stoicism and CBT stress the importance of focusing on what we can control. This is key for managing stress and anxiety. Can you share more about how you've used these ideas in your daily life?

>>Modern Stoic Practitioner: Sure! I like the idea that 'the obstacle is the way'. When I had a tough project at work, instead of seeing it as a burden, I saw it as a chance to practice resilience and patience. This change in perspective not only reduced my stress but also helped me perform better.

>>Philosophy Professor: That's a great example! The Stoic idea of living wisely means making sure our actions make sense and are good. This approach helps us stay strong and find peace even when things are chaotic around us.

>>Psychologist: Interesting! Both Stoicism and CBT talk about changing our thoughts to match our values. This can be really powerful for handling stress and anxiety. How has this worked out for you personally?

>>Modern Stoic Practitioner: Well, thinking about living wisely can be very grounding today. For instance, with social media pressures, I try to focus on what truly matters to me rather than getting caught up in seeking likes or approval from others.

>>Historian: It's fascinating how these old ideas still matter today. The concept of focusing on what's within our control is something people have found useful across different times and cultures.

>>Ethicist: Indeed! Making sure our actions make sense internally as well as externally brings a deep sense of peace while dealing with modern life's challenges.

>>Philosophy Professor: You know, it's interesting how these principles apply differently depending on the situation. For example, when I'm teaching students who are anxious about exams, I encourage them to focus on their preparation rather than worrying about the outcome.

>>Psychologist: Exactly! And sometimes it's helpful to remind ourselves that it's okay not to have everything under control all the time. We need those reminders from each other too.

>>Modern Stoic Practitioner: Definitely! And sharing these experiences helps reinforce these practices in real life. 
 >>Historian: Imagine, if you will, the profound influence of Stoicism during the Roman Empire. Marcus Aurelius, a philosopher-king, writing his 'Meditations' amidst the chaos of war and political strife. Remarkable! His reflections on virtue and resilience not only guided his own actions but also left an indelible mark on Western thought.

>>Philosophy Professor: Absolutely! And what's fascinating is how practical his thoughts were. They weren't just personal musings; they served as a guide for governance and personal conduct in tough times.

>>Modern Stoic Practitioner: Right, and even today, Marcus Aurelius' meditations can help us navigate our chaotic world. His focus on resilience and virtue is timeless. I often think about Seneca's idea that ""the obstacle is the way"" when I'm facing challenges.

>>Ethicist: That's a great point. The emphasis on internal virtues like prudence and fortitude is crucial for navigating modern challenges with moral clarity. It's interesting how Aristotle's idea that ""virtue lies in our actions"" still holds true today.

>>Psychologist: So, how do these virtues play out in real life? Can you give some examples of how we might apply them daily?

>>Modern Stoic Practitioner: Sure! For instance, prudence can help us make better decisions under stress by focusing on what we can control and letting go of what we can't. This approach fosters clarity and resilience.

>>Philosophy Professor: Exactly! And fortitude helps us face adversity head-on. It's not just about enduring hardship but seeing it as an opportunity for growth. Like when I had to deal with a difficult colleague at work – applying these principles helped me stay calm and find a constructive solution.

>>Psychologist: That's really insightful. How else do you see these virtues being applied practically?

>>Modern Stoic Practitioner: Well, take fortitude again – it's about embracing challenges rather than avoiding them. For example, during the pandemic, many people found strength by focusing on small daily routines to maintain their mental health despite the uncertainty around them.

>>Ethicist: And let's not forget about justice – another key Stoic virtue. It reminds us to act fairly and consider others' well-being in our decisions. Think about community efforts during crises; those are perfect examples of justice in action.

>>Historian: Speaking of which, there's this story from my research where a Roman general used Stoic principles to negotiate peace instead of going to war – it was all about prioritizing long-term stability over short-term victory.

>>Philosophy Professor: That's fascinating! It shows how these ancient ideas can still inform modern leadership and conflict resolution strategies. 
 >>Modern Stoic Practitioner: You know, dealing with the challenges of modern life, 'the obstacle is the way' really hits home. I once had a major setback at work. Instead of seeing it as a failure, I saw it as a chance to practice resilience and keep going.

>>Psychologist: That makes sense. So, you found resilience by facing setbacks head-on. Can you tell me more about how this experience changed your daily mindset?

>>Modern Stoic Practitioner: Sure. When I went through a personal health crisis, it was hard to stay calm. But by focusing on what I could control—my attitude and actions—I found strength in tough times.

>>Philosophy Professor: Aristotle's idea that 'the unexamined life is not worth living' fits here too. Reflecting on setbacks through a Stoic lens can turn tough times into learning experiences. For example, when I'm faced with academic challenges, I remind myself of Epictetus' advice to focus only on what we can control.

>>Historian: It's interesting how these ideas have been around since ancient times—like Marcus Aurelius writing about similar struggles during the Roman Empire. His meditations provided guidance for both personal conduct and leadership.

>>Psychologist: Focusing on what you could control during your health crisis helped you find strength. How does this approach affect your interactions with others day-to-day?

>>Modern Stoic Practitioner: It definitely helps me stay calm in stressful situations. By focusing on my reactions rather than what's happening around me, I'm able to maintain better relationships and handle conflicts more effectively.

>>Ethicist: That's a great point. Practicing resilience and staying composed in tough situations really shows strong moral character. It's not just about getting through the moment but also about growing as a person. 
 >>Modern Stoic Practitioner: You know, if we consider the Stoic perspective, resilience isn't just about enduring hardships but transforming them into opportunities for growth. As Seneca once said, 'the obstacle is the way.' This mindset can be incredibly empowering in our daily lives.

>>Philosophy Professor: Absolutely. The idea of turning obstacles into opportunities isn't just about accepting fate but actively engaging with life's challenges. Aristotle talked about living a life of virtue and examining our responses to adversity to find true resilience.

>>Psychologist: That's a great point. Both Stoicism and CBT emphasize how we respond internally to external events. Can you share more about how you apply these principles in your daily life?

>>Modern Stoic Practitioner: Sure! For example, when I have a tough day at work or deal with a difficult colleague, I remind myself that their behavior is out of my control, but my reaction isn't. It helps me stay calm and focus on what I can actually change.

>>Psychologist: That makes sense. Focusing on what you can control must be really grounding. How does it feel when you're able to keep this perspective consistently?

>>Philosophy Professor: It's interesting because this aligns with Aristotle's idea of eudaimonia—flourishing through virtue and rational thought. Both philosophies suggest that true happiness comes from within us.

>>Historian: Speaking of ancient wisdom, it's fascinating how these ideas have endured through centuries. Back in ancient Athens, people were also looking for ways to handle life's complexities, much like we do today. It's amazing how relevant these principles still are.

>>Psychologist: Definitely! The Stoic approach to resilience and internal control can be very empowering. How has this perspective influenced your interactions with others?

>>Modern Stoic Practitioner: Well, it’s helped me become more patient and understanding. For instance, instead of getting frustrated with someone who’s being difficult, I try to see things from their perspective and focus on maintaining my own peace of mind.

>>Philosophy Professor: And that's where Aristotle's concept of virtue comes in again—by practicing patience and understanding, we're not only improving ourselves but also contributing positively to our relationships. 
 >>Modern Stoic Practitioner: You know, if we consider the Stoic perspective, 'the obstacle is the way.' By embracing challenges and focusing on what we can control, we cultivate resilience and inner peace. This discussion has really highlighted how these ancient principles remain relevant today.

>>Psychologist: Yeah, it's interesting how those ideas align with modern cognitive behavioral therapy. For example, CBT also emphasizes focusing on what we can control to manage stress. How do you plan to apply these insights in your daily life?

>>Modern Stoic Practitioner: Well, just the other day I had a tough situation at work. Instead of getting frustrated, I reminded myself to focus on my response rather than the problem itself. It really helped me stay calm and find a solution more quickly.

>>Philosophy Professor: That's a great example! And it reminds me of another Stoic idea—Marcus Aurelius often wrote about keeping our minds clear and focused despite external chaos. It's fascinating how these thoughts still resonate today.

>>Historian: Imagine if you will, the ancient Stoics walking through the Agora, discussing these very principles that we find so relevant today. From a historical perspective, it's remarkable how their focus on virtue and resilience has transcended time and culture.

>>Ethicist (interrupting): Hold on, I just thought about something—different cultures have similar ideas too! Like in Eastern philosophies...

>>Psychologist (nodding): Yes! That's a great point. It really shows the universality of certain human experiences.

>>Ethicist: Exactly! And it makes me wonder if there's something inherently human about seeking ways to manage life's challenges through philosophy.

>>Psychologist: Absolutely. In fact, some CBT techniques are quite similar to mindfulness practices found in Buddhism. It's all about finding practical ways to deal with life's ups and downs.

>>Philosophy Professor: Indeed! This discussion has shown how examining our internal states and focusing on virtue can help us navigate contemporary challenges with resilience and wisdom. It's not just about theory; it's about practical application in our lives.","During our casual catch-up, we discussed the key aspects of Stoicism, a Hellenistic philosophy that thrived in Ancient Greece and Rome. The Stoics emphasized achieving eudaimonia through practicing four cardinal virtues: prudence, fortitude, temperance, and justice. Founded by Zeno of Citium around 300 BCE, Stoicism teaches that virtue is the only true good and external factors like health and wealth are neutral but can be used virtuously.

We noted that prominent Stoics such as Seneca and Epictetus believed virtue suffices for happiness, making one resilient to misfortune. They argued destructive emotions stem from judgment errors and advocated living in accordance with nature. The philosophy's influence extended until the 3rd century CE, with notable adherents like Marcus Aurelius.

Stoicism experienced revivals during the Renaissance (Neostoicism) and in modern times (modern Stoicism). It emphasizes self-control to overcome destructive emotions and promotes ethical well-being by aligning one's will with nature. The Stoic ethic also supports cosmopolitanism, advocating for universal brotherhood.

The meeting concluded with reflections on how Stoic principles have influenced modern cognitive behavioral therapy (CBT), particularly through Albert Ellis' Rational-Emotive Behavior Therapy (REBT), highlighting its relevance in contemporary psychological practices."
"In a meeting discussing blockchain technology, various experts highlighted its transformative potential across multiple sectors. The Blockchain Developer emphasized the decentralized and secure nature of blockchain, while the Cryptocurrency Analyst noted its ability to reduce fraud and increase trust. The Legal Expert stressed the importance of regulatory compliance, especially in decentralized systems. The Cryptographer explained how cryptographic hash functions ensure data integrity and immutability.

The Business Strategist discussed leveraging blockchain for business growth, citing examples like Walmart's supply chain tracking and digital identity verification. Hybrid blockchains were identified as balancing transparency and privacy, ideal for industries like finance. Consortium blockchains allow multiple organizations to collaborate securely.

The discussion also covered transitioning from proof-of-work to proof-of-stake models to address energy consumption concerns while maintaining security. This shift could attract more investors focused on sustainability. Ensuring compliance with regulations like GDPR was deemed crucial for global operations.

Security measures such as zero-knowledge proofs, homomorphic encryption, and multi-signature wallets were highlighted for enhancing data integrity and preventing fraud. Standardizing blockchain protocols for interoperability was seen as essential for broader market integration.

Overall, the meeting underscored the need for innovative yet compliant blockchain strategies to drive business growth, enhance security, and maintain investor confidence.",">>Blockchain Developer: Good morning, everyone. Looking forward to our discussion on blockchain technology today.

>>Cryptocurrency Analyst: Morning! Excited about those market trends you mentioned, especially how blockchain impacts crypto.

>>Legal Expert: Absolutely, and from a regulatory perspective, we need to address how blockchain can comply with legal frameworks while fostering innovation.

>>Cryptographer: Hey everyone. From an encryption standpoint, cryptographic hash functions are crucial for data integrity in blockchain. These hashes ensure that each block is immutable, making it nearly impossible to alter any recorded transaction without detection.

>>Business Strategist: Good morning! I'm eager to discuss how we can leverage blockchain for business growth. Let's explore some innovative strategies together. 
 >>Blockchain Developer: So, to put it simply, blockchain is a game-changer because it operates as a distributed ledger. Each block contains a cryptographic hash of the previous block, creating an immutable chain of records. This decentralized structure ensures security and transparency.

>>Cryptocurrency Analyst: Right, and this transparency can significantly reduce fraud and increase trust among users. It's like having a public ledger where everyone can see and verify transactions.

>>Legal Expert: We need to make sure blockchain tech follows current laws so we don't run into legal issues down the road. It's crucial to consider how these decentralized structures can fit within existing regulations designed for centralized systems.

>>Blockchain Developer: The key takeaway here is that the cryptographic hashes linking each block ensure data integrity and immutability. Any attempt to alter a single block would require altering all subsequent blocks, which is practically impossible without consensus from the entire network.

>>Cryptographer: Additionally, this mechanism underpins the trustworthiness of blockchain data by making tampering evident. Each block's hash is like a unique fingerprint that links it to the previous one.

>>Business Strategist: Using blockchain can really boost business growth by improving supply chain visibility. For instance, Walmart uses blockchain for tracking food products through its supply chain, which helps quickly identify sources during contamination outbreaks.

>>Cryptocurrency Analyst: Honestly, the market is bullish on blockchain technology because of its transparency and security features. This level of trust can attract more investors and users to cryptocurrencies, driving up demand and potentially increasing market value.

>>Legal Expert: Moreover, we need proactive strategies to address any regulatory gaps specific to decentralized technologies. Ensuring compliance will help avoid potential legal pitfalls and support sustainable growth.

>>Blockchain Developer: So yeah, the decentralized nature of blockchain isn't just about security and transparency; it's also about resilience. Even if some nodes fail or are compromised in a distributed ledger context, the network as a whole remains operational and trustworthy. 
 >>Business Strategist: So, let's think outside the box for a moment. When we talk about public versus private blockchains, it's not just about access control but also about strategic implementation. For instance, in terms of business growth, leveraging blockchain for innovation can mean using a hybrid approach to balance transparency and confidentiality.
>>Cryptocurrency Analyst: Well, when we look at hybrid blockchains, they offer a fascinating balance between public and private features. They provide the transparency of public blockchains while maintaining the confidentiality of private ones. This makes them ideal for industries like finance where both aspects are crucial.
>>Blockchain Developer: Consortium blockchains let different organizations work together on the same platform while controlling who can join. This is great for supply chains where trust is important.
>>Cryptographer (interrupting): Sorry to jump in here, but could you clarify how consortium blockchains differ from hybrid ones? I think that distinction might be important for our discussion.
>>Blockchain Developer: Sure! Consortium blockchains allow multiple organizations to collaborate on a shared platform while maintaining control over who can participate. Hybrid blockchains combine elements of both public and private blockchains to allow selective data sharing.
>>Cryptographer: Got it, thanks!
>>Cryptocurrency Analyst: Honestly, hybrid blockchains can really drive market confidence. They offer a unique blend of transparency and privacy which is crucial not only in finance but also in sectors like logistics and real estate.
>>(Phone rings briefly)
>>(Everyone chuckles)
>>Business Strategist (smiling): Looks like someone forgot to silence their phone! Anyway, as we were discussing...
>>(Laughter)
>>Blockchain Developer (continuing): As I was saying... it's essential to understand that they combine elements of both public and private blockchains. This allows for a flexible approach where certain data can be kept confidential while other parts remain transparent. The main point here is that this setup ensures data integrity and trust among participants while maintaining decentralization.
>>Legal Expert: Legally speaking, the critical issue here is ensuring that hybrid and consortium blockchains comply with existing regulations. From a regulatory perspective, these types of blockchains must balance transparency with privacy while adhering to data protection laws. This is particularly challenging in industries like finance and healthcare where both aspects are crucial.
>>(Someone's phone vibrates again)
>>(More laughter)
>>(Business Strategist gestures humorously towards everyone’s phones)
>>(Laughter dies down)
>>Cryptocurrency Analyst (resuming): Hybrid blockchains are definitely gaining traction. They offer a unique blend of transparency and privacy which is crucial for industries like finance. The bottom line is that this balance can really drive market confidence!
> Blockchain Developer (smiling): It's fascinating to see how they can dynamically balance transparency and confidentiality. To put it simply—this flexibility allows for selective data sharing which is particularly advantageous in sectors like healthcare where patient privacy is critical—the main takeaway here—is that hybrid-blockchain offers robust solutions—for industries needing both openness—and discretion. 
 >>Blockchain Developer: So, when we talk about supply chain management, blockchain is a game-changer. Using blockchain, we can track every step of a product's journey clearly and securely. This means less fraud and fewer inefficiencies.

>>Business Strategist: Absolutely! And using blockchain for digital identity verification is another fascinating application. We can create secure digital identities that are easy to verify, which could really change how we handle personal data and authentication.

>>Cryptocurrency Analyst: Yeah, the potential of smart contracts is incredible! They can automate agreements without needing a middleman. Think of it like this: you set the terms, and once they're met, the contract executes automatically. It's like having a self-operating system for transactions.

>>Blockchain Developer: Right, as [Business Strategist] mentioned about digital identity verification, it's really promising. For example, in healthcare or finance, having secure and verifiable identities could make processes much smoother and safer.

>>Cryptographer: From an encryption standpoint, using cryptographic hashes—basically secure codes that link transactions together—ensures each transaction is securely connected to the previous one. This makes it nearly impossible to alter any recorded information without consensus. It’s crucial for maintaining data integrity in applications like digital identity verification and supply chain management.

>>Cryptocurrency Analyst: Honestly, you know, the way blockchain can streamline supply chain management is just amazing! Imagine being able to see every single step of a product's journey with complete transparency. This could drastically cut down on fraud and inefficiencies.

>>Legal Expert: From a legal perspective, the critical issue here is ensuring these innovative uses of blockchain comply with existing regulations. For instance, digital identity systems must follow data protection laws like GDPR. Similarly, smart contracts need to be recognized under current legal frameworks to truly revolutionize contract automation.

>>Blockchain Developer: When we consider implementing smart contracts—um—it’s important to understand their potential beyond just automating transactions. For instance, in real estate or insurance industries, they can reduce costs by cutting out intermediaries and speeding up processes. 
 >>Cryptographer: So, when we talk about energy consumption with proof-of-work systems, it's important to consider the security they provide. Proof-of-stake models use much less energy and still keep things secure.

>>Cryptocurrency Analyst: Yeah, the bottom line is that proof-of-stake models not only address energy concerns but also boost market confidence. Investors are looking for sustainable solutions, and this shift could attract more capital into cryptocurrencies using proof-of-stake. It's amazing how these advancements can change market dynamics.

>>Blockchain Developer: Right, switching from proof-of-work to proof-of-stake really changes things. It cuts down on energy use because it doesn't need as much computational power. Instead, validators are chosen based on the number of coins they hold and are willing to 'stake' as collateral. This not only helps the environment but also makes attacks more expensive and less likely.

>>Business Strategist: Hmm... I see your point about sustainability attracting investors. But what about scalability? How does proof-of-stake improve transaction speeds?

>>Blockchain Developer: Good question! By cutting out the heavy computations, transactions are faster and cheaper.

>>Legal Expert: Um, from a regulatory perspective, transitioning to proof-of-stake could also simplify compliance with environmental regulations. Many places are tightening their rules around energy use and carbon footprints.

>>Cryptographer: Exactly! And reducing energy usage aligns well with global sustainability goals. Proof-of-stake isn't just a technical improvement; it's a step towards responsible innovation in blockchain technology.

>>Cryptocurrency Analyst: Well said! You know, investors are increasingly focused on ESG criteria—environmental, social, and governance factors—when making decisions. Sustainable solutions like these can attract more institutional investors who prioritize these aspects.

>>Business Strategist: Absolutely! But do you think there might be any risks associated with moving away from proof-of-work?

>>Blockchain Developer: Definitely something to consider. While proof-of-stake has many benefits, it’s crucial to ensure that the transition is smooth and that all potential vulnerabilities are addressed.

>>Legal Expert: And don't forget smart contracts! Enhanced efficiency means we can automate agreements even more effectively without worrying about high operational costs or delays.

>>Cryptographer: Right! Plus, improved scalability ensures that as adoption grows, the network remains robust and secure without becoming prohibitively expensive or slow. 
 >>Legal Expert: Legally speaking, we need to ensure that as we transition to scalable blockchain systems, we comply with existing regulations. It's crucial to consider how these changes impact data privacy laws like GDPR and financial regulations across different jurisdictions.

>>Cryptocurrency Analyst: Yeah, clear and consistent regulations really boost investor confidence. When investors know what to expect legally, they're more likely to invest heavily. A stable regulatory environment can drive significant market growth!

>>Blockchain Developer: Ensuring compliance across different jurisdictions is challenging due to blockchain's decentralized nature. For instance, GDPR requires specific handling of personal data, which isn't easy in a distributed ledger system where data spans multiple regions.

>>Legal Expert: Exactly! Dealing with different local regulations like GDPR while maintaining blockchain’s benefits is tough but essential.

>>Cryptocurrency Analyst: Investors are definitely more confident when there's regulatory clarity because they know their investments are protected by clear laws. Plus, it helps reduce the uncertainty that often scares off big players.

>>Business Strategist: True! Businesses should also keep an eye on potential future regulations so they can adapt quickly and stay competitive while remaining compliant. Monitoring regulatory trends and engaging with policymakers can give companies a heads-up on what's coming down the pipeline.

>>Cryptographer: I agree. From a security standpoint though, we need mechanisms for compliance that don't introduce vulnerabilities into our system. For example, implementing encryption methods that meet legal standards without compromising data integrity is crucial.

>>Legal Expert: Absolutely! Balancing security with regulatory requirements is key—we need robust solutions that meet both legal and technical standards effectively. 
 >>Business Strategist: So, let's think outside the box for a moment. Leveraging blockchain for innovation can be transformative for business growth. For instance, integrating blockchain into supply chain management not only enhances transparency but also builds trust with consumers. The key takeaway here is that strategic implementation can drive significant value.

>>Blockchain Developer: Yeah, definitely! But we should also consider the technical challenges. Implementing blockchain isn't just about transparency; it's about ensuring the system is scalable and secure. For example, Walmart's collaboration with IBM to track lettuce and spinach using a blockchain-backed system has shown remarkable improvements in traceability and safety, but it required significant infrastructure changes.

>>Cryptocurrency Analyst: That's a great point about scalability. From a market perspective, businesses that adopt blockchain can see a significant boost in efficiency and consumer trust. Maersk's partnership with IBM on TradeLens has shown how blockchain can streamline shipping processes and reduce paperwork, which is huge for logistics.

>>Legal Expert: From a legal standpoint, the critical issue here is ensuring these implementations comply with existing regulations. Walmart's collaboration with IBM must adhere to food safety laws and data privacy regulations like GDPR. We need clear guidelines for smart contracts to avoid legal ambiguities.

>>Cryptographer: And speaking of security, it's crucial that these systems are robust against potential attacks. Blockchain provides inherent security features due to its cryptographic foundations, but we need to ensure all nodes in the network are secure as well.

>>Business Strategist: Right, so considering both regulatory compliance and security measures is vital for successful implementation. Another interesting case study is De Beers' use of blockchain to track diamonds from mine to retail. This not only ensures authenticity but also helps prevent conflict diamonds from entering the market.

>>Blockchain Developer: Exactly! De Beers' initiative showcases how blockchain can enhance transparency across various industries beyond just supply chains. By providing an immutable record of transactions—oh sorry, 'immutable' means unchangeable—it builds trust among stakeholders.

>>Cryptocurrency Analyst: And you know what? Consumers are increasingly valuing transparency in the products they buy. Blockchain offers a way to provide this transparency efficiently.

>>Legal Expert: However, different jurisdictions have varying regulations regarding data privacy and trade practices. Ensuring compliance across borders can be challenging but necessary for global operations.

>>Cryptographer: Indeed, ensuring cross-border compliance requires meticulous planning and robust encryption protocols to protect sensitive information while adhering to local laws.

>>Business Strategist: Well said! So moving forward, our focus should be on developing strategies that incorporate these elements seamlessly into existing business models while staying ahead of regulatory changes. 
 >>Cryptographer: So, when we consider the security aspects of blockchain technology, it's crucial to understand that cryptographic algorithms are the backbone ensuring data integrity and preventing fraud. To put it simply, these algorithms make it really hard to change transaction records without getting caught. The advancements in zero-knowledge proofs and homomorphic encryption are particularly amazing for maintaining privacy while verifying transactions.

>>Blockchain Developer: That's a great point. From my experience, implementing zero-knowledge proofs has been especially effective in enhancing privacy while keeping data secure. One challenge we faced was optimizing performance without compromising security, but seeing it work in real-world applications has been rewarding.

>>Cryptocurrency Analyst: Yeah, you know, the market is really bullish on blockchain technology because of these cryptographic advancements. When we see zero-knowledge proofs and homomorphic encryption being implemented, it not only enhances security but also boosts investor confidence. Secure protocols mean fewer risks and more trust in the system!

>>Legal Expert: Building on what you said about security measures, from a regulatory perspective, ensuring robust cryptographic measures is essential for compliance as well. Regulations like GDPR require stringent data protection standards which these advanced cryptographic techniques can help meet.

>>Business Strategist: Right! And integrating these security measures into our business strategies is key to gaining consumer trust and staying ahead of competitors. I've seen firsthand how companies that prioritize security tend to perform better in the long run.

>>Cryptographer: Exactly! And let's not forget about multi-signature wallets too. They add an extra layer of security by requiring multiple approvals before a transaction can be executed.

>>Blockchain Developer: Yes! Multi-signature wallets are indeed a great example of enhancing security through collaboration and consensus mechanisms within the blockchain network.

>>Business Strategist: Can you give us some examples of companies successfully using multi-signature wallets?

>>Cryptographer: Sure! For instance, BitGo uses multi-signature technology to provide secure wallet solutions for businesses. This approach has significantly reduced fraud cases and increased user trust.

>>Cryptocurrency Analyst: Totally! This collaborative approach not only secures transactions but also builds a stronger community around the technology.

>>Legal Expert: Indeed. It's important that we continue to innovate while keeping regulatory frameworks in mind to ensure both compliance and advancement in blockchain technology. 
 >>Blockchain Developer: So, um, when we consider the technical implementation of standardized blockchain protocols, it's essential to address interoperability challenges. For instance, developing robust cross-chain communication protocols and consensus mechanisms is crucial. Without these solutions, we risk creating isolated systems that can't leverage the full potential of blockchain's distributed ledger capabilities.

>>Cryptocurrency Analyst: Yeah, you know, the market is really bullish on these standardization efforts! Having a unified approach can boost investor confidence and drive adoption. When different blockchain networks can seamlessly interact, it opens up incredible opportunities for cross-chain applications and broader market integration. But do you think all networks will be willing to adopt these standards?

>>Legal Expert: From a legal standpoint, it's critical to ensure that any standardization efforts comply with existing regulations across different jurisdictions. We need to consider how these standards will align with data privacy laws like GDPR and financial regulations. Otherwise, we could create legal vulnerabilities that might undermine the entire initiative. Have there been any successful examples of this alignment so far?

>>Business Strategist: Right, aligning with international bodies like ISO and IEEE is key from a strategic perspective. These organizations are working on frameworks that ensure interoperability while maintaining compliance with global regulations. This alignment can help us avoid fragmented systems and significant legal challenges. But I'm curious if anyone has concerns about the pace at which these standards are being developed?

>>Cryptographer: Absolutely. And let's not forget about security implications here. Standardizing protocols must also include robust cryptographic measures to ensure data integrity and prevent fraud across different platforms. For example, look at how Ethereum 2.0 is addressing some of these issues.

>>Blockchain Developer: Exactly! And considering the technical side again, um, it's important to look at ongoing efforts by international bodies like ISO and IEEE as they work on frameworks for interoperability while maintaining compliance with global regulations.

>>Cryptocurrency Analyst: Well said! You know what? I think another good example is Polkadot's approach to cross-chain communication; it shows real promise in terms of practical application.

>>Legal Expert: That's a great point about Polkadot! From a regulatory perspective though, it's also crucial to consider how these standardization efforts align with ongoing initiatives by international bodies like ISO and IEEE.

>>Business Strategist: Yeah, exactly! And strategically speaking, aligning our standards with these initiatives helps us avoid fragmented systems which could face significant legal challenges down the line. 
 >>Legal Expert: We need to make sure our blockchain strategies are innovative but also comply with international standards to avoid legal issues and keep investor confidence high.

>>Blockchain Developer: So, we've decided to use blockchain for better supply chain transparency and digital identity checks. This will help us follow regulations like GDPR. We've also sorted out the data sharing protocols and security measures between departments.

>>Cryptographer: To support these initiatives, integrating cryptographic algorithms like zero-knowledge proofs will be crucial for maintaining data privacy and compliance with regulations.

>>Business Strategist: Additionally, resolving interdepartmental issues related to data sharing protocols has been essential. Let's continue to innovate while maintaining robust security.

>>Cryptocurrency Analyst: The market is positive about our blockchain initiatives for supply chain transparency and digital identity verification. These steps not only streamline operations but also boost investor confidence.","The meeting focused on the concept and applications of blockchain technology. Key points discussed included the structure of a blockchain, which is a distributed ledger composed of blocks linked by cryptographic hashes. Each block contains a hash of the previous block, a timestamp, and transaction data, making it resistant to tampering.

Participants highlighted that blockchain's decentralized nature ensures security against fraud and double-spending without needing a central authority. The technology was first implemented in 2008 by Satoshi Nakamoto for bitcoin transactions, solving the double-spending problem and inspiring other cryptocurrencies.

The discussion also covered different types of blockchains: public, private, consortium, and hybrid. Public blockchains are open to anyone, while private ones require permission to join. Consortium blockchains involve multiple organizations managing the network collectively.

Applications beyond cryptocurrencies were explored, including supply chain management, digital identity verification, smart contracts, and more. Challenges such as energy consumption in proof-of-work systems were noted, with newer models like proof-of-stake being considered more efficient.

The meeting concluded with an emphasis on ongoing standardization efforts by international bodies and the potential for blockchain to revolutionize various industries through enhanced transparency and security. Participants agreed on the need for further research and collaboration to address technical challenges and optimize blockchain implementations across sectors."
"The meeting focused on the linguistic, cultural, and educational aspects of Esperanto. The participants discussed its simplicity and regularity, which make it an effective tool for language learning. They highlighted Zamenhof's vision of fostering unity through a common language, inspired by his experiences in Białystok. The conversation also touched on the cultural significance of Esperanto events like Zamenhof Day and annual congresses.

Concerns about Esperanto's Eurocentrism were raised, with suggestions to incorporate more diverse linguistic elements to make it more inclusive. The group emphasized leveraging digital platforms and interactive methods to engage modern learners while considering traditional approaches for older audiences.

Action items included integrating diverse linguistic elements into teaching methods, using digital tools for wider reach, and setting up follow-up meetings to track progress and address challenges. The goal is to enrich Esperanto and align with Zamenhof's vision of global unity through language.",">>Esperanto Community Leader: Good morning, everyone! It's fantastic to see such a diverse group here today. In the spirit of Esperanto, we see communities forming bonds across cultural and geographical divides.

>>Linguist: Hi all, great to be here. Let's dive into our objectives for today's meeting: exploring the linguistic intricacies of Esperanto, its cultural impact, and its educational value. It's amazing how a constructed language can bridge so many divides.

>>Cultural Historian: Morning! I'm thrilled to discuss Esperanto's cultural history with you all. Zamenhof's vision was not just about creating a language but fostering unity among diverse groups. His idealism sparked such a global movement.

>>Language Educator: Hello everyone, looking forward to our discussion on Esperanto's educational benefits. From an educational perspective, Esperanto's simplicity and regularity make it a fantastic tool for language learning. Think of it as training wheels for other languages.

>>Linguist: From a syntactic perspective, it's interesting how Esperanto uses roots, prefixes, and suffixes to create new words—similar to languages like Turkish or Japanese.

>>Cultural Historian: You know what? It's fascinating how Esperanto has managed to create its own unique culture and traditions over time. For instance, Zamenhof Day is celebrated by Esperantists worldwide—showing the deep sense of community among speakers.

>>Language Educator: That's really interesting! Building on that point about Zamenhof Day... from an educational standpoint—the propaedeutic value of Esperanto is quite significant. Learning it first can make acquiring other languages easier because it builds a strong foundation in linguistic principles. 
 >>Linguist: You know, Zamenhof's experiences in Białystok were really eye-opening. The different languages spoken by Russians, Poles, Germans, and Jews created a lot of social tension. It's interesting how this environment pushed him to create Esperanto as a way to bring people together.

>>Cultural Historian: Absolutely. Białystok was such a mix of cultures and languages, but instead of harmony, it often led to conflict. Zamenhof saw this firsthand and wanted to use Esperanto to bridge those gaps.

>>Esperanto Community Leader: Yeah, it's amazing how he wasn't just thinking about a new language but also about uniting people. He really believed that breaking down linguistic barriers could help create peace.

>>Language Educator: Exactly. His time in Białystok showed him how language can divide people. By creating Esperanto, he hoped to promote understanding among different cultural groups.

>>Linguist: And from a linguistic standpoint, what's cool is how he combined elements from various languages. He made Esperanto easy to learn by using common features from Indo-European languages.

>>Cultural Historian: Right, and the social tensions in Białystok were like a smaller version of what was happening across Europe at the time. It wasn't just about language—it was about identity and power too.

>>Language Educator: That's true. Zamenhof grew up with these ideals and saw the harsh reality of division every day. Creating Esperanto was his way of trying to make the world a bit more united. 
 >>Linguist: Um, from a syntactic perspective, Esperanto's structure is quite fascinating. The language employs a highly regular system of affixes, which allows for the creation of new words with remarkable ease. For example, take the root word 'lerni' (to learn). You can create 'lernanto' (student) or 'lernejo' (school) just by adding different affixes.

>>Cultural Historian: That's interesting! And it's not just about the language mechanics. Historically, this system allowed people from diverse backgrounds to communicate more effectively and fostered a sense of unity. It wasn't just practical; it was also culturally significant.

>>Language Educator: Absolutely! From a teaching standpoint, this regularity simplifies the learning process immensely. Instead of memorizing tons of vocabulary, learners can focus on understanding key roots and affixes. This method helps beginners build confidence quickly because they see progress almost immediately.

>>Esperanto Community Leader: Right, and that simplicity is what makes Esperanto so inclusive today. Anyone can pick up these basic rules and start communicating almost immediately. It's like opening doors for everyone regardless of their native tongue.

>>Linguist: To put it in simpler terms, the derivational system reduces the cognitive load associated with learning new words. It's pretty cool how this fits with Zamenhof's vision for an accessible international language.

>>Language Educator: Let's break it down further. Once you know 'lerni', you can easily create related words like 'lernanto' or 'lernejo'. This not only simplifies vocabulary acquisition but also boosts confidence as learners see immediate progress.

>>Cultural Historian: Well said! Historically speaking, this simplicity played a crucial role in Esperanto's spread. People from different linguistic backgrounds could quickly grasp and use the language, fostering a sense of global community.

>>Esperanto Community Leader: Exactly! But let's not forget that while it's simple to learn, maintaining interest in today's fast-paced world can be challenging. How do we keep modern learners engaged?

>>Linguist: Good point! Maybe incorporating more interactive methods or technology could help maintain interest. The core principles are sound; we just need to adapt them to contemporary learning environments. 
 >>Cultural Historian: Interestingly, Esperanto has found a strong foothold in Europe, East Asia, and South America. These regions have vibrant communities that actively promote the language through various cultural events and gatherings. It's fascinating to see how these communities have embraced Esperanto as a means of fostering international understanding and unity.

>>Esperanto Community Leader: Yeah, the digital age has truly revolutionized how we engage with Esperanto! Platforms like Duolingo and Wikipedia have made it so accessible. These tools not only teach the language but also connect learners globally, fostering a sense of unity through language.

>>Language Educator: So, let's break it down. To increase global adoption, we need to focus on integrating Esperanto into educational systems worldwide. If students learn Esperanto early on, they'll find it easier to pick up other languages later. Right?

>>Linguist: Absolutely. The integration of Esperanto into educational systems could indeed be a game-changer. Its regular structure and agglutinative morphology make it an excellent tool for linguistic training. Isn't it fascinating how such a constructed language can simplify the learning process for other languages?

>>Cultural Historian: Historically speaking, the adoption of Esperanto in these regions is a testament to its cultural adaptability. Back in the day, it was seen as a beacon of hope for international communication and unity.

>>Esperanto Community Leader: Exactly! And you know what? We should leverage this historical significance more in our modern strategies to promote Esperanto.

>>Language Educator: Right! And maybe we could create more interactive content tailored for younger audiences? Like games or apps that make learning fun?

>>Linguist: That's an excellent idea! Interactive methods can definitely keep learners engaged with Esperanto.

>>Cultural Historian: Well said! You see...

>>Esperanto Community Leader: Hold on a second, John. I think we might be getting ahead of ourselves here with all this enthusiasm about digital tools.

>>Language Educator: Yeah, you're right. Maybe we should also consider traditional methods for older learners who might not be as tech-savvy.

>>Linguist: Good point. We need a balanced approach that caters to different age groups and learning preferences.

>>Cultural Historian: Absolutely. And remember when we tried introducing Esperanto at that summer camp last year? The kids loved the interactive games but some older participants preferred printed materials and face-to-face conversations. 
 >>Esperanto Community Leader: Imagine the joy of seeing people from all over the world come together at our recent congress in Montreal! We had workshops, music performances, and even a cooking class where everyone shared their traditional recipes in Esperanto. Isn't that wonderful?

>>Cultural Historian: These annual congresses have a rich history dating back to 1905, serving as cultural festivals that celebrate our shared heritage and foster international friendships. Back in the day, these events were crucial for creating a sense of global unity among Esperantists. Wouldn't you agree?

>>Language Educator: Absolutely! The beauty of these congresses is how they bring people together through shared experiences. When you learn a language like Esperanto, you're not just learning words; you're connecting with a global community. Great job on organizing such inclusive events!

>>Linguist: Indeed! Esperanto's structure makes it easy to create new words, which helps people communicate better and feel connected. It's amazing how this constructed language has grown and adapted over time.

>>Cultural Historian: Fascinating! These congresses are not just about language; they're a celebration of our shared cultural heritage.

>>Language Educator (interrupting): Sorry to cut in—can you give an example of how these historical aspects are highlighted during the congresses? It would help us understand better.

>>Cultural Historian: Oh sure! For instance, we often have reenactments or presentations about significant moments in Esperanto history. There are also exhibitions showcasing artifacts and documents from past congresses which really bring history to life for attendees.

>>(Phone rings)

>>Esperanto Community Leader: Let's make sure our phones are on silent so we can focus on this great discussion.

>>(Everyone nods)

>>Cultural Historian (smiling): As I was saying, these events have always been about bringing people together and celebrating our shared identity, something that continues to inspire us today. 
 >>Linguist: One of the most persistent criticisms of Esperanto is its Eurocentrism. The language's vocabulary is predominantly derived from Romance languages, which can be seen as limiting its global appeal. It's interesting how this linguistic choice reflects the cultural and historical context in which Zamenhof created Esperanto.

>>Language Educator: Right, I get that. While it's true that Esperanto's vocabulary leans heavily on European languages, we could mix things up by adding more diverse linguistic elements in our teaching materials. This way, learners from different backgrounds might feel a stronger connection to the language. What do you think?

>>Cultural Historian: Absolutely, the criticism of Eurocentrism in Esperanto makes sense when you look at its history. Zamenhof was working in a time dominated by European languages. But don't you think this also shows the era's desire for unity through familiar linguistic elements?

>>Esperanto Community Leader: Yeah, if we really want to tackle this Eurocentrism issue, we should start including more words and structures from non-European languages. That would make Esperanto more inclusive and globally relevant.

>>Cultural Historian: Exactly! And historically speaking, Zamenhof was influenced by his surroundings—European languages were everywhere. But isn't it time for evolution? By bringing in diverse linguistic elements now, we can respect its roots while making it more inclusive.

>>Language Educator: Speaking of making changes... integrating Esperanto into school curriculums could help with its adoption. Imagine if students learned a language that promotes global communication and understanding right from an early age.

>>Linguist: Good point! The Eurocentrism criticism is valid because of the predominance of Romance and Germanic roots due to Zamenhof's environment. But this also opens up opportunities for evolution. By incorporating elements from non-European languages, we can make Esperanto truly global.

>>Esperanto Community Leader: Exactly! And doing so wouldn't just address criticisms but also enrich the language itself.

>>Language Educator: So maybe we could start by looking at successful examples where other constructed languages have incorporated diverse elements? For instance, Toki Pona uses concepts from various cultures effectively.

>>Cultural Historian: That's a great idea! We could also look at how natural languages like Swahili have integrated words from Arabic and other tongues over time to become more inclusive. 
 >>Language Educator: Alright, so let's break it down. To make Esperanto more inclusive and globally relevant, we could start by incorporating diverse linguistic elements into the curriculum. If students are exposed to a variety of language roots early on, they'll develop a broader understanding and appreciation for different cultures. Does that make sense?

>>Linguist: Yes, incorporating roots from different languages could really enrich Esperanto and make it more inclusive. It's interesting how this can help students appreciate different cultures.

>>Cultural Historian: Well, you see, back in the day, Zamenhof's vision for Esperanto was not just about language learning but fostering global unity. Integrating diverse linguistic elements could indeed revive that spirit of international understanding! Wouldn't you agree?

>>Esperanto Community Leader: Imagine if we could create a series of online workshops and webinars to teach Esperanto, incorporating diverse linguistic elements! This way, we can reach a global audience and make learning more interactive and engaging.

>>Linguist: Leveraging digital platforms to increase accessibility is crucial. The adaptability of Esperanto's structure makes it particularly well-suited for online learning tools and apps. Technology really helps bridge linguistic gaps effectively.

>>Cultural Historian (interrupting): Sorry to jump in here—do you think we should also consider partnerships with existing language learning platforms? It might help us reach even more people.

>>Linguist: That's an excellent point! Partnerships with established platforms could definitely amplify our reach.

>>Cultural Historian: Yes, exactly! And maybe we should also look at creating multilingual resources that incorporate Esperanto alongside other major languages. This could include bilingual books, interactive apps, and even multilingual podcasts.

>>Esperanto Community Leader: I'm not sure if incorporating too many elements might complicate things for beginners though. We need to find a balance.

>>Language Educator: Good point. We should ensure the basics are clear before adding too much complexity. Maybe start with simpler integrations and gradually introduce more diverse elements as learners progress?

>>Linguist: That sounds like a solid plan. Starting simple can help ease learners into the language without overwhelming them. 
 >>Esperanto Community Leader: Imagine the impact we can have by incorporating these diverse elements into our teaching methods! It's not just about language, but about fostering a truly inclusive community. Isn't that wonderful?

>>Cultural Historian: Well, you see, from a cultural standpoint, it's about embracing the rich tapestry of human experience. Zamenhof envisioned this very inclusivity!

>>Language Educator: Great point! By integrating these elements, we can also make our lessons more engaging for students.

>>Linguist: Absolutely. In short, adding these elements will make Esperanto richer and more inclusive, just like Zamenhof wanted. Now, let's ensure we have clear action items moving forward.

>>Language Educator: Okay, so to wrap things up, let's make sure we have our action items clear. We're going to start incorporating diverse linguistic elements into our teaching methods and leverage digital platforms for wider reach.

>>Linguist: Um... to ensure we move forward effectively, let's establish a timeline for integrating these diverse linguistic elements into our teaching methods. This will not only enrich the language but also align with Zamenhof's vision. Shall we set up a follow-up meeting to discuss progress and any challenges encountered?

>>Esperanto Community Leader: Absolutely! Setting up a follow-up meeting sounds like a great idea. We need to keep track of our progress and address any issues as they come up.

>>Cultural Historian: I think that's essential too. But how are we going to measure success? We should definitely keep an eye on how well these new elements are being integrated and make adjustments if needed.

>>Language Educator: Right! So we'll set up that follow-up meeting soon. Thanks again for all your contributions today—this was really productive!","**Meeting Summary: Cross-Functional Meeting on Esperanto**

The meeting focused on the development, usage, and cultural impact of Esperanto, the most widely spoken constructed international auxiliary language. Created by L. L. Zamenhof in 1887, Esperanto was designed to be an easy-to-learn universal second language to foster international communication and harmony.

Key points discussed included:
1. **Historical Context**: Zamenhof's motivation stemmed from his experiences in Białystok, where linguistic divisions caused social strife. He aimed to create a neutral language to bridge these divides.
2. **Linguistic Features**: Esperanto's vocabulary is primarily derived from Romance languages but includes elements from Germanic, Greek, and Slavic languages. Its structure allows for extensive word derivation through prefixes and suffixes.
3. **Global Adoption and Usage**: While no country has officially adopted Esperanto, it has a significant presence in Europe, East Asia, and South America. The internet has facilitated its spread through platforms like Duolingo and Wikipedia.
4. **Cultural Impact**: Esperanto has a rich cultural heritage with literature, music, and annual congresses fostering a global community of speakers known as Esperantists.
5. **Challenges and Criticisms**: Despite its success, Esperanto faces criticism for being Eurocentric and not achieving Zamenhof's vision of universal adoption.

Action items include exploring further integration of Esperanto into educational curricula globally and leveraging digital platforms to increase its accessibility and usage"
"In the meeting, the team discussed advancements in reusable launch vehicle technology and their implications. They highlighted SpaceX's role in revolutionizing space exploration, starting with its founding by Elon Musk in 2002 and key milestones like the first commercial resupply mission to the ISS in 2012. The conversation covered technical achievements such as the development of the Merlin engine and successful landings of Falcon 9, which have significantly reduced costs and increased launch frequency.

The discussion also touched on regulatory challenges and opportunities arising from these technological advancements. The need for updated regulations to manage space traffic, debris mitigation, and international cooperation was emphasized. The financial impacts were considered, noting how reusable rockets attract investors and create new revenue streams.

Starlink's rapid expansion was discussed as a game-changer for global internet access, presenting both market opportunities and regulatory challenges. The team acknowledged the importance of maintaining compliance with international space laws while fostering strategic partnerships.

The move to Texas due to California's regulatory issues was noted for its operational benefits but also raised concerns about environmental scrutiny and workplace culture. Overall, the team agreed on the need to align technical innovations with regulatory frameworks and strategic partnerships to ensure sustainable growth and continued success.",">>Aerospace Engineer: Good morning, everyone. Today, we'll focus on advancements in reusable launch vehicle technology and their implications.

>>Space Policy Analyst: Morning. It's crucial we consider how these changes affect regulations and future contracts.

>>Business Strategist: Hey, good morning! Let's also discuss the financial impacts of these new technologies and the opportunities they create for growth. 
 >>Aerospace Engineer: Um, let's not forget the origins of SpaceX. Founded by Elon Musk in 2002, the company had a vision to reduce space launch costs and make space more accessible. This foundational goal was crucial for their later successes.

>>Space Policy Analyst: Yeah, definitely! When Elon Musk started SpaceX back in 2002, it really marked a new era for private companies in space exploration. It pushed regulatory frameworks to adapt and set the stage for future public-private partnerships.

>>Business Strategist: Right, so the bottom line is that SpaceX's first commercial resupply mission to the ISS in 2012 was a game-changer. It wasn't just about proving their technology; it was about securing long-term financial stability and credibility with NASA. Without that milestone, they wouldn't have been able to attract further investments and contracts. Does that make sense?

>>Aerospace Engineer: Absolutely. And it's important to highlight the technical achievements that made these milestones possible. The development of the Merlin engine and their iterative design process were crucial for overcoming challenges with Falcon 1 and achieving success with Falcon 9 and Dragon.

>>Space Policy Analyst: And it's worth noting that this mission also showed private companies could meet—and even exceed—governmental standards for space missions. This success paved the way for more robust public-private partnerships and encouraged other private entities to enter the space industry.

>>Business Strategist: Exactly! From a business perspective, this achievement showed investors that SpaceX could deliver on its promises, making it easier to secure funding for future projects.

>>Aerospace Engineer: Considering all the technical challenges they faced with Falcon 1, it's amazing how they managed to overcome them. The Merlin engine development and their iterative design approach were key factors here.

>>Space Policy Analyst: Well said! And remember, founding SpaceX wasn't just a business venture; it fundamentally altered space policy landscapes too. From a regulatory standpoint, this marked significant shifts in how private companies could engage with and contribute to space exploration.

>>Business Strategist: Yeah, I mean, without those early successes like Falcon 1's launch or Dragon's docking with ISS in 2012, we wouldn't be talking about reusable rockets today!

>>Aerospace Engineer: Exactly! The Dragon capsule's ability to dock with the ISS and return safely demonstrated SpaceX's capability to handle complex space missions—crucial for gaining NASA's trust and securing future contracts. 
 >>Business Strategist: So, these advancements in reusable rocket technology have really cut costs and opened up new revenue streams. Just look at SpaceX—it's changed market dynamics completely!

>>Space Policy Analyst: Yeah, from a policy angle, we've had to update regulations because of this tech shift. Reusing rockets means rethinking space contracts and international partnerships.

>>Aerospace Engineer: Um, technically speaking, it's been revolutionary. Remember when Falcon 9 first landed successfully in 2015? Since then, we've had over 330 successful landings! This has drastically reduced costs and increased launch frequency.

>>Business Strategist (interrupting): Wait—330? That's amazing! How does that stack up against other companies?

>>Aerospace Engineer: Yes, over 330 landings! It's impressive compared to others who are still catching up. 

>>Space Policy Analyst: And don't forget how this has pushed international space law forward too—new guidelines on liability for multiple launches have come up because of this.

>>Aerospace Engineer: Right, landing and relaunching Falcon 9's first stage has not only cut costs but also made launches more reliable.

>>Space Policy Analyst: Exactly! We've had to adapt quickly with new agreements on space debris management and launch frequency regulations—just as important as the tech itself! 
 >>Aerospace Engineer: It's amazing how far we've come with Starship's development despite all the technical hurdles. That recent tower catch was a huge win for us!

>>Space Policy Analyst: Definitely! It shows how much progress we've made in reusability tech. But we also need to think about updating our policies to keep up with these advancements.

>>Business Strategist: From a business angle, this is massive! Lower costs and more frequent launches? That's going to attract investors like crazy.

>>Aerospace Engineer: And it's not just about reusability; it's about precision too. Landing rockets so accurately is no small feat—it's like threading a needle from miles away!

>>Space Policy Analyst: True! We might need new international regulations as launch frequencies go up. Safety has got to be our top priority.

>>Business Strategist: If we keep this up, we'll have tech companies lining up for partnerships!

>>Aerospace Engineer: Exactly! We're getting closer to making human missions to Mars possible with each success.

>>Space Policy Analyst: And as we push forward, we'll need comprehensive policies covering everything from launch rates to space debris management—exciting times ahead! 
 >>Business Strategist: So, with Starlink's rapid expansion, we're not just talking about a new revenue stream; we're looking at a game-changer for global internet access. This could disrupt traditional ISPs and open up markets that were previously unreachable. Does that make sense?

>>Aerospace Engineer: Yeah, totally. From a tech standpoint, Starlink's using SpaceX's reusable rockets to get a ton of satellites up there quickly and cheaply. This really sets us apart from traditional ISPs.

>>Space Policy Analyst: Uh-huh, but from a policy perspective, the rapid expansion of Starlink presents significant regulatory challenges and opportunities. We need international cooperation to manage space traffic and mitigate debris risks effectively. It's interesting how this could reshape global internet governance.

>>Aerospace Engineer: Right, another critical aspect is the latency reduction achieved through Starlink's low Earth orbit satellites. Traditional geostationary satellites have higher latency due to their distance from Earth, but Starlink's proximity allows for much faster data transmission. This is huge for real-time communication like online gaming and video conferencing.

>>Space Policy Analyst: Absolutely! And we also need to think about how Starlink's global reach affects national sovereignty and data privacy. International agreements are essential to ensure that data transmitted via these satellites is protected and that countries retain control over their own digital infrastructure.

>>Business Strategist: Right, so if we look at the market impact, we're seeing potential for massive growth here. The ability to provide reliable internet service globally can attract investors who are keen on innovative tech solutions. Plus, there's an opportunity to partner with governments in underserved regions.

>>Aerospace Engineer: Exactly! And let's not forget our ability to maintain and upgrade this vast constellation with minimal downtime thanks to our reusable launch vehicle technology. This ensures consistent and reliable service worldwide.

>>Space Policy Analyst: Indeed! But do we have any concerns about regulatory pushback? We must prioritize space traffic management and debris mitigation to ensure sustainable operations as we expand further into space.

>>Business Strategist: You know, it's also worth mentioning how this diversification aligns with our long-term goals of making space more accessible while generating substantial revenue streams.

>>Aerospace Engineer: Definitely! The technical advancements we've made are paving the way for future innovations beyond just satellite internet services. 
 >>Space Policy Analyst: Considering the significant strides SpaceX has made with NASA's Artemis program, we need to make sure we're following international space laws and keeping good relationships with other space agencies. These regulations not only facilitate smooth operations but also foster trust and cooperation.

>>Business Strategist: From a market perspective, these collaborations provide financial stability and position SpaceX as a key player in both commercial and defense sectors. Does everyone agree that these collaborations are crucial for our growth?

>>Aerospace Engineer: Absolutely! And from a technical standpoint, the integration of SpaceX's Starship as the human landing system for lunar missions is a game-changer. It represents a significant leap in reusable launch vehicle technology, enhancing mission flexibility and sustainability.

>>Space Policy Analyst: Indeed! Given some technologies' dual-use nature under these contracts, it's crucial we ensure compliance with both civilian and military regulations to avoid conflicts while maintaining strategic partnerships.

>>Business Strategist: You know, these collaborations really set us up for success. They provide a steady stream of revenue and boost investor confidence by positioning us strongly in both commercial and defense sectors.

>>Aerospace Engineer: And let's not forget how these innovations aren't just about reducing costs. The advancements we've made with reusable launch vehicles significantly enhance our mission capabilities. 
 >>Business Strategist: So, while we're celebrating these technical achievements, we can't ignore the elephant in the room. The move to Texas due to California's regulatory issues is a big deal. It's not just about logistics; it impacts our financials and market positioning too. And let's talk about the workplace culture concerns—allegations of sexual harassment can seriously damage our reputation and investor confidence. Does that make sense?

>>Aerospace Engineer: Absolutely, but let's not forget operational efficiency too.

>>Space Policy Analyst: From a policy perspective, moving to Texas offers regulatory relief, but we must also consider how this affects our compliance strategies. We need to act quickly and transparently to meet legal requirements and uphold our ethical standards.

>>Aerospace Engineer: Additionally, the infrastructure at Starbase supports more extensive testing for our reusable launch vehicles, which is crucial for maintaining our competitive edge.

>>Business Strategist: (interrupting) Can we circle back to the environmental scrutiny at Boca Chica? That's another layer we need to consider.

>>Space Policy Analyst: Yes! The recent fines and violations highlight the importance of adhering to environmental regulations to avoid further delays and potential legal repercussions.

>>(Phone rings briefly)

>>Business Strategist: Sorry about that—where were we?

>>Aerospace Engineer (smiling): We were discussing the impact on team morale. 
 >>Aerospace Engineer: Well, speaking of team morale, I remember when we first achieved a successful landing with Falcon 9. The excitement and sense of accomplishment were incredible. Everyone worked together perfectly. You know, those moments really bring the team together and fuel our passion for pushing boundaries.

>>Space Policy Analyst: Yeah, from a policy perspective, it's crucial to consider how these technical achievements impact our regulatory frameworks. I remember when we first had to update space traffic management policies due to increased launch frequencies. It was a complex process but necessary to ensure safety and sustainability in space operations.

>>Business Strategist: Another significant moment for us was when we first started seeing the financial benefits of reusable rockets. The cost savings were substantial and opened up new market opportunities, allowing us to increase our launch frequency without breaking the bank.

>>Aerospace Engineer: Absolutely! And you know, those financial benefits also mean we can invest more in R&D for future projects. It's like having extra fuel for our innovation engine.

>>Space Policy Analyst: Right, and with increased launches come more regulatory challenges. We need to stay ahead of the curve to ensure compliance while fostering growth.

>>Business Strategist: Exactly! Do you guys remember the buzz around Starship's potential for interplanetary travel? That was another game-changer that got everyone excited about the future possibilities.

>>Aerospace Engineer: Oh yeah, I mean, just thinking about it gives me goosebumps. The idea of sending humans to Mars is not just science fiction anymore; it's within our reach.

>>Space Policy Analyst: True, but we need to ensure our advancements are matched with responsible policies. Robust international agreements are essential for managing space exploration sustainably.

>>Business Strategist: Definitely! And on that note, how do you think SpaceX's move to Texas will impact its long-term strategy?

>>Aerospace Engineer: Well, operationally speaking, Texas offers significant advantages in terms of infrastructure and testing facilities at Starbase. It's an ideal location for our needs!

>>Space Policy Analyst: From a policy standpoint though, there are still environmental concerns that need addressing. Balancing progress with sustainability is key.

>>Business Strategist: Agreed! So maybe we should focus on developing strategies such as investing in green technologies and optimizing our supply chain to reduce environmental impact?

>>Aerospace Engineer: Yeah, that's essential if we're going to maintain public support and investor confidence moving forward. 
 >>Business Strategist: So, to put it simply, we've covered a lot of ground today. From the advancements in reusable rockets to the financial benefits and regulatory challenges, it's clear that SpaceX is at the forefront of innovation. The bottom line is we need to align our next steps to ensure we're capitalizing on these opportunities while addressing any potential issues.

>>Space Policy Analyst: Well, from a policy perspective, it's crucial that we address the regulatory hurdles we've discussed. Our next steps should include a comprehensive review of international space laws to ensure compliance and foster cooperation. Isn't it interesting how these advancements push us to rethink existing frameworks?

>>Aerospace Engineer: Um, from a technical standpoint, our progress with reusable rockets has been amazing. We've cut costs and increased how often we can launch. We should keep pushing these innovations while staying within regulations.

>>Space Policy Analyst: Considering the regulatory aspects we've discussed—

>>Aerospace Engineer (interrupting): Sorry to jump in here—just wanted to clarify something quickly. When you say ""review international space laws,"" are there specific areas you're most concerned about?

>>Space Policy Analyst: Great question! Yes, primarily around liability and resource utilization. We need clear guidelines on who bears responsibility in case of accidents and how resources like lunar minerals are managed.

>>Aerospace Engineer: Got it, thanks for clarifying.

>>Space Policy Analyst: No problem! As I was saying earlier, it's imperative that we not only review international space laws but also actively engage with other space-faring nations to foster cooperation. Forming strategic partnerships will help navigate these complexities effectively.

>>Aerospace Engineer: Well, considering the technical advancements we've discussed, our focus should be on further optimizing the reusability of our launch vehicles. Continuous improvements in this area will not only reduce costs but also enhance mission reliability and frequency. We need to maintain a robust R&D pipeline to stay ahead of the curve.

>>(Phone vibrates softly)

>>Business Strategist (smiling): Let's remember to silence our phones! As I was saying...the bottom line is that we need to focus on both optimizing our technical advancements and navigating the regulatory landscape smartly. Partnering up will be key for us moving forward. Sound good?

>>Aerospace Engineer: Absolutely!","The cross-functional meeting focused on the comprehensive overview of SpaceX's history, achievements, and current operations. Key points discussed included the company's founding by Elon Musk in 2002 with a vision to reduce space launch costs and establish a sustainable colony on Mars. The team highlighted significant milestones such as the successful launch of Falcon 1 in 2008, development of Falcon 9 and Dragon capsules for NASA's COTS program, and the first commercial resupply mission to the ISS in 2012.

SpaceX's advancements in reusable rocket technology were emphasized, noting the first successful landing of Falcon 9's first stage in 2015 and subsequent re-launches. The development of Starship, aimed at enabling large-scale human transit to Mars, was also discussed. The meeting covered SpaceX's diversification into satellite internet services with Starlink, which has become a major revenue source.

Collaborations with NASA and U.S. military contracts were reviewed, including crewed missions to the ISS and contributions to NASA’s Artemis lunar program. Recent developments such as moving headquarters to Texas due to regulatory issues in California and environmental scrutiny at their Boca Chica site were noted.

Challenges faced by SpaceX were addressed, including workplace culture concerns, allegations of sexual harassment, and regulatory delays impacting project timelines. The meeting concluded with an acknowledgment of SpaceX’s significant impact on reducing launch costs globally and its role in advancing commercial space exploration."
"In a meeting focused on combating misinformation, experts discussed strategies to enhance media literacy and critical thinking in schools. The Media Literacy Expert emphasized the need for educational programs that teach students to discern credible information from falsehoods. The Social Media Analyst highlighted how quickly misinformation spreads on social media due to emotional engagement and algorithmic amplification. The Journalist stressed the importance of robust fact-checking mechanisms and investigative journalism. The Psychologist pointed out cognitive biases like confirmation bias that make individuals susceptible to fake news.

The group agreed on a multi-faceted approach involving education, technology, and policy changes. They discussed integrating media literacy into school curriculums from an early age, using AI-driven fact-checking tools, and implementing behavioral nudges on social media platforms to encourage users to verify information before sharing it. They also considered the role of social media influencers in promoting fact-checking.

Examples like Google's prebunking campaign in Eastern Europe and interactive games like Cambridge University's 'Bad News' were cited as effective methods for teaching people about misinformation tactics. The team planned to explore these strategies further, with tasks assigned for developing interactive elements, integrating them into curricula, and gathering psychological research.

The meeting concluded with plans to reconvene in two weeks to review progress and adjust their approaches as needed.",">>Media Literacy Expert: Good morning, everyone. I hope you're all doing well today. Let's kick off by talking about what we want to achieve today. We need to find ways to boost media literacy and critical thinking in schools.

>>Social Media Analyst: Hey everyone! Great to see you all. Great point about misinformation spreading fast, Media Literacy Expert. So, let's dive into the trends we're seeing on social media regarding false information. It's wild how quickly it can spread and impact public opinion.

>>Media Literacy Expert: Absolutely, it's fascinating how fast incorrect news can spread on social media. Our goal today is to explore effective educational strategies that can help students develop critical thinking skills to discern credible information from falsehoods.

>>Journalist: Right, while it's essential to teach students about emotional triggers and cognitive biases, we must also consider the role of investigative journalism in this fight against misinformation. False information is a serious issue that requires a multi-faceted approach. How can we ensure that our fact-checking mechanisms are robust enough to counteract the rapid spread of incorrect news on social media?

>>Psychologist: In terms of cognitive biases, it's essential to understand that people often share misinformation because it aligns with their pre-existing beliefs—confirmation bias at play here. So, while tech solutions like algorithms and AI are crucial, we also need to address the psychological reasons behind why individuals spread false information in the first place.

>>Media Literacy Expert: Indeed! By incorporating educational strategies that focus on cognitive biases and critical thinking, we can help students develop a more discerning mindset.

>>Social Media Analyst: Yeah, listen, the data shows that misinformation spreads like wildfire on social media because it often triggers strong emotional reactions. Algorithms can help flag these false narratives but understanding why people share them is key too. 
 >>Media Literacy Expert: Let's think critically about this. Fake news isn't new; it really took off with yellow journalism in the late 19th century. Sensational stories were crafted just to sell newspapers.

>>Journalist: Exactly! And now social media has taken over that role. Algorithms push content that's likely to get clicks—often sensationalist stuff.

>>Social Media Analyst: Right! These platforms want us engaged, so they amplify whatever gets attention—even if it's false.

>>Media Literacy Expert: So true. We need better education on evaluating sources online. What do you think?

>>Psychologist: Definitely! Plus, our own biases play a part—we share what confirms our beliefs without checking facts first.

>>Media Literacy Expert: Absolutely! Should we focus on critical thinking skills or media literacy programs?

>>Psychologist: Both are crucial—teaching critical thinking helps build resilience against misinformation while understanding why we believe it is equally important. 
 >>Social Media Analyst: So, um, the data shows that Facebook's algorithm tends to prioritize content that gets high engagement—likes, shares, comments. And guess what? Fake news often gets more engagement than real news because it's designed to be sensational and emotionally triggering. What do you think?

>>Media Literacy Expert: Yeah, Facebook's algorithm definitely amplifies fake news. If we integrate media literacy education into our school curriculums, we can teach students to critically evaluate the information they encounter online. It's important to discern fact from fiction.

>>Journalist: Right, so Facebook's algorithm is a major player in spreading fake news. But why are people so drawn to sensationalist content? Is it purely emotional engagement or are there deeper cognitive biases at play here?

>>Psychologist: Confirmation bias is key here. People tend to seek out information that aligns with their pre-existing beliefs and emotions, making sensationalist content more appealing. Misinformation exploits these biases effectively.

>>Media Literacy Expert: Absolutely! But if we can teach individuals—

>>Journalist (interrupting): Wait, are we talking about starting this in elementary school or later?

>>Media Literacy Expert: Good question! Starting as early as possible would be ideal—elementary level would be great for laying the foundation. Teaching kids early can help them spot these biases.

>>Social Media Analyst: Listen, here's the thing: our data shows that sensationalist content gets shared three times faster than factual news on platforms like Twitter. It's not just about emotional engagement; it's also about novelty and surprise factor. People love sharing something shocking or new, even if it's not true.

>>(Phone rings loudly)

>>(Everyone pauses briefly)

>>Journalist: Whose phone is that?

>>Psychologist: Can someone get that?

>>(Phone stops ringing)

>>Media Literacy Expert (continuing): As I was saying before we were interrupted... while media literacy is crucial, we also need to foster an environment where critical thinking is valued and practiced from a young age.

>>Journalist: Well, it's clear that sensationalist content thrives on social media due to its emotional and cognitive appeal. But how do we address the root cause of why people are so susceptible to these biases? Is it purely a lack of media literacy or is there a deeper societal issue at play here? 
 >>Social Media Analyst: So, listen, 'going viral' is key here. Financial gain through advertising revenue is a huge motivator for creating fake news. The more clicks and shares, the more money these creators make. It's like a gold rush for attention!

>>Journalist: Political disinformation campaigns also play a big role. These often aim to manipulate public opinion or influence elections, sometimes even by foreign entities trying to cause chaos. What do you think?

>>Psychologist: Well, misinformation can be quite impactful. In terms of cognitive biases, people often fall prey to confirmation bias, where they seek out information that aligns with their pre-existing beliefs. This makes them more susceptible to fake news that reinforces their views.

>>Media Literacy Expert: It's important to discern fact from fiction. In the context of media literacy, we need to emphasize educational strategies that teach individuals how to critically evaluate sources and recognize biases. If we can instill these skills early on, we can create a more informed and resilient public.

>>Social Media Analyst: Absolutely! And it's not just about the money—social media algorithms prioritize content that gets high engagement. Sensationalist or false information spreads faster because these platforms reward it.

>>Journalist: Right, so it's a combination of financial incentives and the way social media platforms operate that's driving this issue.

>>Media Literacy Expert: Exactly! And beyond education in schools, we should also consider public awareness campaigns for adults who might not have had this training growing up.

>>Psychologist: That's a good point. We could also look into technological solutions like AI detection systems that flag or filter out fake news before it spreads too widely.

>>Social Media Analyst: And let's not forget about holding social media platforms accountable—they need better policies and enforcement against fake news.

>>Journalist: Agreed. It seems like tackling this problem will require a multi-faceted approach involving education, technology, and policy changes. 
 >>Media Literacy Expert: You know, in the context of media literacy, it's crucial to start with educational programs that teach critical thinking from a young age. If we can equip students with the skills to discern fact from fiction early on, we can create a more informed and resilient society. Plus, partnering with tech companies to integrate these tools directly into social media platforms could be a game-changer.

>>Social Media Analyst: That's a great point. And while educational programs are essential, we can't ignore the power of AI in this fight. Algorithms can flag and down-rank fake news before it even reaches a wide audience. But here's the thing: these systems need constant updates to keep up with evolving misinformation tactics. We could also explore how AI can educate users in real-time about why certain information is flagged.

>>Journalist: Yeah, education and AI are important, but let's not forget good old investigative journalism. Fact-checkers need our support to stay ahead of misinformation tactics. Robust fact-checking initiatives can expose and dismantle false narratives at their core.

>>Media Literacy Expert: Right, but while AI and fact-checking are vital, we must not overlook the foundational role of education. Prebunking or inoculating individuals against misinformation before it takes hold can be particularly effective. Integrating these strategies into our educational programs will build a more resilient society.

>>Social Media Analyst: I get what you're saying about education, but I think we're underestimating how quickly misinformation evolves online. 'Going viral' is key here! We need innovative solutions like real-time user feedback mechanisms alongside algorithm updates.

>>Psychologist: Absolutely! And while AI and fact-checking are essential tools—

>>Social Media Analyst: Right!

>>Psychologist: —we must also consider cognitive biases in how people process information. Misinformation often exploits these biases. For instance, confirmation bias makes individuals more likely to believe and share information that aligns with their pre-existing beliefs.

>>Media Literacy Expert: Exactly! It's important to discern fact from fiction. While AI and fact-checking are essential, teaching individuals to recognize their own biases will better equip them to critically evaluate information they encounter.

>>Journalist: So true. And speaking of biases, our investigative efforts should also focus on uncovering how these biases are manipulated by those spreading fake news for political or financial gain.

>>Social Media Analyst: Yeah! And don't forget about social media platforms needing transparency in their algorithms so users understand why they're seeing certain content.

>>Psychologist: Definitely! Transparency helps build trust and reduces susceptibility to manipulation by making people aware of how information is curated for them. 
 >>Media Literacy Expert: So, let's think critically about this. Prebunking can be a powerful tool in our educational strategies. By exposing students to common misinformation tactics before they encounter them, we can build their resilience and critical thinking skills.

>>Social Media Analyst: Yeah, exactly! It's like giving people a 'vaccine' against misinformation—show them the tactics used in fake news beforehand so they can spot it quicker. I've noticed that when we present data on how misinformation spreads, people become much more adept at recognizing it.

>>Psychologist: Right, and from a psychological perspective, this approach leverages cognitive biases. By exposing individuals to a weakened version of misleading information, we can build their mental resilience. If we teach people to recognize these tactics early on, they're less likely to fall for them later.

>>Media Literacy Expert: Indeed! One successful example of prebunking is Google's recent campaign in Eastern Europe. They used short, engaging videos to educate people about common misinformation tactics before they encountered them. This proactive approach significantly reduced the spread of false information.

>>Social Media Analyst: That's an interesting point about Google's campaign. Do you think we could apply similar strategies here? Maybe tailor the content based on local trends?

>>Journalist: Actually, I think it's crucial that we also consider how these prebunking efforts are communicated. The 'Bad News' game developed by Cambridge University is an excellent example—it simulates the tactics used by fake news creators and lets players experience firsthand how misinformation spreads. This interactive approach has shown promising results in enhancing media literacy and critical thinking skills.

>>Social Media Analyst: Wow! The 'Bad News' game is such a clever way to simulate misinformation tactics. But listen, scaling these prebunking efforts across different platforms and demographics is going to be key.

>>Media Literacy Expert: Well, another interesting example is the 'Go Viral!' game developed by the University of Cambridge. It uses short, interactive scenarios to teach players about misinformation tactics in a fun and engaging way. This kind of gamified approach can be particularly effective in educational settings.

>>Psychologist: Hmm... I agree with both points here—these games are fantastic tools for prebunking because they're interactive and engaging. But we should also consider how different age groups and cultural backgrounds might respond differently to these methods.

>>Social Media Analyst: Absolutely! The 'Bad News' game has shown great results in Europe; however, we need to consider how cultural differences might affect its reception elsewhere. And what about older adults who might not engage with games as easily? 
 >>Journalist: So, the misuse of the term 'fake news' by high-profile individuals, particularly in political contexts, is a significant issue. When politicians label credible reporting as 'fake news' simply because it doesn't align with their narrative, it undermines public trust in legitimate journalism. Consider this: how can we maintain journalistic integrity and ensure that the public can distinguish between genuine investigative reporting and actual misinformation?

>>Media Literacy Expert: It's important to discern fact from fiction. When it comes to media literacy, we need to teach people how to critically evaluate sources and recognize biases. What do you think?

>>Social Media Analyst: You know, the term 'fake news' has been so overused that it's lost its meaning. High-profile individuals, especially politicians, throw it around to discredit any unfavorable coverage. This not only undermines credible journalism but also confuses the public about what real misinformation is. The data shows that engagement with fake news often surpasses that of legitimate news on platforms like Facebook.

>>Psychologist: Can you clarify what you mean by ""engagement""? Are we talking about likes, shares, comments...?

>>Social Media Analyst: Great question! By engagement, I mean all those metrics—likes, shares, comments—basically any interaction that indicates people are paying attention to or spreading the content.

>>Media Literacy Expert: Right! And that's why it's crucial for us to focus on educational strategies that help people spot fake news and understand how algorithms might push these stories.

>>Journalist: That's an interesting point about engagement metrics. Shouldn't we also consider how algorithms amplify this content?

>>Media Literacy Expert: Absolutely! Algorithms play a huge role in promoting certain narratives. We need to make sure people understand this dynamic as part of their media literacy education. 
 >>Social Media Analyst: So, listen, when it comes to tech companies, we need to talk about algorithm transparency. These algorithms are like the gatekeepers of information! If we can get them to prioritize credible sources and flag misinformation more effectively, that would be amazing.

>>Journalist: Yeah, algorithm transparency is really important, but let's not forget the role of government initiatives in this fight. Without strict regulations and oversight, tech companies might just focus on profit over public good. 'Fake news' is a serious issue that needs a multi-faceted approach—like robust fact-checking and investigative journalism to expose false narratives.

>>Media Literacy Expert: Absolutely! And speaking of media literacy, schools play a huge role here. We need to teach critical thinking and media literacy from an early age so students can tell fact from fiction.

>>Social Media Analyst: Right, here's the thing: tech companies need to step up their game with AI-driven fact-checking. If we can use machine learning to spot and down-rank fake news in real-time, that would be a game-changer! What do you think?

>>Psychologist: Hmm... that's interesting. But don't you think there's also a psychological aspect? People often share sensational content because it triggers emotional responses. Maybe these platforms should address that behavior too.

>>Media Literacy Expert: Good point! And if teachers are well-versed in media literacy themselves, they can better guide students in spotting fake news.

>>Journalist: Exactly. And there should be policies supporting both education and technology sectors in this effort. Collaboration between these sectors could lead to more comprehensive solutions.

>>Social Media Analyst: Yeah, totally agree on collaboration! Also, user behavior plays a huge role in spreading fake news. People are more likely to share sensational content without verifying it first. If tech companies implement nudges or prompts encouraging users to fact-check before sharing, it could significantly reduce misinformation spread.

>>Psychologist: That's true. Behavioral nudges could be very effective if designed properly. It's all about making people pause and think before they hit 'share.'

>>Media Literacy Expert: And back on education—if we focus on teacher training as well as student education from an early age...

>>Journalist (interrupting): Let's not overlook social media influencers either—they have massive followings and can either spread or debunk fake news quickly! Collaborating with influencers to promote fact-checking could really make an impact.

>>Social Media Analyst (interjects): Exactly! But what about the biases in AI-driven fact-checking? I mean, machines aren't perfect either.

>>Psychologist: True, there’s always the risk of bias with AI systems since they're trained on existing data which might already have biases.

>>Media Literacy Expert (nodding): Right—and that's why human oversight is crucial alongside AI tools. We can't rely solely on technology; there has to be a balance. 
 >>Journalist: So, while I agree that human oversight is essential, we must also acknowledge the inherent biases that can seep into both AI systems and human judgment. 'Fake news' is a serious issue; it's not just about technology or education—it's about understanding the underlying motives and cognitive biases that drive misinformation. How do we make sure our fact-checking mechanisms are strong enough to counteract these biases effectively?

>>Social Media Analyst: Um, listen, the data clearly shows that sensational headlines drive engagement. But here's the thing: we need to make our fact-checking mechanisms just as catchy and interactive. Maybe gamifying the process or using real-time feedback could work.

>>Journalist: That's an interesting idea! What do you think about making it more like a game? Would people take it seriously?

>>Media Literacy Expert: We should probably figure out who's doing what next. How about you take the lead on designing those interactive elements?

>>Social Media Analyst: Sure, I can start brainstorming some ideas this week.

>>Psychologist: Hold on a second. I think gamifying is great, but we should also consider if it might distract from the main message. We don't want people to miss the point because they're too focused on playing a game.

>>Journalist: Good point. Maybe there's a way to balance it so it's engaging but still informative.

>>Media Literacy Expert: Yeah, let's keep that in mind. I'll focus on how we can integrate these strategies into educational curricula. Does that sound good?

>>Psychologist: Sounds good to me! And I'll look into any psychological studies or insights that might help us refine these approaches further.

>>Journalist: Absolutely, and let's not forget about setting a timeline for follow-up on these tasks. We need to ensure we're making progress and adjusting as needed.

>>Social Media Analyst: Right! So, um, how about we reconvene in two weeks to review our progress?

>>Media Literacy Expert: Perfect! I'll begin drafting some curriculum integration ideas and share them with everyone before our next meeting.

>>Psychologist: Great! And I'll gather some relevant psychological research by then too.

>>Journalist: Excellent! It seems like we're all set then. Let's make sure we keep communication open in case any issues come up before our next meeting.","The meeting focused on the pervasive issue of fake news, defined as false or misleading information presented as legitimate news. Participants discussed its historical roots, noting that the term was first used in the 1890s during an era of sensationalist journalism. The rise of social media has exacerbated the spread of fake news, with platforms like Facebook playing a significant role.

Key points included the various forms and motivations behind fake news, such as financial gain through advertising revenue and political disinformation campaigns by hostile foreign actors. The impact on public trust in credible media was highlighted, with examples from recent elections showing how fake news can overshadow real news.

Strategies to combat fake news were explored, including fact-checking initiatives, educational programs to enhance media literacy, and technological solutions like artificial intelligence for detecting misinformation. The concept of ""prebunking"" was introduced as a proactive measure to inoculate the public against accepting false narratives.

The misuse of the term ""fake news"" by high-profile individuals to discredit unfavorable but accurate reporting was also discussed. This has led some governments and organizations to avoid using the term due to its broad and often misleading application.

Concluding remarks emphasized the need for continued research and collaboration among governments, tech companies, and educational institutions to effectively address and mitigate the spread of fake news."
"In a meeting, experts from various fields discussed the Renaissance's profound impact on art, literature, politics, and philosophy. The Art Historian highlighted the period's transformation of artistic expression through innovations like linear perspective and the Medici family's patronage. The Historian emphasized the rise of humanism and its influence on governance and societal norms. The Literature Scholar noted key figures like Petrarch and Erasmus who shaped humanist thought and revived classical texts. The Philosopher pointed out the era's redefinition of human potential and empirical approaches to understanding the world.

The discussion also covered regional variations in Renaissance art and literature, with Italian advancements in linear perspective contrasted with Northern Europe's detailed oil painting techniques. Political structures in city-states like Florence fostered artistic freedom, while religious reformations influenced Northern Renaissance art.

Participants agreed that the Renaissance marked both continuity with medieval traditions and significant shifts towards individualism and secularism. They concluded that this era's intellectual fervor laid foundations for modern thought across multiple disciplines.

Action items were assigned: each expert would summarize their respective areas—political context (Historian), artistic advancements (Art Historian), literature's role (Literature Scholar), and philosophical shifts (Philosopher)—for a final report documenting these transformative impacts.",">>Art Historian: Good morning, everyone!
>>Historian: Morning! Doing well, thanks.
>>Literature Scholar: Morning! Ready to dive in.
>>Philosopher: Morning! Looking forward to today's discussion.
>>Art Historian: Great to hear! Let's get started. I'm particularly excited to explore the cultural shifts during the Renaissance. It's amazing how this period transformed artistic expression and redefined societal norms and intellectual pursuits.
>>Historian: Absolutely, it was a time of great change in many areas, including politics and society. The rise of humanism brought a new sense of individualism and civic responsibility that influenced governance across Europe.
>>Literature Scholar: Exactly! Humanist thought really flourished then, emphasizing the potential and dignity of man. Petrarch and Erasmus were key figures in shaping this movement. Fascinating stuff!
>>Philosopher: The Renaissance wasn't just about reviving old ideas; it was about redefining what humans could achieve. It explored the essence of human existence and our place in the cosmos.
>>Art Historian: And speaking of art's impact, one interesting development was linear perspective in painting. It wasn't just a technical achievement; it symbolized a new way of seeing the world, focusing on human experience and observation. This innovation paralleled advancements in science and exploration. 
 >>Historian: The political and social structures of Florence were crucial in fostering this environment of innovation. The Medici family's patronage, for instance, was instrumental in supporting artists and scholars. Their influence extended beyond art to politics and education, creating a unique cultural hub.

>>Literature Scholar: Absolutely! The Medici family’s support of humanist scholars like Marsilio Ficino and Pico della Mirandola really fostered a revival of classical texts and ideas. It's fascinating how intertwined art, politics, and education were in shaping Renaissance thought!

>>Art Historian: From an art historical perspective, the Medici family’s patronage wasn’t just a catalyst for artistic innovation but also profoundly influenced the cultural landscape of Florence. They supported artists like Botticelli and Michelangelo, which had a lasting impact on the arts.

>>Philosopher: From a philosophical standpoint, their support laid the intellectual foundations for modern thought. Ficino's translations of Plato brought new life to classical philosophy, influencing contemporary notions of individualism.

>>Historian: While the Medici family's influence was profound, we must also consider Florence's broader socio-political context. The city's republican structure allowed for civic engagement and intellectual freedom unparalleled in other parts of Europe at that time.

>>Art Historian: Indeed! Besides the Medici's patronage, we should consider the influx of Greek scholars following Constantinople's fall. They brought a wealth of classical knowledge that profoundly influenced Renaissance thought and art.

>>Literature Scholar: Exactly! And it wasn't just about bringing old texts; it was about synthesizing these ideas with contemporary ones to create something new. This melding created an unparalleled intellectual fervor.

>>Historian: Yes, historically speaking, the influx following Constantinople's fall was significant. But we must also consider Florence's political structure fostering an environment conducive to such exchanges.

>>Literature Scholar: Fascinating! While Greek scholars played a crucial role, it was really the humanist emphasis on individual potential that ignited this intellectual fervor.

>>Philosopher: That's true. However, I think it's important not to overlook other influential families in Florence who also contributed significantly to this cultural movement. 
 >>Literature Scholar: Indeed! Speaking of influential figures, Leonardo da Vinci's notebooks reflect his deep engagement in multiple disciplines. How do you think his curiosity influenced his art?

>>Art Historian: Absolutely! His interdisciplinary approach is quintessentially humanist. But do you think this was common among other artists of his time?

>>Philosopher: Philosophically speaking... Oh wait, did anyone else notice how Pico della Mirandola's ideas influenced not just art but also science? It's fascinating to see the cross-pollination of ideas.

>>Art Historian: Yes! And speaking specifically about Michelangelo’s David—it captures both human dignity and divine beauty so perfectly. But what about other works from that period? Do they all reflect these ideals as strongly?

>>Historian: Florence during this period was indeed fertile ground for artistic flourishing due to its socio-political environment fostered by patrons like the Medici family. Their financial support created networks that allowed ideas among artists, scholars, and thinkers to flow freely.

>>Literature Scholar: Well said! And let's not forget how these artists' works continue to inspire us today. For instance, Michelangelo's David isn't just a sculpture; it's a symbol of strength and contemplation that resonates with our understanding of human potential.

>>Philosopher: Exactly! The way these figures integrated philosophical ideas into their work is truly remarkable. They didn't just create art; they embodied principles that challenged existing norms and inspired new ways of thinking.

>>Art Historian: True, but I wonder if we sometimes overlook the non-humanist influences at play during this period. There were certainly other factors shaping the art and culture of the Renaissance.

>>Historian: That's a good point. While humanism was a major influence, we can't ignore the impact of political power struggles, religious changes, and economic factors on the art produced during this time. 
 >>Art Historian: The regional variations in the Renaissance are quite fascinating. For instance, the Italian Renaissance is often celebrated for its advancements in linear perspective and anatomical accuracy, while the Northern Renaissance brought a heightened attention to detail and texture, particularly through oil painting techniques. Isn't it intriguing how these artistic innovations reflect broader cultural shifts?

>>Literature Scholar: Absolutely! And literarily speaking, the regional variations in Renaissance literature are equally captivating. The Italian Renaissance saw a revival of classical texts and humanist ideals through figures like Petrarch and Boccaccio. Meanwhile, the Northern Renaissance brought us Erasmus's critical editions of the New Testament and Thomas More's 'Utopia,' reflecting a blend of humanism with social critique. These literary works not only mirrored but also shaped their respective cultural contexts.

>>Historian: That's so true. The regional variations also reflect distinct political and social contexts. For example, the Italian city-states like Florence and Venice had unique political structures that fostered artistic and intellectual freedom. In contrast, the Northern Renaissance was deeply influenced by religious reformations and a burgeoning middle class.

>>Philosopher: Sorry to jump in here, but could we explore more about how these political structures specifically influenced artistic freedom? I think understanding this connection better would be really insightful.

>>Art Historian: Sure thing! From an art historical perspective, one could argue that the Spanish Renaissance—with its unique blend of Moorish influences and Catholic iconography—created a distinct visual language...

>>Historian: Oh yes! To address your point about political structures—Florence's republican government allowed for more patronage from wealthy families like the Medici who supported artists extensively. This patronage system was less prevalent in Northern Europe where religious institutions held more sway over artistic commissions.

>>Art Historian: Exactly! And back to Spain—the intense colors and dramatic contrasts in works by El Greco reflect both spiritual fervor and cultural hybridity during this period. It's fascinating how these elements coalesce to form a singular artistic identity.

>>(Phone rings briefly)

>>Literature Scholar: Sorry about that. As I was saying—the English Renaissance offers a unique perspective on humanist thought. Shakespeare's works not only reflect complexities of human nature but also engage deeply with classical themes...

>>(Participants chuckle as they speak over each other)

>>Historian: My bad! Please go on.

>>Literature Scholar: Thanks! Shakespeare’s plays serve as a bridge between ancient and modern worlds. 
 >>Historian: You see, the Renaissance's intellectual and cultural advancements were deeply rooted in medieval traditions. Many of the so-called 'new' ideas were actually revivals or continuations of earlier medieval thought. Wouldn't you agree that this continuity is evident in how humanism built upon scholasticism?

>>Art Historian: Absolutely! And it's also interesting how the revival of classical texts and humanist ideals were built on the scholastic foundations from the Middle Ages. But don't you think there was also a significant shift in artistic expression during this time?

>>Philosopher: I see your point, but from a philosophical standpoint, the Renaissance represents a profound break from medieval traditions. The focus on humanism and individual potential marked a big departure from the scholastic emphasis on divine order and collective identity. This shift towards modernity is quite striking, wouldn't you say?

>>Literature Scholar: It's really interesting how there's both continuity and change during this period. While Renaissance humanist thought did build on medieval scholasticism, it also brought about a new way of thinking with its focus on individual potential and classical texts.

>>Art Historian: From an art historical perspective, sure, there were continuations like linear perspective evolving from earlier spatial representation attempts in medieval art. But let's not forget how revolutionary these techniques were at transforming artistic expression.

>>Historian: Historically speaking, while the Renaissance's emphasis on humanism and individual potential did mark a significant shift, it's worth noting that this shift was built upon intellectual foundations laid during the Middle Ages. The revival of classical texts wasn't just a break but an evolution.

>>Literature Scholar: Exactly! And this blend of continuity and innovation is what makes the period so fascinating! But do you think we sometimes overemphasize one aspect over the other?

>>Art Historian: In some ways, yes. For example, linear perspective in painting was revolutionary yet naturally progressed from earlier spatial representation attempts in medieval art. It's fascinating to see how these advancements were deeply rooted in their predecessors while still pushing boundaries.

>>Historian: Actually, while it's true that Renaissance intellectual pursuits were built upon medieval foundations, there was also a remarkable shift towards individualism and secularism which diverged significantly from the collective religious focus of the Middle Ages. This blend of continuity and transformation is what makes the Renaissance so unique! 
 >>Art Historian: The Renaissance's impact on art and architecture is a testament to this blend of continuity and transformation. One could argue that the revival of classical forms, such as the use of columns and pilasters, was not merely an imitation but a reimagining that reflected contemporary humanist ideals. Isn't it fascinating how Brunelleschi's dome in Florence symbolizes both a technical marvel and a cultural rebirth?

>>Literature Scholar: Absolutely! And literarily speaking, the Renaissance was a period where humanist thought truly flourished in literature. Figures like Petrarch with his 'Canzoniere' and Erasmus with 'In Praise of Folly' revived classical texts and emphasized the potential of human achievement. It's amazing how this intellectual revival influenced not just literature but also art, science, and politics.

>>Historian: Indeed, the Renaissance's influence on politics and exploration cannot be overstated. The rise of powerful city-states like Florence, Venice, and Milan fostered unique political environments conducive to artistic and intellectual growth. Moreover, this spirit of curiosity propelled explorers like Columbus and Magellan to venture into uncharted territories, fundamentally altering Europe's understanding of the world.

>>Philosopher: You know, from a philosophical standpoint, the Renaissance marked a significant departure from medieval scholasticism towards a more empirical approach to understanding the world. Figures like Copernicus with his heliocentric theory and Galileo with his telescope observations exemplify this shift by challenging long-held Aristotelian views with observations and experiments.

>>Art Historian: That's a great point about Galileo! From an art historical perspective, we see similar advancements in techniques like linear perspective in painting—this revolutionized visual representation while mirroring the era's shift towards realism and empirical observation.

>>Historian: Exactly! And speaking of those city-states you mentioned earlier—they really did create unique political environments that fostered artistic growth. Plus, these explorations were often documented in literary works too!

>>Literature Scholar: Yes! Writers captured these new worlds vividly in their texts. For instance, Thomas More’s 'Utopia' reflects on these discoveries through its fictional narrative.

>>Philosopher: And let's not forget how philosophical ideas spread through these texts as well—creating an interconnected web of knowledge across different fields during the Renaissance. 
 >>Historian: The Renaissance really changed politics a lot, with figures like Machiavelli influencing modern political thought. These changes were deeply connected with the cultural and intellectual shifts we've discussed.

>>Art Historian: From an art historical perspective, the Renaissance's impact on European culture is multifaceted. It revolutionized artistic techniques and aesthetics while fostering a profound cultural shift towards humanism and individualism. Isn't it fascinating how these changes permeated various aspects of society, from politics to science?

>>Literature Scholar: Absolutely! The Renaissance had a huge impact on literature, bringing back classical texts and humanist ideas. Figures like Petrarch and Erasmus were pivotal in this movement.

>>Philosopher: You know, it's interesting how these philosophical shifts during the Renaissance laid the foundation for modern empirical methods. Thinkers like Copernicus and Galileo challenged medieval scholasticism, paving the way for scientific inquiry.

>>Historian: I think we've covered some significant ground here. We've seen how art, literature, politics, and philosophy all intertwined during this period to create a transformative era.

>>Art Historian: Indeed! And let's not forget how these transformations weren't just confined to Italy but spread across Europe. The Northern Renaissance had its own distinct characteristics that influenced regions far beyond Italy.

>>Literature Scholar: Right! And those literary achievements documented explorations that expanded Europe's worldview. It's amazing how literature captured those moments of discovery and change.

>>Philosopher: Well, I believe we've reached a consensus on the Renaissance’s broad impact across different fields. Shall we move on to finalizing our conclusions?

>>Historian: Yes, let's do that. So, our main takeaways are clear—artistic advancements revolutionized techniques; literature celebrated human potential; political thought evolved significantly; and philosophical shifts laid new foundations for empirical methods.

>>Art Historian: Agreed! We should also note how these changes collectively fostered a cultural shift towards humanism and individualism that shaped modern Europe.

>>Literature Scholar: Exactly! And documenting these impacts will help us understand their lasting influence better.

>>Philosopher: Um, so what's next? Do we need to assign any action items or responsibilities?

>>Historian: Actually yes! Let's each take responsibility for summarizing our respective areas in detail for our final report. I'll handle the political context.

>>Art Historian: I'll cover the artistic advancements then!

>>Literature Scholar: And I'll focus on literature's role in capturing this transformative era!

>>Philosopher: Great! I'll delve into the philosophical shifts and their long-term implications.","The meeting focused on the Renaissance, a pivotal period in European history spanning the 15th and 16th centuries, marking the transition from the Middle Ages to modernity. Key points discussed included its origins in Florence and subsequent spread across Europe, driven by a revival of classical antiquity's ideas and achievements. The Renaissance influenced various fields such as art, architecture, politics, literature, exploration, and science.

Participants highlighted significant figures like Leonardo da Vinci and Michelangelo who epitomized the ""Renaissance man."" The intellectual foundation was rooted in humanism, emphasizing realism and human emotion in art. The invention of metal movable type facilitated the dissemination of new ideas.

The meeting also covered regional variations of the Renaissance, including the Italian, Northern, Spanish, and English Renaissances. Each region had unique characteristics but shared common themes of artistic innovation and intellectual inquiry.

Debates among historians about whether the Renaissance represented a break from or continuation of medieval traditions were noted. Some viewed it as an era of progress towards modernity while others saw it as marked by social upheaval.

Concluding remarks emphasized that despite differing perspectives on its impact, the Renaissance remains a crucial period that profoundly shaped European culture and thought."
"The meeting involved an esports commentator, a professional gamer, and a game developer discussing various aspects of the esports industry. They talked about their weekend plans and recent events before diving into topics like improving spectator modes with new technology, refining strategies for tournaments, and the impact of streaming platforms like Twitch on esports.

They highlighted the evolution of esports from small LAN parties to massive global events, the importance of real-time feedback tools for players, and how different regions are contributing to the growth of esports. The conversation also touched on the challenges and opportunities presented by commercialization, including sponsorships and endorsements.

They discussed popular game genres in esports such as MOBAs, FPS games, fighting games, card games, battle royales, and RTS games. The idea of including esports in the Olympics was considered exciting but challenging due to issues like latency and physicality.

The group emphasized the importance of engaging a diverse audience and retaining their interest through continuous improvement in content and experience. They also noted how technology advancements have enhanced viewer experiences.

Finally, they planned to coordinate their tasks using project management tools like Trello or Asana, set up regular check-ins to review progress, assign clear roles and deadlines, use a shared calendar for tracking milestones, and automate reminders to stay on track.",">>Esports Commentator: Hey everyone! How's it going? Hope you're all doing great. Any fun plans for the weekend before we dive into today's topics?
>>Professional Gamer: I'm doing pretty well—just got off a long practice session but looking forward to some downtime this weekend. How about you guys? Any exciting updates?
>>Esports Commentator: I'm great! Just got back from an amazing event last weekend. The energy was off the charts! Game Developer, any cool projects you're working on?
>>Game Developer: I'm doing well, thanks! Actually, I've been working on making spectator modes better for esports. We're using some cool new tech to give viewers real-time stats and insights, which should make watching games even more exciting.
>>Esports Commentator: That's awesome to hear! Enhancing spectator modes is such a game-changer. So, Professional Gamer, any cool plays or strategies you've been working on lately?
>>Professional Gamer: Yeah, I've been refining some new strategies for our next tournament. It's all about those micro-decisions during high-pressure moments. Did you see that insane play in the last Dota 2 International? Unreal!
*Notification sound*
>>Game Developer: Sorry about that notification—speaking of which, have you guys seen any new tools or apps that help with managing game strategies?
>>Professional Gamer: Oh yeah, I heard it too.
>>Esports Commentator: Sorry about that! Anyway, with these new tools you're developing, how do you think they'll change how players approach their strategies in tournaments?
>>Game Developer: From a developer's perspective, these tools can really change how players strategize during games. Real-time feedback helps them adjust tactics quickly. 
 >>Esports Commentator: It's amazing how far we've come since those early days! Remember when we were just happy with LAN parties? Now millions watch online!

>>Professional Gamer: Yeah, it's wild! Those early tournaments really set the stage for today’s massive events. And now anyone can stream from their bedroom and build a following—it's changed everything!

>>Game Developer: Absolutely. Platforms like Twitch have been game-changers for both players and developers. We've had to adapt by adding features like spectator modes to keep viewers engaged.

>>Esports Commentator: Totally! I love how we can now see detailed stats and instant replays during matches—it makes watching so much more exciting.

>>Professional Gamer: And it’s made esports way more accessible too. You don’t need expensive setups anymore; anyone can jump in and start streaming.

>>Game Developer: Exactly, it's opened up so many opportunities for new talent to shine. 
 >>Esports Commentator: It's cool to see how different regions are getting into esports. East Asia has been a powerhouse with China and South Korea leading the charge! But did you know Japan's scene lagged behind due to their anti-gambling laws?

>>Professional Gamer: Yeah, that's true. Japan's anti-gambling laws have definitely held back their esports scene. But let's not forget the major tournaments like Worlds and The International. These events are huge, with millions tuning in. Did you catch that play by OG at last year's International? Unreal!

>>Esports Commentator: Oh yeah, that was insane! And it's amazing how these tournaments have become global phenomena. They're like the Super Bowl of esports! What about that crazy moment at last year's Worlds? That was something else.

>>Professional Gamer: For sure! While East Asia has been dominating, Europe and the Americas have also made significant strides. Events like IEM and EVO really showcase talent from these regions.

>>Game Developer: Sorry to jump in here—just wanted to add that those plays were not only skillful but also showcased some incredible game mechanics we've been working on.

>>Esports Commentator: Good point! It's fascinating to see how game mechanics evolve through these high-level plays. Speaking of which, what do you think about those mechanics from a developer's perspective?

>>Game Developer: Well, seeing players push the limits of what we thought was possible is always exciting. It gives us new ideas for future updates and patches.

>>Professional Gamer: And let's not overlook the impact of streaming platforms like Twitch and YouTube on these tournaments. They've revolutionized how we watch esports, making it accessible to millions worldwide.

>>Esports Commentator: Absolutely, streaming has changed everything. Now anyone can tune in from anywhere in the world!

>>Professional Gamer: Plus, sponsorships and endorsements bring in a lot of revenue and help legitimize esports as a serious profession.

>>Esports Commentator: True, but sometimes I wonder if all this commercialization takes away from the purity of competition. What do you think?

>>Professional Gamer: That's an interesting point. While money does bring more opportunities, it can also create pressure on players to perform for sponsors rather than just focusing on the game itself. 
 >>Esports Commentator: Well, speaking of pressure and performance, let's dive into some popular game genres in esports. MOBA games like League of Legends and Dota 2 have massive followings! And then there are FPS games like Counter-Strike and Valorant that are just as intense. What do you think makes these genres so appealing?

>>Professional Gamer: Yeah, MOBAs have this incredible depth with strategy and teamwork—remember that clutch play at the last International? It was a game-changer! And FPS games are all about precision; it's like high-stakes chess but way more adrenaline-pumping.

>>Esports Commentator: Exactly! It's not just about mechanics; it's also about those nail-biting moments! Watching a last-second clutch in Counter-Strike is like witnessing a buzzer-beater in basketball—the energy is electric!

>>Professional Gamer: Totally agree. Speaking of intense gameplay, fighting games like Street Fighter bring a lot of excitement with their one-on-one battles. Did you see Evo Moment 37? That was legendary!

>>Game Developer: From our side, we try to make our games fun for everyone while keeping them challenging enough for pros. Like in League of Legends, we design characters to be easy to pick up but hard to master.

>>Esports Commentator: It's amazing how each genre brings its own flavor—StarCraft matches feel like grandmaster chess unfolding live!

>>Professional Gamer: Absolutely! And card games like Hearthstone add strategic depth too—every match keeps you guessing! And battle royales like Fortnite? The chaos and survival aspect make every match a nail-biter—it’s all about adapting on the fly.

>>Esports Commentator: Right! Each genre brings its own unique energy to esports. Watching Fortnite is pure chaos and excitement! Outsmarting your opponent in Hearthstone with strategy—and sometimes luck—is amazing!

>>Professional Gamer: Definitely! Speaking of different genres' evolution—RTS games like StarCraft require insane levels of macro and micro management; it's almost like playing 4D chess with a ticking clock. Those epic battles where one wrong move can cost you everything? Unreal! 
 >>Esports Commentator: The idea of esports in the Olympics is really exciting! Imagine the global stage and recognition! But there are challenges too—like making sure everything's fair with good anti-cheat systems. What do you guys think?

>>Game Developer: As a developer, having esports in the Olympics would be huge. We'd need solid infrastructure to handle it globally and keep things fair. I remember when we launched our last game, server stability was a nightmare during peak times.

>>Professional Gamer: Yeah, while it's thrilling, we need to address some critical issues first. The physicality aspect is a major hurdle since traditional sports require physical exertion. I mean, I've seen players burn out from long hours of practice.

>>Esports Commentator: True, but esports athletes undergo rigorous training too. Their mental stamina and reflexes are off the charts! I once interviewed a player who trained 12 hours a day just to perfect his strategy.

>>Professional Gamer: Sure, mental agility and reflexes are crucial in esports, but we can't ignore the physical demands either. Have you seen how intense training regimens can be? It's not just about sitting and clicking; it's about endurance and precision under pressure.

>>Game Developer: Absolutely, but we also need to consider latency issues for players from different regions. During one of our international tournaments, latency almost ruined the finals for some teams.

>>Esports Commentator: Good point! Latency could really impact fairness in competition. Maybe regional qualifiers could help mitigate this issue before moving onto a centralized location for finals?

>>Professional Gamer: Yeah, regional qualifiers make sense. It'd level the playing field before heading into international stages where everyone competes under similar conditions.

>>Game Developer: While regional qualifiers could help with latency issues, they might also limit exposure for smaller regions who don't have as many resources or opportunities to compete at that level. 
 >>Esports Commentator: It's fascinating to see how the viewership demographics have evolved over the years. From being predominantly male to now having a much more diverse audience is just incredible! And did you see that recent report on revenues surpassing $1 billion? That's amazing!

>>Professional Gamer: Yeah, it's not just about the numbers though. The shift in demographics is huge. We're seeing more women and older viewers getting into esports, so our engagement strategies need to change too.

>>Game Developer: Absolutely. As developers, we need to think about how these changes affect our games. Like, maybe we should add tutorials for beginners or create characters that appeal to different groups.

>>Esports Commentator: And it's not just about the numbers and demographics. The live event experience has also evolved dramatically! Remember when we used to have small LAN parties? Now we're filling up stadiums with fans from all walks of life.

>>Professional Gamer: Right, but attracting a broader audience isn't enough; we need to keep them coming back. Are we really catering to these new viewers, or are we just scratching the surface?

>>Game Developer: Good point. Retention is key here. We should look at feedback from these new audiences and adapt accordingly.

>>Esports Commentator: Exactly! With live events evolving so much, it's not just about filling stadiums anymore. It's about creating an atmosphere that keeps fans engaged and coming back for more—massive screens, interactive booths, cosplay competitions—the whole package!

>>Professional Gamer: But let's not get too carried away with the spectacle alone. The real question is whether we're truly adapting our content to keep this diverse audience engaged long-term.

>>Game Developer: Yeah, I mean, attracting them is one thing but retaining their interest requires continuous effort in improving both content and experience. 
 >>Professional Gamer: Alright, speaking of retaining interest, one thing that really keeps the audience hooked is those clutch moments in tournaments. You know, when a player pulls off an insane play under pressure? Like that time I managed to turn around a 1v3 situation in CS:GO. Unreal play! Moments like these are what make esports so thrilling.

>>Esports Commentator: Man, those plays are what get everyone hyped! I remember this one time at a live event – it was insane when a player pulled off an incredible 1v5 in League of Legends. The whole stadium went nuts! But it's not just about those big plays; it's also the team strategies and how they adapt during the game.

>>Game Developer: From a developer's perspective, those moments are not just thrilling for the audience but also a testament to the game's design. We have to ensure that the game mechanics allow for such high-pressure plays without being unfair or unbalanced. It's all about creating an environment where skill can truly shine.

>>Esports Commentator: Yeah, and you know what's also amazing? The way fans engage with these events. The energy from the crowd is something else. I remember at a Dota 2 tournament, the noise was so loud you could feel it in your chest!

>>Professional Gamer: Exactly! And it's not just about individual skill; it's also about how well you can read your opponents and adapt on the fly. Like in that 1v3 situation I mentioned earlier, it wasn't just my aim; it was predicting their moves and outsmarting them. Another memorable moment for me was during an Overwatch match where our team had to completely change our strategy mid-game to counter the other team's tactics.

>>Esports Commentator: Right, those moments are like the heartbeat of any live event. But sometimes, balancing excitement with fairness can be tricky, right?

>>Game Developer: Absolutely. Balancing games for both casual players and pros is one of our biggest challenges. We want everyone to enjoy playing while still allowing room for those unforgettable moments at high levels of play.

>>Professional Gamer: That's true. Sometimes changes meant to balance things out can throw off pro players' strategies too. It's always interesting to see how teams adjust after updates or patches.

>>Esports Commentator: Totally! And speaking of adjustments, have you noticed how technology has been changing esports? Better streaming quality and interactive features have made watching games even more exciting.

>>Game Developer: Definitely! We're constantly looking at new ways to enhance viewer experience through technology – whether it's better graphics or more interactive elements during streams.

>>Professional Gamer: Yeah, tech advancements have really brought fans closer to the action. It’s amazing how far we've come from just watching replays on YouTube! 
 >>Game Developer: So, we need to figure out how to coordinate our tasks virtually. Making sure everyone knows their roles will be crucial. We should set up a good project management system to track progress and deadlines.

>>Esports Commentator: Yeah, I agree with using Trello or Asana. Maybe we can also have regular check-ins to ensure everyone is on track?

>>Professional Gamer: Using Trello sounds good! But let's make sure everyone has clear roles from day one so we don't end up stepping on each other's toes.

>>Esports Commentator: Good point. How about we assign a project lead for each major task? This way, we can ensure accountability and streamline communication.

>>Professional Gamer: Assigning a project lead is crucial, but also setting clear deadlines for each task is key. Without specific timelines, even the best plans can fall apart.

>>Esports Commentator: Alright then! We've got the project management tool sorted out. How about setting up weekly check-in meetings to review progress and address any roadblocks? This way, we can stay agile and make adjustments as needed.

>>Game Developer: That sounds good. To keep us on track, let's break down each major task into smaller sub-tasks. This way, we can assign specific responsibilities and set clear milestones for each phase of the project.

>>Esports Commentator: Great idea! And how about setting up a shared calendar to track all our deadlines and milestones? This way everyone sees the big picture and stays on top of their tasks.

>>Professional Gamer: Setting up a shared calendar is smart but making sure everyone actually uses it is critical too. 
 >>Game Developer: So, to wrap things up, our next steps are clear. We need to make sure everyone is comfortable with the new tools and that we stick to our check-in schedule. Automating reminders will definitely help keep us on track. Thanks for all your ideas today!

>>Esports Commentator: Yeah, absolutely! Those weekly check-ins will be crucial for keeping everything moving smoothly.

>>Professional Gamer: Right, having a shared calendar is great, but we need to ensure everyone actually uses it. Consistency is key.

>>Game Developer: Exactly. If anyone has questions or needs help with Trello or Asana, just let me know. John will set up the shared calendar by tomorrow, and Sarah will automate reminders for our check-ins.

>>Esports Commentator: Totally agree! Let's keep the communication lines open and support each other as we move forward.

>>Professional Gamer: Sounds good to me, but I'm still unsure about how we'll manage overlapping schedules.

>>Game Developer: Good point. Let's discuss any scheduling conflicts in our next meeting and find a solution that works for everyone.

>>Esports Commentator: That sounds like a plan. Looking forward to seeing our progress at the next check-in.","During the remote meeting, participants discussed the evolution and current state of esports. Esports, short for electronic sports, involves competitive video gaming, often organized into multiplayer tournaments featuring professional players. The rise of online streaming platforms like YouTube and Twitch in the late 2000s significantly boosted participation and viewership, transforming esports into a major industry by the 2010s.

Key points included the regional popularity of esports, with East Asia (notably China and South Korea) leading early on, while Japan lagged due to anti-gambling laws. Europe and the Americas also host significant events. Popular game genres in esports include MOBA, FPS, fighting games, card games, battle royales, and RTS games. Notable franchises are League of Legends, Dota 2, Counter-Strike, Valorant, Overwatch, Street Fighter, Super Smash Bros., and StarCraft.

The meeting highlighted major tournaments such as the League of Legends World Championship and Dota 2's International. Despite debates over its legitimacy as a sport, esports has been featured alongside traditional sports in some multinational events. The International Olympic Committee is considering its inclusion in future Olympics.

Viewership demographics were noted: predominantly male (85%) aged 18-34 in early 2010s but expanding to an estimated audience of 454 million by 2020 with revenues surpassing $1 billion. Historical context was provided from early competitions like Stanford University's Spacewar tournament in 1972 to modern-day large-scale events."
