Predicted,Input,ref_summary
"In der Besprechung diskutierten die Teilnehmer über die kulturelle und historische Bedeutung von Esperanto. Der Historiker betonte die Anerkennung von Esperanto durch Polen und Kroatien sowie Chinas Unterstützung, was die globale Reichweite der Sprache unterstreicht. Der Pädagoge berichtete von einem Schulprojekt, bei dem Schüler verschiedene Plansprachen untersuchen, und hob die Begeisterung der Schüler für Esperanto hervor. Der Linguist erwähnte die einfache Grammatik von Esperanto als Vorteil für das Erlernen und maschinelles Lernen. Die Teilnehmer waren sich einig, dass digitale Plattformen wie Duolingo zur Verbreitung und zum interkulturellen Austausch beitragen können. Abschließend wurde betont, dass persönliche Geschichten und Events helfen könnten, langfristige Motivation zu fördern.",">>Esperanto-Sprecher: Hallo zusammen! Wie schön, euch alle zu sehen. Ich hoffe, ihr hattet eine angenehme Anreise. Ich bin gespannt auf unsere heutige Diskussion.

>>Historiker: Hallo! Schön, euch alle wiederzusehen. Ich freue mich auf unsere heutige Diskussion und bin gespannt, welche neuen Erkenntnisse wir gewinnen werden.

>>Kulturwissenschaftler: Hallo zusammen! Ich freue mich wirklich darauf, eure Perspektiven zu hören und gemeinsam über die kulturelle Bedeutung von Esperanto zu sprechen.

>>Linguist: Hey Leute! Hat jemand den Link zur Studie über die Anerkennung von Esperanto durch Polen? Das wäre super für meine Notizen.

>>Historiker: Ah ja klar! Den habe ich hier irgendwo... Moment... Hier ist er! (teilt den Link)

>>Linguist: Danke dir!

>>Historiker: Also wie gesagt... historisch gesehen hat Esperanto nicht nur als Plansprache sondern auch als kulturelles Phänomen eine bemerkenswerte Entwicklung durchlaufen. Die Anerkennung durch Polen und Kroatien zeigt die Bedeutung dieser Sprache im kulturellen Gedächtnis vieler Länder. Es ist faszinierend zu sehen, wie China diese Bewegung unterstützt hat.

>>Esperanto-Sprecher: Ja genau, es ist wirklich interessant zu sehen, wie verschiedene Länder diese Sprache unterstützen. Besonders Chinas Engagement zeigt die globale Reichweite von Esperanto.

>>Pädagoge (lacht): Das ist wirklich spannend! Ich hätte nie gedacht, dass China so eine Rolle bei der Förderung von Esperanto spielt.

>>Kulturwissenschaftler: Interessant, was du sagst, Historiker! Ich finde besonders spannend, wie China diese Bewegung unterstützt hat.

>>Linguist: Genau! Und ich denke auch, dass die Anerkennung durch Polen und Kroatien zeigt, wie tief verwurzelt Esperanto in verschiedenen Kulturen ist.

>>Historiker: Interessanterweise zeigt die Unterstützung Chinas für Esperanto eine bemerkenswerte Kontinuität in der Förderung internationaler Verständigung. Es ist erstaunlich, wie diese Sprache trotz politischer und kultureller Veränderungen über Jahrzehnte hinweg relevant geblieben ist.

>>Esperanto-Sprecher: Ja genau, es ist wirklich bemerkenswert wie Esperanto trotz der vielen Herausforderungen und politischen Veränderungen über die Jahrzehnte hinweg relevant geblieben ist. Die Unterstützung durch China zeigt dass diese Sprache eine globale Bedeutung hat und weiterhin Brücken zwischen verschiedenen Kulturen bauen kann.

>>Kulturwissenschaftler: Kulturell gesehen zeigt Chinas Unterstützung für Esperanto auch gut auf, wie eine Plansprache in verschiedenen politischen Kontexten adaptiert und gefördert werden kann. Es ist faszinierend zu sehen wie diese Sprache trotz der vielen Herausforderungen weiterhin Brücken zwischen Kulturen baut. 
 >>Esperanto-Sprecher: Also, ich habe kürzlich eine interessante Erfahrung gemacht. Ich war auf einer Konferenz in Wien und traf dort auf eine Gruppe von jungen Menschen, die Esperanto als ihre Hauptsprache verwenden. Es war unglaublich zu sehen, wie sie diese Sprache mit so viel Leidenschaft und Hingabe sprechen!

>>Pädagoge: Das klingt spannend! Weißt du, ich habe kürzlich ein Projekt mit meinen Schülern gestartet, bei dem wir verschiedene Plansprachen untersuchen. Die Begeisterung war groß, als sie erfuhren, dass Esperanto eine so lebendige Gemeinschaft hat.

>>Historiker: Ja, die Geschichte von Esperanto zeigt uns wirklich eindrucksvoll, wie eine Plansprache nicht nur als Kommunikationsmittel, sondern auch als kulturelles Phänomen fungieren kann.

>>Linguist (unterbricht): Moment mal - das erinnert mich an ein Buch über Plansprachen im 20. Jahrhundert. Hat jemand von euch ""Die Kunst der künstlichen Sprachen"" gelesen?

>>Historiker: Ja! Das ist ein großartiges Buch! Wie ich sagte... es ist bemerkenswert zu sehen, wie diese Sprache trotz vieler historischer Herausforderungen überlebt und sich weiterentwickelt hat.

>>Esperanto-Sprecher: Wissen Sie, es ist wirklich faszinierend, wie Esperanto nicht nur eine Sprache, sondern auch ein kulturelles Erbe darstellt.

>>Kulturwissenschaftler: Oh ja! Und manchmal fühlt es sich an wie eine geheime Gemeinschaft von Gleichgesinnten.

>>Esperanto-Sprecher (lächelnd): Genau! Ich erinnere mich an eine Anekdote von einem älteren Esperantisten...

>>Pädagoge (überlappt): ...die Geschichte von Esperanto während des Kalten Krieges ist besonders faszinierend. Viele Esperantisten nutzten die Sprache...

>>Historiker: ...um internationale Freundschaften zu knüpfen und kulturelle Barrieren zu überwinden. Hast du da vielleicht ein konkretes Beispiel?

>>Pädagoge: Ja klar! Einer meiner Kollegen erzählte mir von einem Austauschprogramm zwischen Ost- und Westeuropa in den 80ern. Die Teilnehmer kommunizierten hauptsächlich auf Esperanto und konnten so politische Spannungen umgehen.

>>Historiker: Das ist wirklich beeindruckend. Es zeigt deutlich...

>>Esperanto-Sprecher: ...wie stark der Einfluss einer gemeinsamen Sprache sein kann. Ich habe selbst erlebt, wie schnell man Verbindungen knüpfen kann.

>>Kulturwissenschaftler: Absolut! Und das Schöne daran ist doch auch die Offenheit der Gemeinschaft gegenüber neuen Mitgliedern.

>>Linguist: Apropos Offenheit – habt ihr schon mal darüber nachgedacht, warum gerade Esperanto diese besondere Anziehungskraft hat? Vielleicht liegt es an der Einfachheit der Grammatik?

>>Historiker: Möglich. Aber ich denke auch, dass die Ideale hinter der Sprache – Frieden und Völkerverständigung – viele Menschen ansprechen.

>>Pädagoge: Da stimme ich dir zu. Diese Ideale sind besonders für junge Leute attraktiv. 
 >>Linguist: Ähm, aus sprachwissenschaftlicher Sicht habe ich kürzlich eine interessante Studie über die Entwicklung von Plansprachen gelesen. Die Regelmäßigkeit in der Grammatik von Esperanto erleichtert das Erlernen wirklich sehr.

>>Esperanto-Sprecher: Das kann ich bestätigen! Ich war neulich auf einem internationalen Kongress, bei dem wir über die Rolle von Esperanto in der modernen Bildung gesprochen haben. Es war toll zu sehen, wie viele junge Leute sich dafür begeistern.

>>Pädagoge: Oh ja, das klingt spannend! Ich habe an meiner Schule ein Projekt gestartet, bei dem die Schüler Esperanto lernen. Sie machen erstaunlich schnell Fortschritte und nutzen die Sprache, um mit anderen Kulturen in Kontakt zu treten.

>>Historiker: Interessant! Wusstet ihr übrigens, dass Polen und Kroatien Esperanto offiziell anerkannt haben? Das zeigt doch auch seine historische Bedeutung als kulturelles Bindeglied.

>>Kulturwissenschaftler: Wirklich? Das wusste ich nicht! Aber es passt gut dazu, dass Esperanto immer noch als Brücke zwischen verschiedenen Kulturen dient. In Podcasts und Online-Kursen wird es immer beliebter.

>>Esperanto-Sprecher: Ja genau! Ich arbeite gerade an einem Projekt zur Integration von Esperanto in Online-Bildungsplattformen. Es ist faszinierend zu sehen, wie diese Sprache den interkulturellen Dialog fördert.

>>Linguist: Eben! Und wenn man bedenkt, dass die einfache Grammatik den Lernprozess beschleunigt... Das macht es besonders attraktiv für Bildungsprojekte weltweit.

>>Pädagoge: Weißt du was? Ich denke auch darüber nach, ein ähnliches Projekt an meiner Schule einzuführen. Die positiven Rückmeldungen der Schüler sind einfach überwältigend!

>>Historiker: Aber es gibt auch Herausforderungen. Historisch gesehen haben Plansprachen oft politische Barrieren überwunden – aber das ist nicht immer einfach gewesen.

>>Kulturwissenschaftler: Na ja, das stimmt absolut. Die kulturelle Relevanz von Esperanto darf nicht unterschätzt werden. Es fördert wirklich den globalen Austausch und das Verständnis zwischen verschiedenen Völkern. 
 >>Esperanto-Sprecher: Also, Ludwik Lejzer Zamenhof, der Begründer von Esperanto, hatte eine visionäre Idee. Er glaubte fest daran, dass eine neutrale Sprache wie Esperanto helfen könnte, ethnische Spannungen zu überwinden und den Weltfrieden zu fördern. Ist das nicht faszinierend?

>>Historiker: Wenn man die Geschichte betrachtet, war Zamenhofs Vision von Esperanto nicht nur eine sprachliche Innovation, sondern auch ein kultureller und sozialer Meilenstein. Seine Idee einer neutralen Sprache zur Überwindung ethnischer Spannungen zeigt die Hoffnung auf eine bessere Welt durch Kommunikation.

>>Linguist: Ja, und sprachlich gesehen ist die Struktur von Esperanto besonders bemerkenswert. Die regelmäßige Grammatik und einfache Wortbildung machen es leicht erlernbar. Zum Beispiel wird das Verb 'sein' nach einem einheitlichen Schema konjugiert: mi estas, vi estas – ich bin, du bist.

>>Kulturwissenschaftler: Genau! Und die Anerkennung von Esperanto durch Länder wie Polen und Kroatien zeigt seine Bedeutung als Brücke zwischen Kulturen. Es ist mehr als nur eine Plansprache; es symbolisiert interkulturelle Verständigung.

>>Esperanto-Sprecher: Das stimmt! Ich erinnere mich an ein Projekt in Polen, bei dem wir Esperanto genutzt haben, um Schüler aus verschiedenen Ländern zusammenzubringen. Es war erstaunlich zu sehen, wie schnell sie miteinander kommunizieren konnten.

>>Historiker: Das ist ein gutes Beispiel dafür, wie diese Sprache trotz vieler Herausforderungen weiterhin Brücken baut. Die Anerkennung durch verschiedene Länder unterstreicht ihre kulturelle Relevanz.

>>Pädagoge: Weißt du was? Ich finde es spannend zu hören, wie viel Bedeutung hinter dieser Sprache steckt. Besonders in der Bildung könnten wir davon profitieren. Vielleicht sollten wir überlegen, wie wir mehr Projekte zur Einführung von Esperanto an Schulen starten können. 
 >>Historiker: Die Gründung des Esperanto-Weltbundes im Jahr 1908 war ein bedeutender Meilenstein. Sie ermöglichte eine organisierte Verbreitung und Unterstützung der Sprache weltweit, trotz der Herausforderungen während der Weltkriege.

>>Esperanto-Sprecher: Ja, es ist wirklich bemerkenswert, wie Esperanto trotz politischer Turbulenzen und Verfolgungen überlebt hat. Die Gründung des Weltbundes war entscheidend, um die Sprache global zu verankern und ihr eine Plattform zur Weiterentwicklung zu geben.

>>Kulturwissenschaftler: Genau, die Geschichte von Esperanto zeigt eindrucksvoll, wie eine Sprache kulturelle Barrieren überwinden kann. Die Gründung des Weltbundes 1908 war nicht nur organisatorisch wichtig, sondern auch ein Symbol für interkulturellen Dialog und die Hoffnung auf eine friedlichere Welt.

>>Esperanto-Sprecher: Und nach dem Zweiten Weltkrieg ging's mit Esperanto wieder richtig bergauf. Es gab immer mehr Landesverbände im Weltbund. Faszinierend!

>>Historiker: Richtig, die Zeit nach dem Zweiten Weltkrieg war besonders prägend für Esperanto...

>>Linguist (unterbricht): Entschuldigung, darf ich kurz etwas einwerfen? Ich finde es auch spannend zu sehen, wie sich andere Plansprachen in dieser Zeit entwickelt haben. Aber bitte machen Sie weiter.

>>Historiker: Natürlich! Also historisch gesehen wuchs die Anzahl der Mitgliedsorganisationen im Weltbund kontinuierlich...

>>Kulturwissenschaftler: Interessant! Gab es bestimmte Länder, die besonders aktiv waren?

>>Historiker: Ja, besonders in Europa und Asien gab es viele neue Verbände. 
 >>Linguist: Interessanterweise kann man bei Esperanto durch Anhängen von Suffixen wie '-j' und '-n' ganz einfach neue Formen bilden, wie 'domoj' für Häuser und 'domojn' für Häuser im Akkusativ. Das zeigt echt gut, wie einfach die Grammatik ist.

>>Esperanto-Sprecher: Ähm, wissen Sie, diese agglutinative Struktur erinnert mich an das Finnische und Ungarische. Es ist wirklich bemerkenswert, wie diese Regelmäßigkeit den Lernaufwand minimiert und gleichzeitig eine hohe Flexibilität in der Wortbildung ermöglicht. Fantastisch!

>>Historiker: Ja, also historisch gesehen hat Esperanto durch seine agglutinative Struktur nicht nur sprachliche Flexibilität gezeigt, sondern auch kulturelle Anpassungsfähigkeit bewiesen. Diese Regelmäßigkeit und Einfachheit haben es ermöglicht, dass Esperanto in verschiedenen historischen Kontexten als Brücke zwischen Kulturen fungieren konnte.

>>Kulturwissenschaftler: Entschuldigung, darf ich kurz unterbrechen? Ich finde es spannend zu sehen, wie diese sprachliche Struktur auch in anderen Kunstsprachen verwendet wird. Hat jemand Beispiele dafür?

>>Esperanto-Sprecher: Oh ja! Eine andere bekannte Kunstsprache mit ähnlichen Strukturen ist Klingonisch aus Star Trek. Obwohl es nicht so regelmäßig ist wie Esperanto, hat es auch interessante grammatische Regeln.

>>Pädagoge: Klingonisch? Interessant! Aber zurück zu unserem Thema... 
 >>Kulturwissenschaftler: Interessanterweise hat die Anerkennung von Esperanto als immaterielles Kulturerbe in Polen und Kroatien eine tiefgreifende kulturelle Bedeutung. Es zeigt, wie diese Sprache nicht nur als Kommunikationsmittel, sondern auch als Symbol für interkulturellen Dialog und Frieden wahrgenommen wird. Das zeigt, dass Esperanto trotz aller Herausforderungen weiterhin Brücken zwischen verschiedenen Kulturen baut.

>>Esperanto-Sprecher: Ja, das ist wirklich bemerkenswert. Ähm, wissen Sie, es ist faszinierend zu sehen, wie Esperanto durch moderne Plattformen an Relevanz gewinnt. Diese Entwicklungen zeigen deutlich, dass die Sprache nicht nur ein Relikt der Vergangenheit ist.

>>Historiker: Genau. Historisch gesehen hat Esperanto nicht nur als Kommunikationsmittel gedient, sondern auch als Symbol für den Widerstand gegen politische Unterdrückung. Denken Sie an die Verfolgungen unter Stalin und Hitler – trotz dieser Widrigkeiten hat sich die Sprache weiterentwickelt und überlebt.

>>Linguist: Das stimmt. Und wenn man bedenkt, dass Esperanto ursprünglich geschaffen wurde, um Verständigung zu erleichtern und Barrieren abzubauen... Also ich finde es beeindruckend, wie diese Vision bis heute Bestand hat.

>>Pädagoge: Absolut! Ich erinnere mich daran, wie ich zum ersten Mal von Esperanto gehört habe – es war während eines Sprachkurses in der Schule. Die Idee einer universellen Sprache fand ich sofort spannend. Na ja, heutzutage sehe ich viele meiner Schüler auf Duolingo lernen.

>>Kulturwissenschaftler: Ehrlich gesagt finde ich es auch interessant zu beobachten, wie verschiedene Kulturen auf Esperanto reagieren. In einigen Ländern wird es fast schon enthusiastisch aufgenommen; in anderen eher skeptisch betrachtet.

>>Esperanto-Sprecher: Ja genau! Und das tägliche Nachrichtenprogramm in China ist ein großartiges Beispiel dafür. Es zeigt nicht nur die aktuelle Nutzung der Sprache...

>>Historiker (unterbricht): Entschuldigung, aber ich denke wir sollten uns nicht zu sehr auf China konzentrieren. Es gibt viele andere interessante Beispiele weltweit.

>>Linguist: Eben! Die Struktur von Esperanto macht es ja auch relativ einfach zu erlernen im Vergleich zu vielen anderen Sprachen. Das trägt sicherlich zur heutigen Popularität bei.

>>Pädagoge: Stimmt genau! Und aus pädagogischer Sicht ist das natürlich ein großer Vorteil – eine leicht erlernbare Sprache motiviert Schüler ungemein.

>>Kulturwissenschaftler: Also insgesamt kann man sagen... Ähm... Dass Esperanto sowohl historisch als auch kulturell eine bedeutende Rolle spielt und weiterhin spielen wird. 
 >>Esperanto-Sprecher: Also, es ist wirklich bemerkenswert, wie Esperanto trotz vieler Herausforderungen überlebt hat und weiterhin wächst. Die Zukunft von Esperanto könnte tatsächlich in der digitalen Welt liegen, besonders durch Plattformen wie Duolingo und Online-Communities. Was denkt ihr darüber?

>>Linguist: Ähm, sprachwissenschaftlich gesehen bietet die digitale Welt viele Möglichkeiten für Esperanto. Die einfache und regelmäßige Grammatik könnte besonders gut für maschinelles Lernen und automatische Übersetzungssysteme geeignet sein. Aber ich frage mich, ob das allein ausreicht, um eine breite Akzeptanz zu erreichen. Was meint ihr dazu?

>>Historiker: Nun ja, historisch betrachtet hat Esperanto immer wieder bewiesen, dass es sich an neue Gegebenheiten anpassen kann. Die digitale Welt bietet eine einzigartige Gelegenheit für die Verbreitung und Nutzung von Esperanto. Denkt nur an die vielen historischen Beispiele, in denen technologische Fortschritte die Verbreitung von Sprachen beeinflusst haben. Aber ehrlich gesagt bin ich skeptisch, ob diese Entwicklung nachhaltig ist.

>>Kulturwissenschaftler: Ehrlich gesagt, ich finde es faszinierend zu sehen, wie Esperanto als kulturelle Brücke fungiert. In der digitalen Welt könnten wir noch mehr interkulturellen Austausch erleben. Es gibt so viele Möglichkeiten! Aber Historiker hat einen Punkt – was passiert nach dem ersten Hype? Werden die Leute dranbleiben?

>>Pädagoge: Na ja, ich denke auch an den pädagogischen Nutzen. Durch Plattformen wie Duolingo wird das Erlernen von Esperanto zugänglicher und motivierender für Schüler weltweit. Ich habe zum Beispiel erlebt, dass meine Schüler durch Duolingo viel schneller Fortschritte machen als mit traditionellen Methoden.

>>Esperanto-Sprecher: Genau! Und diese Zugänglichkeit könnte dazu führen, dass mehr Menschen Interesse an der Sprache finden und sie lernen wollen.

>>Linguist: Eben! Und wenn man bedenkt, dass maschinelles Lernen immer besser wird, könnte Esperanto eine Schlüsselrolle spielen. Seine Struktur ist ideal für solche Technologien.

>>Historiker: Tja, wenn wir uns historische Entwicklungen ansehen – zum Beispiel den Buchdruck – sehen wir Parallelen zur heutigen digitalen Revolution. Neue Technologien haben oft zu einer beschleunigten Verbreitung von Sprachen geführt.

>>Kulturwissenschaftler: Absolut! Und mit sozialen Medien können Menschen aus verschiedenen Kulturen direkt miteinander kommunizieren und voneinander lernen.

>>Pädagoge: Weißt du, das erinnert mich daran, wie wichtig es ist, Sprachen im Kontext zu lehren. Mit digitalen Tools können wir immersive Lernumgebungen schaffen.

>>Esperanto-Sprecher: Ja genau! Und das Schöne daran ist auch die Gemeinschaftsbildung online – Menschen kommen zusammen und unterstützen sich gegenseitig beim Lernen.

>>Linguist: Aber was denkt ihr über die langfristige Motivation? Wie können wir sicherstellen, dass Leute nicht nur anfangen zu lernen sondern auch dabei bleiben?

>>Historiker: Gute Frage! Vielleicht sollten wir uns auf Erfolgsgeschichten konzentrieren und zeigen, wie nützlich Esperanto im Alltag sein kann.

>>Kulturwissenschaftler: Ja genau! Persönliche Geschichten sind mächtig. Vielleicht könnten wir auch Events oder Wettbewerbe organisieren?

>>Pädagoge: Das wäre großartig! Ich erinnere mich an einen Schülerwettbewerb letztes Jahr – das hat wirklich Begeisterung geweckt. 
 >>Esperanto-Sprecher: Also, es ist wirklich faszinierend zu sehen, wie Esperanto nicht nur als Kommunikationsmittel dient, sondern auch als Symbol für interkulturellen Dialog und Frieden.

>>Historiker: Ja, das stimmt. Die Anerkennung als immaterielles Kulturerbe zeigt die kulturelle Bedeutung und Widerstandsfähigkeit von Esperanto.

>>Linguist: Genau! Und sprachwissenschaftlich betrachtet unterstreicht das die Relevanz von Esperanto im interkulturellen Gedächtnis.

>>Pädagoge: Ähm, ich finde es besonders wichtig zu betonen, wie solche Anerkennungen die Motivation der Schüler steigern können.

>>Kulturwissenschaftler: Absolut! Es ist spannend zu sehen, wie Esperanto dadurch an Bedeutung gewinnt und den interkulturellen Austausch fördert.

>>Esperanto-Sprecher: Ja genau! Und digitale Plattformen spielen eine große Rolle bei der Verbreitung von Esperanto weltweit.

>>Historiker: Richtig. Aber wir sollten auch bedenken, dass historische Bewegungen langfristige Nachhaltigkeit brauchen.

>>Linguist: Eben! Digitalisierung bietet viele Möglichkeiten für maschinelles Lernen mit Esperanto.

>>Pädagoge: Und digitale Lernplattformen machen das Lernen zugänglicher und motivierender für alle Altersgruppen.

>>Kulturwissenschaftler: Genau! Digitale Medien können wirklich helfen, Barrieren abzubauen und Verständnis zwischen Kulturen zu fördern.

>>Esperanto-Sprecher: Gut! Wir haben heute viele spannende Aspekte beleuchtet – danke euch allen!","Während des Treffens wurde die Entwicklung und Verbreitung der Plansprache Esperanto besprochen. Die Teilnehmer erinnerten daran, dass Ludwik Lejzer Zamenhof 1887 die Grundlagen von Esperanto veröffentlichte. Obwohl Esperanto in keinem Land Amtssprache ist, wurde es in Polen und Kroatien als Kulturerbe anerkannt.

Es wurde festgestellt, dass Ethnologue eine Gemeinschaft von über einer Million Sprechern verzeichnet und die Ungarische Akademie der Wissenschaften Esperanto als lebende Fremdsprache anerkennt. In China gibt es seit 2001 tägliche Nachrichten und ein Museum für Esperanto.

Die historische Bedeutung von Esperanto wurde hervorgehoben, einschließlich der Gründung des Esperanto-Weltbundes 1908 und der Herausforderungen während der Weltkriege. Trotz Rückschlägen hat sich die Sprache weltweit verbreitet, mit aktiven Verbänden auf allen Kontinenten.

Die Diskussion umfasste auch die linguistischen Merkmale von Esperanto, wie das agglutinierende Prinzip und den regelmäßigen Sprachbau zur Minimierung des Lernaufwands. Es wurden Beispiele für Wortbildung und Grammatik gegeben.

Abschließend wurde auf aktuelle Entwicklungen eingegangen, darunter Online-Kurse bei Duolingo und die Anerkennung durch verschiedene Institutionen. Die Teilnehmer betonten die Bedeutung von Esperanto für internationale Kommunikation und kulturellen Austausch."
"In dem Meeting diskutierten die Teilnehmer, bestehend aus einem Historiker, Soziologen, Technikhistoriker und Wirtschaftswissenschaftler, über die Auswirkungen der Industriellen Revolution. Sie sprachen über die wirtschaftlichen und sozialen Veränderungen, die durch technologische Innovationen wie die Dampfmaschine ausgelöst wurden. Es wurde betont, dass diese Entwicklungen sowohl positive als auch negative Effekte hatten: Während sie das Wirtschaftswachstum förderten und zur Entstehung moderner Sozialsysteme beitrugen, führten sie auch zu schlechten Arbeitsbedingungen und sozialen Missständen in den Städten. Die Diskussion endete mit der Vereinbarung, beim nächsten Treffen konkrete Beispiele für technologische Innovationen und deren Auswirkungen zu besprechen.",">>Historiker: Hallo zusammen! Hattet ihr ein gutes Wochenende?

>>Soziologe: Hallo! Ja, danke. Ich habe das Wochenende genutzt, um ein bisschen zu entspannen und neue Energie zu tanken. Und bei euch?

>>Technikhistoriker: Hallo! Mir geht's auch gut, danke. Ich habe ein paar interessante Artikel über die wirtschaftlichen Auswirkungen der Industriellen Revolution gelesen. Echt spannend!

>>Wirtschaftswissenschaftler: Oh, das klingt interessant! Welche Artikel hast du gelesen? Vielleicht kenne ich einige davon.

>>Technikhistoriker: Ja, also ich habe einen besonders interessanten Artikel in der ""WirtschaftsWoche"" gefunden. Er hat detailliert beschrieben...

>>Soziologe (unterbricht): Interessant! Habt ihr auch etwas über die sozialen Aspekte gelesen? Das finde ich immer besonders spannend.

>>Technikhistoriker: Ja klar! Der Historiker hat da sicher auch einiges dazu gelesen.

>>Historiker: Genau! Es klingt, als hätten wir alle ein sehr produktives Wochenende gehabt. Also, ich habe auch einige interessante Artikel über die sozialen Auswirkungen der Industriellen Revolution gelesen. Es ist faszinierend, wie diese Zeit nicht nur die Produktionsweisen, sondern auch das gesamte gesellschaftliche Gefüge verändert hat.

>>Wirtschaftswissenschaftler: Absolut! Und was mich besonders beeindruckt hat...

>>(Handy klingelt im Hintergrund)

>>Soziologe (schmunzelt): Wer muss denn jetzt arbeiten?

>>(alle schmunzeln)

>>Wirtschaftswissenschaftler: Entschuldigung Leute! Das war mein Handy. Wo war ich stehen geblieben? Ach ja... Die Veränderungen durch die Industrielle Revolution sind wirklich tiefgreifend. 
 >>Historiker: Also, die Industrielle Revolution hat nicht nur die wirtschaftlichen Strukturen verändert, sondern auch tiefgreifende soziale Umwälzungen hervorgerufen. Der Übergang von einer agrarischen zu einer industriellen Gesellschaft führte zur Entstehung neuer sozialer Klassen, insbesondere des Proletariats und der kapitalistischen Unternehmer. Diese neuen Klassenverhältnisse brachten erhebliche Spannungen und Konflikte mit sich, die sich in Arbeiterunruhen und sozialen Reformbewegungen manifestierten.

>>Soziologe: Ja, genau! Die sozialen Missstände durch die rasche Urbanisierung waren enorm. Viele Menschen zogen in die Städte, um Arbeit zu finden, aber die Lebensbedingungen waren oft katastrophal. Das war wirklich eine harte Zeit für viele Menschen.

>>Wirtschaftswissenschaftler: Ja, die rasche Urbanisierung führte zu neuen Formen der Armut und sozialen Ungleichheit. Interessanterweise zeigen Studien, dass diese Entwicklungen auch die Grundlage für moderne Sozialversicherungssysteme legten. Ohne diese frühen Herausforderungen hätten wir heute vielleicht keine so ausgeprägten Sozialsysteme.

>>Technikhistoriker: Ehrlich gesagt, ich finde es faszinierend, wie technologische Innovationen während dieser Zeit alles verändert haben. Neue Maschinen und Produktionsmethoden steigerten die Produktivität erheblich und trugen zum Wirtschaftswachstum bei.

>>Historiker: Genau! Und diese technologischen Fortschritte hatten weitreichende Auswirkungen auf das soziale Gefüge. Die Einführung neuer Technologien veränderte nicht nur die Arbeitswelt, sondern auch das tägliche Leben der Menschen.

>>Soziologe: Weißt du, was mich besonders interessiert? Wie diese Veränderungen das Leben der Arbeiter beeinflussten. Stell dir vor, in überfüllten Städten mit schlechten Lebensbedingungen zu leben und gleichzeitig in gefährlichen Fabriken arbeiten zu müssen.

>>Wirtschaftswissenschaftler: Nun ja, das ist ein guter Punkt. Die Arbeitsbedingungen waren oft miserabel und führten zu zahlreichen Protesten und Streiks. Aber diese Bewegungen waren auch ein Katalysator für wichtige soziale Reformen.

>>Technikhistoriker: Absolut! Und wenn man bedenkt, wie schnell sich diese Technologien von England aus verbreiteten... Es dauerte nicht lange, bis andere Länder nachzogen und ähnliche industrielle Entwicklungen erlebten.

>>Historiker: Tja, das zeigt wirklich den globalen Einfluss der Industriellen Revolution. Sie veränderte nicht nur einzelne Länder, sondern hatte weltweite Auswirkungen auf Wirtschaft und Gesellschaft.

>>Soziologe: Na ja, es ist erstaunlich zu sehen, wie all diese Faktoren zusammenwirkten – Technologie, Wirtschaft und soziale Veränderungen – um unsere moderne Welt zu formen. 
 >>Wirtschaftswissenschaftler: Die Industrielle Revolution hat die Produktionsmethoden revolutioniert und den modernen Kapitalismus geprägt. Es war eine Zeit des Umbruchs.

>>Historiker: Ja, und sie hat auch tiefgreifende soziale Veränderungen mit sich gebracht. Zum Beispiel die Entstehung der Arbeiterklasse, die vorher so nicht existierte.

>>Soziologe: Genau! Die Urbanisierung führte zu neuen sozialen Missständen wie überfüllten Wohnverhältnissen. Meine Großmutter erzählte mir oft von den schwierigen Lebensbedingungen in den Städten während dieser Zeit.

>>Technikhistoriker: Ehrlich gesagt, ich sehe das etwas anders. Die technologischen Fortschritte hatten auch viele negative Auswirkungen auf die Arbeitsbedingungen. Viele Menschen mussten unter extrem harten Bedingungen arbeiten.

>>Wirtschaftswissenschaftler: Das stimmt, aber man darf nicht vergessen, dass diese Entwicklungen auch langfristig positive Effekte hatten. Zum Beispiel legte die Industrielle Revolution die Grundlage für moderne Sozialsysteme.

>>Historiker: Interessant! Welche Aspekte des Kapitalismus meinst du genau?

>>Wirtschaftswissenschaftler: Nun, durch den Wettbewerb und den Bedarf an effizienteren Produktionsmethoden kam es zu einem enormen wirtschaftlichen Wachstum und einer Beschleunigung der wissenschaftlichen Entwicklung.

>>Soziologe: Aber dieser Druck führte auch zu sozialen Spannungen. Die Menschen strömten in die Städte auf der Suche nach Arbeit und fanden sich oft in überfüllten, unhygienischen Wohnverhältnissen wieder.

>>Technikhistoriker: Und diese neuen Maschinen haben das tägliche Leben verändert – nicht immer zum Besseren. Viele traditionelle Handwerksberufe verschwanden einfach.

>>Historiker: Tja, es ist faszinierend zu sehen, wie all diese Faktoren zusammenwirkten. Die wirtschaftlichen Veränderungen brachten soziale Umwälzungen mit sich und umgekehrt. Es war wirklich eine transformative Zeit in vielerlei Hinsicht.

>>Soziologe: Weißt du, was ich besonders interessant finde? Wie schnell sich alles entwickelte! Innerhalb weniger Jahrzehnte veränderte sich das Leben der Menschen radikal – sowohl zum Guten als auch zum Schlechten. 
 >>Historiker: Die Geschwindigkeit dieser Veränderungen war wirklich atemberaubend! Besonders spannend finde ich, wie die industrielle Revolution nicht nur die Produktionsmethoden verändert hat, sondern auch tiefgreifende soziale Umwälzungen mit sich brachte. Zum Beispiel führte der Aufstieg der Arbeiterklasse zu erheblichen sozialen Missständen.

>>Wirtschaftswissenschaftler: Absolut, und diese Missstände haben letztlich zu wichtigen Reformen geführt. Denk nur an die Einführung von Sozialgesetzen im 19. Jahrhundert. Das war eine direkte Reaktion auf die schlechten Arbeitsbedingungen und hat den Grundstein für unsere heutigen sozialen Sicherungssysteme gelegt.

>>Soziologe: Ja, das erinnert mich an die rasche Urbanisierung damals. Viele Menschen lebten in überfüllten und unhygienischen Verhältnissen, was Krankheiten und hohe Sterblichkeit zur Folge hatte. Aber genau diese Bedingungen haben auch eine starke Solidarität unter den Arbeitern gefördert und waren der Beginn vieler sozialer Bewegungen.

>>Technikhistoriker: Stimmt, es ist faszinierend zu sehen, wie technologische Innovationen sowohl positive als auch negative Auswirkungen hatten. Neue Maschinen machten Arbeitsprozesse effizienter, aber gleichzeitig verschlechterten sich die Arbeitsbedingungen vieler Menschen erheblich.

>>Historiker: Genau! Diese sozialen Missstände führten zu bedeutenden Reformen wie dem Factory Act von 1833 in Großbritannien, der Kinderarbeit regulierte. Solche Gesetze legten den Grundstein für moderne soziale Sicherungssysteme.

>>Wirtschaftswissenschaftler: Und wenn wir uns die wirtschaftlichen Auswirkungen ansehen – diese Reformen haben nicht nur kurzfristige Verbesserungen gebracht. Langfristig haben sie den Kapitalismus entscheidend geprägt und zur Einführung von Arbeitsschutzmaßnahmen geführt.

>>Soziologe: Das stimmt! Diese Ereignisse haben das Bewusstsein für soziale Gerechtigkeit geschärft. Die Solidarität unter den Arbeitern wurde zur Grundlage moderner Gewerkschaften.

>>Technikhistoriker: Ich denke da auch an die technologischen Fortschritte während dieser Zeit. Sie verdrängten viele traditionelle Handwerksberufe, schufen aber gleichzeitig neue Industriezweige und trugen so langfristig zur wirtschaftlichen Entwicklung bei.

>>Historiker: Richtig! Und diese Entwicklungen zeigen deutlich, wie historische Ereignisse unsere heutige Gesellschaft beeinflusst haben. Es ist wichtig zu verstehen, dass solche Reformen nicht aus dem Nichts kamen – sie waren Reaktionen auf konkrete Probleme jener Zeit.

>>Wirtschaftswissenschaftler: Genau! Und es ist interessant zu sehen, wie diese historischen Lektionen heute noch relevant sind. Nehmen wir zum Beispiel aktuelle Diskussionen über Arbeitsbedingungen in der Gig-Economy – da gibt es viele Parallelen zu früheren Zeiten. 
 >>Technikhistoriker: Die technologische Entwicklung während der Industriellen Revolution hat nicht nur die Wirtschaft angekurbelt, sondern auch die Gesellschaft stark verändert. Ohne die Mechanisierung und den Einsatz von Dampfmaschinen hätten wir niemals die Produktivitätssteigerungen gesehen, die letztlich zur Urbanisierung und zur Entstehung neuer sozialer Klassen führten.

>>Historiker: Ja, das stimmt! Besonders interessant finde ich dabei, wie die zweite industrielle Revolution mit der Elektrizität eine noch tiefgreifendere Veränderung brachte. Sie ermöglichte Massenproduktion und veränderte unser Leben grundlegend. Heute sehen wir ähnliche Umwälzungen durch Digitalisierung und Industrie 4.0!

>>Wirtschaftswissenschaftler: Genau! Diese technologischen Fortschritte haben nicht nur die Produktivität gesteigert, sondern auch unsere Wirtschaft komplett umgekrempelt. Wenn man sich mal anschaut, wie die Dampfmaschine Produktionskapazitäten erhöht hat – das war der Startschuss für den modernen Kapitalismus.

>>Soziologe: Das erinnert mich an die sozialen Missstände damals. Menschen lebten oft in überfüllten und unhygienischen Verhältnissen, was zu Krankheiten führte. Heute sehen wir ähnliche Herausforderungen in schnell wachsenden Städten weltweit.

>>Technikhistoriker: Absolut! Und wenn wir uns dann noch die dritte industrielle Revolution anschauen – Mikroelektronik hat Produktionsprozesse revolutioniert und neue Märkte geschaffen.

>>Historiker: In meiner eigenen Forschung habe ich gesehen, wie digitale Tools unsere Arbeitsweise revolutioniert haben. Es ist wirklich faszinierend zu beobachten, wie diese Technologien unsere Gesellschaft verändern.

>>Wirtschaftswissenschaftler: Ja, und wenn man sich die langfristigen wirtschaftlichen Auswirkungen ansieht... Diese technologischen Fortschritte haben den modernen Kapitalismus maßgeblich geprägt und ermöglichen uns heute von den Vorteilen der Digitalisierung zu profitieren.

>>Soziologe: Na ja, es ist schon erstaunlich zu sehen, wie sich Geschichte wiederholt. Die sozialen Herausforderungen bleiben bestehen – sei es damals oder heute – aber ich denke auch an das Potenzial für positive Veränderungen durch Technologie.

>>Technikhistoriker: Absolut! Jede technologische Innovation birgt sowohl Chancen als auch Risiken. Es liegt an uns sicherzustellen, dass diese Entwicklungen zum Wohl aller genutzt werden. 
 >>Historiker: Es ist interessant, wenn wir die Industrielle Revolution im Kontext der Neolithischen Revolution betrachten. Beide Epochen brachten tiefgreifende gesellschaftliche Veränderungen mit sich. Die Neolithische Revolution markierte den Übergang von nomadischen Lebensweisen zu sesshaften Gemeinschaften, während die Industrielle Revolution zur Entstehung moderner Industriegesellschaften führte und das soziale Gefüge grundlegend veränderte.

>>Soziologe: Das erinnert mich an die sozialen Missstände, die durch die Urbanisierung während der Industriellen Revolution entstanden sind. Die Menschen zogen in Massen in die Städte, um Arbeit zu finden, aber die Lebensbedingungen waren oft katastrophal. Überfüllte Wohnverhältnisse wie im London des 19. Jahrhunderts und schlechte sanitäre Einrichtungen führten zu Krankheiten und hoher Sterblichkeit. Was denkt ihr darüber?

>>Wirtschaftswissenschaftler: Ja, genau! Es ist wichtig zu beachten, dass diese wirtschaftlichen Veränderungen nicht nur kurzfristige Effekte hatten. Langfristig gesehen legten sie den Grundstein für den modernen Kapitalismus und unsere heutigen Sozialsysteme. Laut historischen Daten verbesserte sich die Lebensqualität breiter Bevölkerungsschichten im Laufe des 19. Jahrhunderts signifikant.

>>Technikhistoriker: Ich finde es faszinierend, wie technologische Innovationen sowohl Chancen als auch Risiken mit sich bringen können. Die Dampfmaschine zum Beispiel revolutionierte nicht nur die Produktionstechnik, sondern hatte auch enorme Auswirkungen auf Transport und Kommunikation.

>>Soziologe: Na ja... um ehrlich zu sein erinnern mich viele dieser sozialen Missstände während der Industriellen Revolution an heutige Herausforderungen in urbanen Gebieten. Trotz aller technologischen Fortschritte sehen wir immer noch überfüllte Wohnverhältnisse und unzureichende sanitäre Einrichtungen in vielen Städten weltweit. Wir müssen aus der Geschichte lernen.

>>Historiker: Diese sozialen Missstände sind ein eindrucksvolles Beispiel dafür, wie tiefgreifend technologische und wirtschaftliche Veränderungen das soziale Gefüge beeinflussen können. Trotz aller Fortschritte bestehen viele dieser Probleme bis heute fort.

>>Wirtschaftswissenschaftler: Genau! Und gleichzeitig müssen wir uns fragen – haben wir wirklich aus diesen historischen Lektionen gelernt? 

>>Technikhistoriker: Ich denke schon! Aber es gibt immer Raum für Verbesserungen. Technologische Innovationen bieten uns ständig neue Möglichkeiten zur Lösung alter Probleme – wenn sie richtig eingesetzt werden! 
 >>Soziologe: Das erinnert mich an die Solidarität unter den Arbeitern während der Industriellen Revolution. Trotz der harten Bedingungen haben sie es geschafft, sich zu organisieren und für bessere Arbeitsbedingungen zu kämpfen.

>>Historiker: Ja, genau! Die Textilarbeiter in Manchester sind ein gutes Beispiel dafür. Sie haben nicht nur für bessere Arbeitsbedingungen gekämpft, sondern auch für Bildung und soziale Sicherheit. Diese Bewegungen haben nicht nur soziale, sondern auch politische Veränderungen angestoßen und den Grundstein für moderne Arbeitsrechte gelegt.

>>Wirtschaftswissenschaftler: Genau! Und wie du schon gesagt hast, diese Reformen hatten langfristige positive Effekte auf Produktivität und Wohlstand. Wenn wir uns die Daten ansehen: Die Einführung von Arbeitsrechten und sozialen Sicherungssystemen führte zu einer Erhöhung der Produktivität und des allgemeinen Wohlstands.

>>Technikhistoriker: Ehrlich gesagt, die technologischen Fortschritte während der Industriellen Revolution haben das tägliche Leben tiefgreifend verändert. Maschinen wie die Spinning Jenny und der mechanische Webstuhl verdrängten traditionelle Handwerksberufe und schufen neue Arbeitsformen. Diese Entwicklungen waren sowohl Segen als auch Fluch für die Arbeiterklasse.

>>Soziologe: Weißt du, was ich interessant finde? Wie sich ähnliche Muster in anderen historischen Epochen wiederholen – zum Beispiel bei den Bürgerrechtsbewegungen im 20. Jahrhundert – da gab es ebenfalls eine starke Solidarität unter den Betroffenen.

>>Wirtschaftswissenschaftler: Absolut! Und wenn wir über langfristige wirtschaftliche Effekte sprechen – sehen wir ähnliche positive Auswirkungen auf Produktivität und Wohlstand durch solche Bewegungen.

>>Technikhistoriker: Wenn wir uns die technologischen Fortschritte damals ansehen – glaubt ihr, dass moderne Technologien ähnliche duale Effekte haben könnten?

>>Historiker: Tja, das ist eine spannende Frage! Wenn man bedenkt, wie stark Technologie unser Leben beeinflusst hat... Ja, ich denke schon.

>>Soziologe: Das hängt wirklich davon ab, wie wir diese Technologien einsetzen – ob sie allen zugutekommen oder nur wenigen. 
 >>Wirtschaftswissenschaftler: Also, wenn wir die langfristigen wirtschaftlichen Effekte der sozialen Reformen während der Industriellen Revolution betrachten, sehen wir, dass diese nicht nur die Lebensbedingungen der Arbeiter verbesserten, sondern auch zur Stabilisierung des gesamten wirtschaftlichen Systems beitrugen. Technologische Fortschritte haben oft auch positive soziale Auswirkungen.

>>Historiker: Ähm, es ist wirklich bemerkenswert, wie die sozialen Reformen während der Industriellen Revolution den Grundstein für moderne Sozialsysteme legten. Diese Entwicklungen zeigen deutlich...

>>Soziologe (unterbricht): Ja, genau! Und diese Bewegungen waren entscheidend für bessere Arbeitsbedingungen. Ein gutes Beispiel dafür ist die Entstehung von Gewerkschaften wie die Allgemeine Deutsche Arbeiterverein im Jahr 1863.

>>Technikhistoriker: Ehrlich gesagt, ohne diese technologischen Innovationen wären viele dieser sozialen Veränderungen nicht möglich gewesen. Die Dampfmaschine zum Beispiel hat nicht nur Produktionsprozesse revolutioniert, sondern auch neue Arbeitsformen geschaffen. Vielleicht sollten wir das beim nächsten Mal genauer untersuchen.

>>Wirtschaftswissenschaftler: Genau! Und es ist wichtig zu betonen, dass diese Reformen nicht nur eine Reaktion auf schlechte Arbeitsbedingungen waren, sondern auch notwendig zur Stabilisierung des wirtschaftlichen Systems.

>>Historiker: Tja, ich denke auch an die langfristigen Effekte dieser Technologien. Die Dampfmaschine war ein Wendepunkt in vielen Industrien. Wir könnten darüber sprechen, wie solche Innovationen andere Epochen beeinflusst haben.

>>Soziologe: Na ja, das erinnert mich an die Bedeutung sozialer Bewegungen während dieser Zeit. Diese Bewegungen waren entscheidend für bessere Arbeitsbedingungen und haben den Weg für moderne Gewerkschaften geebnet.

>>Technikhistoriker: Nun gut, ich stimme zu. Es wäre interessant zu sehen, wie technologische Innovationen sowohl positive als auch negative Auswirkungen hatten. Vielleicht könnten wir uns beim nächsten Mal darauf konzentrieren?

>>Historiker: Absolut! Also dann... Ich denke wir haben heute viel erreicht und einige spannende Themen für unser nächstes Treffen identifiziert.

>>Wirtschaftswissenschaftler: Ja genau! Vielleicht könnte jeder von uns bis zum nächsten Mal ein paar konkrete Beispiele oder Daten zu den technologischen Innovationen vorbereiten?

>>Soziologe: Danke! Ich freue mich schon auf unser nächstes Gespräch!

>>Technikhistoriker: Bis dann! Macht's gut und bleibt gesund!","Während des Treffens wurde die industrielle Revolution als tiefgreifende Umgestaltung der wirtschaftlichen und sozialen Verhältnisse im 18. und 19. Jahrhundert besprochen. Die Diskussion begann mit der Feststellung, dass diese Revolution den Übergang von einer Agrar- zu einer Industriegesellschaft markierte, beginnend in England und sich später auf Westeuropa, die USA, Japan und andere Teile Asiens ausweitete.

Ein zentrales Thema war die Entstehung neuer Gesellschaftsklassen: kapitalistische Unternehmer und lohnabhängige Proletarier. Es wurde hervorgehoben, dass die industrielle Revolution eine beschleunigte Entwicklung von Technik, Produktivität und Wissenschaften zur Folge hatte, was jedoch auch zu sozialen Missständen führte. Diese Missstände führten zur sogenannten ""sozialen Frage"" und wiederkehrenden Arbeiterunruhen.

Die Teilnehmer diskutierten auch über die Bedeutung der industriellen Revolution im weltgeschichtlichen Kontext, vergleichbar mit dem Übergang vom Nomadentum zur Sesshaftigkeit in der Neolithischen Revolution. Zwei Begriffsebenen wurden unterschieden: eine Epochenbezeichnung für die Großindustrie und ein fortlaufender Prozess des Gesellschaftswandels.

Es wurde auf spätere historische Umbrüche hingewiesen, wie die zweite industrielle Revolution um 1900 (Mechanisierung, Elektrizität) und die dritte seit den 1970er Jahren (Mikroelektronik). Auch das Konzept der"
"In dem Treffen diskutierten die Teilnehmer, darunter ein Medienwissenschaftler, ein Journalist, ein Sozialpsychologe und ein Politikwissenschaftler, über die Herausforderungen und Strategien im Umgang mit Fake News. Sie betonten die Notwendigkeit, sowohl technologische als auch psychologische Ansätze zu verfolgen. Es wurde hervorgehoben, dass Plattformen wie Facebook und Twitter mehr Verantwortung übernehmen müssen und dass die Medienkompetenz der Bevölkerung gestärkt werden sollte. Emotionale Manipulation durch Fake News wurde als zentrales Problem identifiziert. Die Teilnehmer sprachen über historische und aktuelle Beispiele von Desinformation und deren Auswirkungen auf Gesellschaft und Politik. Vorschläge zur Bekämpfung von Fake News umfassten Bildungsprogramme in Schulen, Workshops für Erwachsene, strengere Regulierungen für soziale Netzwerke sowie internationale Kooperationen. Abschließend wurde betont, dass sowohl individuelle Verantwortung als auch systemische Änderungen notwendig sind, um die Verbreitung von Fake News effektiv zu bekämpfen.",">>Medienwissenschaftler: Guten Morgen zusammen! Ich freue mich, dass wir heute hier sind, um über ein so wichtiges Thema zu sprechen. Bevor wir in die Details gehen, möchte ich kurz die Ziele unseres Treffens skizzieren: Wir wollen die verschiedenen Aspekte der Fake News untersuchen und gemeinsam Strategien entwickeln, um ihre Verbreitung zu bekämpfen.

>>Journalist: Guten Morgen! Ehrlich gesagt, die Herausforderung liegt nicht nur in der Erkennung von Fake News. Wir müssen auch verstehen, wie sie sich verbreiten und gezielt dagegen vorgehen. Wie können wir sicherstellen, dass Plattformen wie Facebook und Twitter ihre Verantwortung ernst nehmen?

>>Medienwissenschaftler: Das ist eine interessante Frage.

>>Sozialpsychologe: Ja, genau!

>>Medienwissenschaftler: Ich denke, es ist entscheidend, dass wir nicht nur auf die Plattformen selbst schauen, sondern auch auf die Nutzer. Wie können wir die Medienkompetenz der Bevölkerung so stärken, dass sie Fake News besser erkennen und hinterfragen können?

>>Sozialpsychologe: Naja, es ist schon spannend zu sehen, wie stark Emotionen unser Verhalten beeinflussen können. Wenn wir uns die Verbreitung von Fake News ansehen, sehen wir oft eine gezielte Nutzung von Angst und Wut. Das zeigt uns doch deutlich, dass wir nicht nur auf technologische Lösungen setzen sollten. Psychologische Ansätze zur Stärkung der Medienkompetenz sind ebenso wichtig.

>>Politikwissenschaftler: Historisch gesehen haben Fake News immer eine politische Dimension gehabt. Ein aktuelles Beispiel wäre die Desinformation während der letzten Wahlen in den USA.

>>Journalist: Interessant! Das zeigt wirklich, wie alt dieses Phänomen ist.

>>Politikwissenschaftler: Die eigentliche Herausforderung liegt darin zu verstehen, wie unsere Gesellschaft darauf reagiert und welche politischen Maßnahmen ergriffen werden können.

>>Medienwissenschaftler: In der Tat ist das faszinierend. Wenn wir uns solche Beispiele ansehen, erkennen wir Muster in der Manipulation öffentlicher Meinung durch Geschichte hindurch. Wie können wir aus diesen Beispielen lernen und sie auf unsere heutigen Herausforderungen anwenden?

>>Journalist: Genau! Und dabei dürfen wir nicht vergessen – es geht nicht nur darum zu erkennen was falsch ist; es geht auch darum zu verstehen warum Menschen daran glauben wollen oder müssen.

>>Sozialpsychologe: Absolut richtig! Es gibt viele psychologische Faktoren im Spiel – kognitive Dissonanz zum Beispiel oder Bestätigungsfehler... Also wenn jemand bereits an etwas glaubt dann wird er Informationen suchen welche diese Überzeugung stützen statt widerlegen.

>>Politikwissenschaftler: Und genau da kommen politische Maßnahmen ins Spiel – Bildungskampagnen etwa oder gesetzliche Regelungen gegen Desinformation könnten helfen aber letztlich muss jeder Einzelne lernen kritisch mit Informationen umzugehen. 
 >>Journalist: Also, das ist eine gute Frage. Aber wie wir alle wissen, ist es nicht nur die Verantwortung des Einzelnen. Die Plattformen selbst müssen auch mehr tun, um Fake News zu bekämpfen. Ehrlich gesagt, ihre bisherigen Bemühungen sind oft halbherzig und ineffektiv.

>>Medienwissenschaftler: Ja, da stimme ich zu. Wir müssen lernen, Informationen kritisch zu hinterfragen und vertrauenswürdige Quellen zu nutzen. Es geht nicht nur darum, was die Plattformen machen, sondern auch darum, wie wir als Nutzer damit umgehen.

>>Sozialpsychologe: Genau! Und was ich besonders interessant finde, ist wie Fake News oft emotionale Trigger wie Angst und Wut nutzen. Das zeigt wirklich, wie stark unsere Emotionen unser Verhalten beeinflussen können. Wir sollten also nicht nur die Fakten prüfen, sondern auch darauf achten, wie wir emotional reagieren.

>>Medienwissenschaftler: Absolut! Ein gutes Beispiel dafür war während der COVID-19-Pandemie. Da haben viele Falschmeldungen durch die allgemeine Unsicherheit noch mehr an Fahrt gewonnen. Aber vielleicht sollten wir auch darüber sprechen, wie man Medienkompetenz verbessern kann? Zum Beispiel durch Bildungsprogramme in Schulen oder Workshops für Erwachsene.

>>Journalist: Ja genau! Die Verbreitung von Fake News ist oft so geschickt gemacht, dass selbst erfahrene Journalisten manchmal Schwierigkeiten haben, sie zu erkennen. Ich erinnere mich an einen Fall mit einem manipulierten Video – auf den ersten Blick sah es völlig echt aus!

>>Sozialpsychologe: Oh ja! Und dann gibt es noch diese ganzen Falschinformationen über Impfungen... Das hat bei vielen Menschen irrationale Ängste ausgelöst. Ich habe mal mit einer Freundin gesprochen, die total verunsichert war wegen solcher Nachrichten.

>>Politikwissenschaftler: Nun ja... Es gibt viele historische Beispiele für Desinformation als politisches Werkzeug. Denken Sie an Propaganda im Kalten Krieg oder an gefälschte Nachrichten während der US-Wahl 2016. Solche Strategien zielen darauf ab, öffentliche Meinungen gezielt zu manipulieren.

>>Medienwissenschaftler: Richtig! Und das zeigt uns wieder einmal die Macht der Medien und deren Einfluss auf unsere Gesellschaft und Politik.

>>Journalist: Interessant wäre doch auch mal zu diskutieren, ob es überhaupt möglich ist, Fake News komplett auszumerzen? Oder ob wir einfach lernen müssen besser damit umzugehen?

>>Sozialpsychologe: Gute Frage! Vielleicht sollten wir uns darauf konzentrieren resilienter gegen solche Manipulationen zu werden statt sie komplett verhindern zu wollen. 
 >>Medienwissenschaftler: Also, das ist eine interessante Frage. Lassen Sie mich das erklären: Die Verbreitung von Fake News führt nicht nur zu einer Verzerrung der öffentlichen Meinung, sondern auch zu einem tiefen Misstrauen gegenüber etablierten Medien und Institutionen. Wir sehen oft, dass dies langfristig die gesellschaftliche Kohäsion untergräbt und die Demokratie gefährdet.

>>Journalist: Ehrlich gesagt, die emotionale Manipulation durch Fake News ist ein ernstes Problem. Diese Nachrichten zielen oft darauf ab, starke Emotionen wie Angst oder Wut hervorzurufen, was ihre Verbreitung beschleunigt. Das führt dazu, dass Menschen irrational handeln und sogar Gewalt ausüben können. Ich habe selbst erlebt, wie schnell sich falsche Informationen verbreiten können...

>>Sozialpsychologe: Interessanterweise zeigt unsere Forschung, dass diese emotionale Manipulation nicht nur die Verbreitung beschleunigt, sondern auch langfristige psychologische Auswirkungen haben kann. Menschen entwickeln zum Beispiel anhaltende Ängste oder Misstrauen gegenüber bestimmten Gruppen oder Institutionen.

>>Medienwissenschaftler: Ja genau, und die Verbreitung von Fake News in sozialen Netzwerken folgt verhaltensökonomischen Mustern. Kognitive Verzerrungen spielen dabei eine große Rolle. Wir sehen oft...

>>Politikwissenschaftler (unterbricht): Moment mal, könnten Sie ein Beispiel für diese Verzerrungen geben?

>>Medienwissenschaftler: Natürlich! Ein gutes Beispiel wäre der Bestätigungsfehler – Menschen neigen dazu, Informationen zu suchen und zu glauben, die ihre bestehenden Überzeugungen bestätigen. Das verstärkt den Effekt von Fake News erheblich.

>>Journalist: Genau! Und denken Sie an die wirtschaftlichen Auswirkungen von Fake News - wie bei der Vinci-Aktie 2016 oder dem falschen Tweet über eine Explosion bei Barack Obama... Das hat enorme finanzielle Schäden verursacht. 
 >>Politikwissenschaftler: Interessanterweise, wenn wir historische Beispiele betrachten, sehen wir, dass Desinformation schon immer ein politisches Werkzeug war. Denken Sie an die gefälschten Berichte über die Schlacht von Kadesh oder die antisemitischen Falschmeldungen im Mittelalter. Das zeigt doch deutlich, wie tief verwurzelt und gefährlich diese Praxis ist.

>>Medienwissenschaftler: Also, das ist eine interessante Frage. Tatsächlich sehen wir, dass die Manipulation durch Fake News nicht nur historische Wurzeln hat, sondern auch in der modernen Zeit erhebliche Auswirkungen zeigt. Denken Sie an die Verbreitung von Falschmeldungen während der US-Präsidentschaftswahlen – diese Beispiele verdeutlichen, wie Fake News gezielt eingesetzt werden können, um wirtschaftliche und politische Ziele zu erreichen.

>>Journalist: Ehrlich gesagt, die modernen Beispiele sind besonders beunruhigend. Nehmen wir den Fall von Wirecard – falsche Berichte haben dazu geführt, dass Investoren Milliarden verloren haben! Unglaublich! Das zeigt doch, wie anfällig unsere Systeme für solche Manipulationen sind.

>>Sozialpsychologe (unterbricht): Entschuldigung, aber gibt es spezifische psychologische Mechanismen hinter dieser Anfälligkeit?

>>Medienwissenschaftler: Gute Frage! Ja, tatsächlich gibt es da einige Mechanismen. Zum Beispiel neigen Menschen dazu...

>>Sozialpsychologe (nickt zustimmend): Ja genau! Besonders interessant finde ich dabei den Einfluss von Confirmation Bias auf die Verbreitung von Fake News.

>>Medienwissenschaftler: Genau! Und das wirft natürlich die Frage auf: Wie können wir unsere Systeme widerstandsfähiger gegen solche Manipulationen machen?

>>Sozialpsychologe: Welche psychologischen Mechanismen machen Menschen besonders anfällig für Fake News und wie können wir diese Erkenntnisse nutzen, um bessere Aufklärung zu betreiben? 
 >>Medienwissenschaftler: Also, die Rolle der sozialen Netzwerke bei der Verbreitung von Fake News ist wirklich komplex. Sie wirken oft wie Verstärker, die durch Algorithmen und virale Mechanismen die Reichweite solcher Nachrichten enorm erhöhen. Das führt dazu, dass emotionale und sensationelle Inhalte bevorzugt werden.

>>Journalist: Genau, das sehe ich auch so. Die Algorithmen sind darauf ausgelegt, Inhalte zu pushen, die starke Reaktionen hervorrufen. Aber es gibt auch eine menschliche Komponente – viele Leute teilen Fake News einfach, weil sie ihre eigenen Überzeugungen bestätigen wollen.

>>Sozialpsychologe: Absolut! Emotionale Trigger spielen eine zentrale Rolle dabei. Wenn Menschen emotional reagieren, teilen sie eher unkritisch weiter. Ich habe mal einen Fall gesehen, wo ein falsches Gerücht über einen Prominenten in wenigen Stunden viral ging.

>>Politikwissenschaftler: Historisch gesehen haben politische Akteure immer wieder Desinformation genutzt. Heute bieten soziale Netzwerke eine Plattform dafür. Wie können wir verhindern, dass diese Mechanismen unsere demokratischen Prozesse untergraben?

>>Medienwissenschaftler: Gute Frage! Vielleicht könnten wir mehr aufklären und Medienkompetenz fördern. Es wäre wichtig zu zeigen, wie man Informationen kritisch hinterfragt.

>>Journalist: Ja genau! Und vielleicht sollten wir auch darüber nachdenken, wie wir die Algorithmen ändern können. Zum Beispiel könnten Plattformen weniger Gewicht auf emotionale Reaktionen legen und stattdessen verlässliche Quellen hervorheben.

>>Sozialpsychologe: Das wäre ein guter Ansatz. Wir müssen den Nutzern helfen zu verstehen, warum sie bestimmte Inhalte teilen und wie sie ihre eigenen Reaktionen hinterfragen können.

>>Politikwissenschaftler: Ein weiterer Punkt ist Transparenz. Wenn Nutzer wissen würden, warum ihnen bestimmte Inhalte angezeigt werden, könnten sie bewusster damit umgehen.

>>Medienwissenschaftler: Stimmt! Und es wäre hilfreich, wenn soziale Netzwerke transparenter machen würden, wie ihre Algorithmen funktionieren und welche Maßnahmen gegen Fake News ergriffen werden.

>>Journalist: Genau! Und vielleicht sollten wir auch konkrete Beispiele nutzen – erinnert ihr euch an den Fall mit dem gefälschten Wahlbetrugsvideo? Solche Fälle zeigen deutlich die Auswirkungen von Fehlinformationen.

>>Sozialpsychologe: Ja klar! Solche Beispiele machen das Problem greifbarer für die Menschen und helfen ihnen zu verstehen, warum kritisches Denken so wichtig ist. 
 >>Journalist: Also, das ist eine gute Frage. Wie wir alle wissen, sind Fake News oft so gestaltet, dass sie emotional ansprechen und sich schnell verbreiten. Ich denke wirklich, dass wir mehr in die Medienkompetenz investieren müssen. Es reicht nicht aus, nur Fakten zu präsentieren; wir müssen den Menschen beibringen, wie sie diese Fakten kritisch hinterfragen können.

>>Medienwissenschaftler: Ja, das sehe ich auch so. Wir sollten uns die Rolle der Algorithmen in sozialen Netzwerken genauer anschauen. Diese Algorithmen priorisieren Inhalte mit hoher Interaktion, was oft Fake News begünstigt. Transparenz über diese Mechanismen wäre hier entscheidend.

>>Journalist: Genau! Aber lassen Sie uns nicht vergessen, dass auch die Nutzer eine Verantwortung tragen. Wir müssen sie besser darin schulen, wie sie Informationen bewerten und hinterfragen können.

>>Sozialpsychologe: Interessanterweise spielen emotionale Reaktionen eine zentrale Rolle bei der Verbreitung von Fake News. Es ist wichtig, dass wir nicht nur die Algorithmen und Plattformen betrachten, sondern auch die psychologischen Mechanismen verstehen, die Menschen dazu bringen, solche Nachrichten zu teilen. Wenn wir diese Mechanismen besser verstehen, können wir gezieltere Bildungsprogramme entwickeln.

>>Medienwissenschaftler: In der Tat! Die wirtschaftlichen Anreize hinter Fake News sind ebenfalls entscheidend. Diese Inhalte werden oft erstellt, um Klicks und damit Werbeeinnahmen zu generieren. Eine Möglichkeit wäre es also auch hier anzusetzen und diese finanziellen Anreize zu reduzieren oder zu eliminieren.

>>Politikwissenschaftler: Nun ja... Das stimmt schon alles soweit. Aber denken Sie daran: Die politischen Akteure nutzen Desinformation strategisch zur Manipulation der öffentlichen Meinung. Wir brauchen strengere Regulierungen und Sanktionen gegen solche Praktiken.

>>Journalist: Absolut richtig! Und ehrlich gesagt sollten wir auch darüber nachdenken, wie man politische Bildung stärken kann – damit Menschen besser erkennen können, wann sie manipuliert werden sollen.

>>Sozialpsychologe: Ja genau! Wenn wir gezielte Bildungsprogramme entwickeln könnten – Programme die sowohl emotionale als auch kognitive Aspekte berücksichtigen – dann könnten wir wirklich einen Unterschied machen.

>>Medienwissenschaftler: Na ja... Ein weiterer Aspekt wäre es vielleicht noch stärker auf Kooperationen zwischen Wissenschaftlern und Journalisten zu setzen – um gemeinsam fundierte Informationen bereitzustellen und Falschinformationen schneller entlarven zu können.

>>Politikwissenschaftler: Tatsächlich könnte das helfen... Aber letztendlich muss auch jeder Einzelne lernen Verantwortung für seinen Medienkonsum zu übernehmen! 
 >>Journalist: Also, um ehrlich zu sein, ist es nicht nur die Verantwortung des Einzelnen. Die Medien selbst müssen auch transparenter werden. Es gibt immer noch viele Plattformen, die keine klaren Richtlinien zur Verifizierung von Informationen haben.

>>Medienwissenschaftler: Genau! Und es ist entscheidend, die Mechanismen zu verstehen, durch die Fake News verbreitet werden. Wie wir alle wissen, spielen Algorithmen eine zentrale Rolle dabei. Wir sollten uns fragen: Wie können wir diese Algorithmen transparenter gestalten und ihre Funktionsweise besser nachvollziehen?

>>Journalist: Absolut! Und es ist wichtig, dass wir die Rolle der sozialen Netzwerke nicht unterschätzen. Diese Plattformen müssen mehr Verantwortung übernehmen und ihre Algorithmen so anpassen, dass verlässliche Quellen bevorzugt werden.

>>Sozialpsychologe (unterbricht): Moment mal! Ich denke auch an die psychologische Komponente - wie beeinflussen diese Algorithmen unsere Wahrnehmung und Entscheidungen?

>>Medienwissenschaftler: Guter Punkt! Das bringt uns zu einer weiteren wichtigen Frage: Wie können wir sicherstellen, dass diese Änderungen auch wirklich umgesetzt werden? Und ja, die psychologische Wirkung darf nicht unterschätzt werden.

>>Sozialpsychologe: Interessanterweise spielen emotionale Reaktionen eine zentrale Rolle bei der Verbreitung von Fake News. Ähm... das bedeutet...

>>Politikwissenschaftler (unterbricht): Moment mal! Was ist mit den politischen Implikationen? Wenn soziale Netzwerke ihre Algorithmen ändern würden...

>>Journalist (überlappt): Genau! Das könnte enorme Auswirkungen auf politische Kampagnen haben.

>>Medienwissenschaftler: Absolut richtig. Es zeigt sich also deutlich... dass wir alle noch viel zu lernen haben!

>>(alle lachen)

>>Sozialpsychologe: ...dass wir hier viele Aspekte berücksichtigen müssen! 
 >>Medienwissenschaftler: Also, wir dürfen die Rolle der Algorithmen in sozialen Netzwerken nicht unterschätzen. Diese Algorithmen priorisieren Inhalte, die hohe Interaktionen erzeugen – oft emotionale oder polarisierende Beiträge. Wie können wir sicherstellen, dass diese Mechanismen transparenter werden und weniger anfällig für Missbrauch?

>>Journalist: Wir sollten auch die Verantwortung der Nutzer nicht vergessen. Was können wir tun, um Menschen dazu zu bringen, kritischer mit den Informationen umzugehen, die sie konsumieren? Vielleicht könnten gezielte Kampagnen das Bewusstsein für Fake News schärfen.

>>Sozialpsychologe: Emotionale Reaktionen spielen eine zentrale Rolle bei der Verbreitung von Fake News. Es wäre hilfreich zu überlegen, wie wir die emotionale Resilienz der Nutzer stärken können. Das könnte ein Schlüssel sein, um ihre Anfälligkeit zu verringern.

>>Politikwissenschaftler: Politische Akteure profitieren oft von diesen Mechanismen. Wie verhindern wir, dass politische Interessen überhandnehmen und die Integrität der Informationen gewahrt bleibt? Strengere Regulierungen und unabhängige Überprüfungen könnten helfen.

>>Medienwissenschaftler: Medienkompetenz in Schulen sollte stärker betont werden. Praktische Workshops in Zusammenarbeit mit Medienhäusern könnten jungen Menschen frühzeitig beibringen, Informationen kritisch zu hinterfragen und Fake News zu erkennen.

>>Journalist: Wissen Sie was? Wir müssen auch die Nutzer stärker in die Verantwortung nehmen und sie aktiv gegen Fake News vorgehen lassen. Ein Programm zur Förderung des kritischen Denkens könnte helfen – Nutzer belohnen fürs Aufdecken und Melden von Falschinformationen wäre ein Ansatz.

>>Sozialpsychologe: Soziale Normen und Gruppendynamiken sind ebenfalls wichtig. Wie ermutigen wir Menschen in ihren sozialen Kreisen dazu, kritisch zu denken und Fake News zu hinterfragen? Programme zur Stärkung des kollektiven Bewusstseins könnten positive Verhaltensweisen fördern.

>>Politikwissenschaftler: Internationale Kooperationen wären auch sinnvoll. Wie können Länder zusammenarbeiten, um globale Standards gegen Fake News zu entwickeln? Gemeinsame Initiativen könnten hier einen großen Unterschied machen.

>>Medienwissenschaftler: Genau! Und vielleicht sollten Journalisten besser geschult werden im Umgang mit Falschinformationen. Regelmäßige Schulungen und Workshops könnten ihre Fähigkeiten verbessern und somit zur Bekämpfung von Fake News beitragen.

>>Journalist: Absolut! Und Medienunternehmen selbst sollten mehr Verantwortung übernehmen. Transparente Richtlinien zur Verifizierung von Informationen wären ein guter Anfang.

>>Sozialpsychologe: Ja genau! Letztlich geht es darum, das Vertrauen der Öffentlichkeit zurückzugewinnen. Wenn Menschen sehen, dass ernsthafte Anstrengungen unternommen werden um Fake News zu bekämpfen... dann wird das sicherlich positive Auswirkungen haben. 
 >>Journalist: Ehrlich gesagt, ich habe selbst erlebt, wie Fake News meine Arbeit als Journalist beeinflusst haben. Einmal wurde ein Artikel von mir absichtlich verfälscht und in sozialen Medien verbreitet. Die Reaktionen darauf waren heftig und es hat Wochen gedauert, den Schaden zu beheben.

>>Medienwissenschaftler: Ich erinnere mich an eine Situation, in der ein gefälschtes Video über einen angeblichen Skandal in einer großen Firma viral ging. Die Auswirkungen waren enorm – Aktienkurse fielen und es gab massive Entlassungen, bevor die Wahrheit ans Licht kam. Das zeigt deutlich, wie Fake News nicht nur Einzelpersonen, sondern ganze Unternehmen destabilisieren können.

>>Sozialpsychologe: Interessanterweise erinnere ich mich an eine Situation, in der ein Freund von mir auf eine gefälschte Nachricht hereingefallen ist. Es ging um eine angebliche Gesundheitsgefahr durch ein neues Produkt. Ähm...

>>Politikwissenschaftler (unterbricht): Meinst du diese neuen Nahrungsergänzungsmittel?

>>Sozialpsychologe: Ja genau! Er war so überzeugt davon, dass er seine Kaufgewohnheiten komplett änderte und sogar andere Leute warnte. Das zeigt wirklich, wie stark Fake News unser Verhalten beeinflussen können.

>>(Nicken im Raum)

>>Journalist: Diese Art von Geschichten sind wirklich beängstigend!

>>Medienwissenschaftler: Absolut! Ich denke auch an einen Fall mit einem gefälschten Bericht über eine angebliche Naturkatastrophe. Die Panik führte zu Hamsterkäufen und einem erheblichen wirtschaftlichen Schaden für lokale Geschäfte.

>>(Zustimmendes Murmeln im Raum)

>>Sozialpsychologe: Wir scheinen alle ähnliche Erfahrungen gemacht zu haben!

>>(Handy klingelt im Hintergrund)

>>(Teilnehmer entschuldigt sich leise)

>>Politikwissenschaftler (schmunzelnd): Immer diese Handys... Wo waren wir stehen geblieben?

>>Sozialpsychologe: Um ehrlich zu sein... habe ich auch eine persönliche Erfahrung mit Fake News gemacht. Einmal hat ein gefälschtes Gerücht über eine angebliche Gefahr durch ein Lebensmittelprodukt in meiner Familie Panik ausgelöst. Es dauerte Wochen bis wir die Wahrheit herausfanden und wieder Vertrauen in das Produkt hatten.

>>(Kurzes Nicken aller Teilnehmer)

>>Medienwissenschaftler: Tatsächlich gibt es viele solcher Fälle. Aber was können wir tun? Wie können wir uns besser gegen solche Falschinformationen schützen?

>>Journalist: Eine Möglichkeit wäre sicherlich mehr Aufklärung und Medienkompetenz zu fördern. Wenn Menschen besser verstehen, wie sie Informationen kritisch hinterfragen können, wären sie weniger anfällig für Fake News.

>>Politikwissenschaftler: Genau! Und vielleicht sollten soziale Medienplattformen stärker reguliert werden, um die Verbreitung von Falschinformationen einzudämmen.

>>(Zustimmendes Gemurmel im Raum) 
 >>Medienwissenschaftler: Also, wenn wir die verschiedenen Ideen priorisieren wollen, sollten wir sowohl die Machbarkeit als auch den potenziellen Einfluss berücksichtigen. Ähm, ein Ansatz könnte sein, sich auf Bildungsprogramme zur Medienkompetenz zu konzentrieren. Diese könnten langfristig die Resilienz der Gesellschaft gegen Fake News stärken.

>>Journalist: Ehrlich gesagt, ich denke, dass wir uns auch auf die Rolle der sozialen Netzwerke konzentrieren sollten. Diese Plattformen haben einen enormen Einfluss auf die Verbreitung von Fake News und könnten durch gezielte Änderungen ihrer Algorithmen viel bewirken.

>>Medienwissenschaftler: Ja, das sehe ich auch so. Ich denke, wir sollten daran denken, dass Transparenz bei den Algorithmen der Plattformen wichtig ist. Und wenn wir gleichzeitig Bildungsprogramme zur Medienkompetenz fördern, könnten wir eine doppelte Wirkung erzielen. Vielleicht könnten wir auch konkrete Beispiele für erfolgreiche Bildungsprogramme einbringen.

>>Sozialpsychologe: Interessanterweise sollten wir bei der Priorisierung auch die psychologischen Mechanismen berücksichtigen, die Menschen anfällig für Fake News machen. Ähm, das bedeutet, dass Bildungsprogramme nicht nur Fakten vermitteln sollten...

>>Politikwissenschaftler (unterbricht): Darf ich kurz unterbrechen? Wie genau würden diese Programme emotionale Resilienz fördern? Ich meine...

>>Sozialpsychologe: Gute Frage! Also kurz gesagt, emotionale Resilienz kann durch Übungen gestärkt werden – zum Beispiel Rollenspiele oder Simulationen. Ich kann später mehr dazu sagen.

>>Medienwissenschaftler: Genau! Und wenn wir diese psychologischen Mechanismen berücksichtigen und in unsere Programme integrieren...

>>Journalist: Das klingt sinnvoll. Vielleicht könnten wir auch überlegen, wie man solche Übungen in bestehende Schulcurricula integrieren könnte?

>>Sozialpsychologe: Absolut! Das wäre eine großartige Möglichkeit.","In der heutigen Brainstorming-Sitzung wurde das Thema ""Fake News"" umfassend diskutiert. Fake News sind absichtlich falsche oder irreführende Informationen, die oft in Form von Nachrichten verbreitet werden, um die öffentliche Meinung zu manipulieren und bestimmte politische, soziale oder wirtschaftliche Ziele zu verfolgen. Diese können als Artikel, Bilder, Videos oder Social-Media-Beiträge auftreten und sind schwer von echten Nachrichten zu unterscheiden.

Die Teilnehmer betonten die schwerwiegenden Folgen der Verbreitung von Fake News, wie die Verzerrung der öffentlichen Meinung und das Misstrauen gegenüber etablierten Medien. Es wurde hervorgehoben, dass zur Bekämpfung von Fake News Medienkompetenz und kritische Analysefähigkeiten notwendig sind.

Karoline Kuhla wies darauf hin, dass Fake News oft emotional aufgeladen sind und sich besonders gut über soziale Medien verbreiten. Markus Appel ergänzte, dass diese Nachrichten im Stil echter journalistischer Beiträge präsentiert werden, obwohl sie nicht den Fakten entsprechen.

Es wurde auch über historische Beispiele für Fake News gesprochen sowie über moderne Fälle wie den Einfluss auf Wahlen und Börsenkurse. Die Rolle sozialer Netzwerke bei der Verbreitung von Fake News wurde ebenfalls thematisiert.

Abschließend wurden Maßnahmen zur Erkennung und Bekämpfung von Fake News erörtert, darunter Debunking-Strategien und Fact-Checking-Initiativen. Die Bedeutung vertrauenswürdiger Informationsquellen wurde betont."
"In dem Treffen diskutierten ein Kampfsport-Trainer, ein Historiker und ein Kulturwissenschaftler die tiefen historischen, kulturellen und spirituellen Wurzeln der Kampfkünste. Der Trainer betonte die Bedeutung der korrekten Technik über reine Kraft. Der Historiker hob hervor, wie Techniken aus Fechtbüchern des Mittelalters nicht nur den Kampf, sondern auch geistige Disziplin und moralische Integrität lehrten. Der Kulturwissenschaftler wies auf die spirituelle Dimension hin, insbesondere im Zen-Buddhismus und Daoismus, wo Kampfkünste als Form der Meditation betrachtet werden. Es wurde vereinbart, regelmäßige Trainings- und Meditationssitzungen abzuhalten und historische sowie rituelle Elemente in das Training zu integrieren. Ziel ist es, sowohl die technischen Fähigkeiten als auch die geistige Klarheit und emotionale Ausgeglichenheit zu fördern.",">>Kampfsport-Trainer: Guten Morgen zusammen! Ich hoffe, ihr hattet alle eine gute Anreise. Bevor wir in die Details gehen, möchte ich kurz die Ziele unseres heutigen Treffens skizzieren.
>>Historiker: Guten Morgen! Es ist immer wieder faszinierend, wie tief die Wurzeln der Kampfkünste in unserer Geschichte verankert sind. Schon im Mittelalter wurden Techniken und Philosophien in Fechtbüchern festgehalten, die nicht nur den Kampf, sondern auch geistige Disziplin und moralische Integrität betonten.
>>Kulturwissenschaftler: Guten Morgen! Es ist wirklich bemerkenswert, wie tief die kulturellen und spirituellen Aspekte der Kampfkünste in verschiedenen Traditionen verwurzelt sind. Diese Praktiken dienen nicht nur der Selbstverteidigung, sondern auch der inneren Harmonie und Meditation.
>>Kampfsport-Trainer: Genau. Unser Ziel heute ist es, nicht nur die Techniken und deren historische Entwicklung zu verstehen, sondern auch ihre kulturelle und spirituelle Bedeutung zu erfassen.
>>Historiker: Ja, das finde ich besonders spannend! Ein Blick in die Vergangenheit zeigt uns, dass viele dieser Techniken und Rituale tief in der Geschichte verwurzelt sind. Interessanterweise haben sich diese Prinzipien auch in anderen Kulturen ähnlich entwickelt.
>>Kampfsport-Trainer: Richtig. Und das ist auch der Grund, warum wir im Training so viel Wert auf korrekte Ausführung legen. Es geht nicht nur darum stark zu sein, sondern präzise und effizient zu handeln. Technik vor Kraft!
>>Historiker: Das sehe ich auch so! Wenn wir diese historischen Fechtbücher betrachten, sehen wir deutlich den Einfluss von Philosophie und Moral auf die Kampfkünste.
>>Kulturwissenschaftler: Ähm... wenn wir die spirituelle Dimension betrachten, sehen wir wie tief diese Praktiken in rituellen Traditionen verwurzelt sind. Im Zen-Buddhismus zum Beispiel wird das Üben von Kampfkünsten oft als Form der Meditation betrachtet – ein Weg zur Erleuchtung.
>>Historiker: Interessant! Aber wie sehen Sie den Einfluss anderer Religionen oder Philosophien auf die Entwicklung dieser Künste?
>>Kulturwissenschaftler: Gute Frage! In vielen Kulturen gibt es ähnliche Ansätze. Zum Beispiel im Daoismus spielt das Gleichgewicht zwischen Körper und Geist eine zentrale Rolle bei den Kampfkünsten.
>>Kampfsport-Trainer: Absolut richtig. Die korrekte Ausführung jeder Technik ist entscheidend für körperliche Stärke sowie geistige Disziplin und Präzision. Deshalb legen wir großen Wert auf Wiederholung und Perfektionierung jeder Bewegung. 
 >>Historiker: Das ist ein interessanter Punkt. Wenn wir die historische Entwicklung der Kampfkünste betrachten, sehen wir, dass viele Techniken ursprünglich für den Krieg entwickelt wurden und später in sportliche oder rituelle Kontexte überführt wurden. Zum Beispiel das Fechten im Mittelalter, das sich zu einem Sport entwickelte.

>>Kulturwissenschaftler: Ja genau! Und wenn wir die kulturelle und spirituelle Dimension der Kampfkünste betrachten, sehen wir, dass viele Techniken nicht nur zur physischen Verteidigung dienen, sondern auch tief in rituellen und meditativen Praktiken verwurzelt sind. Im Zen-Buddhismus wird das Üben von Kampfkünsten oft als Weg zur inneren Harmonie und Selbstfindung betrachtet.

>>Kampfsport-Trainer: Absolut! In der praktischen Anwendung geht es oft darum, die Techniken so zu adaptieren, dass sie in realen Situationen effektiv sind. Technik vor Kraft! Ich erinnere mich an einen Fall im Training, wo eine einfache Hebeltechnik im Jiu-Jitsu wirklich effektiv war und einen viel stärkeren Gegner außer Gefecht setzen konnte.

>>Historiker: Ein Blick in die Vergangenheit zeigt uns auch, dass viele dieser Techniken nicht nur für den Krieg, sondern auch für das tägliche Leben entwickelt wurden. Zum Beispiel wurden im mittelalterlichen Europa Fechttechniken bei Duellen und zur Selbstverteidigung in städtischen Umgebungen eingesetzt.

>>Kulturwissenschaftler: Genau! Und diese Techniken haben oft eine tiefe symbolische Bedeutung. Ähm... zum Beispiel repräsentiert der Schwertkampf im japanischen Bushido nicht nur eine Kampfkunstform, sondern auch eine Lebensphilosophie.

>>Kampfsport-Trainer: Richtig! Aber ich denke auch darüber nach, wie diese alten Techniken heute noch relevant sein können. Eine gut ausgeführte Technik kann immer noch sehr effektiv sein. Konzentration ist der Schlüssel!

>>Historiker: Apropos Relevanz – ein weiterer interessanter Aspekt ist die Rolle der Waffen in der historischen Entwicklung der Kampfkünste. Viele Techniken wurden ursprünglich entwickelt, um mit verschiedenen Waffen umzugehen – wie das Schwert im mittelalterlichen Europa oder die Rattanstöcke im Arnis.

>>Kampfsport-Trainer: Absolut! Und wenn man bedenkt, wie sich diese Techniken an moderne Selbstverteidigungssituationen anpassen lassen... Na ja... eine Technik aus dem mittelalterlichen Fechten kann heute noch effektiv sein, wenn sie richtig modifiziert wird.

>>Kulturwissenschaftler: Ja genau! Es gibt so viele Ebenen zu berücksichtigen – physisch und geistig. Die Verbindung zwischen Körper und Geist ist entscheidend für das Verständnis vieler dieser traditionellen Kampfkünste. 
 >>Historiker: Nun, wenn wir über die historische Verwendung von Waffen in den Kampfkünsten sprechen, ist es faszinierend zu sehen, wie Rattanstöcke im Arnis oder Schwerter im Iaidō nicht nur als Werkzeuge des Kampfes dienten, sondern auch tief in die kulturellen und spirituellen Praktiken eingebettet waren. Diese Waffen hatten oft eine symbolische Bedeutung und waren Teil ritueller Zeremonien.

>>Kulturwissenschaftler: Das ist wirklich interessant! Die symbolische Bedeutung von Waffen in den Kampfkünsten ist faszinierend. Man könnte sagen, dass sie oft als Verlängerung des eigenen Körpers und Geistes betrachtet werden. In vielen Traditionen sind diese Waffen nicht nur Werkzeuge des Kampfes, sondern auch spirituelle Objekte, die eine Verbindung zu den Ahnen und der Natur herstellen.

>>Kampfsport-Trainer: Ja, das stimmt. Aber neben der Symbolik sind diese Waffen auch extrem effektiv in realen Selbstverteidigungssituationen. Es ist wichtig, dass wir diese Techniken korrekt und präzise ausführen.

>>Historiker: Das ist ein interessanter Punkt. Wenn wir die historische Entwicklung betrachten—

>>Kulturwissenschaftler (unterbricht): Entschuldigung für die Unterbrechung – ich wollte nur hinzufügen, dass diese Waffen oft auch als Kunstwerke betrachtet wurden. Die Handwerkskunst dahinter war unglaublich detailliert.

>>Historiker: Ja genau! Diese Waffen waren oft Symbole für Macht und Ehre und wurden mit großer Sorgfalt behandelt. Und wie du sagst, war die Handwerkskunst ein wesentlicher Aspekt ihrer Bedeutung.

>>Kulturwissenschaftler: Interessant! Wenn wir die kulturelle und spirituelle Bedeutung von Waffen in den Kampfkünsten betrachten—

>>(Handy klingelt leise im Hintergrund)

—sehen wir auch ihre Rolle als heilige Objekte...

>>(alle schauen kurz zum Handy)

...die eine tiefe Verbindung zwischen dem Praktizierenden und der Waffe schaffen können.

>>(Handy wird schnell stummgeschaltet)

>>Kampfsport-Trainer: Na ja... Die Pflege und das Training mit diesen Waffen sind nicht nur spirituell bedeutend...

>>(alle nicken zustimmend)

...sondern auch praktisch von großer Bedeutung. Wenn man die Techniken korrekt beherrscht...

...kann man sich in realen Situationen effektiv verteidigen.

>>Historiker: Ein Blick in die Vergangenheit zeigt uns auch—

Im mittelalterlichen Europa beispielsweise waren Schwerter nicht nur Werkzeuge des Krieges...

...(alle konzentrieren sich wieder auf das Gespräch)

...sondern auch Zeichen von Adel und Macht. Diese symbolische Bedeutung hat sich über die Jahrhunderte hinweg entwickelt und ist in vielen Kulturen tief verwurzelt.

>>Kulturwissenschaftler: Tja—

—wenn wir die Pflege und das Training mit diesen Waffen als eine Form der Meditation betrachten...

...(alle hören aufmerksam zu)

...dann sehen wir auch, wie diese Praktiken eine tiefere Verbindung zwischen dem Individuum und seiner Umgebung schaffen können. Diese rituellen Handlungen fördern ein Gefühl der Gemeinschaft und des Respekts vor den Traditionen.

>>Kampfsport-Trainer: Die praktische Anwendung dieser Waffen ist nicht nur historisch interessant—

...(kurzes Nicken vom Historiker)

—sondern auch heute noch relevant. Wenn wir die Techniken richtig beherrschen—

...(zustimmendes Murmeln vom Kulturwissenschaftler)

—können wir uns effektiv verteidigen und gleichzeitig die Traditionen ehren. 
 >>Historiker: Das ist ein interessanter Punkt. Wenn wir die historische Entwicklung der Kampfkünste betrachten, sehen wir, dass viele Techniken und Philosophien aus verschiedenen Kulturen übernommen und angepasst wurden. Zum Beispiel hat das mittelalterliche europäische Fechten stark von den italienischen und französischen Schulen profitiert, während im 20. Jahrhundert asiatische Einflüsse wie Judo und Karate in Deutschland populär wurden. Diese Techniken waren nicht nur militärisch relevant, sondern auch ein Zeichen von Adel und Ehre.

>>Kulturwissenschaftler: Ja, genau! Besonders wenn man die spirituellen und kulturellen Aspekte der Kampfkünste betrachtet, sieht man oft eine tiefe Verbindung zur Selbstfindung und inneren Harmonie. Ähm, im Zen-Buddhismus wird die Praxis der Kampfkünste als Weg zur Erleuchtung betrachtet. Was denkt ihr darüber?

>>Kampfsport-Trainer: Also, ich finde das sehr spannend! In meiner Erfahrung als Trainer sehe ich oft, wie wichtig diese spirituellen Aspekte für viele Schüler sind. Aber wenn wir über die praktische Anwendung sprechen, ist es wichtig zu betonen, dass Technik vor Kraft kommt. Ein gutes Beispiel wäre Judo: Es nutzt die Energie des Gegners gegen ihn selbst. Konzentration ist der Schlüssel!

>>Historiker: Stimmt! Und wenn wir weiter zurückblicken, sehen wir auch im mittelalterlichen Europa ähnliche Prinzipien.

>>Kulturwissenschaftler: Interessant! Wenn wir die kulturelle Bedeutung weiter betrachten, fällt auf, dass viele Techniken tief in den Traditionen verwurzelt sind. Im Tai Chi zum Beispiel wird jede Bewegung als eine Form der Meditation betrachtet – das zeigt die enge Verbindung zwischen Körper und Geist.

>>Kampfsport-Trainer: Genau! Und das zeigt auch, wie wichtig es ist, die Techniken korrekt zu erlernen und anzuwenden. Ich denke da an Aikido: Es geht darum, die Energie des Angreifers umzuleiten und ihn so zu kontrollieren.

>>Historiker: Ja genau! Und diese Disziplin spiegelt sich auch in den rituellen Aspekten wider – sei es durch Meditation oder bestimmte Zeremonien vor dem Training.

>>Kulturwissenschaftler: Richtig! Diese Rituale helfen dabei...

>>Kampfsport-Trainer (unterbricht): ...sich mental vorzubereiten und fokussiert zu bleiben – etwas sehr Wichtiges sowohl historisch als auch heutzutage.

>>Historiker: Absolut! Aber glaubt ihr nicht auch, dass einige dieser historischen Techniken heute vielleicht nicht mehr so relevant sind? Ich meine speziell im Kontext moderner Selbstverteidigung?

>>Kampfsport-Trainer: Gute Frage! Ich denke schon, dass einige Prinzipien universell anwendbar sind. Zum Beispiel habe ich mal einen Schüler gehabt...

>>Kulturwissenschaftler (neugierig): Oh ja? Erzähl uns mehr!

>>Kampfsport-Trainer: Klar! Also dieser Schüler war ziemlich klein und schmächtig. Er hatte immer Probleme mit größeren Gegnern beim Sparring. Durch gezieltes Training in Judo konnte er lernen, ihre eigene Kraft gegen sie zu nutzen – genau das Prinzip ""Technik vor Kraft"". Das hat ihm enorm geholfen!

>>Historiker (nickt zustimmend): Das ist ein tolles Beispiel dafür, wie alte Techniken noch heute relevant sein können. 
 >>Kulturwissenschaftler: Nun, wenn wir über die Unterscheidung zwischen Kampfkünsten und Kampfsportarten sprechen, ist es wichtig zu betonen, dass Kampfkünste oft tief in kulturellen und spirituellen Traditionen verwurzelt sind. Diese Praktiken gehen über das rein Physische hinaus und beinhalten Rituale, Meditation und eine Philosophie des Lebens.

>>Kampfsport-Trainer: Also, was viele nicht verstehen, ist, dass die Techniken im Kampfsport oft auf ihre praktische Anwendung hin optimiert sind. Im Gegensatz zu den traditionellen Kampfkünsten liegt der Fokus im Kampfsport auf praktischer Anwendung und Effektivität in Wettkämpfen.

>>Historiker: Das ist ein interessanter Punkt. Wenn wir die historische Entwicklung betrachten, sehen wir, dass viele Kampfkünste ursprünglich als kriegerische Techniken entwickelt wurden...

>>Kulturwissenschaftler (unterbricht): Entschuldigung, dass ich unterbreche, aber könnten Sie ein konkretes historisches Beispiel nennen?

>>Historiker: Natürlich! Ein gutes Beispiel wäre das japanische Kendo. Ursprünglich als Kenjutsu bekannt und von Samurai verwendet, hat es sich im Laufe der Zeit weiterentwickelt und beinhaltet heute auch philosophische Elemente wie Zen-Meditation.

>>Kulturwissenschaftler: Das ist wirklich faszinierend! Ich erinnere mich an meine erste Kendo-Stunde – ich war total überfordert!

>>Kampfsport-Trainer (lacht): Ja, das kann ich mir vorstellen! Und das zeigt auch wieder den Unterschied zum modernen Boxen...

>>Historiker (lacht): Moment mal! Einer nach dem anderen!

>>Kulturwissenschaftler (lächelnd): Okay okay... Also wie ich sagte... 
 >>Kampfsport-Trainer: Warum trainiert ihr eigentlich Kampfsport? Für mich ist es nicht nur die Technik, sondern auch die mentale Stärke und Disziplin, die man entwickelt. Was sind eure persönlichen Gründe?

>>Historiker: Wenn wir uns die Geschichte der Kampfkünste anschauen, sehen wir, dass sie oft zur Selbstverteidigung und zum Schutz der Gemeinschaft dienten. Diese Techniken schulten nicht nur physische Fähigkeiten, sondern vermittelten auch moralische Werte.

>>Kulturwissenschaftler: Das stimmt! Und ich finde es besonders interessant, wie tief verwurzelt diese Traditionen im Zen-Buddhismus und Daoismus sind. Sie bieten nicht nur körperliche Vorteile, sondern fördern auch geistiges Wohlbefinden.

>>Kampfsport-Trainer: Genau! Es geht nicht nur um körperliche Fitness oder Selbstverteidigung, sondern auch um mentale Stärke und Disziplin. Technik vor Kraft!

>>Historiker: Interessant! Aber ich frage mich manchmal, ob diese philosophischen Aspekte wirklich so stark im Vordergrund standen oder ob das eine moderne Interpretation ist.

>>Kulturwissenschaftler: Gute Frage. Ich denke aber schon, dass diese spirituellen Elemente immer eine Rolle gespielt haben. Besonders in den östlichen Traditionen war die Verbindung von Körper und Geist sehr wichtig.

>>Kampfsport-Trainer: Für mich ist die praktische Anwendung entscheidend. Es geht darum, Techniken so zu beherrschen, dass sie in realen Situationen effektiv sind.

>>Historiker: Klar, das ist natürlich ein wichtiger Aspekt. Aber ich finde es spannend zu sehen, wie sich diese Techniken über die Jahrhunderte entwickelt haben und welche kulturellen Einflüsse dabei eine Rolle spielten.

>>Kulturwissenschaftler: Ja genau! Und heute nutzen viele Menschen Kampfkünste als eine Form der Meditation und Selbstreflexion. Das zeigt doch, wie vielseitig diese Praktiken sind. 
 >>Kampfsport-Trainer: Das ist ein guter Punkt, aber wir müssen auch sicherstellen, dass unsere Techniken in realen Situationen effektiv sind. Ähm, wie können wir die verschiedenen Abteilungen besser koordinieren, um sicherzustellen, dass alle auf dem gleichen Stand sind?

>>Historiker: In der Geschichte der Kampfkünste war Zusammenarbeit immer wichtig. Wir könnten regelmäßige interdisziplinäre Treffen einführen, um besser koordiniert zu sein.

>>Kulturwissenschaftler: Interessant! Neben der Technik ist auch das innere Gleichgewicht wichtig. Regelmäßige Meditationssitzungen könnten uns dabei helfen.

>>Kampfsport-Trainer: Also ich denke, regelmäßige Trainingssitzungen wären sinnvoll... Was haltet ihr davon?

>>Historiker (unterbricht): Ja genau! Und vielleicht ein Trainingslager?

>>Kulturwissenschaftler: Genau! Solche Treffen fördern nicht nur den physischen Austausch sondern auch das innere Gleichgewicht. Vielleicht könnten wir auch gemeinsame Meditationssitzungen einführen.

>>Kampfsport-Trainer: Gut gemacht! Wir sollten auch spezifische Ziele für jede Abteilung festlegen. So weiß jeder genau worauf er hinarbeitet und wie sein Beitrag zum Gesamterfolg passt. Was meint ihr?

>>Historiker: Absolut richtig! Klare Ziele helfen jedem zu verstehen wie er zum großen Ganzen beiträgt.

>>Kulturwissenschaftler: Genau! Und durch klare Ziele können wir sicherstellen dass jeder motiviert bleibt und seinen Beitrag leistet. 
 >>Kampfsport-Trainer: Also, um das Ganze zusammenzufassen: Wir haben uns darauf geeinigt, dass Technik wichtiger ist als Kraft und regelmäßige Trainings- sowie Meditationssitzungen entscheidend sind. Bleibt stark und konzentriert euch auf die korrekte Ausführung der Techniken!

>>Historiker: Das stimmt! Technik war immer zentral. Wie können wir das am besten in unser Training integrieren?

>>Kulturwissenschaftler: Die spirituelle Dimension der Kampfkünste, insbesondere die Verbindung zu Meditation und innerer Harmonie, ist von unschätzbarem Wert. Diese Praktiken fördern nicht nur körperliche Stärke, sondern auch geistige Klarheit und emotionale Ausgeglichenheit. Wir sollten sicherstellen, dass diese Aspekte in unseren Trainingssitzungen integriert werden.

>>Kampfsport-Trainer: Klingt gut! Dann planen wir die nächsten Schritte. Wer kann sich um die historischen Beispiele kümmern? Und wer übernimmt die Planung der Meditationssitzungen?

>>Historiker: Ich kann mich um die historischen Beispiele kümmern. Vielleicht könnten wir historische Fechtbücher durchgehen und relevante Techniken auswählen.

>>Kulturwissenschaftler: Eine großartige Idee! Ich könnte rituelle Elemente aus verschiedenen Kulturen recherchieren und vorschlagen, wie wir sie einbauen können.

>>Kampfsport-Trainer: Super! Also fassen wir zusammen: Regelmäßige Trainings- und Meditationssitzungen mit klaren Zielen für jede Abteilung. Historische Einblicke von dir, [Historiker], und rituelle Elemente von dir, [Kulturwissenschaftler].

>>Historiker: Das klingt nach einem guten Plan. Ich bin gespannt auf die Umsetzung.

>>Kulturwissenschaftler: Ja, ich auch. Es wird interessant sein zu sehen, wie sich alles entwickelt.","In der heutigen Sitzung wurde das Thema Kampfkunst umfassend diskutiert. Es wurde festgestellt, dass Kampfkunst Techniken zur Selbstverteidigung und Kriegsführung umfasst, wobei der subjektive konzeptionelle Nutzwert in spezifischen Anwendungsszenarien entscheidend ist. Diese Szenarien können Sportkämpfe, kriegerische Zweikämpfe oder Selbstverteidigungssituationen sein.

Ein weiterer Diskussionspunkt war die Einbeziehung von Waffen in einigen Kampfsystemen, wie Rattanstöcke im Arnis oder Schwerter im Iaidō. Es wurde betont, dass Systeme mit verstärkten Waffen (z.B. durch Chemikalien oder Motoren) nicht als Kampfkunst gelten.

Die historische Entwicklung der Kampfkünste wurde ebenfalls erörtert. Im Mittelalter gab es verschiedene Fechtstile in Europa, während sich im 20. Jahrhundert fernöstliche Kampfkünste wie Jiu-Jitsu und Judo in Deutschland verbreiteten. Die Popularität dieser Künste wurde durch Filme wie ""Enter the Dragon"" und ""Karate Kid"" weiter gesteigert.

Es wurde auch auf die Unterscheidung zwischen Kampfkunst und Kampfsport eingegangen. Während Kampfkunst oft mit spirituellen und künstlerisch-ästhetischen Praktiken verbunden wird, fokussiert sich Kampfsport auf wettkämpferische Aspekte.

Abschließend wurden die vielfältigen Motivationen für das Training von Kampfk"
"In dem Meeting diskutierten die Teilnehmer über die Rolle von SpaceX in der Raumfahrt und deren innovative Ansätze, insbesondere die Wiederverwendbarkeit von Raketenstufen, die zu erheblichen Kostensenkungen geführt hat. Der Raumfahrtingenieur betonte die präzise Landungstechnologie und zukünftige Projekte wie das Starship. Der Wirtschaftsanalyst hob hervor, dass andere Unternehmen ihre Technologien verbessern müssen, um wettbewerbsfähig zu bleiben. Der Historiker wies auf den wirtschaftlichen Wendepunkt hin, den SpaceX erreicht hat, während der Kommunikationsexperte die revolutionären Auswirkungen auf den Zugang zum Weltraum betonte.

Es wurde auch über Elon Musks Vision der Marskolonisation gesprochen und wie diese das Unternehmen geprägt hat. Die Entwicklung der Falcon 9 und des Dragon-Raumschiffs wurde als entscheidend für den Erfolg von SpaceX angesehen. Die Einführung der Falcon Heavy im Jahr 2018 markierte einen weiteren Meilenstein.

Die Diskussion umfasste auch Herausforderungen und Rückschläge in der Raumfahrtgeschichte sowie die Bedeutung klarer Kommunikation über technische Fortschritte. Autonome Raumfahrzeuge und KI wurden als zukünftige Entwicklungen betrachtet, die Effizienz steigern und Risiken minimieren könnten.

Abschließend einigten sich die Teilnehmer darauf, dass kontinuierliche Innovationen notwendig sind, um wettbewerbsfähig zu bleiben, wobei Sicherheit stets oberste Priorität haben sollte.",">>Raumfahrtingenieur: Hallo zusammen! Heute sprechen wir über innovative Ansätze in der Raumfahrt und wie SpaceX dabei eine zentrale Rolle spielt.
>>Wirtschaftsanalyst: Guten Morgen! SpaceX hat durch die Wiederverwendbarkeit der Raketenstufen die Kosten für Satellitenstarts gesenkt. Das ist beeindruckend! Aber wie wirkt sich das auf den Wettbewerb aus?
>>Historiker: In den frühen Tagen der Raumfahrt war jede Mission ein großes Risiko und sehr teuer. SpaceX hat diese Dynamik verändert und einen wirtschaftlichen Wendepunkt erreicht.
>>Kommunikationsexperte: Hallo! Die Innovationen von SpaceX haben nicht nur die Kosten gesenkt, sondern auch den Zugang zum Weltraum revolutioniert. Das betrifft uns alle!
>>Raumfahrtingenieur: Genau, die präzise Landung auf Drohnenschiffen im Ozean zeigt die Genauigkeit der Steuerungstechnik von SpaceX. Schauen wir uns auch zukünftige Projekte wie das Starship an – das könnte die Startkosten weiter senken.
>>Wirtschaftsanalyst: Ja, andere Unternehmen müssen ihre Technologien verbessern oder neue Strategien entwickeln, um mithalten zu können.
>>Historiker: Es ist faszinierend zu sehen, wie SpaceX die Raumfahrtindustrie revolutioniert hat und neue Maßstäbe setzt.
>>Kommunikationsexperte: Absolut richtig! Diese Entwicklungen könnten den Zugang zum Weltraum für viele neue Akteure öffnen. 
 >>Raumfahrtingenieur: Also, wenn wir über die frühen Herausforderungen von SpaceX sprechen, müssen wir unbedingt Elon Musks visionäre Idee der Marskolonisation erwähnen. Seine Vision war es, Technologien zu entwickeln, die es der Menschheit ermöglichen sollen, den Mars zu besiedeln und das Leben auf andere Planeten zu verbreiten. Das hat die Richtung von SpaceX maßgeblich beeinflusst.

>>Historiker: Diese Vision hat nicht nur das Unternehmen geprägt, sondern auch die gesamte Raumfahrtindustrie inspiriert. Es ist faszinierend zu sehen, wie eine einzelne Idee so viele Menschen motivieren kann.

>>Wirtschaftsanalyst: Wenn man sich die Zahlen anschaut, sieht man deutlich den wirtschaftlichen Aufschwung nach den anfänglichen Fehlschlägen mit der Falcon 1. Die Investitionen in die Entwicklung der Falcon 9 und Dragon haben sich wirklich ausgezahlt!

>>Kommunikationsexperte: Ich erinnere mich noch gut daran, wie skeptisch viele am Anfang waren. Es war eine Herausforderung, die Bedeutung dieser Entwicklungen klar zu machen und sowohl Investoren als auch die Öffentlichkeit zu überzeugen.

>>Raumfahrtingenieur: Wenn wir über die frühen Herausforderungen von SpaceX sprechen, müssen wir auch die Entwicklung der Falcon 9 und des Dragon-Raumschiffs erwähnen. Diese beiden Projekte waren entscheidend für den Erfolg des Unternehmens und haben gezeigt, dass in der Raumfahrt nichts unmöglich ist. Die Falcon 9 hat nicht nur die Kosten für Satellitenstarts drastisch gesenkt, sondern auch durch ihre Wiederverwendbarkeit neue Maßstäbe gesetzt.

>>Historiker: Genau! Und wenn man sich an frühere Zeiten erinnert... Ähm... Es gab immer wieder Rückschläge in der Raumfahrtgeschichte.

>>Wirtschaftsanalyst: Stimmt! Aber was SpaceX geschafft hat – diese Hartnäckigkeit trotz Fehlschlägen – ist wirklich bemerkenswert. Die technologischen Fortschritte sind enorm und haben eine neue Ära der Raumfahrt eingeläutet.

>>Kommunikationsexperte: Es war wichtig, diese Erfolge verständlich zu kommunizieren, damit jeder versteht, warum sie so bahnbrechend sind. Ohne klare Kommunikation hätten viele diese Meilensteine vielleicht gar nicht richtig wahrgenommen.

>>Raumfahrtingenieur: Absolut richtig! Und dabei dürfen wir nicht vergessen wie schwierig es am Anfang war mit all diesen technischen Hürden umzugehen... 
 >>Historiker: Erinnern wir uns an die Einführung der Falcon Heavy im Jahr 2018. Das war ein Wendepunkt in der Geschichte, nicht nur wegen ihrer beeindruckenden Leistung, sondern auch weil sie die stärkste kommerziell verfügbare Trägerrakete wurde. Das hat SpaceX wirklich an die Spitze der Raumfahrtindustrie katapultiert.

>>Wirtschaftsanalyst: Absolut! Wenn man die Zahlen betrachtet, hat SpaceX durch die Einführung der Falcon Heavy nicht nur technologische Meilensteine erreicht, sondern auch den Marktanteil erheblich gesteigert. Die Wiederverwendbarkeit der Raketen hat die Startkosten drastisch gesenkt und den Wettbewerb unter Druck gesetzt.

>>Raumfahrtingenieur: Ja, und was wirklich revolutionär war, ist diese Wiederverwendbarkeit. Das hat neue Möglichkeiten eröffnet und den Zugang zum Weltraum viel erschwinglicher gemacht.

>>Kommunikationsexperte: Genau! Und das zeigt auch, wie Effizienz und Fortschritt Hand in Hand gehen können. Außerdem haben sie es geschafft, komplexe technische Konzepte verständlich zu machen und Begeisterung bei einem breiten Publikum zu wecken.

>>Historiker: Richtig! Apropos frühere Versuche mit wiederverwendbaren Raketen... Es gab viele Rückschläge. Aber SpaceX hat es geschafft!

>>Wirtschaftsanalyst: Ja, ihre Marktführerschaft seit 2017 hat den Wettbewerb wirklich aufgerüttelt. Sie haben nicht nur die Kosten gesenkt, sondern auch neue Standards gesetzt und andere Unternehmen gezwungen, ihre Strategien zu überdenken.

>>Raumfahrtingenieur: Stimmt genau! Die Wiederverwendbarkeit öffnet so viele Türen für zukünftige Missionen und macht Raumfahrt zugänglicher als je zuvor.

>>Kommunikationsexperte: Und wenn man an ihre Öffentlichkeitsarbeit denkt – sie haben es geschafft, eine breite Öffentlichkeit für Raumfahrt zu begeistern.

>>Historiker: Ja, das erinnert mich daran, wie wichtig es ist, aus vergangenen Fehlern zu lernen und sie in zukünftige Erfolge umzuwandeln. 
 >>Raumfahrtingenieur: Also, die bemannten Flüge zur ISS seit 2020 sind wirklich ein Meilenstein. Die Crew Dragon hat gezeigt, dass wir regelmäßig und zuverlässig Astronauten zur Raumstation bringen können. Das ist ein großer Fortschritt für die Raumfahrt.

>>Wirtschaftsanalyst: Ich finde es beeindruckend, wie SpaceX durch diese Missionen nicht nur technologisch vorankommt, sondern auch wirtschaftlich enorm profitiert. Diese Missionen haben das Vertrauen in kommerzielle Raumfahrt gestärkt und könnten langfristig eine neue Ära der Weltraumwirtschaft einläuten.

>>Kommunikationsexperte: Ich möchte betonen, wie das Starlink-Projekt nicht nur die globale Internetabdeckung revolutioniert, sondern auch eine enorme logistische Meisterleistung darstellt. Über 4400 Satelliten im Orbit! Aber was wirklich erstaunlich ist, ist die Koordination und Präzision, um Kollisionen zu vermeiden und stabile Verbindungen zu gewährleisten.

>>Historiker: Erinnern wir uns an die frühen Tage der Raumfahrt mit den Apollo-Missionen. Damals war es unvorstellbar, dass private Unternehmen wie SpaceX eines Tages eine so zentrale Rolle spielen würden. Faszinierend!

>>Raumfahrtingenieur: Ja genau! Und wenn man bedenkt, welche technischen Herausforderungen wir bei diesen Missionen überwinden mussten – von den fortschrittlichen Algorithmen bis hin zu den Steuerungssystemen – das ist wirklich bemerkenswert.

>>Wirtschaftsanalyst: Absolut! Und wenn man sich die finanziellen Aspekte ansieht – SpaceX könnte durch die globale Internetabdeckung einen enormen Wettbewerbsvorteil erlangen. Die Einnahmen aus diesen Projekten könnten den Markt nachhaltig verändern.

>>Kommunikationsexperte: Na ja, ich finde es spannend zu sehen, wie all diese Projekte zusammenkommen und welche Möglichkeiten sie eröffnen. Es zeigt wirklich das Potenzial der Raumfahrtindustrie.

>>Historiker: Nun ja, wenn wir zurückblicken und sehen, wie weit wir gekommen sind – von den ersten Mondlandungen bis hin zu privaten Unternehmen im All – dann wird klar, dass wir noch viele spannende Entwicklungen vor uns haben. Die öffentliche Wahrnehmung hat sich auch stark verändert; früher war Raumfahrt fast ausschließlich staatlich geprägt.

>>Raumfahrtingenieur: Genau! Und jetzt sehen wir eine ganz neue Dynamik durch private Initiativen. Das ist wirklich aufregend! 
 >>Historiker: Erinnern wir uns an die frühen Tage der Raumfahrt, als Rückschläge wie Raketenexplosionen und technische Probleme fast an der Tagesordnung waren. Ähm, SpaceX hat da keine Ausnahme gemacht. Die Falcon 1 hatte mehrere Fehlschläge, bevor sie endlich erfolgreich war... das war ein Wendepunkt in der Geschichte.

>>Wirtschaftsanalyst: Ja, genau! Wenn man sich die Zahlen anschaut, sieht man, dass SpaceX trotz dieser Rückschläge den Markt revolutioniert hat. Ehrlich gesagt, solche Herausforderungen sind oft Katalysatoren für noch größere Erfolge.

>>Raumfahrtingenieur: Also, die technischen Herausforderungen bei der Entwicklung von Raumfahrzeugen sind enorm. Denken Sie nur an die Komplexität der Triebwerksentwicklung und die Notwendigkeit, jedes Bauteil unter extremen Bedingungen zu testen. Diese Fortschritte sind entscheidend für den Erfolg zukünftiger Missionen.

>>Kommunikationsexperte: Na ja, Rückschläge wie Raketenexplosionen sind oft unvermeidlich. Aber sie bieten auch die Möglichkeit, aus Fehlern zu lernen und Verbesserungen vorzunehmen. Klare Kommunikation über diese Herausforderungen ist entscheidend, um das Vertrauen der Öffentlichkeit zu gewinnen.

>>Historiker: Genau! Erinnern wir uns an die Apollo-1-Katastrophe im Jahr 1967. Das war ein tragischer Unfall mit drei verlorenen Astronautenleben. Aber es führte auch zu enormen Sicherheitsverbesserungen... ein weiterer Wendepunkt in der Geschichte.

>>Raumfahrtingenieur: Und denken Sie nur an die Entwicklung neuer Materialien und Technologien! Jedes Bauteil muss unter extremen Bedingungen getestet werden – eine enorme Herausforderung.

>>Wirtschaftsanalyst: Lassen Sie uns überlegen, wie diese Rückschläge die finanzielle Stabilität von SpaceX beeinflusst haben. Trotz Raketenexplosionen und technischer Probleme konnte SpaceX seinen Marktanteil um 20% steigern und die Kosten pro Start um 30% senken durch kontinuierliche Innovation und Kostensenkungen.

>>Historiker: Und dann gab es noch die Challenger-Katastrophe 1986. Ein schwerer Rückschlag für die NASA, aber er führte zu umfassenden Überarbeitungen der Sicherheitsprotokolle. Die Vergangenheit lehrt uns viel über notwendige Veränderungen nach Tragödien.

>>Kommunikationsexperte: Absolut! Diese Ereignisse zeigen auch, wie wichtig es ist, transparent über Risiken und Fortschritte zu kommunizieren. Nur so kann man das Vertrauen aufrechterhalten und weiter vorankommen. 
 >>Max (Raumfahrtingenieur): Also, wenn wir über die Innovationskultur bei SpaceX sprechen, müssen wir auch die technischen Durchbrüche betrachten. Die Entwicklung der wiederverwendbaren Raketen ist ein Paradebeispiel dafür. Das hat nicht nur die Kosten gesenkt, sondern auch den gesamten Markt revolutioniert! Bei einem unserer Projekte haben wir versucht, ähnliche Techniken zu implementieren. Es war unglaublich herausfordernd, aber letztlich haben wir es geschafft und konnten dadurch unsere Effizienz erheblich steigern.

>>Anna (Wirtschaftsanalystin): Ja, das ist wirklich beeindruckend. Wenn man die Zahlen betrachtet, sieht man, dass SpaceX durch diese Wiederverwendung die Startkosten drastisch gesenkt hat. Ehrlich gesagt, in der Wirtschaft geht es immer um Angebot und Nachfrage – und SpaceX hat hier einen neuen Standard gesetzt! In meiner Zeit als Analystin habe ich gesehen, wie Unternehmen durch kontinuierliche Innovation ihre Marktposition stärken konnten. Es ist erstaunlich, wie sich Investitionen in Forschung und Entwicklung langfristig auszahlen können.

>>Paul (Historiker): Nun ja, erinnern wir uns an die frühen Tage der Raumfahrt, als jede Mission ein enormes Risiko darstellte. SpaceX hat es geschafft, diese Risiken durch innovative Technologien und eine Kultur des ständigen Lernens zu minimieren. Aber ist das wirklich nachhaltig? Die Vergangenheit zeigt oft Rückschläge bei kontinuierlicher Innovation.

>>Lisa (Kommunikationsexpertin): Das ist eine gute Frage! Ähm... ich denke auch, dass klare Kommunikation ihrer Ziele und Erfolge entscheidend ist. Wie Sie sehen können, hat SpaceX durch ihre Öffentlichkeitsarbeit viele Menschen inspiriert und motiviert.

>>Max: Genau! Die Frage der Nachhaltigkeit ist entscheidend. SpaceX hat durch die Wiederverwendbarkeit nicht nur Kosten gesenkt, sondern auch eine neue Ära in der Raumfahrt eingeläutet. Aber wie ihr wisst... das Streben nach Innovation erfordert ständige Anpassung und Verbesserung.

>>Anna: Lassen Sie uns überlegen... wie schafft es SpaceX eigentlich diese Innovationskultur aufrechtzuerhalten? Ehrlich gesagt spielt finanzielle Stabilität eine große Rolle dabei. Ihre Investitionen in Forschung und Entwicklung sind enorm hoch – das zahlt sich langfristig aus!

>>Paul: Ja genau! Und wenn man an historische Beispiele denkt... nun ja... kontinuierliche Innovation war immer mit Rückschlägen verbunden – denken Sie nur an Apollo-1 oder Challenger-Katastrophen! Diese Ereignisse haben gezeigt wie wichtig Sicherheitsprotokolle sind.

>>Lisa: Absolut richtig! Und deshalb finde ich es so wichtig dass Unternehmen wie SpaceX offen kommunizieren was sie tun um solche Risiken zu minimieren – das schafft Vertrauen bei den Menschen!

>>Max: Ich erinnere mich noch gut an ein Projekt bei dem wir ähnliche Herausforderungen hatten...

>>Anna: Oh ja Max! Kannst du uns mehr darüber erzählen?

>>Max: Klar Anna! Wir hatten damals enorme technische Schwierigkeiten überwinden müssen... 
 >>Raumfahrtingenieur: Also, wenn wir über neue Möglichkeiten in der Raumfahrt sprechen, sollten wir die Entwicklung von autonomen Raumfahrzeugen nicht außer Acht lassen. Diese könnten nicht nur die Effizienz steigern, sondern auch das Risiko für menschliche Astronauten minimieren. Das wäre ein bedeutender Fortschritt...

>>Wirtschaftsanalyst: Ähm, ja, und wenn man die wirtschaftlichen Aspekte dieser autonomen Raumfahrzeuge betrachtet, könnten diese Technologien nicht nur die Betriebskosten senken, sondern auch neue Marktsegmente erschließen. Meiner Meinung nach könnte das wirklich bahnbrechend sein!

>>Historiker: Nun, erinnern wir uns an die frühen Tage der Raumfahrt, als jede Mission ein enormes Risiko darstellte. Die Entwicklung autonomer Raumfahrzeuge könnte tatsächlich ein Wendepunkt in der Geschichte sein, ähnlich wie die Einführung der wiederverwendbaren Raketenstufen durch SpaceX. Faszinierend!

>>Raumfahrtingenieur: Wenn wir die Entwicklung autonomer Raumfahrzeuge weiterdenken, könnten wir auch über die Integration von künstlicher Intelligenz nachdenken. Diese könnte nicht nur die Navigation und Steuerung verbessern, sondern auch in Echtzeit auf unvorhergesehene Ereignisse reagieren.

>>Wirtschaftsanalyst: Genau! Und wenn man darüber nachdenkt, wie KI in autonomen Raumfahrzeugen integriert werden kann... Ähm... das würde nicht nur die Effizienz steigern, sondern auch neue Geschäftsmöglichkeiten schaffen. Ich sehe hier einen enormen Markt für KI-gestützte Weltraumtechnologien.

>>Kommunikationsexperte: Na ja, ich denke auch an den Aspekt der Kommunikation mit diesen autonomen Systemen. Wie können wir sicherstellen, dass sie verständlich und zuverlässig sind? Das ist entscheidend für den Erfolg solcher Missionen.

>>Raumfahrtingenieur: Absolut! Und wenn wir über interplanetare Missionen sprechen... Also stellen Sie sich vor, wie KI-gesteuerte Systeme auf dem Mars oder anderen Planeten autonom arbeiten könnten! Das wäre eine enorme wissenschaftliche Errungenschaft.

>>Historiker: Ja genau! Ähm... denken Sie daran zurück an Apollo 13 und all diese improvisierten Lösungen damals. Mit KI hätten solche Situationen vielleicht ganz anders ausgesehen.

>>Kommunikationsexperte: Und was ist mit der Selbstreparatur? Na ja... Stellen Sie sich vor ein Raumfahrzeug auf dem Mars erkennt Schäden selbstständig und behebt sie! Das würde doch alles verändern.

>>Wirtschaftsanalyst: Richtig! Die Selbstreparatur von Raumfahrzeugen könnte erhebliche Kosteneinsparungen bringen und gleichzeitig ihre Lebensdauer verlängern. Ich sehe hier eine Revolution in der Wartung und Instandhaltung. 
 >>Kommunikationsexperte: Fantastisch! Ähm, lassen Sie mich erklären, wie wichtig es ist, diese technischen Fortschritte auch verständlich zu kommunizieren. Wenn die Öffentlichkeit versteht, wie revolutionär diese Entwicklungen sind, wird das Vertrauen und die Unterstützung für zukünftige Projekte enorm steigen.

>>Raumfahrtingenieur: Ja, absolut! Die Wiederverwendbarkeit der Raketenstufen hat die Kosten für den Zugang zum Weltraum drastisch gesenkt. Aber wir müssen sicherstellen, dass diese Innovationen auch langfristig nachhaltig bleiben. Das bedeutet kontinuierliche Verbesserungen bei Materialien und Technologien.

>>Historiker: Erinnern wir uns an die frühen Tage der Raumfahrt, als jede Mission ein enormes Risiko darstellte. Die Wiederverwendbarkeit von Raketenstufen ist wirklich ein Wendepunkt in der Geschichte...

>>Wirtschaftsanalyst (unterbricht): Moment mal, was bedeutet das für die aktuellen Markttrends? Wie sehen Sie das im Kontext der wirtschaftlichen Nachhaltigkeit?

>>Raumfahrtingenieur: Gute Frage! Die Wiederverwendbarkeit hat die Startkosten um 30% gesenkt und ermöglicht jährlich 20 zusätzliche Missionen. Aber wir müssen weiter in Forschung und Entwicklung investieren, um langfristig wettbewerbsfähig zu bleiben.

>>Wirtschaftsanalyst: Genau, wenn man sich die Zahlen ansieht... kontinuierliche Investitionen sind entscheidend. Es geht immer um Angebot und Nachfrage – je mehr wir in nachhaltige Technologien investieren...

>>Kommunikationsexperte: ...desto größer wird der Markt für diese Innovationen. Und je besser wir darüber kommunizieren können, desto mehr Menschen werden davon überzeugt sein.

>>Wirtschaftsanalyst: Richtig! Ein gutes Beispiel ist SpaceX – ihre wiederverwendbaren Raketen haben nicht nur Kosten gespart, sondern auch neue Geschäftsmöglichkeiten geschaffen. 
 >>Raumfahrtingenieur: Also, ich erinnere mich an die frühen Tage der Entwicklung der Falcon 9. Es war unglaublich herausfordernd, aber auch äußerst lohnend! Besonders spannend war es, als wir das erste Mal eine Raketenstufe erfolgreich gelandet haben. Das hat uns allen einen riesigen Motivationsschub gegeben.

>>Historiker: Ja, das muss ein unglaublicher Moment gewesen sein! Ich habe mal ein Projekt über die Apollo-Missionen gemacht und dabei gelernt, wie schwierig es damals war, überhaupt ins All zu kommen. Die Wiederverwendbarkeit von Raketenstufen wäre damals unvorstellbar gewesen!

>>Wirtschaftsanalyst: Ehrlich gesagt, die Wiederverwendbarkeit hat den Markt revolutioniert! Die Kostenreduktion hat nicht nur SpaceX einen Wettbewerbsvorteil verschafft, sondern auch den gesamten Markt verändert.

>>Raumfahrtingenieur: Absolut. Und ich erinnere mich noch gut an die Entwicklung des Raptor-Triebwerks. Einmal hatten wir so viele Rückschläge mit dem Brennkammerdruck... Aber als wir dann endlich den Rekord gebrochen haben – das war wirklich ein großer Sprung für uns alle.

>>Kommunikationsexperte: Das klingt nach einer unglaublichen Erfahrung! Ähm, wie habt ihr es geschafft, diese komplexen technischen Details so verständlich zu kommunizieren?

>>Raumfahrtingenieur: Na ja, es war nicht einfach. Wir mussten viele technische Begriffe vereinfachen und anschauliche Metaphern verwenden. Zum Beispiel haben wir oft von ""Raketen-Recycling"" gesprochen. Aber letztendlich hat es sich gelohnt.

>>Historiker: Genau das meine ich! Wenn man bedenkt, dass früher solche Innovationen kaum vorstellbar waren... Heute sind sie Realität geworden.

>>Wirtschaftsanalyst: Und das zeigt doch wieder einmal, wie wichtig kontinuierliche Investitionen in Forschung und Entwicklung sind. Ohne diese wären solche Durchbrüche gar nicht möglich gewesen.

>>Kommunikationsexperte (unterbricht): Absolut! Und dabei spielt auch die Kommunikation eine entscheidende Rolle. Wenn man die Öffentlichkeit mitnimmt und ihnen zeigt, was möglich ist – das kann wahre Wunder bewirken.

>>Raumfahrtingenieur: Ja genau! Ich erinnere mich an die Entwicklung des Starship-Projekts. Die technischen Herausforderungen waren immens bei der vollständigen Wiederverwendbarkeit. Aber als wir den ersten erfolgreichen Testflug absolvierten – das war wirklich ein großer Sprung für uns alle!

>>Historiker: Das erinnert mich daran... Als Neil Armstrong seinen berühmten Satz sagte – ""Ein kleiner Schritt für einen Menschen..."" Diese Momente prägen unsere Geschichte und treiben uns immer weiter voran.

>>Wirtschaftsanalyst: Die Wiederverwendbarkeit hat den Markt revolutioniert!
 
>>Kommunikationsexperte (widerspricht): Da bin ich nicht ganz sicher... Es gibt auch Herausforderungen bei der Kommunikation solcher Innovationen. Viele Menschen verstehen nicht sofort die Bedeutung dieser Fortschritte. 
 >>Raumfahrtingenieur: Das ist ein guter Punkt. Aber in der Raumfahrt ist nichts unmöglich! Die technischen Herausforderungen sind enorm, aber die Fortschritte, die wir gemacht haben, sind ebenso beeindruckend. Denken Sie nur an die Wiederverwendbarkeit der Falcon 9 – das war ein Meilenstein!

>>Historiker: Erinnern wir uns an die frühen Tage der Raumfahrt, als jede Mission ein enormes Risiko darstellte. Die Wiederverwendbarkeit der Falcon 9 ist zweifellos beeindruckend, aber ich frage mich, ob wir nicht zu sehr auf diese Erfolge fixiert sind und dabei langfristige Risiken übersehen. Was passiert, wenn eine wiederverwendbare Rakete versagt? Das könnte katastrophale Folgen haben.

>>Wirtschaftsanalyst: Das ist eine interessante Frage... 

>>Raumfahrtingenieur (unterbricht): Ja, aber bedenken Sie auch die Fortschritte in der Zuverlässigkeit! Die Wiederverwendbarkeit hat nicht nur Kosten gesenkt, sondern auch die Zuverlässigkeit erhöht. Redundante Systeme und rigorose Tests minimieren Risiken.

>>Wirtschaftsanalyst: Genau. Wenn man die Zahlen betrachtet, sieht man jedoch auch erhebliche Kosteneinsparungen durch wiederverwendbare Raketen. Natürlich gibt es Risiken, aber in der Wirtschaft geht es immer um Angebot und Nachfrage. Die Nachfrage nach kostengünstigen Starts ist enorm gestiegen!

>>Historiker: Ja klar! Aber erinnern wir uns an historische Ereignisse wie die Challenger-Katastrophe 1986. Solche Vorfälle zeigen uns immer wieder die Bedeutung von Sicherheitsmaßnahmen.

>>Kommunikationsexperte: Also Leute... Ich denke mal laut... Wir müssen doch irgendwie einen Mittelweg finden können? Wie wäre es mit einer stärkeren Betonung auf Sicherheitsmaßnahmen bei gleichzeitiger Nutzung dieser innovativen Technologien?

>>Wirtschaftsanalyst: Ehrlich gesagt finde ich diesen Ansatz gut! Wenn man bedenkt, dass durch Kosteneinsparungen mehr in Sicherheitsmaßnahmen investiert werden kann... Das könnte wirklich ein guter Kompromiss sein.

>>Raumfahrtingenieur: Absolut! Es geht darum sicherzustellen, dass unsere Innovationen sicher bleiben und gleichzeitig wirtschaftlich tragfähig sind.

>>Historiker: Nun gut... Vielleicht sollten wir wirklich mehr auf Sicherheit setzen und trotzdem den technologischen Fortschritt feiern.

>>Raumfahrtingenieur: Ich stimme zu, aber wie können wir sicherstellen, dass dies wirtschaftlich tragfähig bleibt?

>>Kommunikationsexperte: Vielleicht könnten wir regelmäßige Überprüfungen und Anpassungen vornehmen? So stellen wir sicher, dass sowohl Sicherheit als auch Wirtschaftlichkeit im Gleichgewicht bleiben.

>>Wirtschaftsanalyst: Das klingt vernünftig. Ein flexibler Ansatz könnte tatsächlich helfen. 
 >>Kommunikationsexperte: Also Leute, wir haben wirklich viel erreicht mit der Wiederverwendbarkeit von Raketen – das hat die Kosten gesenkt und den Zugang zum Weltraum revolutioniert. Klar kommunizieren über diese Fortschritte ist entscheidend für das öffentliche Vertrauen.

>>Raumfahrtingenieur: Genau! Die Wiederverwendbarkeit hat nicht nur die Kosten gesenkt, sondern auch unsere Effizienz und Zuverlässigkeit verbessert. Als nächstes sollten wir uns auf die Optimierung dieser Technologien und neue Projekte wie das Starship konzentrieren.

>>Wirtschaftsanalyst: Richtig! Wenn man sich die Zahlen ansieht, sehen wir auch einen Anstieg unseres Marktanteils durch diese Effizienzgewinne. Wir sollten überlegen, wie wir weiter innovativ bleiben und neue Märkte erschließen können.

>>Sicherheitsingenieur: Und dabei dürfen wir die Sicherheit nicht vergessen – jede Innovation bringt Risiken mit sich. Wir müssen sicherstellen, dass Sicherheit immer oberste Priorität hat.

>>Kommunikationsexperte: Absolut! Es ist wichtig, diese Balance zwischen Innovation und Sicherheit klar zu kommunizieren – intern und extern.

>>Raumfahrtingenieur: Zusammengefasst sollten unsere nächsten Schritte sein: Optimierung bestehender Technologien und Entwicklung neuer Projekte wie das Starship – immer mit einem Auge auf Sicherheit und Effizienz.

>>Wirtschaftsanalyst: Und natürlich den Markt im Blick behalten – neue Märkte erschließen und bestehende stärken durch kontinuierliche Innovation.

>>Kommunikationsexperte: Perfekt! Danke euch allen für eure Beiträge! Lasst uns weiterhin so engagiert zusammenarbeiten!","**Meeting Summary: Innovation Forum - SpaceX**

**Hauptthemen und Diskussionen:**
Das Treffen begann mit einer Übersicht über die Gründung von SpaceX im Jahr 2002 durch Elon Musk, der das Unternehmen mit dem Ziel ins Leben rief, Technologien zur Kolonisierung des Mars zu entwickeln. Die anfänglichen Herausforderungen und Fehlschläge mit der Falcon 1 wurden besprochen, gefolgt von den Erfolgen der Falcon 9 und Dragon-Raumschiffe als Versorger der ISS.

**Erfolge und Meilensteine:**
SpaceX hat sich seit 2017 als Marktführer für kommerzielle Satellitenstarts etabliert. Die Einführung der Falcon Heavy im Jahr 2018 und die Pionierarbeit bei der Wiederverwendung von Raketenteilen haben die Startkosten erheblich gesenkt. Das Starship-Projekt zielt darauf ab, diese Kosten weiter zu reduzieren und bemannte Flüge zum Mond und Mars zu ermöglichen.

**Aktuelle Projekte:**
Seit 2020 führt SpaceX bemannte Zubringerflüge zur ISS durch und bietet touristische Raumflüge an. Das Starlink-Projekt wurde hervorgehoben, das weltweit Internetzugang über Satelliten ermöglicht. Mit über 4400 Satelliten ist SpaceX der größte Satellitenbetreiber.

**Herausforderungen und Rückschläge:**
Diskutiert wurden auch Rückschläge wie Raketenexplosionen und technische Probleme bei"
"In dem Meeting diskutierten Wissenschaftler über die neuesten Entdeckungen im Universum, insbesondere die Rolle der Dunklen Materie. Sie betonten die Bedeutung der neuen Teleskopdaten und Millennium-Simulationen zur Analyse der Verteilung und Dynamik von Galaxienhaufen. Es wurden spezifische Teams für die Datenanalyse gebildet und regelmäßige Updates sowie interdisziplinäre Meetings vereinbart. Die Teilnehmer hoben hervor, wie frühere Arbeiten von Oort und Zwicky die Grundlage für heutige Forschungen legten. Zudem wurde ein Ausschuss für Wissenschaftskommunikation vorgeschlagen, um die Öffentlichkeit besser zu informieren. Abschließend wurde beschlossen, auch die neuesten CERN-Daten in zukünftige Analysen einzubeziehen.",">>Wissenschaftsjournalist: Hallo zusammen! Schön, dass wir heute alle hier sind. Ich freue mich auf eine spannende Diskussion!
>>Astrophysiker: Hallo! Schön euch zu sehen! Ich bin gespannt auf unsere Diskussion über die neuesten Entdeckungen im Universum.
>>Physiker: Hi zusammen! Ja, das wird sicher interessant – besonders die neuen Teleskopdaten!
>>Astronom: Entschuldigung kurz – bevor wir anfangen, können wir sicherstellen, dass die neuen Teleskopdaten auch besprochen werden?
>>Astrophysiker: Klar doch! Die Daten sind wirklich spannend und sollten definitiv Teil unserer Diskussion sein. Vielleicht nach der Einführung?
>>Kosmologe: Absolut einverstanden! Diese Daten könnten einige unserer bisherigen Annahmen verändern.
>>Wissenschaftsjournalist: Perfekt! Dann starten wir mit der Einführung und gehen danach direkt zu den Teleskopdaten über. 
 >>Astrophysiker: Also, lassen Sie uns die Hauptziele dieses Treffens klar definieren. Es ist entscheidend, dass wir die Zusammenarbeit zwischen den Abteilungen stärken und sicherstellen, dass alle auf dieselben Projektziele ausgerichtet sind. Ähm, wie können wir am besten interdisziplinäre Probleme lösen?

>>Wissenschaftsjournalist: Wir sollten nicht nur die wissenschaftlichen Aspekte betrachten, sondern auch die Kommunikation zwischen den Abteilungen verbessern. Das könnte Missverständnisse vermeiden und unsere Zusammenarbeit effizienter machen. Wie halten wir alle auf dem gleichen Stand?

>>Physiker: Ehrlich gesagt denke ich an gemeinsame Datenbanken und regelmäßige Updates. Das könnte uns helfen...

>>Astrophysiker: Genau! Regelmäßige Workshops und gemeinsame Datenbanken wären ideal. Vielleicht könnten wir auch spezifische Teams für verschiedene Aufgaben bilden.

>>Astronom: Ja, das klingt gut. Und wenn wir schon dabei sind, habt ihr den neuen Artikel über dunkle Materie gelesen? Vielleicht könnten einige der dortigen Ansätze für unser Projekt nützlich sein.

>>Kosmologe: Stimmt! Der Artikel hatte interessante Ideen zur Datenanalyse, die wir übernehmen könnten.

>>Wissenschaftsjournalist: Lassen Sie uns das mal anschauen... Vielleicht könnten wir auch regelmäßige interdisziplinäre Meetings einführen...

>>Astrophysiker: Gute Idee! Dann sollten wir als nächstes einen Plan erstellen, wie oft diese Meetings stattfinden und wer dafür verantwortlich ist. 
 >>Kosmologe: Also, wenn wir über Dunkle Materie sprechen, müssen wir uns die Gravitationslinseneffekte und die Rotationskurven von Galaxien genauer ansehen. Diese Phänomene deuten doch darauf hin, dass es eine unsichtbare Masse gibt, die das Verhalten der sichtbaren Materie beeinflusst. Das finde ich echt spannend!

>>Astronom: Ja, genau! Die Rotationskurven von Galaxien sind ein perfektes Beispiel. Wenn wir das betrachten, sehen wir, dass die Sterne in den äußeren Bereichen der Galaxien viel schneller rotieren als erwartet. Das deutet stark auf die Existenz von Dunkler Materie hin.

>>Astrophysiker: Stimmt, aber was ich besonders interessant finde, ist wie diese Gravitationslinseneffekte uns helfen können, die Verteilung der Dunklen Materie im Universum zu kartieren. Dadurch bekommen wir ein besseres Bild vom kosmischen Netz.

>>Physiker: Genau! Und wenn man sich die Dynamik von Galaxienhaufen anschaut, wird auch klar, dass da mehr sein muss als nur sichtbare Materie. Ohne diese unsichtbare Masse wären viele Bewegungen und Strukturen unerklärbar.

>>Wissenschaftsjournalist: Das ist wirklich spannend! Ohne Dunkle Materie würden viele Phänomene im Universum einfach keinen Sinn ergeben. Aber wie genau messen wir eigentlich diese Effekte?

>>Kosmologe: Gute Frage! Wir nutzen verschiedene Methoden wie zum Beispiel Beobachtungen mit Teleskopen und Simulationen am Computer. So können wir nachvollziehen, wie sich Licht durch Gravitationslinsen verbiegt.

>>Astrophysiker: Ja genau! Und durch diese Simulationen können wir auch Vorhersagen treffen und sie dann mit den tatsächlichen Beobachtungen vergleichen.

>>Physiker: Interessanterweise zeigt uns das auch immer wieder neue Aspekte der Dunklen Materie. Es gibt noch so viel zu entdecken!

>>Astronom: Absolut! Und je mehr Daten wir sammeln, desto besser verstehen wir die Rolle dieser mysteriösen Masse bei der Entstehung und Entwicklung von Galaxien.

>>Wissenschaftsjournalist: Klingt nach einer Menge Arbeit! Gibt es denn schon Theorien darüber, woraus Dunkle Materie bestehen könnte?

>>Kosmologe: Da gibt es einige Ansätze. Manche vermuten exotische Teilchen wie WIMPs oder Axionen. Aber bisher haben wir noch keine direkten Nachweise gefunden. 
 >>Astronom: Wissen Sie, es ist faszinierend, wie Jan Hendrik Oort und Fritz Zwicky schon in den 1930er Jahren die Existenz von Dunkler Materie vermuteten. Oort entdeckte durch seine Untersuchungen der Sternbewegungen in der Milchstraße eine Diskrepanz zwischen sichtbarer und tatsächlicher Masse. Und Zwicky stellte fest, dass Galaxienhaufen wie der Coma-Haufen nicht allein durch die sichtbare Materie zusammengehalten werden können. Das war wirklich revolutionär!

>>Astrophysiker: Ja, das stimmt! Ich erinnere mich noch an meine ersten Studien zu diesem Thema. Es war unglaublich zu sehen, wie diese frühen Entdeckungen von Oort und Zwicky die Grundlage für unsere heutige Forschung gelegt haben. Interessanterweise hat Zwickys Arbeit zur Erkenntnis geführt, dass die sichtbare Materie nur einen Bruchteil der Gesamtmasse im Universum ausmacht.

>>Physiker: Genau! Wenn wir uns ihre Arbeiten genauer ansehen, wird klar, dass sie nicht nur die Existenz Dunkler Materie postulierten, sondern auch den Weg für moderne kosmologische Modelle ebneten. Ohne ihre Pionierarbeit wären viele unserer heutigen Theorien undenkbar.

>>Kosmologe: Absolut! Ich finde es besonders spannend zu sehen, wie diese frühen Hypothesen heute noch relevant sind. Die Idee, dass so viel unsichtbare Masse existiert – das hat unser Verständnis des Universums wirklich verändert.

>>Wissenschaftsjournalist: Also wenn ich das richtig verstehe... Diese beiden Wissenschaftler haben quasi den Grundstein gelegt für alles Weitere? Das ist ja unglaublich! Wie genau haben sie denn ihre Theorien damals untermauert?

>>Astronom: Na ja, Oort hat durch präzise Messungen der Sternbewegungen gezeigt, dass da mehr Masse sein muss als sichtbar ist. Und Zwicky nutzte Beobachtungen von Galaxienhaufen und berechnete deren Geschwindigkeit – er sah einfach keine andere Möglichkeit als zusätzliche unsichtbare Masse anzunehmen.

>>Astrophysiker: Genau! Diese Methoden waren damals revolutionär. Heute nutzen wir natürlich viel fortschrittlichere Technologien und Simulationen. Zum Beispiel habe ich kürzlich an einem Projekt gearbeitet, bei dem wir Gravitationslinseneffekte genutzt haben – das wäre ohne die Grundlagenforschung von Oort und Zwicky gar nicht möglich gewesen.

>>Physiker: Stimmt! Es zeigt sich immer wieder, wie wichtig solide Grundlagenforschung ist. Ohne diese frühen Arbeiten hätten wir keinen Anhaltspunkt gehabt.

>>Kosmologe: Da stimme ich zu! Und es ist auch ein schönes Beispiel dafür, wie interdisziplinäre Zusammenarbeit funktioniert – Astronomie trifft auf Physik und Kosmologie.

>>Wissenschaftsjournalist: Spannend! Gibt es denn aktuelle Forschungen oder neue Ansätze basierend auf diesen alten Theorien?

>>Astronom: Oh ja! Wir entwickeln ständig neue Methoden zur Untersuchung Dunkler Materie – sei es durch Gravitationslinseneffekte oder hochpräzise Teleskope.

>>Astrophysiker: Richtig! Und auch theoretische Modelle werden immer weiter verfeinert. Die Arbeit von Oort und Zwicky inspiriert uns bis heute.

>>Physiker: Ehrlich gesagt finde ich es faszinierend zu sehen, wie weit wir gekommen sind. Neulich habe ich an einer Konferenz teilgenommen, wo jemand über direkte Detektionsexperimente gesprochen hat – das hätte man sich vor 50 Jahren kaum vorstellen können!

>>Kosmologe: Ja genau! Und was mich besonders begeistert ist die Möglichkeit neuer Entdeckungen mit zukünftigen Weltraummissionen. Wer weiß schon genau was wir noch alles finden werden? 
 >>Astrophysiker: Also, wenn wir die Rotationskurven von Galaxien betrachten, sehen wir, dass die Sterne in den äußeren Regionen viel schneller rotieren als erwartet. Das deutet stark auf die Existenz von Dunkler Materie hin, da diese zusätzliche Gravitation erklären könnte. Interessanterweise bleibt diese Geschwindigkeit konstant oder steigt sogar an, was ohne eine unsichtbare Masse nicht erklärbar wäre.

>>Astronom: Ja, das ist wirklich spannend! Diese empirischen Daten zeigen deutlich, dass es dort eine unsichtbare Masse gibt – eben Dunkle Materie. Ähm, das wirft viele Fragen auf und eröffnet neue Forschungsfelder. Zum Beispiel hat die Studie von Rubin und Ford aus den 70ern genau das gezeigt.

>>Physiker: Genau! Und wenn man sich neuere Daten ansieht, wie die vom Sloan Digital Sky Survey, sieht man ähnliche Muster. Diese unsichtbare Masse könnte durch exotische Teilchen wie WIMPs oder Axionen erklärt werden.

>>Kosmologe (unterbricht): Entschuldigung, darf ich kurz einhaken? Ich denke auch an alternative Erklärungen wie modifizierte Newtonsche Dynamik (MOND). Was halten Sie davon?

>>Astrophysiker: Ja, genau! Das ist ein guter Punkt. MOND bietet interessante Ansätze und wurde intensiv diskutiert. Aber viele Beobachtungen passen besser zu dem Modell mit Dunkler Materie.

>>Astronom: Absolut! Besonders wenn man sich die Gravitationslinseneffekte anschaut – sie stimmen gut mit der Verteilung von Dunkler Materie überein.

>>Physiker: MOND hat seine Stärken bei bestimmten Skalen und Geschwindigkeiten, aber insgesamt liefert Dunkle Materie eine umfassendere Erklärung für verschiedene Phänomene im Universum.

>>Wissenschaftsjournalist: Es scheint so viele Theorien zu geben! Wie entscheiden Sie sich für eine?

>>Astrophysiker (lächelnd): Gute Frage! Wir stützen uns auf möglichst viele Beobachtungsdaten und versuchen Modelle zu finden, die alle Phänomene erklären können. Es ist ein ständiger Prozess des Überprüfens und Anpassen der Theorien anhand neuer Daten. 
 >>Kosmologe: Es ist interessant, wenn wir die Rolle der Dunklen Materie in der Strukturbildung des Universums betrachten. Sie wirkt wie ein unsichtbares Gerüst. Ohne diese Masse könnten Galaxien und Galaxienhaufen nicht die beobachteten Formen und Dichten erreichen. Das ist faszinierend!

>>Astronom: Ja, genau! Die Dunkle Materie als unsichtbares Gerüst ist wirklich spannend. Aktuelle Simulationen zeigen auch deutlich, wie sie die Verteilung von Galaxien beeinflusst.

>>Astrophysiker: Stimmt, aber was ich besonders bemerkenswert finde, sind die Ergebnisse der Millennium-Simulationen. Diese zeigen nicht nur die Verteilung von Galaxien, sondern auch deren Form und Dichte.

>>Physiker: Genau! Und es gibt noch mehr. Die Millennium-Simulationen haben gezeigt, dass Dunkle Materie auch kleinere Strukturen beeinflusst. Ohne diese unsichtbare Masse könnten wir die beobachteten Dichtekontraste in Galaxienhaufen und Supergalaxienhaufen nicht erklären.

>>Wissenschaftsjournalist: Das klingt alles sehr komplex! Könnt ihr vielleicht ein Beispiel geben? Wie genau sieht man den Einfluss der Dunklen Materie in diesen Simulationen?

>>Astrophysiker: Na ja... Ein gutes Beispiel wäre das Bullet-Cluster-Phänomen. Hier sehen wir zwei kollidierende Galaxienhaufen und können durch Gravitationslinseneffekte direkt auf den Einfluss der Dunklen Materie schließen.

>>Kosmologe: Genau! Und was ich besonders spannend finde ist, wie diese Beobachtungen unsere Modelle bestätigen und gleichzeitig neue Fragen aufwerfen.

>>Astronom: Absolut! Es zeigt sich immer wieder, wie wichtig empirische Daten sind. Ohne sie könnten wir solche Phänomene gar nicht richtig verstehen oder modellieren.

>>Wissenschaftsjournalist: Das macht Sinn! Und welche aktuellen Experimente laufen gerade zu diesem Thema?

>>Physiker: Also aktuell gibt es viele spannende Projekte wie DESI oder Euclid-Missionen... ähm... sie sollen noch präzisere Daten liefern über Verteilung und Eigenschaften der Dunklen Materie im Universum. 
 >>Kosmologe: Interessanterweise, wenn wir über alternative Erklärungen für die beobachteten Phänomene sprechen, sollten wir auch die modifizierten Gravitationstheorien wie MOND und TeVeS in Betracht ziehen. Diese Modelle bieten faszinierende Perspektiven auf die Gravitation und könnten uns helfen, das Universum besser zu verstehen.

>>Astrophysiker: Ja, genau. Diese Theorien modifizieren die Gravitation selbst, um die beobachteten Phänomene zu erklären. Aber es bleibt die Frage offen, ob diese Modelle alle Beobachtungen so gut erklären können wie das Konzept der Dunklen Materie.

>>Physiker: Wenn wir das Konzept der Dunklen Materie weiter analysieren, sollten wir auch Teilchenkandidaten wie WIMPs und Axionen in Betracht ziehen. Diese Teilchen könnten durch ihre schwache Wechselwirkung mit normaler Materie direkt nachgewiesen werden. Experimente wie das XENON Dark Matter Project im Gran Sasso Labor könnten tatsächlich Hinweise auf solche Teilchen liefern.

>>Astronom: Na ja, ich finde es spannend zu sehen, wie verschiedene Ansätze unterschiedliche Aspekte des Problems beleuchten. Aber was ist mit den praktischen Herausforderungen bei der Suche nach diesen Teilchen? Gibt es Fortschritte?

>>Astrophysiker: Ich denke, wir sollten auch erwähnen, dass alternative Modelle wie MOND und TeVeS oft an der Konsistenz über verschiedene Skalen hinweg scheitern. Dunkle Materie bietet in vielen Fällen eine robustere Erklärung.

>>Physiker: Richtig! Und wenn wir über Axionen sprechen, sollten wir auch ihre mögliche Rolle bei der Lösung des Strong-CP-Problems in der Quantenchromodynamik erwähnen. Experimente wie ADMX könnten tatsächlich Hinweise auf diese Teilchen liefern.

>>Wissenschaftsjournalist: Das klingt alles sehr technisch! Könnt ihr vielleicht ein Beispiel geben oder eine Analogie nutzen? Wie könnte man das einem Laien verständlich machen?

>>Kosmologe: Hm... Stellen Sie sich vor, unser Universum wäre ein riesiges Puzzle...

>>Astrophysiker (unterbricht): ...und die Dunkle Materie sind dann die fehlenden Teile dieses Puzzles – ohne sie ergibt das Bild keinen Sinn.

>>Physiker: Genau! Und bei den Axionen könnte man sagen...

>>Astronom (unterbricht): Moment mal! Vielleicht können wir es noch einfacher machen. Was wäre denn ein alltägliches Beispiel?

>>Kosmologe: Gute Idee! Also praktisch gesehen suchen wir nach diesen speziellen Teilen überall im Universum – sei es durch direkte Nachweise oder indirekte Methoden wie Annihilationssignaturen oder Röntgenstrahlung aus Galaxienhaufen.

>>Wissenschaftsjournalist: Verstanden! Es ist also eine Art Detektivarbeit im Kosmos?

>>Kosmologe: Exakt!

>>Astrophysiker (nickt zustimmend): Ja, genau so kann man es sehen. Wir sammeln Indizien und versuchen daraus ein kohärentes Bild zu formen.

### 
 >>Kosmologe: Wenn wir die Rolle der Dunklen Materie in der Strukturbildung des Universums betrachten, sehen wir, dass sie wie ein unsichtbares Gerüst fungiert. Ähm, das ist faszinierend!

>>Astronom: Ja, absolut! Ohne diese unsichtbare Masse könnten Galaxien und andere kosmische Strukturen nicht so existieren, wie wir sie kennen.

>>Astronom: Die empirischen Daten, die wir durch Teleskope und andere Beobachtungen sammeln, sind wirklich spannend. Wir sehen oft Hinweise auf Dunkle Materie in den Rotationskurven von Galaxien. Aber warum sehen wir sie nicht direkt? Das ist noch ein Rätsel.

>>Astrophysiker: Genau! Dass wir Dunkle Materie nicht direkt sehen können, ist eines der größten Rätsel der modernen Kosmologie. Die Rotationskurven von Galaxien und die Gravitationslinseneffekte – bei denen Licht durch die Schwerkraft von Dunkler Materie abgelenkt wird – sind starke Indizien für ihre Existenz. Aber warum sehen wir sie nicht? Vielleicht liegt es daran, dass unsere Detektionsmethoden noch nicht ausgereift genug sind oder dass Dunkle Materie aus Teilchen besteht, die nur sehr schwach mit normaler Materie interagieren.

>>Physiker: Ja, es könnte sein, dass unsere aktuellen Detektionsmethoden einfach noch nicht empfindlich genug sind. Diese Teilchen interagieren möglicherweise nur sehr schwach mit normaler Materie. Neue experimentelle Ansätze wie das XENON Dark Matter Project oder das COSINUS-Experiment könnten entscheidende Hinweise liefern.

>>Wissenschaftsjournalist: Also wenn ich das richtig verstehe... Wir haben starke Indizien für die Existenz von Dunkler Materie durch indirekte Beobachtungen wie Rotationskurven und Gravitationslinsen. Aber direkte Nachweise fehlen uns noch?

>>Astrophysiker: Genau! Und das ist eben das Spannende an der Sache. Unsere Modelle und Methoden müssen weiterentwickelt werden. Neue Experimente könnten hier wirklich bahnbrechend sein.

>>Kosmologe: Ähm... was mich auch fasziniert ist die Möglichkeit, dass Dunkle Materie vielleicht aus einer völlig neuen Art von Teilchen besteht, die bisher unbekannt ist. Das wäre unglaublich!

>>Astronom: Na ja... es gibt so viele offene Fragen! Zum Beispiel auch: Wie beeinflusst Dunkle Materie eigentlich die Entwicklung von Galaxien über lange Zeiträume hinweg?

>>Physiker: Ehrlich gesagt denke ich oft darüber nach... Wenn wir mehr über diese Teilchen wüssten, könnten wir vielleicht auch besser verstehen, wie sich Strukturen im Universum entwickeln.

>>Wissenschaftsjournalist: Das klingt alles unglaublich komplex und spannend zugleich! Gibt es denn schon konkrete Fortschritte bei diesen neuen Experimenten?

>>Astrophysiker: Also... einige dieser Projekte haben bereits vielversprechende Ergebnisse geliefert. In unserem Labor haben wir kürzlich einen neuen Detektor getestet...

>>Kosmologe: Ja genau! Und währenddessen sollten wir auch alternative Theorien im Auge behalten – wer weiß schon genau... 
 >>Astrophysiker: Also, wenn wir die Millennium-Simulationen und die neuesten Teleskopdaten kombinieren, könnten wir nicht nur die Verteilung der Dunklen Materie besser verstehen, sondern auch neue Erkenntnisse über die Dynamik von Galaxienhaufen gewinnen. Das ist wirklich faszinierend! Vielleicht könnten wir spezifische Teams bilden, um diese Daten zu analysieren und regelmäßig Updates auszutauschen. Ich schlage vor, dass ich das Team für die Simulationen leite.

>>Astronom: Ja, das klingt spannend! Wir sollten definitiv Teams zusammenstellen und regelmäßige Meetings einplanen. Ich könnte das Team für die Teleskopdaten übernehmen.

>>Physiker: Wir könnten auch die Millennium-Simulationen nutzen, um die Verteilung der Dunklen Materie in kleineren Strukturen innerhalb von Galaxienhaufen zu analysieren. Das könnte uns neue Erkenntnisse über die Dynamik dieser Strukturen liefern und unsere Modelle weiter verfeinern. Vielleicht sollten wir bis nächste Woche erste Analysen vorbereiten?

>>Kosmologe: Ja, da bin ich dabei. Die Analyse kleinerer Strukturen könnte uns helfen, mehr über die Natur der Dunklen Materie herauszufinden. Wir sollten auch überlegen, wie wir unsere Ressourcen effizienter teilen können.

>>Wissenschaftsjournalist: Das klingt alles großartig! Aber wie stellen wir sicher, dass diese Zusammenarbeit für alle verständlich bleibt? Wir müssen sicherstellen, dass auch Laien den Nutzen unserer Forschung erkennen können. Ich kann einen Plan für öffentliche Vorträge und Workshops erstellen.

>>Astrophysiker: Absolut richtig. Regelmäßige Updates oder sogar öffentliche Vorträge wären eine gute Idee. So könnten wir unsere Fortschritte transparent machen und gleichzeitig das Interesse der Öffentlichkeit wecken.

>>Astronom: Gute Idee! Workshops oder Webinare für interessierte Laien könnten helfen, unser Wissen breiter zu streuen und mehr Unterstützung für unsere Projekte zu gewinnen.

>>Physiker: Es ist wichtig, dass wir nicht nur intern gut kommunizieren, sondern auch nach außen hin klar machen, warum unsere Arbeit relevant ist. Eine Kommunikationsstrategie wäre hilfreich.

>>Kosmologe: Genau! Eine klare Kommunikationsstrategie wäre hilfreich. Vielleicht könnten wir einen kleinen Ausschuss bilden, der sich speziell darum kümmert? Wer möchte mitmachen?

>>Wissenschaftsjournalist: Ich würde gerne dabei helfen und meine Erfahrung in der Wissenschaftskommunikation einbringen. Zusammen können wir sicherstellen, dass unsere Botschaften klar und ansprechend sind. 
 >>Astrophysiker: Also, lassen Sie uns die Hauptpunkte unserer Diskussion zusammenfassen. Wir kombinieren jetzt die Millennium-Simulationen mit den Teleskopdaten, um die Verteilung der Dunklen Materie und die Dynamik von Galaxienhaufen besser zu verstehen. Außerdem haben wir spezifische Teams für die Datenanalyse gebildet und erste Analysen bis nächste Woche geplant. Schließlich haben wir beschlossen, einen Ausschuss für Wissenschaftskommunikation zu bilden.

>>Physiker: Ja, das ist wirklich spannend! Die Kombination dieser Daten wird nicht nur die Verteilung der Dunklen Materie aufzeigen, sondern auch neue Erkenntnisse über die Dynamik von Galaxienhaufen liefern.

>>Astronom: Ähm, ich finde es besonders spannend, dass wir nun spezifische Teams für die Datenanalyse gebildet haben. Das wird uns helfen, effizienter zu arbeiten. Aber ich denke auch, dass regelmäßige Updates wichtig sind, um den Fortschritt zu überwachen.

>>Wissenschaftsjournalist: Genau! Und ein klarer Kommunikationsplan ist entscheidend. So stellen wir sicher, dass alle auf dem gleichen Stand sind und keine Informationen verloren gehen.

>>Kosmologe: Absolut! Es ist faszinierend zu sehen, wie diese Kombination von Simulationen und Beobachtungen neue Einblicke in die Struktur des Universums geben kann. Aber wir sollten darauf achten, unsere Ressourcen effizient zu nutzen und regelmäßig Feedback auszutauschen.

>>Astrophysiker: Gut gesagt! Dann fassen wir zusammen...

>>Physiker (unterbricht): Moment mal! Bevor wir weitermachen – was genau werden die ersten Schritte der Teams sein?

>>Astronom: Gute Frage. Ich denke, zuerst sollten sie sich auf die Kalibrierung der Daten konzentrieren und dann spezifische Modelle für die Dunkle Materie entwickeln.

>>Wissenschaftsjournalist: Und wie sieht es mit den Terminen aus? Wöchentliche Meetings könnten helfen.

>>Kosmologe: Klingt gut! Lassen Sie uns das so machen. Aber denken Sie daran – wir müssen sicherstellen, dass genügend Ressourcen zur Verfügung stehen. 
 >>Astrophysiker: Also, ich möchte mich bei allen für die engagierte Diskussion und die wertvollen Beiträge bedanken. Unsere Zusammenarbeit wird sicherlich zu bedeutenden Fortschritten in der Erforschung der Dunklen Materie führen.

>>Physiker: Ähm, darf ich kurz unterbrechen? Ich wollte nur sicherstellen, dass wir auch die neuesten Daten aus dem CERN-Experiment berücksichtigen. Das könnte unsere Ergebnisse erheblich beeinflussen.

>>Astrophysiker: Ja, absolut! Danke für den Hinweis auf die CERN-Daten, das ist wirklich wichtig.

>>Wissenschaftsjournalist: Ich werde sicherstellen, dass wir die neuesten Erkenntnisse auch in unseren Veröffentlichungen berücksichtigen. Das könnte das öffentliche Interesse weiter steigern.

>>Astronom: Na ja, ich denke auch, dass wir auf einem guten Weg sind. Die Bildung spezialisierter Teams wird uns helfen, effizienter zu arbeiten und schneller Ergebnisse zu erzielen.

>>Kosmologe: Nun ja, ich bin begeistert von den neuen Einblicken in die Struktur des Universums. Es war eine produktive Sitzung und ich freue mich auf unsere nächsten Schritte.

>>Astrophysiker: Gut gesagt! Dann treffen wir uns nächste Woche wieder und besprechen die Fortschritte mit den CERN-Daten. Bis dann!","In der heutigen Sitzung wurde intensiv über das Konzept der Dunklen Materie diskutiert. Es wurde festgestellt, dass Dunkle Materie eine hypothetische Form von Materie ist, die nicht direkt sichtbar ist, aber durch ihre gravitative Wirkung nachgewiesen werden kann. Ihre Existenz wird im Lambda-CDM-Modell postuliert, um die Bewegungen sichtbarer Sterne und die Gravitationslinseneffekte zu erklären.

Ein zentrales Thema war die Beobachtung, dass Sterne in den Außenbereichen von Galaxien schneller rotieren als erwartet. Dies deutet auf zusätzliche unsichtbare Masse hin – die Dunkle Materie. Auch historische Beiträge wurden erwähnt: Jan Hendrik Oort und Fritz Zwicky lieferten erste Hinweise auf diese Materieform.

Die Rolle der Dunklen Materie bei der Strukturbildung des Universums wurde hervorgehoben. Messungen zeigen, dass sie etwa fünfmal so viel zur Masse-Energie-Dichte des Universums beiträgt wie sichtbare Materie. Verschiedene Experimente und Simulationen versuchen derzeit, diese Hypothese zu bestätigen.

Es wurden auch alternative Erklärungsmodelle besprochen, darunter modifizierte Gravitationstheorien wie MOND und TeVeS sowie verschiedene Kandidaten für Dunkle Materieteilchen wie WIMPs und Axionen. Trotz intensiver Forschung bleibt ein direkter Nachweis ausstehend.

Abschließend wurde betont, dass weitere Untersuchungen notwendig"
"In dem Meeting diskutierten ein Ernährungswissenschaftler, ein Koch, ein Mediziner und ein Historiker über die Vorteile der mediterranen Ernährung. Der Ernährungswissenschaftler betonte, dass diese Ernährungsweise nicht nur das Herz-Kreislauf-System schützt, sondern auch positive Effekte auf das Darmmikrobiom hat. Der Mediziner ergänzte, dass die Kombination aus ungesättigten Fettsäuren und Antioxidantien das Risiko für Herz-Kreislauf-Erkrankungen und Diabetes Typ II senken kann. Der Historiker hob hervor, dass die mediterrane Ernährung eine lange Tradition hat und bereits im antiken Griechenland praktiziert wurde. Der Koch teilte praktische Tipps zur Integration dieser Ernährung in den Alltag und betonte die Bedeutung frischer Zutaten. Insgesamt waren sich alle Teilnehmer einig, dass die mediterrane Ernährung sowohl geschmacklich als auch gesundheitlich viele Vorteile bietet.",">>Ernährungswissenschaftler: Hallo zusammen! Schön, euch alle zu sehen. Wie war euer Wochenende?
>>Koch: Hey! Mein Wochenende war klasse. Hab ein neues Rezept ausprobiert, das muss ich euch unbedingt zeigen!
>>Mediziner: Hallo! Ich hatte auch ein angenehmes Wochenende. Habe Zeit mit meiner Familie verbracht und nebenbei ein bisschen über die neuesten Entwicklungen in der Kardiologie gelesen.
>>Historiker: Hi zusammen! Bei mir war's recht ruhig. Hab ein paar interessante Artikel über die Geschichte der mediterranen Ernährung gelesen.
>>Ernährungswissenschaftler: Ich hab am Wochenende eine spannende Studie gelesen – die mediterrane Ernährung schützt nicht nur das Herz, sondern hat auch positive Effekte auf unser Darmmikrobiom.
>>Koch: Oh wirklich? Was hast du genau gelesen?
>>Ernährungswissenschaftler: Es ging darum, wie diese Ernährungsweise das Mikrobiom im Darm positiv beeinflusst und Entzündungen reduzieren kann. Echt faszinierend!
>>Koch: Stell dir vor, ich habe eine einfache Pasta mit frischem Gemüse und Olivenöl gemacht. Das war nicht nur lecker, sondern auch super gesund!
>>Mediziner: Ja, die mediterrane Ernährung ist echt gut wegen der vielen gesunden Fette und Antioxidantien.
>>Historiker: Das klingt spannend! Hast du mehr darüber gelesen? 
 >>Ernährungswissenschaftler: Also, die mediterrane Ernährung ist wirklich faszinierend! Sie basiert auf einer Vielzahl von frischen Lebensmitteln wie Obst, Gemüse, Hülsenfrüchten und Vollkornprodukten. Besonders interessant ist die Rolle des Olivenöls, das reich an einfach ungesättigten Fettsäuren ist und nachweislich positive Effekte auf die Herzgesundheit hat.

>>Mediziner: Ja, das stimmt. Aber es geht nicht nur um das Olivenöl. Die Kombination aus verschiedenen frischen Lebensmitteln macht den Unterschied. Zum Beispiel haben Studien gezeigt, dass Menschen, die sich mediterran ernähren, ein deutlich geringeres Risiko für Herz-Kreislauf-Erkrankungen haben.

>>Koch: Genau! Und es muss gar nicht kompliziert sein. Ein einfacher Salat mit Tomaten, Gurken und Paprika – dazu etwas Olivenöl und ein Stück Vollkornbrot – schon hat man eine gesunde Mahlzeit. Frische Zutaten sind das A und O.

>>Ernährungswissenschaftler: Richtig! Es geht um das gesamte Ernährungsmuster. Diese Kombination aus frischen Zutaten und gesunden Fetten kann auch chronische Krankheiten vorbeugen.

>>Mediziner: Und nicht zu vergessen, dass diese Ernährungsweise auch weniger gesättigte Fettsäuren und Zucker enthält. Das trägt ebenfalls zur Gesundheit bei.

>>Historiker: Interessanterweise hat Ancel Keys schon in den 1950ern festgestellt, dass Menschen in süditalienischen Dörfern viel gesünder waren als in New York City. Das zeigt doch, wie lange diese Ernährungsweise schon bekannt ist.

>>Koch: Weißt du was? Stell dir vor du bereitest eine Minestrone zu – mit frischem Gemüse, Bohnen und einem Schuss Olivenöl – das schmeckt nicht nur lecker sondern tut auch gut!

>>Ernährungswissenschaftler: Es ist auch spannend zu sehen, wie die mediterrane Ernährung positive Effekte auf das Darmmikrobiom hat. Studien zeigen eine erhöhte Vielfalt der Darmbakterien und entzündungshemmende Wirkungen.

>>Mediziner: Ja genau! Und es gibt sogar Hinweise darauf, dass diese Ernährungsweise präventiv gegen Diabetes Typ II wirkt. 
 >>Ernährungswissenschaftler: Die mediterrane Ernährung hat nicht nur positive Effekte auf das Herz-Kreislauf-System, sondern auch auf das Darmmikrobiom. Studien zeigen, dass eine solche Ernährungsweise die Vielfalt der Darmbakterien erhöht und entzündungshemmend wirkt.

>>Koch: Genau, frische Zutaten wie Gemüse und Olivenöl sind da wirklich entscheidend. Stell dir vor, du bereitest eine einfache Mahlzeit mit diesen Zutaten zu – das ist nicht nur lecker, sondern auch super für dein Darmmikrobiom!

>>Mediziner: Schauen wir uns mal an, wie die mediterrane Ernährung konkret auf die Herzgesundheit wirkt. Die Kombination aus ungesättigten Fettsäuren im Olivenöl und Antioxidantien aus frischem Gemüse und Obst kann das Risiko für Herz-Kreislauf-Erkrankungen deutlich reduzieren. Die Sieben-Länder-Studie von Ancel Keys hat gezeigt, dass diese Ernährungsweise das Risiko um bis zu 50% senken kann.

>>Ernährungswissenschaftler: Und sie hilft auch bei der Prävention von Diabetes Typ II. Die Mischung aus Ballaststoffen, gesunden Fetten und Antioxidantien stabilisiert den Blutzuckerspiegel und verbessert die Insulinempfindlichkeit.

>>Koch: Wenn du zum Beispiel eine Minestrone mit frischem Gemüse und Olivenöl zubereitest – das ist nicht nur gut fürs Herz, sondern schmeckt auch hervorragend!

>>Historiker: Interessant ist auch die historische Entwicklung der mediterranen Ernährung. Ancel Keys' Entdeckungen in den 1950er Jahren haben gezeigt, dass die traditionelle Ernährungsweise in kleinen süditalienischen Dörfern viel gesünder war als die westliche Ernährung. Diese Erkenntnisse haben später viele moderne Ernährungsrichtlinien beeinflusst.

>>Ernährungswissenschaftler: Ja, es ist spannend zu sehen, wie umfassend die Vorteile sind. Neben dem Herz-Kreislauf-System und Diabetes wirkt sich diese Ernährungsweise auch positiv auf die kognitive Gesundheit aus. Studien zeigen ein reduziertes Risiko für Demenz und Alzheimer.

>>Mediziner: Und nicht zu vergessen – regelmäßiger Konsum von Olivenöl und Nüssen kann den LDL-Cholesterinspiegel senken und gleichzeitig das HDL-Cholesterin erhöhen. Das ist wirklich wichtig für unsere Gesundheit. 
 >>Ernährungswissenschaftler: Es gibt viele Alternativen zu Olivenöl, wie Rapsöl oder Walnussöl. Beide sind reich an ungesättigten Fettsäuren.

>>Koch: Man kann Rapsöl oder Walnussöl genauso gut verwenden wie Olivenöl! Ich habe mal ein Rezept ausprobiert, bei dem ich das Olivenöl durch Walnussöl ersetzt habe. Das Ergebnis war fantastisch! Frische ist das A und O.

>>Mediziner: Richtig, und sie haben auch antioxidative Eigenschaften und können das LDL-Cholesterin senken. Diese Öle reduzieren das Risiko für Herz-Kreislauf-Erkrankungen ähnlich wie Olivenöl.

>>Historiker: Interessant ist auch, dass Olivenöl schon im antiken Griechenland als Heilmittel verwendet wurde – es hat also eine lange Tradition der gesundheitlichen Vorteile.

>>Ernährungswissenschaftler: Oh ja, das wusste ich! Aber zurück zu den gesundheitlichen Vorteilen von Raps- und Walnussöl. Rapsöl enthält eine hohe Menge an Omega-3-Fettsäuren, die entzündungshemmend wirken und das Herz-Kreislauf-System unterstützen. Walnussöl hingegen ist reich an Antioxidantien und kann helfen, den Cholesterinspiegel zu senken.

>>Koch: Lass uns mal sehen, wie wir das in der Küche umsetzen können. Also, Rapsöl eignet sich hervorragend für Salate und zum Braten. Und Walnussöl – das ist ein Genuss! Es verleiht Gerichten eine nussige Note, besonders bei kalten Speisen wie Dressings oder Dips.

>>Ernährungswissenschaftler: Wissen Sie, es ist auch interessant zu sehen, wie diese Öle in verschiedenen Studien abgeschnitten haben. Zum Beispiel hat die Lyon Heart Study gezeigt...

>>Mediziner (lächelnd): Danke für den interessanten historischen Kontext! Jetzt zurück zu den gesundheitlichen Vorteilen...

>>Historiker (schmunzelt): Ja ja... aber ich höre aufmerksam zu!

>>Ernährungswissenschaftler (lächelt): Gut! Also wie gesagt... die Lyon Heart Study hat gezeigt... 
 >>Historiker: Wissen Sie, die historische Entwicklung der mediterranen Ernährung ist wirklich faszinierend! Lassen Sie uns zurückblicken auf die 1950er Jahre, als Ancel Keys seine bahnbrechenden Studien durchführte. Er entdeckte, dass die Menschen in kleinen süditalienischen Dörfern viel gesünder waren als ihre wohlhabenderen Pendants in den USA. Das war ein Wendepunkt!

>>Mediziner: Ja, genau. Die Studien von Ancel Keys haben gezeigt, dass es nicht nur um die geringere Aufnahme gesättigter Fettsäuren ging, sondern auch um die positiven Effekte der Kombination verschiedener Lebensmittel. Diese synergetischen Effekte sind entscheidend für unsere heutige klinische Anwendung.

>>Ernährungswissenschaftler: Absolut! Ähm, was Ancel Keys herausfand, war revolutionär. Es geht nicht nur um weniger gesättigte Fette, sondern darum, wie verschiedene Lebensmittel zusammenwirken. Das erinnert mich an die Lyon Heart Study – eine Variation der kretischen Diät mit Rapsöl führte zu einer signifikanten Reduktion von Herzkrankheiten.

>>Koch: Also, das ist wirklich interessant! Weißt du, ich habe oft gehört, dass diese Kombinationen in der Küche auch geschmacklich einen großen Unterschied machen können. Es ist nicht nur gesund, sondern schmeckt auch fantastisch!

>>Historiker: Genau! Und wenn wir noch weiter zurückgehen – im antiken Griechenland wurde Olivenöl nicht nur zum Kochen verwendet, sondern auch als Heilmittel betrachtet. Die Menschen wussten schon damals um seine Vorteile.

>>Mediziner: Tja, und diese historischen Erkenntnisse sind heute noch relevant. Sehen Sie sich die Predimed-Studie an – Teilnehmer mit einem erhöhten Risiko für Herz-Kreislauf-Erkrankungen hatten durch den Konsum von Olivenöl und Nüssen ein um 30% niedrigeres Risiko.

>>Ernährungswissenschaftler: Ja! Na ja, das zeigt doch deutlich, wie wichtig es ist, das gesamte Ernährungsmuster zu betrachten und nicht nur einzelne Lebensmittel isoliert zu sehen.

>>Koch: Stimmt genau! Und aus praktischer Sicht kann man diese Prinzipien leicht in den Alltag integrieren. Ein bisschen Olivenöl hier und da oder ein paar Nüsse als Snack – das macht schon einen großen Unterschied!

>>Historiker: Und denken Sie daran – diese Ernährungsweise hat sich über Jahrhunderte entwickelt und bewährt. Es ist eine Kombination aus Tradition und Wissenschaft.

>>Mediziner: Nun ja... Das unterstreicht nochmals die Bedeutung einer ausgewogenen Ernährung für unsere Gesundheit. Die Geschichte lehrt uns viel darüber. 
 >>Ernährungswissenschaftler: Also, es ist wirklich faszinierend, wie die mediterrane Ernährung nicht nur das Herz-Kreislauf-System unterstützt, sondern auch positive Effekte auf die kognitive Gesundheit hat! Eine Studie aus dem Jahr 2016 zeigte sogar, dass diese Ernährungsweise mit einer verbesserten kognitiven Leistungsfähigkeit und einem verminderten Risiko für Demenz verbunden ist. Das ist wirklich beeindruckend!

>>Koch: Stell dir vor, wie einfach es ist, diese Ernährung in den Alltag zu integrieren! Ein frischer Salat mit Tomaten, Gurken und Olivenöl – das schmeckt einfach fantastisch! Und wenn man dazu noch ein bisschen Fisch oder Hülsenfrüchte hinzufügt, hat man eine vollwertige Mahlzeit. Frische Zutaten sind wirklich das A und O.

>>Mediziner: Schauen wir uns doch mal an, wie die mediterrane Ernährung präventiv gegen Diabetes Typ II wirkt. Studien haben gezeigt, dass eine solche Ernährungsweise das Risiko für Herz-Kreislauf-Erkrankungen um bis zu 30% senken kann. Das ist wirklich bemerkenswert!

>>Ernährungswissenschaftler: Übrigens, wusstet ihr schon, dass die mediterrane Ernährung auch bei der Behandlung von Depressionen helfen kann? Eine Studie aus dem Jahr 2017 zeigte nämlich, dass eine solche Ernährungsweise signifikant zur Verbesserung der Symptome beitragen kann! Das ist doch unglaublich!

>>Historiker: Es ist wirklich erstaunlich zu sehen, wie tief verwurzelt die mediterrane Ernährung in unserer Geschichte ist. Bereits im antiken Griechenland wurde Olivenöl als Heilmittel verwendet! Diese jahrtausendealten Traditionen zeigen uns doch deutlich den Wert dieser Ernährungsweise auch heute noch.

>>Koch: Weißt du was? Ich finde es toll zu sehen, wie all diese wissenschaftlichen Erkenntnisse praktisch umgesetzt werden können. Ein einfaches Gericht wie Ratatouille enthält so viele gesunde Zutaten und schmeckt dabei noch hervorragend! Man könnte zum Beispiel auch einen Quinoa-Salat mit frischem Gemüse und Kräutern machen – super gesund und lecker!

>>Ernährungswissenschaftler: Genau! Und wenn man bedenkt, dass diese einfachen Gerichte so viele gesundheitliche Vorteile bieten können... Man könnte sich wirklich fragen, warum nicht mehr Menschen darauf setzen. 
 >>Koch: Stell dir vor, du kommst nach einem langen Tag nach Hause und hast Lust auf etwas Leckeres und Gesundes. Ein einfaches Gericht, das ich oft mache, ist eine schnelle Gemüsepfanne mit Olivenöl und frischen Kräutern. Das ist ein Genuss! Und es dauert nur 15 Minuten!

>>Mediziner: Olivenöl ist echt super für die Gesundheit. Es senkt das schlechte Cholesterin und erhöht das gute – perfekt fürs Herz!

>>Ernährungswissenschaftler: Ja, und die mediterrane Ernährung tut auch dem Darm gut. Die vielen Ballaststoffe und gesunden Fette fördern eine gute Darmflora.

>>Koch: Das klingt interessant! Hast du vielleicht ein Beispiel für ein Gericht, das besonders gut für den Darm ist?

>>Ernährungswissenschaftler: Klar! Ein einfacher Salat mit viel Gemüse und Olivenöl wäre ideal. Tomaten, Gurken, Oliven und Feta – alles zusammenwerfen und fertig!

>>Koch: Lass uns mal sehen, wie wir das Ganze noch einfacher machen können. Stell dir vor, du bereitest eine schnelle Bruschetta vor: frische Tomaten, Basilikum, Knoblauch und ein Schuss Olivenöl auf geröstetem Brot. Das ist nicht nur lecker, sondern auch super gesund! Frische ist das A und O.

>>Historiker: Interessant ist auch, dass diese Art zu essen schon seit Jahrhunderten im Mittelmeerraum praktiziert wird und sich bewährt hat.

>>Ernährungswissenschaftler: Und wusstet ihr? Diese Ernährung kann sogar die kognitive Gesundheit fördern! Studien zeigen weniger Risiko für Demenz bei Menschen, die so essen.

>>Mediziner: Tja... Das zeigt doch wieder einmal deutlich den präventiven Nutzen dieser Ernährungsweise für verschiedene Gesundheitsaspekte. 
 >>Historiker: Also, die mediterrane Ernährung hat nicht nur gesundheitliche Vorteile, sondern auch eine reiche historische Tradition. Schon im antiken Griechenland wurde Olivenöl als Heilmittel verwendet! Das ist doch faszinierend, oder?

>>Koch: Absolut! Und heutzutage nutzen wir Olivenöl nicht nur wegen seiner gesundheitlichen Vorteile, sondern auch wegen seines Geschmacks. Frische ist das A und O.

>>Ernährungswissenschaftler: Genau! Die mediterrane Ernährung ist ein tolles Beispiel dafür, wie Tradition und Wissenschaft zusammenpassen. Sie tut nicht nur der Gesundheit gut, sondern verbessert auch das Darmmikrobiom – sie erhöht die Vielfalt der Bakterien und wirkt entzündungshemmend.

>>Mediziner: Ja, Studien wie die Predimed-Studie zeigen, dass Olivenöl und Nüsse gut fürs Herz sind. Das ist entscheidend!

>>Koch: Weißt du, manchmal sind die einfachsten Gerichte die besten. Ein frischer Salat mit Tomaten, Gurken und Olivenöl – das ist nicht nur gesund, sondern auch ein Genuss!

>>Historiker: Tja, schon in der Antike war sie ein Symbol für Gesundheit und Wohlstand. Geschichte wiederholt sich!

>>Ernährungswissenschaftler: Es gibt wirklich viele spannende Aspekte an dieser Ernährungsweise. 
 >>Koch: Stell dir vor, ich habe mal ein mediterranes Gericht mit frischen Tomaten, Basilikum und Olivenöl für meine Freunde zubereitet. Die waren total begeistert! Frische ist wirklich das A und O.

>>Ernährungswissenschaftler: Ich habe mal meine Ernährung auf mediterran umgestellt und war überrascht, wie schnell ich mich besser gefühlt habe. Innerhalb weniger Wochen hatte ich mehr Energie und meine Haut sah viel besser aus.

>>Mediziner: Ja, Olivenöl und Nüsse sind echt gut fürs Herz. Das zeigen auch Studien. Schon kleine Änderungen können große Auswirkungen haben.

>>Historiker: Es ist spannend zu sehen, dass diese Ernährungsweise schon in der Antike beliebt war und heute noch so gesund ist.

>>Koch: Weißt du, was mir auch aufgefallen ist? Wenn man frische Zutaten verwendet und einfache Rezepte befolgt, schmeckt das Essen einfach viel besser. Und es macht Spaß zu kochen!

>>Ernährungswissenschaftler (unterbricht): Absolut! Und man fühlt sich einfach besser. Ich denke oft darüber nach, wie wir diese Erkenntnisse noch mehr in unseren Alltag integrieren können.

>>Mediziner: Tja, da stimme ich zu. Es geht darum, diese gesunden Gewohnheiten langfristig beizubehalten.

>>Historiker: Genau! Und wenn man bedenkt, dass diese Traditionen über Jahrhunderte weitergegeben wurden... Das zeigt doch nur ihre Beständigkeit und Wirksamkeit.

>>Koch: Genau! Ich finde es toll zu sehen, wie alte Traditionen heute noch so relevant sind. Und ehrlich gesagt – wer liebt nicht gutes Essen? 
 >>Ernährungswissenschaftler: Also, es ist wirklich beeindruckend, wie die mediterrane Ernährung nicht nur geschmacklich überzeugt, sondern auch wissenschaftlich belegt so viele gesundheitliche Vorteile bietet. Studien zeigen, dass sie das Risiko für Herz-Kreislauf-Erkrankungen und Diabetes Typ II signifikant senken kann. Das ist der springende Punkt!

>>Mediziner: Wir sollten uns anschauen, wie man die mediterrane Ernährung praktisch anwenden kann. Studien zeigen, dass Olivenöl und Nüsse gut fürs Herz sind.

>>Koch: Stell dir vor, wie einfach es ist, die mediterrane Ernährung in unseren Alltag zu integrieren! Ein frischer Salat mit Tomaten, Gurken und Olivenöl – das ist ein Genuss! Frische ist das A und O.

>>Historiker: Entschuldigung, ich möchte hinzufügen, dass diese Ernährungsweise schon im antiken Griechenland praktiziert wurde.

>>Ernährungswissenschaftler: Absolut richtig! Die historischen Aspekte sind ebenfalls sehr spannend.

>>Mediziner: Ja, und wenn man bedenkt, wie lange diese Traditionen schon bestehen und welche positiven Effekte sie haben...

>>Koch: Genau! Und stell dir vor, ein gegrillter Fisch mit Kräutern und einem Spritzer Zitrone – das passt perfekt zur mediterranen Küche!

>>Historiker: Tja, es zeigt sich immer wieder, dass alte Traditionen oft einen wahren Kern haben.

>>Ernährungswissenschaftler: Insgesamt zeigt sich also, dass die mediterrane Ernährung sowohl geschmacklich als auch gesundheitlich viele Vorteile bietet.","Während des Treffens wurde die mediterrane Ernährung ausführlich besprochen. Die Teilnehmer betonten, dass diese Ernährungsweise auf viel Obst und Gemüse, Hülsenfrüchten, Vollkornprodukten, Olivenöl sowie moderatem Fisch- und Weinkonsum basiert. Es wurde hervorgehoben, dass wissenschaftliche Studien seit den 1950er Jahren die gesundheitsfördernden Effekte dieser Diät belegen.

Ein wesentlicher Punkt der Diskussion war die Übertragbarkeit der mediterranen Ernährung auf andere Länder, in denen Olivenöl nicht verbreitet ist. Hierbei wurden Alternativen wie andere Pflanzenöle mit ungesättigten Fettsäuren erörtert. Zudem wurde festgestellt, dass eine pflanzenbasierte Ernährung generell als vorteilhaft gilt.

Die historische Entwicklung der Forschung zur mediterranen Ernährung wurde ebenfalls thematisiert. Ancel Keys' Sieben-Länder-Studie aus den 1950er Jahren zeigte beispielsweise ein deutlich geringeres Risiko für Herz-Kreislauf-Erkrankungen bei Menschen im Mittelmeerraum im Vergleich zu Nordeuropa und den USA.

Aktuelle Studien bestätigen weiterhin positive Effekte auf das Herz-Kreislauf-System, Diabetes Typ II und sogar kognitive Funktionen. Eine randomisierte Studie zeigte zudem signifikante Verbesserungen bei Depressionen durch eine mediterrane Diät.

Abschließend wurde diskutiert, dass trotz der nachgewiesenen Vorteile nur noch wenige Menschen in den Mittelmeerländern dieser traditionellen Ernährungs"
"In dem Meeting diskutierten die Teilnehmer über die Entwicklung des Internets und seine Auswirkungen auf verschiedene Bereiche. Der Soziologe begann mit einer Frage zur Serie ""Dark"" und leitete dann zur Diskussion über Kommunikationstechnologien über. Der Historiker betonte die Ursprünge des Internets im ARPANET und dessen militärische sowie akademische Nutzung. Der Technologieexperte hob technische Meilensteine wie das TCP/IP-Protokoll hervor, während der Wirtschaftsexperte die wirtschaftlichen Chancen durch das Internet, wie bei Amazon, ansprach.

Die Teilnehmer waren sich einig, dass das Internet tiefgreifende soziale Veränderungen bewirkt hat, insbesondere durch die Entstehung von Online-Communities und neuen Kommunikationsmustern. Sie diskutierten auch über frühe Visionäre wie J.C.R. Licklider und deren Einfluss auf die heutige Nutzung des Internets.

Abschließend reflektierten sie über die Herausforderungen und Chancen der Digitalisierung für Unternehmen und betonten die Bedeutung der technologischen Fortschritte für zukünftige Entwicklungen.",">>Soziologe: Hallo zusammen! Ich hoffe, ihr hattet ein gutes Wochenende. Hat jemand von euch die neue Staffel von 'Dark' gesehen? Ich fand sie interessant.

>>Kommunikationsexperte: Ja, ich habe sie auch gesehen. Faszinierend, wie sie die Zeitreise-Thematik weiterentwickeln. Habt ihr schon mal darüber nachgedacht, wie Kommunikationstechnologien in solchen Serien dargestellt werden? Es ist erstaunlich zu sehen, wie realistisch oder futuristisch diese Technologien oft wirken.

>>Historiker: Ja, das ist wirklich spannend. Die Mischung aus realistischen und futuristischen Elementen ist gut gemacht.

>>Technologieexperte: Das stimmt! Und wenn wir schon bei alten Technologien sind – erinnert ihr euch an diese nervigen Modem-Geräusche? *lacht*

>>Wirtschaftsexperte (lachend): Oh ja! Diese Geräusche waren echt nervig. Aber zurück zum Thema...

>>Historiker: Genau, das Internet hat sich enorm entwickelt und beeinflusst unsere Kommunikation stark.

>>Technologieexperte: Technisch gesehen ist es faszinierend zu sehen, wie schnell sich die Kommunikationstechnologien entwickeln und welche neuen Möglichkeiten sie bieten. 
 >>Historiker: Also, man sollte nicht vergessen, dass die frühen Entwicklungen des Internets stark von militärischen und akademischen Interessen geprägt waren. Alles begann mit dem ARPANET in den späten 1960er Jahren, das ursprünglich als robustes Kommunikationsnetzwerk für das US-Verteidigungsministerium konzipiert wurde.

>>Technologieexperte: Genau! Und das ARPANET hat auch die Art und Weise verändert, wie wir Netzwerke verstehen. Die Einführung der Paketvermittlung durch Paul Baran und Donald Davies war revolutionär. Diese Technik ermöglichte es Datenpaketen, ihren eigenen Weg durch das Netzwerk zu finden und legte die Grundlage für die dezentrale Struktur des Internets.

>>Soziologe: Ich finde es besonders interessant, wie diese dezentralen Netzwerke soziale Strukturen beeinflusst haben. Sie haben neue Gemeinschaften geschaffen und den Informationsaustausch revolutioniert.

>>Kommunikationsexperte: Ja, absolut! Diese neuen Kommunikationsmuster haben wirklich alles verändert – von persönlichen Interaktionen bis hin zur Massenkommunikation. Ich erinnere mich noch an meine ersten E-Mails in den 90ern – das war eine ganz neue Welt!

>>Wirtschaftsexperte: Und wirtschaftlich gesehen hat dies Türen geöffnet für unzählige Start-ups und Geschäftsmodelle weltweit. Zum Beispiel hat Amazon als Online-Buchhändler angefangen und sich dank dieser Technologien zu einem globalen Unternehmen entwickelt.

>>Historiker: Das stimmt. Es ist faszinierend zu sehen, wie diese technologische Innovation auch eine neue Art der Zusammenarbeit und des Wissensaustauschs ermöglicht hat. Das ARPANET war wirklich ein Meilenstein in der Geschichte des Internets.

>>Technologieexperte: Ja, ohne Zweifel! Und diese dezentrale Struktur führte zur Demokratisierung der Information. Jeder konnte plötzlich Informationen austauschen und darauf zugreifen.

>>Soziologe: Genau! Und das hat nicht nur technische Innovationen hervorgebracht; es hat auch tiefgreifende gesellschaftliche Auswirkungen gehabt.

>>Kommunikationsexperte: Richtig. Besonders spannend finde ich auch die Entwicklung sozialer Medien später – sie basieren alle auf diesen frühen Prinzipien der dezentralen Kommunikation.

>>Wirtschaftsexperte: Absolut! Ohne diese Grundlagen wären viele heutige globale Unternehmen gar nicht denkbar. 
 >>Historiker: Nun, es ist wichtig zu beachten, dass der Übergang von militärischer zu akademischer Nutzung des Internets in den späten 1970er Jahren einen entscheidenden Wendepunkt darstellte. Interessanterweise war dies die Zeit, in der das Internet begann, sich international auszubreiten und eine Tauschökonomie für Software und Informationen entstand.

>>Soziologe: Ja, genau. In dieser Zeit entwickelte sich ein starker Gemeinschaftsgeist unter den Nutzern. Ähm, es war eine Art Selbstorganisation, bei der jeder seinen Beitrag leistete und Wissen frei geteilt wurde. Das war wirklich die Geburtsstunde der Online-Communities.

>>Kommunikationsexperte: Absolut! Diese Dynamik und Innovation waren unglaublich. Die Art und Weise, wie sich die Menschen selbst organisierten und Informationen austauschten, legte den Grundstein für viele heutige Online-Communities.

>>Technologieexperte: Und nicht zu vergessen die technischen Fortschritte wie das TCP/IP-Protokoll. Das hat wirklich alles verändert – ohne diese Innovationen wären viele heutige Technologien einfach unvorstellbar.

>>Wirtschaftsexperte: Genau! Diese Phase der akademischen Nutzung des Internets hat auch die Grundlage für viele wirtschaftliche Entwicklungen gelegt. Die Tauschökonomie und die freie Verfügbarkeit von Software und Informationen haben neue Geschäftsmodelle inspiriert – was wir heute als Open-Source-Ökonomie kennen.

>>Historiker: Stimmt, aber ich denke auch an die internationale Zusammenarbeit damals. Viele akademische Netzwerke weltweit verbanden sich miteinander – das legte den Grundstein für das globale Internet.

>>Soziologe: Es ist faszinierend zu sehen, wie diese frühe Zusammenarbeit nicht nur technische Innovationen vorantrieb, sondern auch soziale Strukturen veränderte. Heute sehen wir ähnliche Muster in sozialen Medien und Crowdsourcing-Plattformen.

>>Kommunikationsexperte: Da stimme ich zu. Heutzutage nutzen Unternehmen diese Prinzipien zur Innovationsförderung durch offene Kommunikation und Zusammenarbeit über Grenzen hinweg.

>>Technologieexperte: Aber denkt ihr nicht auch, dass wir manchmal zu sehr auf Technik fixiert sind? Die menschlichen Aspekte sind genauso wichtig – wie Nutzerverhalten oder Datenschutzfragen.

>>Wirtschaftsexperte: Absolut! Und gerade im wirtschaftlichen Kontext müssen wir uns fragen, wie nachhaltige Geschäftsmodelle aussehen können. Open Source ist toll, aber es muss auch finanziell tragfähig sein.

>>Historiker: Interessant... Vielleicht sollten wir mehr darüber sprechen, wie historische Entwicklungen uns lehren können, aktuelle Herausforderungen besser zu meistern? 
 >>Wirtschaftsexperte: Also, die wirtschaftliche Nutzung des Internets ab den 1990er Jahren hat die Landschaft grundlegend verändert. Neue Geschäftsmodelle sind entstanden, und Unternehmen wie Amazon und eBay wurden zu globalen Giganten. Das zeigt deutlich, wie das Internet als Plattform für Innovation und Wachstum genutzt werden kann.

>>Kommunikationsexperte: Genau! Und ich denke auch an die sozialen Medien. Früher war das Internet hauptsächlich ein akademisches Werkzeug, aber mit der Öffnung für kommerzielle Zwecke wurde es zu einer Plattform für Massenkommunikation. Soziale Medien haben eine neue Ära der Informationsverbreitung eingeleitet.

>>Soziologe: Das ist ein guter Punkt. Ich möchte hinzufügen, dass diese Entwicklung nicht nur wirtschaftliche, sondern auch tiefgreifende soziale Veränderungen mit sich gebracht hat. Online-Communities sind entstanden und haben neue Formen der sozialen Interaktion ermöglicht.

>>Historiker: Ja, und das hat wirklich alles verändert – von der Art und Weise wie wir Informationen teilen bis hin zu den sozialen Auswirkungen. Diese Phase begann 1990 mit der Abschaltung des Arpanet und führte zu einer massiven Zunahme der Informationsflüsse im Internet.

>>Technologieexperte: Absolut! Die Netzwerktechnologien spielten dabei eine entscheidende Rolle. Technisch gesehen war die Einführung von TCP/IP bahnbrechend. Diese Innovationen ermöglichten es Daten effizient über das Internet zu übertragen.

>>Kommunikationsexperte: Weißt du, diese technischen Fortschritte haben wirklich alles verändert. Die Geschwindigkeit und Zuverlässigkeit der Datenübertragung waren entscheidend dafür, dass Unternehmen online erfolgreich sein konnten.

>>Soziologe: Interessanterweise hat diese Entwicklung auch zu neuen Formen sozialer Ungleichheit geführt. Viele Menschen haben durch den Zugang zu Informationen neue Chancen erhalten, während andere ohne Internetzugang weiter abgehängt wurden.

>>Historiker: Tja, das stimmt absolut. Die Verfügbarkeit von Informationen hat sich dramatisch verändert – sowohl positiv als auch negativ – was wiederum tiefgreifende soziale Auswirkungen hatte.

>>Wirtschaftsexperte: Ja genau! Und wenn man bedenkt, wie schnell sich diese Entwicklungen vollzogen haben... Es ist faszinierend zu sehen, wie rasch sich Märkte anpassen mussten. 
 >>Historiker: Also, es ist wichtig zu beachten, dass die Visionen von Pionieren wie J.C.R. Licklider und Paul Baran maßgeblich zur Entwicklung des Internets beigetragen haben. Licklider war einer der ersten, der den Computer als Kommunikationsmittel sah und nicht nur als Rechenmaschine.

>>Technologieexperte: Ja, Licklider war wirklich visionär. Und dann kam das TCP/IP-Protokoll von Bob Kahn und Vint Cerf dazu – das war echt bahnbrechend. Es hat die Art und Weise revolutioniert, wie Datenpakete über das Netzwerk übertragen werden. Das ermöglichte eine zuverlässige Kommunikation zwischen verschiedenen Netzwerken.

>>Historiker: Genau, und was ich besonders spannend finde, ist, dass Licklider bei ARPA nicht nur technische Grundlagen legte, sondern auch die Idee von interaktiven Online-Gemeinschaften vorantrieb. Seine Vorstellung davon hat unsere heutige Nutzung des Internets stark beeinflusst.

>>Technologieexperte: Absolut! Ich erinnere mich noch gut daran, wie ich zum ersten Mal vom TCP/IP-Protokoll gehört habe – das war wirklich revolutionär. Danach ging alles so schnell mit der Vernetzung der Welt.

>>Historiker: Apropos frühe Visionäre – Murray Leinster hat in seiner Kurzgeschichte 'A Logic Named Joe' schon 1946 viele Aspekte des modernen Internets vorweggenommen. Schon damals beschrieb er eine Welt, in der Computer nicht nur Informationen verbreiten, sondern auch unser tägliches Leben prägen würden.

>>Technologieexperte: Interessanterweise war die Arbeit von Paul Baran und Donald Watts Davies zur Paketvermittlung ebenfalls revolutionär. Sie zeigten auf, dass Daten in kleine Pakete zerlegt und unabhängig voneinander über das Netzwerk gesendet werden können – ein entscheidender Schritt für die dezentrale Architektur des Internets.

>>Soziologe: Weißt du, diese Visionen haben nicht nur die technische Entwicklung beeinflusst, sondern auch tiefgreifende soziale Veränderungen bewirkt. Man denke an die Entstehung von Online-Communities und wie sie unsere sozialen Interaktionen revolutioniert haben.

>>Kommunikationsexperte: Was ich besonders faszinierend finde? Die Art und Weise, wie diese frühen Visionäre nicht nur technische Aspekte vorangetrieben haben, sondern auch soziale Auswirkungen vorhergesehen haben. Licklider erkannte frühzeitig das Potenzial von Computern als Kommunikationsmittel für neue Dynamiken in unseren Interaktionen. 
 >>Soziologe: Ich finde es spannend, dass das Internet nicht nur unsere Kommunikation verändert hat, sondern auch neue Formen der Gemeinschaft und Identität geschaffen hat. Online-Communities ermöglichen es Menschen, sich über gemeinsame Interessen zu verbinden, unabhängig von geografischen Grenzen.

>>Historiker: Ja, und wenn man die Entwicklung des Internets betrachtet, sieht man nicht nur technologische Fortschritte, sondern auch tiefgreifende soziale und kulturelle Veränderungen. Zum Beispiel hat sich die Art und Weise, wie wir Informationen teilen und konsumieren, komplett gewandelt. Früher war das unvorstellbar.

>>Technologieexperte: Technisch gesehen war die Einführung von TCP/IP ein Meilenstein. Es hat die Datenübertragung revolutioniert...

>>Kommunikationsexperte (unterbricht): Und dadurch auch unsere Arbeitskultur verändert! Homeoffice ist heute viel verbreiteter.

>>Technologieexperte: Genau! Das ist ein guter Punkt. TCP/IP hat nicht nur die Datenübertragung verbessert, sondern auch die Grundlage für viele heutige Online-Communities geschaffen. Netzwerke arbeiten jetzt effizienter und zuverlässiger.

>>Soziologe: Was ich besonders faszinierend finde...

>>Historiker: Wir haben alle so viel zu sagen!

>>Soziologe (lächelnd): Ja wirklich! Also nochmal - was ich besonders faszinierend finde ist, wie das Internet nicht nur unsere Kommunikation verändert hat...

>>Kommunikationsexperte: ...sondern auch neue Formen der Zusammenarbeit ermöglicht.

>>Soziologe: Genau! Und ich erinnere mich an eine Geschichte von einem Freund... 
 >>Kommunikationsexperte: Ich habe letztens eine interessante Doku über die frühen Tage des Internets gesehen. Wusstet ihr, dass das erste E-Mail-Programm von Ray Tomlinson entwickelt wurde? Er hat das @-Zeichen verwendet, um Benutzer und Computer zu trennen.

>>Historiker: Ja, das ist wirklich spannend! Diese Entscheidung war ein wichtiger Moment in der Geschichte des Internets.

>>Technologieexperte: Stimmt! Die Entwicklung von TCP/IP war auch ein großer Schritt nach vorne. Es hat die Datenübertragung revolutioniert und die Grundlage für das moderne Internet gelegt.

>>Soziologe: Weißt du, ich erinnere mich an eine Geschichte von einem Freund aus den 90ern. Er betrieb damals ein Internetcafé...

>>Kommunikationsexperte: Das klingt interessant! Wie hat sich das auf die sozialen Verbindungen ausgewirkt?

>>Soziologe: Damals war es ein Treffpunkt für alle möglichen Leute – Studenten, Geschäftsleute und sogar Touristen. Interessanterweise haben die Menschen dort nicht nur das Internet genutzt, sondern auch echte soziale Verbindungen geknüpft.

>>Wirtschaftsexperte: Das zeigt doch schön, wie sich diese frühen Formen der Vernetzung auch wirtschaftlich ausgewirkt haben. Viele Geschäftsmodelle basieren heute darauf.

>>Technologieexperte: Absolut! Und erinnert ihr euch noch an die lauten Modemgeräusche? Das zeigt wirklich, wie weit wir gekommen sind seit den Anfängen des Internets.

>>Historiker: Tja... Das waren wirklich andere Zeiten. Aber ohne diese Anfänge wären wir heute nicht da, wo wir sind.

>>Soziologe: Genau! Und es zeigt auch schön, wie Technologie und Gesellschaft Hand in Hand gehen können.

>>Kommunikationsexperte: Stimmt absolut! Übrigens habe ich neulich einen alten Freund getroffen und wir haben über unsere ersten Online-Erfahrungen gesprochen. Es ist erstaunlich zu sehen, wie sehr sich alles verändert hat. 
 >>Historiker: Also, wenn wir auf die Entwicklung des Internets zurückblicken... Es ist wirklich spannend, wie sich alles entwickelt hat. Von den frühen Tagen des ARPANET bis zur heutigen globalen Vernetzung – das ist eine bemerkenswerte Reise.

>>Soziologe: Ja, und besonders interessant finde ich die neuen Formen der Gemeinschaft online. Diese Online-Communities haben Menschen weltweit verbunden und gezeigt, dass das Internet ein mächtiges Werkzeug für soziale Veränderungen sein kann.

>>Technologieexperte: Ich erinnere mich noch an die Einführung von TCP/IP in den 80ern – das war ein echter Gamechanger! Diese Technologien haben nicht nur die Datenübertragung revolutioniert, sondern auch die Grundlage für heutige Online-Communities und Geschäftsmodelle geschaffen.

>>Wirtschaftsexperte: Da stimme ich zu, aber wirtschaftlich gesehen gibt es auch viele Herausforderungen durch die Digitalisierung. Unternehmen müssen sich ständig anpassen und neue Strategien entwickeln, um wettbewerbsfähig zu bleiben.

>>Kommunikationsexperte: Und wenn man bedenkt, wie schnell sich Kommunikationstechnologien entwickelt haben... Es ist beeindruckend zu sehen, welche Rolle sie bei der Verbreitung von Informationen spielen. Das wird sicherlich auch in Zukunft so bleiben.

>>Historiker: Tja... Es ist wichtig zu beachten, dass die Entwicklung des Internets nicht nur technologische Fortschritte gebracht hat, sondern auch tiefgreifende soziale und wirtschaftliche Veränderungen mit sich brachte. Frühe Visionäre wie J.C.R. Licklider hatten bereits die potenziellen sozialen Auswirkungen vorhergesehen.

>>Soziologe: Absolut! Und ehrlich gesagt finde ich es faszinierend zu beobachten, wie diese Visionen Realität geworden sind. Das Internet hat wirklich eine neue Ära der sozialen Interaktion eingeleitet.

>>Technologieexperte: Genau! Die technologische Entwicklung des Internets wird weiterhin rasant voranschreiten. Die Fortschritte bei Netzwerktechnologien haben nicht nur die Datenübertragung revolutioniert...

>>Wirtschaftsexperte: ...sondern auch die Grundlage für heutige Geschäftsmodelle geschaffen!

>>Kommunikationsexperte: Richtig! Und ich denke mal... dass wir alle gespannt darauf sind zu sehen, was als nächstes kommt.

>>Historiker: Zusammenfassend lässt sich sagen, dass wir heute viel über die verschiedenen Aspekte der Internetentwicklung gelernt haben – von den technologischen Meilensteinen bis hin zu den sozialen und wirtschaftlichen Auswirkungen.

>>Kommunikationsexperte: Genau, und es bleibt spannend zu sehen, wohin uns diese Entwicklungen führen werden.","**Meeting Summary: Geschichte des Internets**

In unserem heutigen Treffen haben wir die Entwicklung des Internets in drei Hauptphasen besprochen. Zunächst wurde die Frühphase ab Mitte der 1960er Jahre thematisiert, in der die Grundlagen gelegt und erste technische Demonstrationen durchgeführt wurden. 

Die zweite Phase begann Ende der 1970er Jahre mit dem Übergang von militärischer zu akademischer Nutzung, was zu einem rasanten Wachstum und internationaler Verbreitung führte. Diese Zeit war geprägt von einer Tauschökonomie für Software, Selbstorganisation und einem starken Gemeinschaftsgeist unter den Nutzern.

Ab 1990 startete die kommerzielle Phase des Internets mit der Abschaltung des Arpanet. Es wurde festgestellt, dass das Internet bis zum Jahr 2007 bereits 97% des weltweiten Informationsaustauschs dominierte.

Ein wichtiger Punkt war auch die Vision von Murray Leinster aus dem Jahr 1946, der als einer der ersten eine vernetzte Computerwelt beschrieb. Zudem wurde J.C.R. Licklider hervorgehoben, dessen Arbeit bei ARPA maßgeblich zur Neudefinition des Computers als Kommunikationsgerät beitrug.

Schließlich diskutierten wir über den Paradigmenwechsel hin zu paketvermittelten Netzwerken und die Rolle von Pionieren wie Paul Baran und Donald Watts Davies. Die Einführung von TCP/IP-Protokollen durch Bob Kahn und Vint Cerf ermöglichte schließlich die"
"In dem Meeting diskutierten die Teilnehmer über verschiedene Aspekte und Herausforderungen des E-Learnings. Der Bildungstechnologe betonte die Bedeutung der Benutzerfreundlichkeit und des Zugangs für alle Lernenden bei technologischen Innovationen. Der pädagogische Berater hob hervor, dass VR und AR das Lernen immersiver machen können, aber didaktisch sinnvoll integriert werden müssen. Der Bildungsforscher wies darauf hin, dass technologische Innovationen oft auf pädagogische Bedürfnisse reagieren sollten.

Die Diskussion umfasste auch adaptive Lernsysteme, die sich individuell an den Lernenden anpassen und den Lernerfolg verbessern können. Es wurde betont, dass diese Systeme didaktisch angepasst werden müssen. Der Informatiker erwähnte technische Herausforderungen wie Serverstabilität und Skalierbarkeit.

Weitere Themen waren die Integration von Gamification-Elementen zur Steigerung der Motivation und Interaktivität sowie der Einsatz von KI zur Erstellung personalisierter Lernpfade. Die Teilnehmer sprachen auch über die potenziellen Vorteile von Blockchain-Technologie für Sicherheit und Transparenz in E-Learning-Plattformen.

Abschließend einigten sich die Teilnehmer darauf, Pilotprojekte in verschiedenen Fächern zu starten, um den Einsatz von AR und VR zu testen. Diese Projekte sollen wissenschaftlich begleitet und regelmäßig evaluiert werden, um sicherzustellen, dass sie den Lernprozess tatsächlich verbessern. Kooperationen mit Universitäten und Technologieunternehmen sowie die Suche nach Fördermitteln wurden als mögliche Finanzierungsmöglichkeiten vorgeschlagen.",">>Bildungstechnologe: Guten Morgen zusammen! Schön, dass wir heute über E-Learning sprechen können.

>>Pädagogischer Berater: Hallo! Ich bin gespannt auf die neuen Ansätze im E-Learning und wie wir diese didaktisch optimieren können.

>>Bildungsforscher: Guten Morgen! Es ist spannend zu sehen, wie sich E-Learning entwickelt hat und welche wissenschaftlichen Erkenntnisse wir einfließen lassen können.

>>Bildungstechnologe: Also, wenn wir über technologische Innovationen im E-Learning sprechen, sollten wir auch die Benutzerfreundlichkeit und den Zugang für alle Lernenden berücksichtigen. Wie stellen wir sicher, dass diese Technologien nicht nur technisch einwandfrei sind, sondern auch inklusiv?

>>Pädagogischer Berater: Das ist ein guter Punkt mit der Benutzerfreundlichkeit. Ich denke auch, dass VR und AR das Lernen immersiver machen können – aber wie integrieren wir das didaktisch sinnvoll?

>>Bildungsforscher: Die Forschung zeigt tatsächlich, dass die Integration von VR und AR in den Bildungsprozess nicht nur technologische Herausforderungen mit sich bringt, sondern auch tiefgreifende didaktische Überlegungen erfordert. Wie verhindern wir, dass diese Technologien nur als Spielerei wahrgenommen werden? Das ist eine interessante Perspektive.

>>Bildungstechnologe: Genau! Aber lassen Sie uns das genauer betrachten: Wie stellen wir sicher, dass VR und AR nicht nur zugänglich sind, sondern auch intuitiv bedienbar? Das ist der springende Punkt!

>>Pädagogischer Berater: Wenn wir über Benutzerfreundlichkeit sprechen... ähm... sollten wir bedenken, wie wichtig es ist, dass die Lernenden sich aktiv einbringen können. Das bedeutet interaktive Elemente und Feedback-Schleifen einzubauen um das Lernen dynamischer zu gestalten.

>>Informatiker: Die technische Realisierung von VR und AR in E-Learning-Plattformen stellt eine Herausforderung dar – zum Beispiel müssen unsere Server stabil genug sein, um viele gleichzeitige Nutzer zu unterstützen. 
 >>Bildungsforscher: Interessanterweise zeigt die Entwicklung des E-Learnings, dass technologische Innovationen oft auf pädagogische Bedürfnisse reagieren. Zum Beispiel haben wir gesehen, wie moderne Lernplattformen immer interaktiver werden.

>>Bildungstechnologe: Ja, genau! Besonders spannend finde ich die aktuellen Entwicklungen bei adaptiven Lernsystemen – sie passen sich individuell an den Lernenden an und verbessern so das Lernerlebnis erheblich.

>>Pädagogischer Berater: Absolut richtig. Diese Systeme erfordern jedoch auch eine didaktische Anpassung. Ich habe kürzlich ein Projekt betreut, bei dem wir adaptive Lernprogramme erfolgreich eingesetzt haben und die Ergebnisse waren beeindruckend.

>>Informatiker: Das klingt interessant! Ein weiteres gutes Beispiel ist das PLATO-System aus den 1970er Jahren – es hat frühzeitig gezeigt, wie wichtig Interaktivität und Anpassungsfähigkeit sind. Aber was denkst du über die heutigen technischen Herausforderungen?

>>Bildungstechnologe: Gute Frage! Die Stabilität der Server und die Skalierbarkeit sind immer noch zentrale Themen. Wir müssen sicherstellen, dass unsere Plattformen zuverlässig funktionieren, besonders wenn viele Nutzer gleichzeitig online sind.

>>Pädagogischer Berater: Genau, und dabei dürfen wir nicht vergessen, dass auch die Benutzerfreundlichkeit entscheidend ist. Wenn ein System zu kompliziert ist, verlieren die Lernenden schnell das Interesse.

>>Bildungsforscher: Stimmt absolut. Ich erinnere mich an eine Situation vor ein paar Jahren, als wir eine neue Plattform eingeführt haben und viele Rückmeldungen zur Komplexität bekommen haben. Wir mussten einiges ändern, um sie benutzerfreundlicher zu machen.

>>Informatiker: Das zeigt doch wieder mal, wie wichtig Feedback von den Nutzern ist. Ohne ihre Rückmeldungen können wir keine wirklich effektiven Lösungen entwickeln.

>>Bildungstechnologe: Also gut! Wie können wir diese Erkenntnisse nutzen? Vielleicht könnten wir einige dieser alten Konzepte mit neuen Technologien kombinieren?

>>Pädagogischer Berater: Durchaus möglich! Mit der Integration von KI könnten wir moderne Plattformen besser an die Bedürfnisse der Lernenden anpassen und ihnen ein maßgeschneidertes Lernerlebnis bieten.

>>Bildungsforscher: Tatsächlich! Wenn man bedenkt, wie weit wir seit diesen frühen Projekten gekommen sind... Es gibt sicherlich viele Lektionen daraus zu ziehen und anzuwenden. 
 >>Bildungstechnologe: Also, bei der Entwicklung von E-Learning-Plattformen können wir CBT und WBT integrieren. Diese Technologien sind flexibel und skalierbar – ideal für Lernen unabhängig von Zeit und Ort!

>>Pädagogischer Berater: Das stimmt. Aber wie stellen wir sicher, dass diese Technologien den Lernprozess wirklich verbessern und nicht nur technisch beeindruckend sind?

>>Bildungstechnologe: Na ja, durch die Integration von Learning Management Systems (LMS) schaffen wir eine zentrale Plattform, die nicht nur CBT und WBT unterstützt, sondern auch die Verwaltung und Analyse des Lernfortschritts ermöglicht. LMS bieten eine umfassende Lösung für das Management von Lerninhalten und -prozessen.

>>Informatiker: Genau. LMS sind wirklich nützlich. Ich erinnere mich an ein Projekt letztes Jahr, wo wir einige technische Herausforderungen hatten, aber durch regelmäßige Updates konnten wir die Stabilität sicherstellen.

>>Bildungstechnologe: Gute Frage! Moderne Autorensysteme ermöglichen es uns, Lerninhalte effizient zu erstellen und flexibel anzupassen. Diese Systeme integrieren verschiedene Medienformate und schaffen so ein dynamisches Lernerlebnis.

>>Pädagogischer Berater: Ja, das klingt vielversprechend. Ehrlich gesagt sollten wir aber auch darauf achten, dass diese Systeme didaktisch optimiert sind. Adaptive Lernpfade könnten zum Beispiel integriert werden, um sich an den individuellen Fortschritt der Lernenden anzupassen.

>>Informatiker: Tja, adaptive Systeme sind großartig in der Theorie. Aber wie sieht es in der Praxis aus? Gibt es Beispiele für erfolgreiche Implementierungen?

>>Bildungsforscher: Tatsächlich gibt es einige Studien dazu. Ein Beispiel wäre ein Projekt an einer Universität in Deutschland, wo adaptive Lernsysteme signifikante Verbesserungen im Lernerfolg gezeigt haben.

>>Bildungstechnologe: Genau! Und solche Beispiele zeigen uns den Weg nach vorne – das ist wirklich spannend! Wir sollten weiterhin auf innovative Lösungen setzen und gleichzeitig sicherstellen, dass sie praktisch umsetzbar sind.

>>Pädagogischer Berater: Absolut! Und dabei dürfen wir nicht vergessen, regelmäßig Feedback von den Nutzern einzuholen. Nur so können wir kontinuierlich verbessern.

>>Informatiker: Richtig! Nutzerfeedback ist entscheidend für die Weiterentwicklung unserer Plattformen. Vielleicht könnten wir eine Umfrage starten oder regelmäßige Workshops mit den Nutzern organisieren.

>>Bildungsforscher: Nun ja... Es bleibt wichtig zu betonen, dass technologische Innovationen immer auf pädagogische Bedürfnisse reagieren müssen. Nur dann können sie wirklich effektiv sein. 
 >>Bildungstechnologe: Also, E-Learning bietet nicht nur Flexibilität in Zeit und Ort, sondern auch erhebliche wirtschaftliche Vorteile! Denken Sie nur an die Einsparungen bei Reisekosten und physischen Materialien. Das ist der springende Punkt!

>>Pädagogischer Berater: Ja, das stimmt total. Die Flexibilität von E-Learning ist echt ein großer Vorteil, weil die Lernenden in ihrem eigenen Tempo arbeiten können und sich auf ihre individuellen Bedürfnisse konzentrieren können. Zudem können sie durch die individuelle Anpassung der Inhalte besser motiviert und engagiert bleiben.

>>Bildungsforscher: Tatsächlich zeigt die wissenschaftliche Analyse, dass E-Learning nicht nur ökonomische Vorteile bietet, sondern auch die Möglichkeit, Lernprozesse durch adaptive Systeme – also Programme, die sich an den Lernfortschritt anpassen – individuell anzupassen. Ähm, wie die Forschung zeigt, können solche Systeme den Lernerfolg signifikant steigern.

>>Informatiker: Genau! Und durch den Einsatz von E-Learning können wir auch sicherstellen, dass die Lernumgebung dynamisch bleibt! Adaptive Lernsysteme ermöglichen es uns, Inhalte individuell anzupassen und so den Lernerfolg zu maximieren. Was denkst du darüber?

>>Pädagogischer Berater: Absolut. Ich habe selbst erlebt, wie effektiv adaptive Lernsysteme sein können – meine Studierenden haben dadurch deutlich bessere Ergebnisse erzielt. Außerdem erlaubt es diese Flexibilität wirklich jedem Einzelnen voranzukommen und sich auf spezifische Bedürfnisse zu konzentrieren.

>>Bildungstechnologe: Na ja, wenn wir über die Flexibilität von E-Learning sprechen, sollten wir auch die Möglichkeit der kontinuierlichen Aktualisierung der Lerninhalte betonen! Das bedeutet nämlich, dass Lernmaterialien immer auf dem neuesten Stand gehalten werden können – was in traditionellen Lernumgebungen oft schwierig ist.

>>Informatiker: Richtig. Durch diese kontinuierliche Aktualisierung können wir sicherstellen, dass Informationen immer aktuell und relevant sind! Besonders wichtig ist das in schnelllebigen Bereichen wie Technologie oder Medizin.

>>Bildungsforscher: Nun ja, ich denke auch an Studien zur Effektivität dieser Updates. Es gibt Hinweise darauf, dass regelmäßige Aktualisierungen tatsächlich einen positiven Einfluss auf den Lernerfolg haben können. Habt ihr ähnliche Erfahrungen gemacht? 
 >>Bildungstechnologe: Also, wir haben festgestellt, dass die Integration von interaktiven Elementen in E-Learning-Plattformen nicht nur die Motivation der Lernenden steigert, sondern auch deren Lernerfolg signifikant verbessert. Wie können wir diese Interaktivität noch weiter ausbauen?
>>Pädagogischer Berater: Ich denke da an Gamification-Elemente wie interaktive Quizze oder Lernspiele im Lehrplan. Was meint ihr dazu?
>>Informatiker: Klingt gut! Aber technisch müssen wir sicherstellen, dass diese Elemente nahtlos integriert werden können. Welche Anforderungen gibt es da genau?
>>Bildungsforscher: Die Forschung zeigt positive Effekte durch Gamification-Elemente wie Quizze und Spiele – aber sie müssen sinnvoll eingebettet sein. Wir sollten darauf achten, dass sie klar mit den Lernzielen verknüpft sind und regelmäßig evaluiert werden.
>>Pädagogischer Berater: Genau! Und was haltet ihr davon, Augmented Reality (AR) und Virtual Reality (VR) zu integrieren? Diese Technologien könnten das Lernen noch spannender machen!
>>Informatiker: Das klingt vielversprechend! Aber ehrlich gesagt, AR und VR sind technisch anspruchsvoll. Unsere Server müssen stabil genug sein und die Nutzerfreundlichkeit darf nicht leiden. Habt ihr schon konkrete Implementierungspläne oder Beispiele gesehen, wo das gut funktioniert hat?
>>Bildungstechnologe: Ja, ich habe von einem Projekt gehört, bei dem VR genutzt wurde, um medizinische Studierende in virtuellen Operationen zu schulen. Das war sehr erfolgreich.
>>Pädagogischer Berater: Interessant! Aber wie setzen wir AR und VR didaktisch sinnvoll ein? Wir dürfen nicht vergessen, dass der pädagogische Mehrwert im Vordergrund stehen muss.
>>Bildungsforscher: Studien zeigen tatsächlich Verbesserungen durch AR und VR im E-Learning – aber es muss sinnvoll eingebettet sein. Vielleicht könnten wir mit Pilotprojekten starten und sehen, welche Ansätze am besten funktionieren.
>>Informatiker: Gute Idee! Wir könnten kleine Testgruppen bilden und verschiedene Szenarien ausprobieren. So bekommen wir auch direktes Feedback von den Nutzern. 
 >>Bildungstechnologe: Also, wir könnten auch überlegen, wie Künstliche Intelligenz (KI) in E-Learning-Plattformen integriert werden kann, um personalisierte Lernpfade noch effektiver zu gestalten. KI könnte helfen, den Lernprozess dynamisch an die Bedürfnisse jedes Einzelnen anzupassen.

>>Pädagogischer Berater (unterbricht): Genau! Und das könnte auch die didaktische Optimierung unterstützen. Zum Beispiel könnten adaptive Systeme entwickelt werden, die auf den individuellen Fortschritt der Lernenden reagieren und gezielte Unterstützung bieten.

>>Bildungsforscher: Ja, das stimmt. Die Forschung zeigt auch, dass adaptive Lernsysteme nicht nur den individuellen Fortschritt berücksichtigen können, sondern auch emotionale Zustände der Lernenden. Wie könnten wir sicherstellen, dass diese Systeme nicht nur technisch einwandfrei funktionieren, sondern auch pädagogisch sinnvoll eingesetzt werden?

>>Pädagogischer Berater: Nun ja, es wäre wichtig, dass adaptive Systeme nicht nur den Lernfortschritt berücksichtigen, sondern auch Motivation und Engagement der Lernenden fördern. Das könnte durch Gamification-Elemente oder interaktive Aufgaben unterstützt werden.

>>Bildungstechnologe: Genau! Wir könnten auch über den Einsatz von Augmented Reality (AR) und Virtual Reality (VR) nachdenken...

>>Informatiker (unterbricht): Moment mal! AR und VR haben definitiv Potenzial, aber sie sind auch teuer und erfordern spezielle Hardware. Wir müssen sicherstellen, dass die technische Umsetzung nahtlos ist und keine zusätzlichen Hürden für die Nutzer schafft.

>>Pädagogischer Berater: Absolut richtig. Die Integration von AR und VR kann das Engagement steigern und gleichzeitig komplexe Konzepte durch direkte Erfahrung verständlicher machen.

>>Bildungstechnologe: Na ja... Interessanterweise könnten wir auch über die Integration von Blockchain-Technologie in E-Learning-Plattformen nachdenken. Das könnte nicht nur die Sicherheit und Transparenz der Lernprozesse erhöhen...

>>Bildungsforscher (unterbricht): Aber bei der Blockchain müssen wir bedenken, dass nicht alle Lernende mit dieser Technologie vertraut sind. Es gibt da eine gewisse Einstiegshürde.

>>Informatiker: Also... Blockchain bietet viele Vorteile hinsichtlich Sicherheit und Transparenz. Wir sollten jedoch darauf achten, dass sie wirklich Mehrwert bringt und nicht nur als technisches Gimmick dient.

>>Pädagogischer Berater: Genau! Durch Blockchain könnten wir eine verlässliche Nachverfolgbarkeit der Lernfortschritte gewährleisten und somit sowohl Sicherheit als auch didaktische Optimierung unterstützen.

>>Bildungstechnologe: Vielleicht sollten wir konkrete Beispiele diskutieren? Zum Beispiel könnte ein KI-System in einer Mathematik-Lernplattform eingesetzt werden...

>>Pädagogischer Berater (ergänzt): ...um Aufgaben basierend auf den Fehlern der Schüler anzupassen. Das wäre ein praktischer Anwendungsfall! 
 >>Bildungstechnologe: Also, wir könnten überlegen, wie wir KI nutzen können, um personalisierte Lernpfade zu erstellen. Das würde nicht nur die Motivation der Lernenden steigern, sondern auch ihre individuellen Bedürfnisse besser berücksichtigen.

>>Informatiker: Genau, aber wenn wir KI für personalisierte Lernpfade nutzen wollen, müssen wir auch die technischen Anforderungen im Blick behalten. Die Serverkapazität und Datenverarbeitung sind hier entscheidend. Wir sollten das genauer analysieren.

>>Bildungstechnologe: Apropos Sicherheit und Datenverarbeitung, wie steht es eigentlich mit der Nutzung von Blockchain-Technologie? Sie könnte die Sicherheit und Transparenz in unseren E-Learning-Plattformen erhöhen.

>>Bildungsforscher: Ja, das stimmt. Studien zeigen auch, dass Blockchain-Technologie das Vertrauen der Nutzer stärkt. In einem Projekt an der Universität X wurde Blockchain erfolgreich eingesetzt, um Prüfungsdaten sicher zu speichern und Manipulationen zu verhindern. Aber wie stellen wir sicher, dass diese Technologie pädagogisch sinnvoll integriert wird?

>>Pädagogischer Berater: Ehrlich gesagt, denke ich auch, dass wir bei der Integration von Blockchain-Technologie die didaktische Seite nicht vernachlässigen dürfen. Vielleicht könnten wir Pilotprojekte starten und sehen, wie sich diese Technologie auf den Lernprozess auswirkt?

>>Bildungstechnologe: Gute Idee! Und was haltet ihr von Augmented Reality? Damit könnten wir immersive Lernumgebungen schaffen und komplexe Konzepte greifbarer machen.

>>Informatiker: Tja, AR hat definitiv Potenzial. Aber es ist teuer und erfordert spezielle Hardware. Wir müssten prüfen, ob sich diese Investition lohnt.

>>Pädagogischer Berater: Nun ja, AR könnte wirklich helfen, komplexe Konzepte verständlicher zu machen. Vielleicht könnten wir es zunächst in bestimmten Fächern testen? Zum Beispiel in Naturwissenschaften oder Geschichte?

>>Bildungsforscher: Interessanterweise gibt es Studien dazu. In einigen Schulen wurde AR bereits erfolgreich eingesetzt, um den Biologieunterricht interaktiver zu gestalten. Wir sollten uns ansehen, welche konkreten Vorteile AR im Bildungsbereich bietet und ob sie den Aufwand rechtfertigt. 
 >>Pädagogischer Berater: Ich denke, dass wir die didaktische Integration von AR und VR genauer untersuchen sollten. Wie können wir sicherstellen, dass diese Technologien nicht nur als Spielerei wahrgenommen werden, sondern tatsächlich den Lernprozess verbessern?

>>Bildungstechnologe: Also, bei unseren Pilotprojekten haben wir festgestellt, dass die Integration von AR und VR den Lernprozess bereichert und die Motivation der Lernenden erheblich steigert! Das ist ein wichtiger Punkt. Wie können wir diese Technologien noch weiter optimieren? Vielleicht sollten wir uns auf Benutzerfreundlichkeit und technische Stabilität konzentrieren. Was denkt ihr?

>>Informatiker: Ja, das stimmt. Die technische Stabilität ist entscheidend. Wir müssen sicherstellen, dass die Systeme zuverlässig laufen und einfach zu bedienen sind. Vielleicht könnten wir auch überlegen, wie wir die Hardwareanforderungen senken können.

>>Bildungsforscher: Es gibt Studien, die zeigen, dass AR im Biologieunterricht sehr erfolgreich eingesetzt wurde. Aber wie sieht es mit anderen Fächern aus? Haben wir genug Daten dazu?

>>Pädagogischer Berater: Gute Frage. Ich denke, dass wir mehr Forschung in verschiedenen Fächern brauchen. Vielleicht könnten wir Pilotprojekte in Geschichte oder Mathematik starten.

>>Bildungstechnologe: Na ja, das klingt nach einem guten Plan! Wenn wir verschiedene Fächer abdecken können, bekommen wir ein umfassenderes Bild davon, wie AR und VR den Lernprozess beeinflussen.

>>Informatiker: Aber was ist mit den Kosten? Diese Technologien sind nicht billig. Wie wollen wir das finanzieren?

>>Bildungsforscher: Tatsächlich könnte eine Kooperation mit Technologieunternehmen eine Lösung sein. Sie könnten uns unterstützen und gleichzeitig ihre Produkte testen.

>>Pädagogischer Berater: Das wäre eine Möglichkeit. Und ich denke auch, dass wir nach Fördermitteln suchen sollten. Es gibt viele Programme zur Unterstützung innovativer Bildungsprojekte.

>>Bildungstechnologe: Absolut! Zusammengefasst konzentrieren wir uns auf Benutzerfreundlichkeit und Stabilität bei AR/VR-Projekten und starten Pilotprojekte in verschiedenen Fächern. Wir suchen nach Finanzierungsmöglichkeiten durch Kooperationen und Fördermittel.

>>Informatiker: Klingt nach einem soliden Plan!

>>Bildungsforscher: Ja, das sollte funktionieren. Lasst uns damit anfangen! 
 >>Pädagogischer Berater: Das ist ein guter Punkt. Wir haben auch die Bedeutung der didaktischen Optimierung bei der Integration von VR und AR betont. Es wäre sinnvoll, diese Pilotprojekte mit regelmäßigem Feedback zu begleiten, um sicherzustellen, dass sie den Lernprozess tatsächlich verbessern.

>>Bildungstechnologe: Ähm, ja! Um sicherzustellen, dass diese Pilotprojekte durch Forschung unterstützt werden, könnten wir eine Kooperation mit Universitäten und Forschungseinrichtungen in Betracht ziehen. Das würde nicht nur die Akzeptanz erhöhen, sondern auch wertvolle Daten für zukünftige Projekte liefern!

>>Bildungsforscher: Tatsächlich zeigt die Forschung, dass regelmäßiges Feedback nicht nur den Lernprozess verbessert, sondern auch die Akzeptanz neuer Technologien erhöht. Wie wollen wir sicherstellen, dass diese Pilotprojekte tatsächlich wissenschaftlich begleitet werden?

>>Informatiker: Also, ich denke, wir sollten klare Kriterien für die Evaluation festlegen und vielleicht eine Art Dashboard entwickeln, um den Fortschritt zu überwachen. Was meint ihr dazu?

>>Pädagogischer Berater: Nun ja, das klingt nach einem guten Plan. Ehrlich gesagt sollten wir auch überlegen, wie wir das Feedback der Lehrkräfte und Schüler systematisch erfassen können.

>>Bildungstechnologe: Genau! Vielleicht könnten wir regelmäßige Workshops oder Fokusgruppen organisieren? So bekommen wir direktes Feedback aus erster Hand.

>>Bildungsforscher: Ähm... Ja, das wäre sehr nützlich. Und es wäre wichtig sicherzustellen, dass alle Beteiligten wissen, wie sie ihre Rückmeldungen geben können.

>>Informatiker: Na ja... Dann sollten wir auch an die technische Unterstützung denken. Wenn es Probleme gibt oder Anpassungen nötig sind...

>>Pädagogischer Berater: Stimmt! Wir müssen flexibel bleiben und bereit sein anzupassen.

>>Bildungstechnologe: Also gut! Zusammengefasst starten wir Pilotprojekte in Geschichte und Mathematik mit regelmäßigem Feedback und wissenschaftlicher Begleitung durch Universitäten. Hat noch jemand Anmerkungen oder Fragen dazu?

>>Pädagogischer Berater: Das klingt gut.

>>Informatiker: Ja, das passt.

>>Bildungsforscher: Einverstanden.","In der heutigen Brainstorming-Sitzung wurde das Thema E-Learning umfassend diskutiert. Zunächst wurde die Definition von E-Learning nach Michael Kerres erläutert, die alle Formen des Lernens umfasst, bei denen digitale Medien zur Präsentation und Verteilung von Lernmaterialien sowie zur Unterstützung der Kommunikation eingesetzt werden.

Historisch betrachtet reicht E-Learning bis ins 16. Jahrhundert zurück, als Agostino Ramelli das Leserad erfand. Weitere Meilensteine waren Halcyon Skinners Rechtschreibmaschine (1866) und B.F. Skinners lineare Lernprogramme (1938). In den 1970er Jahren startete die NSF in den USA bedeutende Projekte wie TICCIT und PLATO, um die Effizienz computergestützter Instruktion zu beweisen.

Die Sitzung beleuchtete auch verschiedene Technologien und didaktische Szenarien des E-Learnings, darunter CBT (Computer Based Training), WBT (Web Based Training) und LMS (Learning Management Systems). Es wurde betont, dass moderne Autorensysteme eine einfache Erstellung von digitalen Lernangeboten ermöglichen.

Ein weiterer Schwerpunkt lag auf den Vorteilen des E-Learnings wie zeitlicher und räumlicher Flexibilität sowie ökonomischen Aspekten. Allerdings wurden auch Herausforderungen wie die Notwendigkeit einer hohen Interaktivität und die Integration in bestehende Lehrpläne thematisiert.

Abschließend wurde über zukünftige Entwicklungen im Bereich E-Learning"
"In dem Meeting diskutierten ein Biologe, ein Ingenieur, ein Designer und ein Philosoph über die Möglichkeiten und Herausforderungen der Bionik. Der Biologe betonte die Effizienz natürlicher Strukturen wie Spinnennetze und Baumstämme, während der Ingenieur Beispiele für technische Innovationen wie den Roboterarm inspiriert von Elefantenrüsseln und den Schwimmanzug mit Haihaut-Struktur nannte. Der Designer hob die ästhetischen Aspekte hervor, wie den Lotus-Effekt bei Fassadenfarben und selbstreparierende Strukturen inspiriert von Knochengewebe. Der Philosoph stellte ethische Fragen zur Manipulation natürlicher Prozesse und betonte die Notwendigkeit nachhaltiger Lösungen. Alle Teilnehmer waren sich einig, dass interdisziplinäre Zusammenarbeit entscheidend ist, um bionische Prinzipien erfolgreich in Technik und Design zu integrieren. Abschließend wurden konkrete nächste Schritte vereinbart: Studien zu mechanischen Eigenschaften von Baumstämmen, Entwürfe für selbstreparierende Möbel und eine Analyse der ethischen Implikationen.",">>Biologe: Guten Morgen zusammen! Ich freue mich, dass wir heute hier sind, um über die faszinierenden Möglichkeiten der Bionik zu sprechen. Die Natur bietet uns so viele inspirierende Lösungen, und ich bin gespannt auf unsere Diskussionen.

>>Ingenieur: Guten Morgen! Ja, die technischen Innovationen durch Bionik haben ein enormes Potenzial. Neulich habe ich von einem neuen Roboterarm gehört, der von Elefantenrüsseln inspiriert ist – unglaublich flexibel und stark!

>>Designer: Guten Morgen zusammen! Genau solche Beispiele zeigen doch, wie wir die Eleganz und Effizienz der Natur in unsere Designs integrieren können. Denken Sie an den Lotus-Effekt bei Fassadenfarben – nicht nur funktional, sondern auch ästhetisch ansprechend.

>>Philosoph: Das ist wirklich spannend. Aber was denken Sie über die langfristigen Auswirkungen solcher Technologien auf unsere Umwelt? Wenn wir die Natur so intensiv studieren und ihre Prinzipien übernehmen – wo ziehen wir dann die Grenze zwischen Inspiration und Manipulation?

>>Biologe: Gute Frage. Es ist wichtig, dass wir uns auch die evolutionären Prozesse ansehen, durch die diese natürlichen Strukturen entstanden sind. Die Natur hat über Millionen von Jahren optimierte Lösungen entwickelt. Zum Beispiel Spinnennetze – sie sind stark und flexibel zugleich.

>>Ingenieur: Absolut! Und es gibt noch viele weitere Anwendungen. Neben dem Schwimmanzug mit Haihaut-Struktur gibt es auch Gebäude, deren Belüftungssysteme von Termitenhügeln inspiriert sind. Solche Innovationen könnten unser tägliches Leben revolutionieren.

>>Designer: Das stimmt! Ich habe neulich gelesen, dass Architekten jetzt auch Strukturen entwickeln, die sich selbst reparieren können – inspiriert von Knochengewebe. Stellen Sie sich vor, wie das unsere Städte verändern könnte!

>>Philosoph: Interessant! Aber lassen Sie uns darüber nachdenken: Welche ethischen Implikationen hat es, wenn wir solche Technologien einsetzen? Sollten wir nicht sicherstellen, dass diese Innovationen nachhaltig sind und keine negativen Auswirkungen auf unsere Umwelt haben?

>>Biologe: Absolut richtig. Wir müssen sicherstellen, dass wir verantwortungsvoll handeln. Die Natur bietet uns Vorbilder für Nachhaltigkeit – zum Beispiel Kreislaufsysteme in Ökosystemen.

>>Ingenieur: Das ist ein guter Punkt! Vielleicht sollten wir auch überlegen, wie diese Technologien zugänglich gemacht werden können, damit sie einen positiven Einfluss auf möglichst viele Menschen haben.

>>Designer: Genau! Und dabei dürfen wir nicht vergessen, dass Design nicht nur funktional sein sollte. Es sollte auch das Wohlbefinden der Menschen fördern und ästhetisch ansprechend sein. 
 >>Biologe: Also, lassen Sie mich das erklären. Bionik ist die Wissenschaft, die sich mit der Übertragung von Phänomenen der Natur auf die Technik beschäftigt. Ein historisches Beispiel dafür ist Leonardo da Vincis Ornithopter, eine Flugmaschine inspiriert vom Vogelflug.

>>Ingenieur: Schauen Sie, die technischen Innovationen aus der Bionik sind wirklich beeindruckend. Denken Sie an den Klettverschluss, inspiriert von Kletten. Das zeigt doch, wie viele praktische Anwendungen wir aus der Natur ableiten können.

>>Philosoph (unterbricht höflich): Darf ich kurz was dazu sagen? Ich finde es faszinierend, wie diese technischen Innovationen auch philosophische Fragen aufwerfen können. Zum Beispiel: Was bedeutet das für unsere Definition von Kreativität und Originalität?

>>Biologe: Na ja, das ist ein interessanter Punkt! Die Natur als Quelle der Inspiration stellt tatsächlich unsere traditionellen Vorstellungen von Kreativität in Frage. Aber zurück zu den praktischen Anwendungen...

>>Designer: Stellen Sie sich vor, wie wir durch die Integration von bionischen Prinzipien nicht nur funktionale, sondern auch ästhetisch ansprechende Designs schaffen können. Der Lotus-Effekt bei Fassadenfarben sorgt nicht nur für Selbstreinigung, sondern bietet auch eine sehr interessante Optik.

>>Ingenieur: Um es einfach auszudrücken – die Bionik ermöglicht uns technische Innovationen direkt aus der Natur abzuleiten. Ein weiteres Beispiel wäre der Eisvogel-Schnabel als Vorbild für Hochgeschwindigkeitszüge. Solche Anwendungen zeigen, wie wir durch Beobachtung und Analyse zu praktischen Lösungen gelangen können.

>>Biologe: Sehen Sie, die Bionik beschränkt sich nicht nur auf technische Anwendungen. Ein faszinierendes Beispiel aus der Geschichte ist Leonardo da Vincis Ornithopter – eine Flugmaschine inspiriert vom Vogelflug. Diese frühen Ideen zeigen, wie tief verwurzelt die Inspiration aus der Natur in unserer Innovationsgeschichte ist.

>>Designer: Ehrlich gesagt, stellen Sie sich vor, wie moderne Architektur von natürlichen Strukturen beeinflusst wird – zum Beispiel das Gherkin-Gebäude in London mit seiner spiralförmigen Struktur inspiriert von Seesternen und Seeigeln. 
 >>Biologe: Also, das ist der springende Punkt. Die Evolution hat über Millionen von Jahren Strukturen und Prozesse optimiert, die wir in der Technik nutzen können. Ähm, sehen Sie, wie Pflanzen Wasser speichern oder Tiere ihre Bewegungen koordinieren – all das sind perfekte Beispiele für natürliche Effizienz.

>>Ingenieur: Genau! Schauen Sie sich den Eisvogel-Schnabel an, der als Vorbild für Hochgeschwindigkeitszüge diente. Durch solche natürlichen Vorbilder können wir technische Innovationen vorantreiben und gleichzeitig die Effizienz steigern. Ich habe tatsächlich an einem Projekt gearbeitet, bei dem wir genau dieses Prinzip angewendet haben.

>>Biologe: Ein weiteres faszinierendes Beispiel ist die Struktur der Haifischhaut...

>>Designer (unterbrechend): Ja genau! Und das wurde sogar auf Schwimmanzüge übertragen! Das hat zu einer erheblichen Leistungssteigerung geführt. Wirklich beeindruckend!

>>Philosoph: Das sind alles spannende Beispiele! Aber sollten wir uns nicht auch fragen, welche ethischen Implikationen es hat? Zum Beispiel bei der Nutzung von natürlichen Prozessen – was bedeutet das für unsere Kreativität und Originalität?

>>Ingenieur: Ehrlich gesagt, ich denke nicht, dass es unsere Kreativität einschränkt. Vielmehr inspiriert uns die Natur zu neuen Lösungen. Nehmen Sie den Lotus-Effekt bei Fassadenfarben – ein Paradebeispiel für technische Innovation durch Bionik.

>>Biologe: Na klar! Und denken Sie an die Photosynthese bei Pflanzen – ein Prozess, der Sonnenlicht in chemische Energie umwandelt. Wenn wir dieses Prinzip auf Solartechnologien übertragen könnten... Das wäre ein enormer Fortschritt.

>>Designer: Absolut! Aber ich frage mich manchmal, ob wir nicht zu sehr auf die Natur fixiert sind und dabei eigene innovative Ansätze übersehen...

>>Philosoph: Tja... Aber sollten wir nicht auch bedenken, dass jede Technologie ihre eigenen Herausforderungen mit sich bringt? Was passiert zum Beispiel mit den Abfällen dieser neuen Technologien?

>>Ingenieur: Wissen Sie, das ist ein berechtigter Punkt. Wir müssen sicherstellen, dass unsere Innovationen nachhaltig sind und keine neuen Probleme schaffen.

>>Biologe: Genau so sehe ich das auch. Die Natur zeigt uns oft Wege zur Nachhaltigkeit – denken Sie an geschlossene Kreislaufsysteme in Ökosystemen. Diese Prinzipien können uns helfen.

>>Designer: Ja! Und wenn wir diese Prinzipien in unseren Designs berücksichtigen... Also ehrlich gesagt glaube ich fest daran, dass wir eine bessere Zukunft gestalten können. 
 >>Biologe: Also, Werner Nachtigall hat Bionik als die systematische Umsetzung und Anwendung biologischer Prinzipien in der Technik definiert. Das bedeutet, dass wir nicht nur von der Natur inspiriert werden, sondern diese Prinzipien auch gezielt analysieren und adaptieren müssen. Ein wesentlicher Unterschied zur Bioinformatik ist dabei, dass es bei der Bionik um die Schaffung technischer Lösungen geht, während die Bioinformatik biologische Daten verarbeitet.

>>Ingenieur: Genau! Das heißt also konkret – wie beim Klettverschluss – wir müssen Materialien und Prozesse genau anpassen. Es reicht nicht, nur eine Idee zu haben; sie muss auch praktisch funktionieren.

>>Designer: Ja klar! Aber manchmal frage ich mich echt, ob wir uns zu sehr auf diese Vorbilder fixieren und dabei unsere eigene Kreativität einschränken.

>>Philosoph: Interessanter Punkt! Und was ist mit den ethischen Implikationen? Ist es okay, natürliche Prozesse so stark zu manipulieren?

>>Biologe: Klar sind die Fragen wichtig! Aber denken Sie auch an den Nutzen – nachhaltige Lösungen und effizientere Ressourcennutzung...

>>Ingenieur (unterbricht): Absolut! Und genau da liegt der Clou – durch enge Zusammenarbeit zwischen verschiedenen Disziplinen können wir sicherstellen, dass diese Innovationen sowohl theoretisch als auch praktisch funktionieren. Es geht darum, Wissen aus Biologie und Technik zusammenzubringen.

>>Designer: Ja genau! Und wenn wir das schaffen – also wirklich interdisziplinär arbeiten – dann können wir Designs entwickeln, die sowohl funktional als auch ästhetisch ansprechend sind.

>>Philosoph: Hmm... aber dürfen wir dabei nicht vergessen, dass jede technologische Entwicklung auch ihre Schattenseiten hat. Wir müssen stets kritisch hinterfragen und sicherstellen, dass unsere Innovationen dem Gemeinwohl dienen.

>>Biologe: Richtig! Deshalb ist es so wichtig, dass wir nicht nur technisch denken. Die ethischen Überlegungen sind genauso entscheidend wie die biologischen Grundlagen oder technischen Anwendungen.

>>Ingenieur (leicht genervt): Genau! Und deshalb brauchen wir alle Perspektiven am Tisch – Biologen wie dich für das Verständnis der natürlichen Prinzipien; Designer für kreative Lösungen; Philosophen für ethische Reflexionen; und natürlich Ingenieure wie mich für die praktische Umsetzung. 
 >>Ingenieur: Also, die wirtschaftliche Bedeutung der Bionik wächst rasant. Nehmen wir zum Beispiel den Speedo-Schwimmanzug mit Haihaut-Struktur – das ist ein Paradebeispiel für technische Innovationen, die direkt aus der Natur inspiriert sind und enorme Marktchancen bieten.

>>Biologe: Ähm, ja, die Evolution hat über Millionen von Jahren Strukturen und Prozesse optimiert, die wir nun für technische Innovationen nutzen können. Das Beispiel des Speedo-Schwimmanzugs zeigt, wie wir durch das Nachahmen der Haihaut-Struktur den Wasserwiderstand minimieren und somit sportliche Leistungen verbessern können.

>>Designer: Stellen Sie sich vor, wie viele weitere Produkte wir entwickeln könnten, wenn wir die Prinzipien der Natur noch intensiver studieren und anwenden! Der Schwimmanzug ist nur der Anfang. Denken Sie daran, wie wir durch ästhetische und funktionale Integration nicht nur die Leistung verbessern, sondern auch das Design revolutionieren können. Das bietet wirklich viele Möglichkeiten.

>>Philosoph: Während diese Entwicklungen beeindruckend sind, sollten wir auch die ethischen Implikationen bedenken – wie weit dürfen wir natürliche Prozesse manipulieren?

>>Biologe: Das ist ein wichtiger Punkt. Aber wenn wir weiterhin so intensiv forschen und diese Prinzipien anwenden, könnten wir nicht nur den Markt revolutionieren, sondern auch nachhaltigere und effizientere Lösungen entwickeln.

>>Ingenieur: Genau! Und denken Sie an die wirtschaftlichen Vorteile...

>>Designer (unterbricht): Ja, und nicht zu vergessen die ästhetischen Aspekte! Wir könnten wirklich innovative Produkte schaffen!

>>Philosoph: Tja... aber was passiert mit den traditionellen Methoden? Werden sie komplett verdrängt oder gibt es eine Möglichkeit zur Koexistenz?

>>Biologe: Na ja... Sehen Sie, die Evolution hat uns nicht nur Strukturen geliefert, sondern auch Prozesse. Denken Sie an Pflanzen und ihre Wasserspeicherung oder Tiere und ihre Energieeffizienz. Wenn wir diese Prinzipien auf unsere Technologien anwenden...

>>Ingenieur (unterbricht): ...könnten wir nicht nur wirtschaftliche Vorteile erzielen, sondern auch nachhaltigere Lösungen entwickeln! Absolut richtig.

>>Designer: Um es klar zu sagen – durch ästhetische und funktionale Integration bionischer Prinzipien können wir nicht nur effizientere Produkte schaffen, sondern auch visuell ansprechende Designs realisieren. 
 >>Biologe: Also, sehen Sie, die Natur bietet uns unzählige Beispiele für Effizienz und Eleganz. Denken wir an den Lotus-Effekt – eine geniale Lösung der Natur zur Selbstreinigung. Das zeigt doch, wie wir durch genaue Beobachtung und Nachahmung solcher Prinzipien nachhaltige und innovative Lösungen entwickeln können.

>>Ingenieur: Ja, der Lotus-Effekt ist wirklich beeindruckend. Was mich besonders fasziniert, sind die technischen Innovationen, die wir daraus ableiten können. Selbstreinigende Oberflächen in der Architektur oder Medizintechnik zum Beispiel. Durch solche Anwendungen können wir nicht nur Effizienz steigern, sondern auch nachhaltigere Lösungen schaffen.

>>Designer: Absolut! Und wenn man sich die Natur anschaut, gibt es so viele inspirierende Designs. Nehmen wir den Eisvogel als Vorbild für Hochgeschwindigkeitszüge. Die Form seines Schnabels hat dazu beigetragen, den Luftwiderstand zu minimieren und Lärmbelästigungen zu reduzieren. Solche Ideen könnten unsere Designansätze revolutionieren!

>>Philosoph: Das klingt alles sehr vielversprechend. Aber sollten wir nicht auch über die ethischen Implikationen nachdenken? Wie weit dürfen wir gehen bei der Nachahmung natürlicher Prozesse? Gibt es Grenzen?

>>Biologe: Klar! Ein weiteres Beispiel ist die Haifischhaut. Diese Struktur minimiert den Wasserwiderstand und dient als Vorbild für Schwimmanzüge. Solche Beispiele zeigen das Potenzial von Bionik.

>>Ingenieur: Genau! Und was mich besonders begeistert ist die Möglichkeit bionische Prinzipien in der Robotik anzuwenden. Roboterarme, die sich wie Elefantenrüssel bewegen können – das eröffnet neue Möglichkeiten in der Industrie und Medizin.

>>Designer: Ja! Und stellen Sie sich vor – Geckofüße! Diese winzigen Härchen ermöglichen es dem Gecko an Wänden und Decken zu haften. Wenn wir dieses Prinzip aufgreifen könnten... dann hätten wir revolutionäre Anwendungen in vielen Bereichen!

>>Philosoph: Interessant... aber welche Verantwortung tragen wir dabei? Ich denke da an mögliche Missbräuche oder unbeabsichtigte Folgen unserer Innovationen.

>>Biologe: Natürlich müssen wir verantwortungsvoll handeln. Aber diese Prinzipien bieten uns so viele Chancen! Der Geckofuß könnte beispielsweise in der Medizintechnik bahnbrechend sein.

>>Ingenieur: Absolut richtig! Und ich glaube fest daran, dass solche Innovationen unsere Effizienz und Präzision erheblich steigern könnten.

>>Designer: Ganz genau! Wir müssen nur sicherstellen... dass unsere Designs sowohl funktional als auch ästhetisch ansprechend sind. 
 >>Philosoph: Das wirft die Frage auf, ob wir durch die Nachahmung der Natur nicht auch eine gewisse Verantwortung übernehmen müssen. Ähm, betrachten wir die ethischen Implikationen: Wenn wir natürliche Prozesse manipulieren, wo ziehen wir dann die Grenze zwischen Nutzen und Missbrauch?

>>Biologe: Nun, die Natur hat uns durch Millionen von Jahren der Evolution gezeigt, wie effizient und nachhaltig Prozesse gestaltet werden können. Ähm, wenn wir diese Prinzipien in der Bionik anwenden, müssen wir sicherstellen, dass wir nicht nur technische Vorteile erzielen, sondern auch ethische Standards einhalten. Das ist wirklich wichtig.

>>Ingenieur: Schauen Sie, die technischen Innovationen, die wir durch Bionik erreichen können, sind beeindruckend. Aber ehrlich gesagt...

>>Designer (unterbricht): Entschuldigung, darf ich kurz etwas hinzufügen? Ich denke auch an das Design – wie können wir sicherstellen, dass unsere Designs sowohl funktional als auch ästhetisch ansprechend sind und gleichzeitig ethische Standards erfüllen?

>>Ingenieur: Ja klar! Das ist ein guter Punkt. Also wie ich sagte... ähm... technische Fortschritte sollten unsere moralischen Standards nicht verletzen. Und natürlich spielt das Design eine große Rolle dabei.

>>Biologe: Genau! Die Natur hat uns gezeigt...

>>(Handy klingelt im Hintergrund)

>>Philosoph (schmunzelt): Oh je! Wer hat sein Handy nicht stumm geschaltet?

>>(alle lächeln kurz)

>>Biologe (lächelnd): Wie ich bereits erwähnt habe, zeigt uns die Natur effiziente und nachhaltige Prozesse. Darüber hinaus lehrt sie uns, im Einklang mit der Umwelt zu leben. Wenn wir diese Prinzipien in der Bionik anwenden... 
 >>Designer: Stellen Sie sich vor, wir könnten die Eleganz und Effizienz der Natur in unsere Designs integrieren! Denken Sie an Gebäude, die wie Bäume atmen oder Möbel, die sich selbst reparieren. Das wäre doch genial!

>>Biologe: Die Natur bietet uns unzählige Beispiele für Effizienz und Eleganz. Zum Beispiel könnte die Struktur eines Baumes als Vorbild für nachhaltige Gebäudedesigns dienen.

>>Ingenieur: Genau! Und denken Sie an die Haifischhaut-Technologie bei Schwimmanzügen – sie reduziert den Wasserwiderstand erheblich und könnte auch auf andere Bereiche übertragen werden.

>>Philosoph (unterbricht): Entschuldigung, aber wie realistisch ist es wirklich, dass solche Technologien im Alltag Anwendung finden?

>>Ingenieur: Gute Frage! Viele dieser Technologien sind bereits im Einsatz oder stehen kurz davor. Der Lotus-Effekt wird zum Beispiel schon in Fassadenfarben genutzt.

>>Biologe (nickt zustimmend): Richtig! Ein weiteres Beispiel ist Spinnenseide wegen ihres hervorragenden Stärke-Gewichts-Verhältnisses.

>>Philosoph: Interessant! Es klingt wirklich vielversprechend. 
 >>Biologe: Also, lassen Sie mich das erklären. Die Natur zeigt uns oft, dass evolutionäre Prozesse die effizientesten Lösungen hervorbringen. Ein Beispiel dafür ist die Struktur von Baumstämmen, die wir für nachhaltige Architektur nutzen können. Das ist doch faszinierend, oder?

>>Ingenieur: Ja, das ist wirklich interessant! Das erinnert mich an die Haifischhaut-Technologie in Schwimmanzügen. Wir könnten diese Prinzipien auf viele Bereiche anwenden.

>>Designer: Stellen Sie sich vor, wir könnten diese Baumstruktur nicht nur für nachhaltige Architektur nutzen, sondern auch für Möbel, die sich selbst reparieren! Das wäre doch genial! Die Natur bietet uns so viele Möglichkeiten.

>>Biologe: Genau! Denken Sie an Spinnenseide – unglaublich stark und flexibel. Wenn wir diese Prinzipien weiter erforschen, könnten wir revolutionäre Materialien entwickeln.

>>Ingenieur: Um es einfach auszudrücken, die Anwendung bionischer Prinzipien in der Technik hat enormes Potenzial. Wir haben bereits Technologien wie den Lotus-Effekt erfolgreich umgesetzt. Aber was sind die nächsten Schritte?

>>Philosoph: Nun ja, aber wie realistisch ist es wirklich? Können solche Technologien im Alltag bestehen? Und welche ethischen Fragen müssen wir dabei berücksichtigen?

>>Ingenieur: Ehrlich gesagt, viele dieser Technologien sind schon im Einsatz oder stehen kurz davor. Der Lotus-Effekt wird bereits in vielen Produkten genutzt. Aber es gibt auch Herausforderungen bei der Skalierung und Kostenreduktion.

>>Biologe: Na klar! Und wenn wir weiter forschen und diese evolutionären Prinzipien anwenden, könnten wir nicht nur nachhaltige Materialien entwickeln, sondern auch völlig neue Technologien erschaffen.

>>Designer: Absolut! Dabei sollten wir auch immer das ästhetische Design im Auge behalten. Funktionalität und Schönheit müssen Hand in Hand gehen.

>>Philosoph: Tja... Es bleibt abzuwarten. Aber ich sehe das Potenzial und denke, dass wir auch über mögliche gesellschaftliche Auswirkungen nachdenken sollten.

>>Ingenieur: Also gut, was sind unsere nächsten Schritte? Wir sollten konkrete Pläne machen und überlegen, welche Technologien als nächstes angegangen werden sollten. Vielleicht könnten wir ein Pilotprojekt starten mit einem Fokus auf bionische Baumstrukturen für nachhaltige Gebäude?

>>Biologe: Gute Idee! Ich könnte einige Studien zu den mechanischen Eigenschaften von Baumstämmen zusammenstellen und mögliche Partner aus der Forschung kontaktieren.

>>Designer: Ich werde parallel dazu Konzepte für Möbel entwerfen, die sich selbst reparieren können und gleichzeitig ästhetisch ansprechend sind.

>>Philosoph: Und ich werde eine Analyse der ethischen Implikationen vorbereiten und sicherstellen, dass unsere Projekte verantwortungsvoll umgesetzt werden.

>>Ingenieur: Perfekt! Dann lasst uns nächste Woche wieder treffen und unsere Fortschritte besprechen. Bis dahin sollte jeder seine Aufgaben erledigt haben.","**Meeting Summary: Innovation Forum zur Bionik**

Im heutigen Innovation Forum wurde die Bionik als interdisziplinäres Forschungsfeld vorgestellt, das biologische Prinzipien auf technische Anwendungen überträgt. Ein historisches Beispiel ist Leonardo da Vincis Ornithopter, inspiriert vom Vogelflug. Moderne Anwendungen umfassen den Klettverschluss, der von Kletten inspiriert wurde.

Die Teilnehmer betonten die Bedeutung der Evolution in der Natur als Quelle optimierter Strukturen und Prozesse, von denen Ingenieure und Wissenschaftler lernen können. Werner Nachtigall definierte Bionik als systematische Umsetzung biologischer Konstruktionen und Verfahren in technische Lösungen.

Es wurde hervorgehoben, dass Bionik sich von anderen Disziplinen wie Bioinformatik unterscheidet, da sie nicht biologische Prozesse nutzt, sondern technische Objekte entwickelt. Der Begriff ""Bionics"" wurde erstmals 1960 von Jack E. Steele eingeführt und bezieht sich im englischen Sprachraum oft auf die Ergänzung menschlicher Körperteile durch Technik.

Historische Meilensteine wurden diskutiert, darunter Georges de Mestrals Entwicklung des Klettverschlusses 1948 und Ingo Rechenbergs Vortrag 1964 über evolutionäre Optimierungstechniken.

Die wirtschaftliche Bedeutung der Bionik wächst stetig mit zunehmender Förderung durch staatliche Institutionen und Unternehmen. Beispiele für erfolgreiche bionische Produkte sind der Speedo-Schwimmanzug mit Haihautstruktur.

Ab"
"In dem Meeting diskutierten die Teilnehmer, bestehend aus einem Datenwissenschaftler, einem KI-Forscher und einem Historiker der Informatik, über die neuesten Entwicklungen im Bereich des maschinellen Lernens und deren Anwendung in aktuellen Projekten. Sie sprachen über Herausforderungen wie die Optimierung von Algorithmen für Echtzeitanwendungen und die Bedeutung historischer Grundlagen für heutige Modelle. Es wurden verschiedene Lernmethoden wie überwacht, unüberwacht und bestärkend besprochen sowie deren praktische Anwendungen in Bereichen wie Verkehrsüberwachung, Betrugserkennung und personalisierte Medizin. Die Teilnehmer betonten die Notwendigkeit interdisziplinärer Zusammenarbeit und regelmäßiger Meetings zur Verbesserung der Kommunikation und Effizienz. Abschließend einigten sie sich auf Pilotprojekte zur Einführung eines gemeinsamen Datenmanagementsystems und Gamification-Elementen zur Steigerung der Motivation.",">>Datenwissenschaftler: Guten Morgen zusammen! Ich hoffe, es geht allen gut. Bevor wir in die Details einsteigen, lassen Sie uns kurz die Ziele des heutigen Treffens besprechen.

>>KI-Forscher: Guten Morgen! Schön, alle hier zu sehen. Also, unser Hauptziel ist es, die neuesten Entwicklungen im Bereich des maschinellen Lernens zu besprechen und zu sehen, wie wir diese in unseren Projekten anwenden können.

>>Datenwissenschaftler: Mir geht's gut, danke. Ich freue mich auf unsere Diskussion heute. Unser Hauptziel ist es, die neuesten Entwicklungen im Bereich des maschinellen Lernens zu besprechen und zu sehen, wie wir diese in unseren Projekten anwenden können.

>>KI-Forscher: Mir auch, danke. Ich bin gespannt auf die Diskussion über die neuesten Entwicklungen im maschinellen Lernen. Welche spezifischen Projekte oder Herausforderungen habt ihr im Kopf?

>>Historiker der Informatik: Gute Frage! Sprechen wir über aktuelle Projekte oder eher theoretische Herausforderungen?

>>Datenwissenschaftler: Wir konzentrieren uns hauptsächlich auf aktuelle Projekte und deren spezifische Herausforderungen. Welche Probleme oder Fragen habt ihr aktuell im Zusammenhang mit maschinellem Lernen?

>>KI-Forscher: Eine Herausforderung bei uns ist die Optimierung der Algorithmen für Echtzeitanwendungen wie unser Projekt zur Verkehrsüberwachung in Echtzeit. Was sind eure aktuellen Hürden?

>>Historiker der Informatik: Interessant! Das erinnert mich an Warren McCulloch und Walter Pitts – ihre Arbeiten von 1943 legten den Grundstein für das heutige maschinelle Lernen. Wie könnten ihre Prinzipien uns heute helfen?

>>Datenwissenschaftler: Ja klar! Die historischen Aspekte sind faszinierend und könnten sogar nützlich sein für unser aktuelles Projekt zur Vorhersage von Maschinenwartungsausfällen... 
 >>KI-Forscher: Also, maschinelles Lernen hat sich in den letzten Jahrzehnten enorm weiterentwickelt. Besonders die verschiedenen Lernstile wie überwacht, unüberwacht und bestärkend bieten uns vielfältige Möglichkeiten, komplexe Probleme zu lösen. Aber was mich wirklich fasziniert, ist die Frage: Wie können wir diese Technologien noch weiter verbessern? Welche innovativen Ansätze könnten wir in Zukunft verfolgen?

>>Datenwissenschaftler: Ja, das ist wirklich spannend! Ich finde besonders interessant, wie weit wir mit Deep Learning und der Transformer-Architektur gekommen sind. Diese Technologien haben nicht nur die Bild- und Textverarbeitung revolutioniert, sondern auch Bereiche wie medizinische Diagnosen oder Finanzanalysen.

>>Historiker der Informatik: Das erinnert mich an die frühen Tage der Informatik. McCulloch und Pitts legten 1943 mit ihrem Modell für ein künstliches Neuron den Grundstein für vieles von dem, was wir heute sehen. Aber ich frage mich, wie ihr die Bedeutung dieser frühen Arbeiten im Kontext der heutigen Modelle seht?

>>Datenwissenschaftler: Absolut wichtig! Ohne diese Grundlagen wären unsere heutigen Erfolge kaum denkbar. Die Idee vernetzter Neuronen hat sich als unglaublich robust erwiesen.

>>KI-Forscher: Genau! Und es zeigt auch, welche Herausforderungen noch vor uns liegen. Wir müssen ständig nach neuen Wegen suchen, um diese Technologien zu verbessern.

>>Historiker der Informatik: Stimmt. Es ist faszinierend zu sehen, wie theoretische Überlegungen von damals heute praktische Anwendungen finden.

>>Datenwissenschaftler: Was denkt ihr über die neuesten Entwicklungen im Bereich der Transformer-Architekturen? Ich finde sie besonders vielversprechend für zukünftige Projekte.

>>KI-Forscher: Ja, definitiv! Die Fortschritte bei Transformern sind beeindruckend. Sie bieten neue Möglichkeiten für Sprachmodelle und andere Anwendungen. Aber ich denke auch an hybride Ansätze – eine Kombination aus verschiedenen Lernmethoden könnte sehr spannend sein.

>>Historiker der Informatik: Das klingt vielversprechend! Vielleicht sollten wir auch mehr interdisziplinäre Zusammenarbeit fördern. Historische Forschung kann oft neue Perspektiven eröffnen.

>>Datenwissenschaftler: Gute Idee! Interdisziplinäre Ansätze könnten tatsächlich helfen, innovative Lösungen zu finden. Was haltet ihr davon?

>>KI-Forscher: Auf jeden Fall! Lasst uns darüber nachdenken, wie wir solche Kooperationen konkret umsetzen können. 
 >>Datenwissenschaftler: Also, beim überwachten Lernen geht es darum, dass wir dem Algorithmus beibringen, aus markierten Daten zu lernen. Ein klassisches Beispiel ist der Spamfilter: Wir haben eine Menge an E-Mails, die als Spam oder Nicht-Spam markiert sind. Der Algorithmus lernt dann die Merkmale, die typisch für Spam sind und kann neue E-Mails entsprechend klassifizieren.

>>KI-Forscher: Genau! Und bei der Entwicklung von Algorithmen für das überwachte Lernen stoßen wir oft auf die Herausforderung, die richtige Balance zwischen Überanpassung und Generalisierung zu finden. Ein innovativer Ansatz könnte hier sein, hybride Modelle zu verwenden, die sowohl Elemente des überwachten als auch des unüberwachten Lernens kombinieren.

>>Datenwissenschaftler: Lassen Sie uns tiefer eintauchen. Ein weiteres Beispiel für überwachte Lernalgorithmen ist die Betrugserkennung bei Kreditkartentransaktionen. Hierbei lernt der Algorithmus aus historischen Transaktionsdaten, welche Merkmale typisch für betrügerische Aktivitäten sind und kann so in Echtzeit verdächtige Transaktionen identifizieren.

>>KI-Forscher: Um es klar zu machen, die Herausforderung bei der Betrugserkennung liegt oft darin, dass die Daten stark unausgewogen sind. Wir haben viel mehr legitime Transaktionen als betrügerische. Ein innovativer Ansatz könnte hier sein, synthetische Daten zu generieren, um das Modell besser zu trainieren.

>>Historiker der Informatik: Interessant! Das erinnert mich an frühe Ansätze in der Informatikgeschichte. Schon damals war es wichtig, mit begrenzten und unausgewogenen Datensätzen umzugehen. Die Idee synthetischer Daten ist wirklich spannend!

>>Datenwissenschaftler: Ja genau! Ein weiterer wichtiger Aspekt beim überwachten Lernen ist die Wahl der richtigen Merkmale. Die Qualität der Merkmale bestimmt maßgeblich den Erfolg des Modells. Zum Beispiel bei der Gesichtserkennung: Wenn wir nur auf Augen und Mund fokussieren würden...

>>KI-Forscher: Absolut! Die Wahl der richtigen Merkmale beeinflusst nicht nur den Erfolg des Modells sondern auch dessen Robustheit. Wenn wir zum Beispiel bei der Gesichtserkennung nur auf Augen und Mund fokussieren würden... könnten wir wichtige Informationen wie Gesichtsform oder Hauttextur übersehen und Fehlklassifikationen riskieren.

>>Historiker der Informatik: Nun ja... das zeigt doch wieder einmal wie wichtig es ist historische Entwicklungen im Blick zu behalten um aktuelle Herausforderungen besser meistern zu können.

>>Datenwissenschaftler: Genau! Und wenn wir beispielsweise bei der Betrugserkennung nur auf Transaktionsbeträge fokussieren würden... ignorieren wir möglicherweise wichtige Informationen wie das Kaufverhalten oder die geografische Lage des Käufers.

>>KI-Forscher: Richtig! Und synthetische Daten könnten nicht nur bei Betrugserkennung hilfreich sein sondern auch in anderen Bereichen wie medizinischer Diagnose oder Sprachverarbeitung eingesetzt werden um Modelle robuster zu machen.

>>Historiker der Informatik: Das eröffnet wirklich viele Möglichkeiten! Es zeigt sich immer wieder dass interdisziplinäre Zusammenarbeit entscheidend ist um innovative Lösungen voranzutreiben. 
 >>Datenwissenschaftler: Interessant! Wenn wir über unüberwachtes Lernen sprechen, denke ich sofort an Clustering-Methoden wie k-Means oder hierarchisches Clustering. Diese Techniken sind besonders nützlich, um Muster in großen Datenmengen zu erkennen, ohne dass vorherige Labels erforderlich sind. Lassen Sie uns tiefer eintauchen und darüber nachdenken, wie wir diese Methoden zur Kundensegmentierung einsetzen können.

>>KI-Forscher: Ja, das ist wirklich faszinierend! Mit diesen Techniken können wir Kunden in Gruppen unterteilen, die ähnliche Verhaltensmuster aufweisen. Ein interessanter Punkt ist jedoch die Herausforderung bei der Bestimmung der optimalen Anzahl an Clustern. Das kann einen erheblichen Einfluss auf die Genauigkeit und Nützlichkeit der Ergebnisse haben. Hast du schon mal das Elbow-Verfahren ausprobiert?

>>Datenwissenschaftler: Genau! Die Bestimmung der optimalen Anzahl an Clustern ist tatsächlich eine Herausforderung. Das Elbow-Verfahren ist eine gute Methode dafür. Wir könnten auch den Silhouettenkoeffizienten verwenden, um die Clusteranzahl zu evaluieren. Es wäre spannend zu sehen, wie sich diese Techniken in verschiedenen Branchen bewähren – zum Beispiel im Einzelhandel oder in der Finanzbranche.

>>KI-Forscher: Spannend! Ein weiterer innovativer Ansatz könnte die Verwendung von Deep Learning für unüberwachtes Lernen sein. Also, Techniken wie Autoencoder oder GANs können uns helfen, komplexe Muster in Daten zu erkennen und sogar neue Daten zu generieren. Ich habe gelesen, dass Autoencoder besonders gut darin sind, Anomalien in Produktionsdaten zu identifizieren.

>>Datenwissenschaftler: Stimmt! Die Wahl der richtigen Methode kann je nach Branche variieren. Beispielsweise könnte das hierarchische Clustering in der Finanzbranche nützlich sein, um komplexe Kundenbeziehungen zu analysieren, während k-Means im Einzelhandel zur Segmentierung von Kunden basierend auf Kaufverhalten verwendet werden könnte.

>>Historiker der Informatik: Das erinnert mich an die frühen Tage der Informatikgeschichte und wie McCulloch und Pitts' Modell für künstliche Neuronen den Grundstein für heutige Deep Learning-Methoden gelegt hat. Ihre Arbeit war ein Wendepunkt für neuronale Netzwerke!

>>KI-Forscher: Absolut faszinierend! Und wenn man bedenkt, dass diese frühen Modelle so viel einfacher waren als das heutige Deep Learning... Aber zurück zum Thema – was denkst du über den Einsatz von GANs zur Generierung synthetischer Kundendaten? Könnte das nicht auch helfen?

>>Datenwissenschaftler: Ja klar! GANs könnten uns helfen, realistische synthetische Daten zu erzeugen und damit unsere Modelle besser zu trainieren. Allerdings erfordern solche Techniken oft immense Rechenressourcen – eine echte Herausforderung bei Echtzeitanwendungen.

>>Historiker der Informatik: Tja... historisch gesehen war das Modell von McCulloch und Pitts ein Wendepunkt für neuronale Netzwerke und hat den Weg für moderne Ansätze geebnet. Faszinierend!

>>KI-Forscher: Das stimmt absolut! Aber lassen Sie uns nicht vergessen – ähm – dass diese Methoden erhebliche Rechenressourcen erfordern. Es ist wichtig, die richtige Balance zwischen Genauigkeit und Ressourcenbedarf zu finden. 
 >>Datenwissenschaftler: Also, um es einfach auszudrücken, beim bestärkenden Lernen geht es darum, dass ein Agent durch Belohnungen lernt, die besten Entscheidungen zu treffen. Ein Beispiel dafür ist AlphaGo, das durch Millionen von Spielen gegen sich selbst gelernt hat. Die Daten lügen nicht – diese Methode hat gezeigt, wie mächtig sie sein kann!

>>KI-Forscher: Ja, das ist wirklich spannend! Besonders wenn man an die Fortschritte in der Robotik und autonomen Systemen denkt. Diese Algorithmen können sich selbst optimieren und immer effizienter werden. Habt ihr schon von den neuesten Entwicklungen bei autonomen Drohnen gehört? Sie nutzen auch bestärkendes Lernen.

>>Historiker der Informatik: Das erinnert mich an die frühen Tage der Informatik. Interessant ist auch zu sehen, wie diese modernen Algorithmen auf den frühen Arbeiten von McCulloch und Pitts aufbauen. Ihr Modell für ein künstliches Neuron war ein entscheidender Moment in unserer Geschichte.

>>Datenwissenschaftler: Genau! Was ich auch spannend finde am bestärkenden Lernen ist seine Fähigkeit, in dynamischen und komplexen Umgebungen zu agieren. Denkt nur an autonome Fahrzeuge – sie müssen ständig ihre Umgebung analysieren und Entscheidungen in Echtzeit treffen.

>>KI-Forscher: Absolut! Und es gibt so viele weitere Anwendungen. Zum Beispiel in der personalisierten Medizin könnten Algorithmen individuelle Behandlungspläne optimieren. Habt ihr schon mal darüber nachgedacht?

>>Historiker der Informatik: Tja, wenn man bedenkt, dass wir von den ersten neuronalen Modellen bis hin zu diesen hochkomplexen Algorithmen gekommen sind... Es zeigt wirklich den enormen Fortschritt unserer Technologiegeschichte.

>>Datenwissenschaftler: Stimmt! Ein weiteres interessantes Anwendungsgebiet des bestärkenden Lernens sind Finanzmärkte. Algorithmen reagieren ständig auf neue Daten und passen ihre Strategien an – das ist der springende Punkt!

>>KI-Forscher: Ja genau! Und was ich besonders faszinierend finde, ist wie diese Technologien unsere Welt verändern können. Von historischen Meilensteinen bis hin zu modernen Anwendungen – eine spannende Reise!

>>Historiker der Informatik: Absolut! Es ist erstaunlich zu sehen, wie weit wir gekommen sind und welche Möglichkeiten noch vor uns liegen. 
 >>KI-Forscher: Das ist faszinierend! Wenn wir über die historischen Meilensteine sprechen, sollten wir auch die Bedeutung von Geoffrey Hintons Arbeiten im Bereich des Deep Learnings hervorheben. Ohne seine Beiträge wären viele der heutigen Fortschritte undenkbar.

>>Historiker der Informatik: Das erinnert mich an die frühen Tage der KI-Forschung mit McCulloch und Pitts. Unglaublich, wie weit wir seitdem gekommen sind!

>>Datenwissenschaftler: Interessant! Ähm, wenn wir über historische Meilensteine sprechen, sollten wir auch die Entwicklung der Backpropagation in den 1980er Jahren erwähnen. Ohne diese Methode wäre das Training tiefer neuronaler Netze nicht möglich gewesen.

>>Historiker der Informatik (unterbricht): Moment mal, Paul Werbos' Arbeit war da wirklich bahnbrechend!

>>KI-Forscher: Genau! Die Entwicklung der Backpropagation hat viele innovative Ansätze im maschinellen Lernen hervorgebracht und ist heute noch relevant für aktuelle Projekte wie XYZ.

>>(Ein Handy klingelt plötzlich laut)

>>Datenwissenschaftler (lächelnd): Entschuldigung dafür! Also wie ich sagte... Die Entwicklung der Backpropagation war wirklich ein Wendepunkt für das maschinelle Lernen. 
 >>Datenwissenschaftler: Um es einfach auszudrücken, die praktischen Anwendungen von maschinellem Lernen sind heute wirklich beeindruckend. Nehmen wir zum Beispiel die Sprachverarbeitung – durch Transformer-Architekturen wie BERT und GPT können wir nun natürliche Sprache viel besser verstehen und generieren. Das ist wirklich ein großer Fortschritt.

>>KI-Forscher: Ja, das ist faszinierend! Aber ehrlich gesagt, die Fortschritte in der Sprachverarbeitung sind nur der Anfang. Denken wir an die Proteinstrukturvorhersage mit AlphaFold – das könnte die medizinische Forschung revolutionieren.

>>Historiker der Informatik: Entschuldigung, wenn ich kurz unterbreche, aber könnten Sie das mit AlphaFold noch einmal erklären? Ich habe davon gehört, bin mir aber nicht ganz sicher über die Details.

>>KI-Forscher: Natürlich! Also, AlphaFold ist ein KI-System von DeepMind, das Proteinstrukturen vorhersagen kann. Diese Vorhersagen sind entscheidend für viele Bereiche der Biologie und Medizin.

>>Datenwissenschaftler: Interessant! Apropos prädiktive Wartung in der Industrie – durch die Analyse großer Datenmengen von Maschinen können wir Ausfälle vorhersagen und so Wartungsarbeiten effizienter planen. Das spart Kosten und erhöht die Betriebssicherheit.

>>KI-Forscher: Ein interessanter Punkt ist auch, dass wir durch innovative Ansätze wie Transfer Learning und Few-Shot Learning unsere Modelle weiter verbessern können. Das eröffnet neue Möglichkeiten in Bereichen mit begrenzten Datenmengen.

>>Datenwissenschaftler: Genau! Ein weiteres spannendes Anwendungsgebiet ist die personalisierte Medizin. Durch genetische Analysen können wir maßgeschneiderte Behandlungspläne erstellen.

>>KI-Forscher: Absolut! Und in der Landwirtschaft können wir durch KI präzise Vorhersagen über Ernteerträge machen und so Effizienz und Nachhaltigkeit steigern.

>>Datenwissenschaftler: Auch in der Finanzbranche gibt es große Fortschritte. Mit maschinellem Lernen lassen sich Markttrends vorhersagen und Handelsstrategien optimieren.

>>Historiker der Informatik (nachdenklich): Es scheint wirklich viele Anwendungsmöglichkeiten zu geben... Vielleicht sollten wir uns auf einige wenige konzentrieren?

>>KI-Forscher (lächelnd): Gute Idee! Lassen Sie uns über den Bildungsbereich sprechen. Durch personalisierte Lernplattformen können wir den Lernprozess für jeden Schüler individuell optimieren.

>>Datenwissenschaftler (unterbrechend): Oh Moment mal - Historiker der Informatik - haben Sie noch Fragen zu AlphaFold?

>>Historiker der Informatik: Nein danke - alles klar jetzt!

>>Datenwissenschaftler (lächelnd): Gut! Also zurück zur Verkehrsüberwachung... Durch Echtzeitdatenanalyse aus verschiedenen Quellen wie Kameras und Sensoren können wir Verkehrsflüsse optimieren und Staus reduzieren. 
 >>Datenwissenschaftler: Also, die größte Herausforderung bei der interdisziplinären Zusammenarbeit ist oft die Kommunikation. Unterschiedliche Abteilungen sprechen buchstäblich verschiedene Sprachen, was zu Missverständnissen führen kann.

>>KI-Forscher: Ja, das stimmt. Aber ehrlich gesagt, die Kommunikation ist nur ein Teil des Problems. Viele Abteilungen haben unterschiedliche Prioritäten und Ziele, was zu Konflikten führen kann. Wie können wir sicherstellen, dass alle auf das gleiche Ziel hinarbeiten?

>>Historiker der Informatik: Nun ja, ich denke, es ist wichtig, dass wir ein gemeinsames Verständnis entwickeln und klare Kommunikationskanäle schaffen. Vielleicht könnten wir auch regelmäßige interdisziplinäre Meetings einführen, um den Austausch zu fördern.

>>Datenwissenschaftler: Genau! Ein gemeinsames Verständnis und klare Kommunikationskanäle sind entscheidend. Auf jeden Fall sollten wir regelmäßige Meetings einführen. Und vielleicht könnten wir auch gemeinsame Schulungen und Workshops organisieren.

>>KI-Forscher: Das ist eine gute Idee. In meinem letzten Projekt haben solche Workshops wirklich geholfen, die Zusammenarbeit zu verbessern. Aber wie stellen wir sicher, dass alle Abteilungen diese Schulungen auch wirklich nutzen?

>>Historiker der Informatik: Vielleicht könnten wir Anreize schaffen oder Erfolgsgeschichten teilen? Das könnte die Motivation erhöhen.

>>Datenwissenschaftler: Gute Idee! Eine weitere Möglichkeit zur Verbesserung der Zusammenarbeit wäre die Einführung eines gemeinsamen Datenmanagementsystems. Dadurch könnten alle Abteilungen auf dieselben Daten zugreifen und diese effizienter nutzen.

>>KI-Forscher: Ja genau! Aber dieses System muss auch die unterschiedlichen technischen Fähigkeiten berücksichtigen. Wie können wir sicherstellen, dass alle Abteilungen dieses System optimal nutzen können?

>>Historiker der Informatik: Ich bin mir nicht sicher, ob ein gemeinsames Datenmanagementsystem die beste Lösung ist. Wir sollten vielleicht erst kleinere Pilotprojekte ausprobieren und sehen, wie es läuft.

>>Datenwissenschaftler: Absolut! Kontinuierliche Unterstützung wäre entscheidend. Und natürlich müssen wir sicherstellen, dass alle notwendigen Schulungen erhalten werden.

>>KI-Forscher: Ehrlich gesagt finde ich Pilotprojekte eine gute Idee. So können wir testen und anpassen bevor es großflächig eingeführt wird.

>>Historiker der Informatik: Ja genau! Und durch kontinuierliche Unterstützung und regelmäßige Updates bleiben alle auf dem neuesten Stand.

>>Datenwissenschaftler: Also gut, fassen wir zusammen: Wir werden regelmäßige Meetings einführen und mit kleineren Pilotprojekten starten für das Datenmanagementsystem. Ich kümmere mich um die Organisation des ersten Treffens. 
 >>KI-Forscher: Das klingt nach einem guten Plan. Aber ehrlich gesagt, sollten wir auch die aktuellen Projektziele überprüfen und sicherstellen, dass sie für alle Abteilungen klar und erreichbar sind. Was denkt ihr?

>>Historiker der Informatik: Ja, das ist wichtig. Damals bei den relationalen Datenbanken in den 70ern hatten wir ähnliche Bedenken. Klare Kommunikation und Schulungen waren damals entscheidend.

>>Datenwissenschaftler: Genau, ich stimme zu. Wenn wir wollen, dass alle Abteilungen das neue System nutzen, müssen wir die Vorteile klar kommunizieren und Erfolgsgeschichten teilen. Pilotprojekte sind ein guter Anfang, aber regelmäßige Schulungen und eine offene Feedback-Kultur sind ebenfalls wichtig.

>>KI-Forscher: Um es klar zu machen, wir sollten die aktuellen Projektziele wirklich detailliert durchgehen. Vielleicht könnten wir auch überlegen, wie wir innovative Ansätze wie Gamification in unsere Ziele integrieren können, um die Motivation der Abteilungen zu steigern. Was meint ihr dazu?

>>Historiker der Informatik: Gamification könnte tatsächlich helfen! In früheren Projekten hat das oft gut funktioniert.

>>Datenwissenschaftler: Ja, das könnte echt motivierend sein! Wir könnten kleine Wettbewerbe oder Belohnungen einführen.

>>KI-Forscher: Super Idee! Und was haltet ihr davon, wenn wir zusätzlich regelmäßige Workshops anbieten? So bleiben alle auf dem neuesten Stand.

>>Historiker der Informatik: Absolut! Workshops wären klasse. Und vielleicht könnten wir auch ein paar Erfolgsgeschichten aus anderen Unternehmen präsentieren?

>>Datenwissenschaftler: Gute Idee! Das würde zeigen, dass unser Ansatz funktioniert und andere inspiriert hat. 
 >>KI-Forscher: Also, um es klar zu machen, wir sollten die nächsten Schritte für jede Abteilung festlegen. Für die KI-Abteilung schlage ich vor, dass wir uns auf die Entwicklung und Implementierung der Gamification-Elemente konzentrieren. Die Datenabteilung könnte parallel dazu die Erfolgsgeschichten sammeln und analysieren.

>>Historiker der Informatik: Wir sollten sicherstellen, dass unsere Gamification-Elemente benutzerfreundlich sind, um frühere Fehler zu vermeiden.

>>Datenwissenschaftler: Wir haben gesehen, dass Gamification-Elemente das Engagement erheblich steigern können. Jede Abteilung sollte klare Schritte zur Implementierung haben. Die KI-Abteilung sollte sich auf die technische Umsetzung konzentrieren, während wir in der Datenabteilung die Ergebnisse kontinuierlich analysieren und optimieren.

>>KI-Forscher: Genau! Die Implementierung von Gamification-Elementen erfordert nicht nur technisches Know-how, sondern auch ein tiefes Verständnis der Benutzerinteraktion. Wir sollten Pilotprojekte starten und die Ergebnisse dokumentieren, um die besten Ansätze zu identifizieren.

>>Historiker der Informatik: Viele Projekte sind gescheitert, weil sie die Benutzerfreundlichkeit vernachlässigt haben. Daher sollten wir sicherstellen, dass unsere Gamification-Elemente nicht nur technisch einwandfrei sind, sondern auch intuitiv und leicht verständlich für die Nutzer.

>>Datenwissenschaftler: Und wenn wir dann regelmäßig Feedback sammeln und darauf reagieren können... Das wird uns helfen sicherzustellen, dass alles reibungslos läuft.

>>KI-Forscher: Absolut! Es ist wichtig diese Erfolgsgeschichten gut zu dokumentieren und zu teilen.

>>Historiker der Informatik: Es ist entscheidend für den langfristigen Erfolg des Projekts. Wenn alle Abteilungen ihre Fortschritte teilen und voneinander lernen können...

>>Datenwissenschaftler: Ja genau! Lassen Sie uns festlegen, wer für welche Aufgaben verantwortlich ist und einen Termin für unser nächstes Treffen vereinbaren.","In der heutigen Sitzung wurde das Thema ""Maschinelles Lernen"" (ML) umfassend diskutiert. Zunächst wurde erläutert, dass ML statistische Algorithmen verwendet, um Lösungen für komplexe Probleme zu finden, die nicht einfach durch Regeln beschrieben werden können. Diese Algorithmen lernen aus Beispieldaten und erstellen mathematische Modelle, die auf neue Daten verallgemeinern können.

Es wurden verschiedene Lernstile besprochen: Überwachtes Lernen, bei dem korrekte Ausgabewerte vorgegeben werden; unüberwachtes Lernen, das ohne Vorgaben arbeitet und Daten in Cluster einteilt; und bestärkendes Lernen, bei dem Agenten durch Belohnungen lernen.

Historische Meilensteine im ML wurden ebenfalls thematisiert. Dazu gehören die Entwicklung des Perzeptron-Modells 1957, Fortschritte in den 1990er Jahren mit Support Vector Machines und rekurrenten neuronalen Netzen sowie die Einführung von Deep Learning durch Geoffrey Hinton 2006. Weitere bedeutende Ereignisse sind der Sieg von AlphaGo 2017 und die Veröffentlichung von AlphaFold zur Proteinstrukturvorhersage.

Die Sitzung endete mit einer Diskussion über praktische Anwendungen von ML in Bereichen wie Spamfilterung, Kreditkartenbetrugserkennung und Sprachverarbeitung. Es wurde betont, dass ML eine Schlüsseltechnologie der Künstlichen Intelligenz ist und zunehmend an Bedeutung gewinnt."
"In dem Meeting diskutierten Wissenschaftler, Redakteure und Historiker über die Verbesserung von Kommunikationsstrategien für epidemiologische Informationen. Sie betonten die Bedeutung klarer, präziser und verständlicher Kommunikation sowohl für Fachleute als auch für die breite Öffentlichkeit. Es wurden verschiedene Ansätze wie maßgeschneiderte Informationskampagnen, visuelle Hilfsmittel (Infografiken), soziale Medien und historische Lektionen erörtert. Die Teilnehmer waren sich einig, dass eine Kombination aus historischen Methoden und modernen Technologien effektiv sein könnte. Zudem wurde die Rolle der Medien bei der Verbreitung von Informationen hervorgehoben, wobei auf die Notwendigkeit einer Balance zwischen Verständlichkeit und wissenschaftlicher Genauigkeit hingewiesen wurde. Abschließend wurden konkrete Maßnahmen wie die Erstellung von Infografiken, kurzen Videos und Podcasts vorgeschlagen sowie Verantwortlichkeiten verteilt.",">>Wissenschaftler: Guten Morgen zusammen! Ich hoffe, alle hatten eine angenehme Anreise. Bevor wir in die Details einsteigen, möchte ich kurz die Ziele unseres heutigen Treffens skizzieren. Wir werden uns auf die Entwicklung und Verbesserung von Kommunikationsstrategien konzentrieren, um epidemiologische Informationen sowohl für Fachleute als auch für die breite Öffentlichkeit zugänglich zu machen.

>>Redakteur: Guten Morgen! Schön, euch alle zu sehen. Es ist wichtig, dass wir heute nicht nur die wissenschaftlichen Aspekte betrachten, sondern auch darauf achten, wie wir diese Informationen strukturiert und lesbar für verschiedene Zielgruppen aufbereiten können.

>>Historiker: Guten Morgen! Pandemien haben immer wieder gezeigt, wie wichtig klare Kommunikation ist. Aus der Geschichte können wir lernen, dass Transparenz entscheidend ist.

>>Wissenschaftler: Die wissenschaftliche Genauigkeit unserer Kommunikation ist von größter Bedeutung und muss präzise und verständlich sein. Maßgeschneiderte Informationskampagnen und unterschiedliche Medienformate könnten hier hilfreich sein.

>>Redakteur: Ehrlich gesagt stimme ich zu. Eine klare Gliederung und einfache Sprache sind entscheidend. Wir könnten visuelle Hilfsmittel wie Infografiken nutzen, um komplexe Daten verständlicher zu machen.

>>Wissenschaftler: Interessant! Soziale Medien spielen auch eine wichtige Rolle bei der Verbreitung von Informationen. Wissenschaftlich gesehen können soziale Medien sowohl ein Segen als auch ein Fluch sein.

>>Historiker: Genau! Während der Cholera-Epidemie im 19. Jahrhundert führten Gesundheitsbulletins zu einer besseren Kontrolle der Ausbreitung. Vielleicht könnten wir ähnliche Ansätze in unsere Strategien integrieren?

>>Redakteur: Das ist ein guter Punkt. Wir sollten überlegen, wie wir historische Lektionen mit modernen Technologien kombinieren können. 
 >>Wissenschaftler: Also, um es klar zu sagen, eine Pandemie ist definiert als der weltweite Ausbruch einer neuen Krankheit, die sich leicht von Mensch zu Mensch überträgt und eine signifikante Anzahl von Erkrankungen und Todesfällen verursacht. Wissenschaftlich gesehen müssen wir dabei auch die Reproduktionszahl und die Immunitätsrate der Bevölkerung berücksichtigen.

>>Historiker: Ja genau, also historisch betrachtet ist die Spanische Grippe von 1918 ein klassisches Beispiel. Sie breitete sich weltweit aus und führte zu Millionen von Todesfällen. Interessanterweise sehen wir ähnliche Muster bei COVID-19.

>>Redakteur: Das ist wirklich faszinierend. Wie beeinflusst R0 die Ausbreitung?

>>Wissenschaftler: Lassen Sie mich das erklären: Die Reproduktionszahl, oder R0, gibt an, wie viele Menschen eine infizierte Person im Durchschnitt ansteckt. Ein Wert über 1 bedeutet eine exponentielle Ausbreitung der Krankheit. Bei COVID-19 lag dieser Wert zu Beginn bei etwa 2 bis 3.

>>Redakteur: Verstanden. Aber wie können wir diese wissenschaftlichen Konzepte für die breite Öffentlichkeit verständlicher machen? Gibt es bewährte Methoden oder Beispiele aus der Vergangenheit?

>>Historiker: Also... während der Cholera-Pandemien im 19. Jahrhundert gab es Versuche, die Öffentlichkeit besser aufzuklären. Damals wurden Flugblätter und öffentliche Ansprachen genutzt. Vielleicht könnten wir aus diesen Ansätzen lernen und sie mit modernen Technologien kombinieren.

>>Redakteur: Das klingt spannend! Aber wie können wir sicherstellen, dass die Informationen nicht nur verständlich sind, sondern auch ansprechend für verschiedene Zielgruppen? Gibt es spezifische Techniken oder Formate?

>>Historiker: Nun ja... während der Spanischen Grippe wurden visuelle Hilfsmittel wie Plakate und Illustrationen verwendet. Diese Methoden funktionierten oft gut, weil sie einfach und direkt waren. Vielleicht könnten wir ähnliche Ansätze mit modernen Medien kombinieren.

>>Wissenschaftler: Ich denke auch an soziale Medien und interaktive Websites als moderne Ergänzungen zu traditionellen Methoden.

>>Redakteur: Gute Idee! Vielleicht könnten wir moderne Medien nutzen? Was denkt ihr dazu?

>>Historiker: Absolut! Ich habe kürzlich einen Artikel gelesen, der zeigte, wie effektiv kurze Videos in sozialen Netzwerken sein können.

>>Wissenschaftler: Ja, das könnte funktionieren. Wir sollten auch überlegen, Influencer einzubeziehen, um jüngere Zielgruppen zu erreichen. 
 >>Historiker: Um es historisch zu betrachten, Pandemien haben immer tiefgreifende Auswirkungen gehabt. Nehmen wir die Spanische Grippe als Beispiel – sie führte zu massiven Verlusten und Störungen im Alltag. Interessanterweise sehen wir oft, dass solche Krisen auch Innovationen vorantreiben.

>>Redakteur: Ja, das stimmt! Besonders jetzt mit COVID-19 ist das sehr deutlich geworden. Die Pandemie hat gezeigt, wie wichtig klare Kommunikation und strukturierte Informationen sind, um Panik zu vermeiden und das öffentliche Vertrauen zu stärken. Was denkt ihr über die Rolle der Medien in solchen Krisenzeiten?

>>Wissenschaftler: Wissenschaftlich gesehen haben Pandemien nicht nur direkte gesundheitliche Auswirkungen, sondern auch weitreichende soziale und wirtschaftliche Folgen. Die Überlastung des Gesundheitssystems führt oft zu einer Verschlechterung der allgemeinen Gesundheitsversorgung, was wiederum langfristige Kosten verursacht. Tatsächlich ist es interessant—

>>Historiker (unterbricht): Entschuldigung für die Unterbrechung, aber ich wollte hinzufügen—ist es nicht faszinierend, wie schnell sich Gesellschaften anpassen können? Ich meine—

>>Wissenschaftler: Ja genau! Das ist ein guter Punkt. Solche Krisen beschleunigen oft Innovationen im Gesundheitswesen.

>>Redakteur: Lass uns das genauer betrachten. Die Rolle der Medien ist entscheidend, um Informationen klar und strukturiert zu vermitteln.

>>Wissenschaftler: Während der COVID-19-Pandemie haben wir gesehen, dass Nachrichten nicht nur korrekt sein müssen, sondern auch leicht verständlich.

>>Redakteur: Genau! Das hilft dabei Panik zu vermeiden und Vertrauen aufzubauen.

>>Historiker: Absolut. Und diese Klarheit in der Kommunikation kann wirklich den Unterschied machen.

>>Redakteur: Wir sind uns da wohl einig! Vielleicht sollten wir einen Artikel darüber schreiben? 
 >>Wissenschaftler: Die WHO spielt eine wichtige Rolle bei der Bekämpfung von Pandemien. Sie koordiniert Maßnahmen weltweit und stellt sicher, dass bewährte Verfahren umgesetzt werden. Während der COVID-19-Pandemie hat die WHO zentrale Richtlinien zur Eindämmung des Virus bereitgestellt und die Impfstoffverteilung koordiniert.

>>Historiker: Ja, genau! Historisch gesehen hat internationale Zusammenarbeit bei Pandemien oft gemischte Ergebnisse gezeigt. Bei der Spanischen Grippe gab es kaum koordinierte globale Maßnahmen, was zu einer weit verbreiteten Verbreitung führte. Aber bei späteren Pandemien wie SARS und H1N1 haben wir gesehen, dass eine bessere Koordination durch Organisationen wie die WHO tatsächlich geholfen hat, die Ausbreitung einzudämmen.

>>Redakteur: Ehrlich gesagt denke ich auch, dass die WHO-Richtlinien oft zu technisch sind und schwer verständlich für die breite Öffentlichkeit. Was denkt ihr über ihre Lesbarkeit und Verständlichkeit?

>>Wissenschaftler: Das ist ein wichtiger Punkt. Die Dokumente müssen präzise sein, aber auch so geschrieben, dass sie jeder verstehen kann. Ich habe gesehen, wie gut Infografiken bei der Aufklärung über Impfstoffe funktionieren können.

>>Redakteur: Vielleicht könnten wir mehr visuelle Hilfsmittel wie Infografiken oder kurze Videos einbinden, um die Informationen zugänglicher zu machen. Was meint ihr dazu?

>>Historiker: Das ist ein guter Punkt. Wenn man sich historische Beispiele ansieht, sieht man oft das Problem mangelnder Kommunikation. Visuelle Hilfsmittel könnten definitiv helfen, komplexe Informationen besser zu vermitteln.

>>Wissenschaftler: Ja genau! Aber wir müssen sicherstellen, dass dabei keine wissenschaftliche Genauigkeit verloren geht.

>>Redakteur: Stimmt schon. Es wäre wichtig, einen guten Mittelweg zu finden zwischen Verständlichkeit und Genauigkeit.

>>Historiker: Vielleicht könnte man auch Fallstudien aus der Vergangenheit einbeziehen? So könnte man zeigen, welche Maßnahmen erfolgreich waren und welche nicht.

>>Wissenschaftler: Gute Idee! Das würde den Menschen konkrete Beispiele geben und zeigen, warum bestimmte Maßnahmen wichtig sind.

>>Redakteur: Also gut, dann sollten wir vielleicht vorschlagen, dass zukünftige WHO-Richtlinien verstärkt auf solche Hilfsmittel setzen und konkrete Fallstudien einbeziehen. Das könnte wirklich helfen. 
 >>Wissenschaftler: Also, die Implementierung von Quarantänemaßnahmen ist entscheidend und muss konsequent umgesetzt werden. Schon wenige Tage Verzögerung können die Effektivität stark reduzieren.

>>Redakteur: Ich glaube auch, dass die Struktur und Lesbarkeit der Informationen wirklich wichtig sind. Wenn wir komplexe wissenschaftliche Daten in einfache, verständliche Sprache umwandeln können, erreichen wir viel mehr Menschen. Manchmal hilft es auch, Geschichten oder persönliche Anekdoten einzubauen, um die Botschaft greifbarer zu machen.

>>Historiker: Darf ich kurz was einwerfen? Bei der Spanischen Grippe hatten Städte mit schnellen Maßnahmen deutlich weniger Todesfälle.

>>Wissenschaftler: Das stimmt! Historische Daten unterstützen das ebenfalls. Und Reisebeschränkungen spielen auch eine signifikante Rolle. Frühzeitige und gut durchdachte Reisebeschränkungen können die Ausbreitung eines Virus erheblich verlangsamen. Länder, die schnell reagiert haben, erzielten oft bessere Ergebnisse in der Eindämmung.

>>Redakteur: Wir sollten die Rolle der sozialen Medien nicht unterschätzen. Viele Menschen informieren sich heutzutage über Plattformen wie Facebook und Twitter. Wenn wir dort klare und strukturierte Informationen bereitstellen...

>>Historiker: Vielleicht könnten wir auch historische Fakten einstreuen?

>>Redakteur (lächelnd): Gute Idee! ...können wir eine breitere Zielgruppe erreichen.

>>Wissenschaftler: Um es klar zu sagen, die Akzeptanz von Impfungen ist entscheidend. Impfungen sind eine der effektivsten Methoden zur Eindämmung einer Pandemie. Hohe Durchimpfungsraten korrelieren direkt mit einer signifikanten Reduktion der Krankheitsausbreitung.

>>Redakteur: Apropos Impfungen, erinnert ihr euch an das Infografik-Video auf Twitter? Das hat viele Menschen überzeugt sich impfen zu lassen.

>>(alle nicken zustimmend) 
 >>Wissenschaftler: Also, eine der wichtigsten Forschungsrichtungen sollte die Untersuchung der Übertragungswege von Viren sein. Es ist entscheidend, die Mechanismen zu verstehen, durch die sich ein Virus verbreitet, um gezielte Maßnahmen zur Eindämmung entwickeln zu können.

>>Historiker: Historisch betrachtet haben Pandemien immer wieder gezeigt, dass interdisziplinäre Ansätze entscheidend sind. Die Zusammenarbeit zwischen verschiedenen Disziplinen hat oft zu den größten Durchbrüchen geführt. Wie könnten wir diese Zusammenarbeit heute noch weiter fördern?

>>Redakteur: Wir müssen sicherstellen, dass unsere Forschungsergebnisse nicht nur wissenschaftlich fundiert sind, sondern auch für die breite Öffentlichkeit verständlich.

>>Wissenschaftler (unterbrechend): Moment mal, darf ich kurz einhaken? Ich denke auch an die Rolle der Medien bei der Verbreitung von Informationen während einer Pandemie. Wie könnten wir sicherstellen, dass korrekte und nützliche Informationen schnell und effektiv verbreitet werden?

>>Redakteur: Ja genau! Das ist ein wichtiger Punkt. Wir sollten überlegen, wie wir mit Medien zusammenarbeiten können und wie wir die Struktur und Lesbarkeit unserer Veröffentlichungen verbessern.

>>Wissenschaftler: Ein weiterer wichtiger Forschungsbereich ist die Entwicklung von Modellen zur Vorhersage der Ausbreitung von Pandemien. Solche Modelle können helfen, frühzeitig Maßnahmen zu ergreifen und Ressourcen effizienter zu verteilen.

>>Historiker: Genau! Und dabei dürfen wir nicht vergessen, dass gesellschaftliche Auswirkungen genauso wichtig sind wie medizinische. In der Vergangenheit haben Krisen oft soziale Innovationen beschleunigt. Zum Beispiel führte die Cholera-Epidemie im 19. Jahrhundert zur Verbesserung der städtischen Abwassersysteme.

>>Redakteur (überlappend): Richtig! Die sozialen Aspekte dürfen nicht vernachlässigt werden.

>>(Lachen im Raum)

>>Redakteur (lächelnd): Entschuldigung für das Durcheinander! Wir sollten auch darüber nachdenken...

>>(alle lachen kurz)

>>Redakteur (fortsetzend): ...wie wir die Ergebnisse unserer Forschung so strukturieren können, dass sie für verschiedene Zielgruppen zugänglich sind. Manchmal ist es nicht nur der Inhalt sondern auch die Art und Weise wie er präsentiert wird.

>>(Handy klingelt im Hintergrund)

>>(kurze Pause während jemand das Handy ausschaltet)

>>Wissenschaftler: Tatsächlich...die Investition in die öffentliche Gesundheitsinfrastruktur ist von entscheidender Bedeutung. Unsere Gesundheitssysteme müssen robust genug sein um zukünftige Pandemien effektiv zu bewältigen Dies umfasst nicht nur die medizinische Versorgung sondern auch die Schulung und Ausstattung des Personals.

>>(alle nicken zustimmend)

>>Historiker: Ähm...Pandemien haben oft gezeigt dass gesellschaftliche Anpassungen und Innovationen aus der Notwendigkeit heraus entstehen Viele Fortschritte in der öffentlichen Gesundheit wurden durch Krisen beschleunigt Wie könnten wir diese historischen Lektionen nutzen um unsere Forschung und Vorbereitung auf zukünftige Pandemien zu verbessern?

>>(kurzes Murmeln im Raum)

>>(jemand hustet leise)

>>Wissenschaftler: Also...die Entwicklung von Frühwarnsystemen ist ebenfalls ein entscheidender Forschungsbereich Solche Systeme können helfen potenzielle Ausbrüche frühzeitig zu erkennen und entsprechende Maßnahmen einzuleiten 
 >>Redakteur: Habt ihr schon mal darüber nachgedacht, wie Pandemien in Filmen gezeigt werden? Interessanterweise gibt es da oft eine Mischung aus Realität und Fiktion. Manchmal könnte man fast meinen, Hollywood hat mehr Einfluss auf die öffentliche Wahrnehmung als wissenschaftliche Fakten.

>>Historiker: Ja, das stimmt. In der Geschichte sehen wir oft eine Übertreibung oder Dramatisierung von Pandemien in den Medien. Denken Sie nur an die Spanische Grippe und wie sie damals dargestellt wurde. Es gibt immer diese Tendenz zur Sensationslust.

>>Redakteur: Ich habe neulich einen Artikel gelesen und fand es interessant, wie unterschiedlich Filme und Nachrichten auf Pandemien reagieren. Das erinnert mich an diese eine Szene in 'Contagion', wo alle Supermärkte leergeräumt werden. Das ist doch irgendwie verrückt, oder?

>>Historiker: Nun ja, um es historisch zu betrachten, die Darstellung von Pandemien in Filmen hat oft eine tiefere Wirkung auf die Gesellschaft als man denkt.

>>Wissenschaftler (unterbricht): Sorry fürs Unterbrechen! Aber mir ist gerade eingefallen - während der Spanischen Grippe gab es keine Filme im heutigen Sinne...

>>Historiker: Ja genau! Aber Zeitungen und Berichte haben ähnliche Panik ausgelöst. Faszinierend, wie sich die Medienlandschaft verändert hat, aber die menschliche Reaktion bleibt ähnlich.

>>Redakteur: Habt ihr schon mal darüber nachgedacht, wie oft Filme die Realität übertreiben? Weißt du...

>>Wissenschaftler (überlappt): Oh ja! 'Outbreak' ist ein perfektes Beispiel dafür!

>>Redakteur: ...ich habe neulich 'Outbreak' gesehen und musste lachen. Die Szenen sind so dramatisch! Aber ehrlich gesagt...

>>(lacht) 

>>Redakteur: ...manchmal frage ich mich, ob das nicht auch ein bisschen hilft...

>>(kurzes Lachen)

>>Historiker: Genau!

>>(Handy klingelt im Hintergrund)

>>(alle lachen kurz)

>>(Handy wird stumm geschaltet)

>>Redakteur: Wo waren wir? Ach ja, die Aufklärung durch Filme...

>>Historiker: Historisch gesehen haben Medien immer eine Rolle gespielt – sei es bei der Spanischen Grippe oder heute bei COVID-19. Die Übertreibung in Filmen kann tatsächlich eine Art von Aufklärung sein. Aber ehrlich gesagt...

>>(Wissenschaftler nickt zustimmend)

...oft führt sie auch zu Missverständnissen und unnötiger Panik. Denken Sie nur an die Hysterie während der Spanischen Grippe...

>>(kurze Pause)

...(ausgelöst durch übertriebene Zeitungsberichte).

>>(alle nicken zustimmend) 
 >>Wissenschaftler: Also, die präzise Kommunikation wissenschaftlicher Informationen ist entscheidend für die öffentliche Gesundheit. Wie wäre es, wenn wir nun die besprochenen Ideen kurz zusammenfassen und nach ihrer Machbarkeit und ihrem Einfluss bewerten?

>>Redakteur: Ja, ich denke, wir sollten die Idee mit den Infografiken und kurzen Videos priorisieren. Das könnte wirklich helfen, komplexe Informationen verständlicher zu machen. Was meint ihr dazu?

>>Historiker: Historisch gesehen haben visuelle Hilfsmittel wie Plakate und Flugblätter während der Spanischen Grippe eine entscheidende Rolle gespielt. Diese Methoden waren damals sehr effektiv, um die Bevölkerung schnell zu informieren. Vielleicht sollten wir überlegen, wie wir diese historischen Ansätze mit modernen Technologien kombinieren können.

>>Wissenschaftler: Tatsächlich sind Infografiken und kurze Videos äußerst effektiv und relativ kostengünstig. Lassen Sie uns diese Idee bewerten und sehen, wie machbar sie ist.

>>Redakteur: Das ist ein guter Punkt mit den Infografiken. Was haltet ihr von der Idee, auch Podcasts einzusetzen? Sie könnten eine großartige Möglichkeit sein, komplexe Themen auf eine zugängliche und unterhaltsame Weise zu vermitteln.

>>Historiker: Nun ja, Podcasts könnten tatsächlich ein breiteres Publikum erreichen. Aber wir sollten sicherstellen, dass sie gut recherchiert sind und historische Genauigkeit wahren.

>>Wissenschaftler: Stimmt! Podcasts könnten ebenfalls nützlich sein – besonders wenn sie wissenschaftlich fundiert sind.

>>Redakteur: Gut! Dann lasst uns diese Optionen genauer betrachten und priorisieren. Max, kannst du die Machbarkeit der Infografiken prüfen? Anna, könntest du ein Konzept für die Podcasts entwickeln? 
 >>Wissenschaftler: Die präzise Kommunikation wissenschaftlicher Informationen ist entscheidend. Unsere Materialien müssen sowohl wissenschaftlich korrekt als auch für die breite Öffentlichkeit verständlich sein. Infografiken und kurze Videos können hier eine große Rolle spielen, aber wir müssen darauf achten, dass sie keine Missverständnisse hervorrufen.

>>Redakteur: Wir haben heute wichtige Punkte wie die wissenschaftliche Genauigkeit und die Einbindung historischer Kontexte besprochen. Es ist entscheidend, dass wir die nächsten Schritte klar definieren und sicherstellen, dass jeder weiß, was zu tun ist.

>>Historiker (unterbricht): Entschuldigung, darf ich kurz etwas einwerfen? Ich denke auch an historische Kontexte in unseren Materialien. Wie können wir sicherstellen, dass diese korrekt dargestellt werden?

>>Wissenschaftler: Gute Frage! Historische Genauigkeit ist genauso wichtig wie wissenschaftliche Präzision. Vielleicht könnten wir eng mit Historikern zusammenarbeiten oder deren Feedback einholen.

>>Redakteur: Ja genau! Das wäre eine gute Idee. Wir sollten einen Plan erstellen und Verantwortlichkeiten verteilen. Vielleicht könnten wir auch regelmäßige Feedback-Runden mit den Historikern einplanen.","In der heutigen Brainstorming-Sitzung wurde das Thema ""Pandemie"" umfassend diskutiert. Die Teilnehmer erörterten zunächst die Definition und den historischen Hintergrund von Pandemien, wobei sie auf bedeutende Beispiele wie die Spanische Grippe von 1918 und die COVID-19-Pandemie eingingen. Es wurde betont, dass Pandemien durch weit verbreitete Infektionskrankheiten gekennzeichnet sind, die sich über Länder und Kontinente ausbreiten.

Ein weiterer Schwerpunkt lag auf den sozialen und wirtschaftlichen Auswirkungen von Pandemien. Die Mitglieder hoben hervor, dass solche Ereignisse oft zu erheblichen Störungen im Gesundheitswesen, in der Wirtschaft und im täglichen Leben führen. Sie diskutierten auch die Rolle internationaler Organisationen wie der WHO bei der Bekämpfung von Pandemien und betonten die Notwendigkeit globaler Zusammenarbeit.

Die Gruppe sprach über Präventionsmaßnahmen und Reaktionsstrategien, einschließlich Impfungen, Quarantäne und Reisebeschränkungen. Es wurde vereinbart, dass eine frühzeitige Erkennung und schnelle Reaktion entscheidend sind, um die Ausbreitung einzudämmen.

Abschließend wurden zukünftige Forschungsrichtungen besprochen. Die Teilnehmer einigten sich darauf, dass weitere Studien zur Verbesserung der Pandemievorbereitung notwendig sind. Es wurde vorgeschlagen, interdisziplinäre Ansätze zu fördern und mehr in öffentliche Gesundheitsinfrastrukturen zu investieren.

Die Sitzung endete mit dem Konsens, dass kontinuierliche Wach"
"In dem Meeting diskutierten die Teilnehmer über verschiedene Aspekte des E-Sports. Der E-Sportler berichtete von einem neuen Spiel und betonte die Bedeutung der Gemeinschaft und des Trainings im E-Sport. Der Historiker sprach über die Entwicklung des E-Sports seit den 80ern und die Rolle der ESL. Der Psychologe hob die mentale Belastung der Spieler hervor und empfahl Techniken zur Stressbewältigung. Der Sportsoziologe betonte, wie E-Sport Menschen zusammenbringt und gesellschaftliche Veränderungen widerspiegelt. Der Technologie-Experte erwähnte technische Innovationen wie High-End-Headsets und VR-Trainingseinheiten.

Es wurde auch über Cheating im E-Sport gesprochen, wobei alle einig waren, dass bessere Anti-Cheat-Systeme notwendig sind. Die Diskussion umfasste zudem die wachsende Akzeptanz des E-Sports in der Gesellschaft, insbesondere durch Sponsoren und traditionelle Sportvereine, sowie die beeindruckenden Preisgelder bei Turnieren.

Abschließend einigten sich alle darauf, dass regelmäßiger Austausch wichtig ist, um Entwicklungen besser zu verstehen und voneinander zu lernen.",">>E-Sportler: Also, ich hab neulich ein neues Spiel ausprobiert, das ist der Hammer! Hat mich total gefesselt. Und bei euch so? Irgendwelche spannenden Neuigkeiten?

>>Historiker: Ich hab neulich was Interessantes über die ersten E-Sport-Turniere in den 80ern gelesen. Echt spannend, wie sich das entwickelt hat! Was gibt's bei dir Neues?

>>Psychologe: Ich hab letztens einen Artikel über mentale Gesundheit im E-Sport gelesen und fand es echt interessant, wie wichtig das ist. Ich merke auch bei mir selbst manchmal, wie stressig das sein kann. Und bei dir?

>>Sportsoziologe: Mir ist aufgefallen, dass E-Sport nicht nur ein Wettkampf ist, sondern auch Leute zusammenbringt. Das finde ich echt cool.

>>Technologie-Experte: Ich hab neulich ein neues Headset ausprobiert – der Sound ist super klar! Hat jemand von euch schon mal so ein High-End-Headset getestet? 
 >>E-Sportler: Also, E-Sport ist ja nicht nur ein Wettkampf mit Computerspielen, sondern auch eine riesige Gemeinschaft! Ob auf dem PC oder der Konsole, es gibt so viele verschiedene Spiele und Disziplinen. Und das Beste daran? Man kann sowohl als Einzelspieler als auch im Team antreten – mega gut!

>>Historiker: Es ist spannend zu sehen, wie sich der E-Sport seit den 80ern entwickelt hat. Die Highscore-Tabellen und LAN-Partys in den 90ern waren echt wegweisend.

>>E-Sportler: Ja, und was viele nicht wissen, ist, dass E-Sportler nicht nur zocken, sondern auch hart trainieren müssen! Hand-Augen-Koordination, Reaktionsgeschwindigkeit – das ist wie bei einem Spitzensportler. Und dann noch die ganzen Taktiken und Strategien... Wahnsinn!

>>Psychologe: Ähm, was viele nicht bedenken, ist die immense mentale Belastung, der E-Sportler ausgesetzt sind. Sie müssen ihre Konzentration und Reaktionsfähigkeit aufrechterhalten und gleichzeitig mit Stress und Druck umgehen können. Das beeinflusst die Psyche enorm.

>>Sportsoziologe: E-Sport bringt Leute aus allen möglichen sozialen Schichten zusammen. Das zeigt deutlich, wie digitale Medien unsere Interaktionen verändern.

>>E-Sportler: Die Vielfalt der Spiele im E-Sport ist beeindruckend – von Echtzeit-Strategie über Ego-Shooter bis hin zu Battle-Royale. Und die Preisgelder sind mittlerweile gigantisch, was natürlich viele Talente anzieht.

>>Historiker: Wenn man die Vielfalt der Spiele im historischen Kontext betrachtet... Die Entwicklung von Genres wie Echtzeit-Strategie und Ego-Shooter hat maßgeblich zur Professionalisierung des E-Sports beigetragen.

>>E-Sportler: Ja genau! Die Preisgelder sind mittlerweile absolut gigantisch! Das zieht natürlich viele Talente an und fördert die Professionalisierung weiter.

>>Psychologe: Genau. Diese mentale Belastung kann zu ernsthaften Problemen führen, wenn sie nicht richtig gemanagt wird. Es ist wichtig für E-Sportler Techniken zur Stressbewältigung zu erlernen und regelmäßige Pausen einzulegen um ihre mentale Gesundheit zu schützen. 
 >>E-Sportler: Also, was viele nicht wissen, ist, dass die Hand-Augen-Koordination im E-Sport wirklich der Hammer ist! Man muss blitzschnell reagieren und gleichzeitig taktisch denken. Das ist wie Schach auf Steroiden!

>>Historiker: Ja, das stimmt. Schon in den frühen 80er Jahren bei Spielen wie Space Invaders und Pac-Man war diese Fähigkeit entscheidend. Es zeigt, wie lange diese motorischen Fähigkeiten schon wichtig sind.

>>E-Sportler: Genau! Und man muss auch ständig vorausschauend denken und die Bewegungen der Gegner antizipieren. Das ist echt anspruchsvoll.

>>Psychologe: Was ich besonders interessant finde, ist die mentale Belastung im E-Sport. Es ist ähnlich wie bei traditionellen Sportarten – man muss ständig auf einem hohen Niveau performen. Wie geht ihr mit dem Stress um?

>>E-Sportler: Na ja, manchmal fühlt es sich an, als ob man in einer Millisekunde entscheiden muss, ob man angreift oder verteidigt. Das kann echt stressig sein.

>>Psychologe: Verstehe ich gut. Wie erholt ihr euch mental? Gibt es spezielle Techniken oder Routinen?

>>Technologie-Experte: Ich denke da an Meditation oder Atemübungen – solche Sachen können echt helfen den Geist zu beruhigen und Stress abzubauen.

>>E-Sportler: Ja genau! Meditation hilft mir tatsächlich sehr. Und dann gibt's da noch die Bedeutung der Teamarbeit. Im E-Sport muss jeder perfekt aufeinander abgestimmt sein – das macht einen großen Unterschied.

>>Sportsoziologe: Absolut spannend! Die Dynamik innerhalb eines Teams kann einen großen Einfluss auf den Erfolg haben. Es erinnert mich an traditionelle Mannschaftssportarten.

>>Historiker: Wenn wir uns die Geschichte des Sports ansehen – sei es traditioneller Sport oder E-Sport – sehen wir immer wieder Beispiele dafür, dass Teamarbeit entscheidend für den Erfolg war. 
 >>E-Sportler: Also, ich finde es ja mega gut, dass immer mehr traditionelle Sportvereine E-Sport-Abteilungen gründen. Das zeigt doch echt, dass E-Sport ernst genommen wird und eine echte Zukunft hat! Verstehst du?
>>Psychologe: Ja klar! Und das könnte auch die mentale Gesundheit der Spieler positiv beeinflussen – gibt ihnen mehr Legitimität und Unterstützung.
>>Historiker: Absolut! Historisch gesehen ist das ein bedeutender Schritt. In Südkorea und den USA hat diese Anerkennung zur Professionalisierung beigetragen...
>>Sportsoziologe: ...und zu einer breiteren gesellschaftlichen Akzeptanz! Genau das meine ich auch – unsere Gesellschaft beginnt digitale und physische Welten gleichwertig zu betrachten.
>>E-Sportler: Ja genau! Stell dir vor, wir hätten hier ähnliche Strukturen wie in Südkorea – das wäre der Hammer!
>>Technologie-Experte: Ähm ja... und wenn Deutschland E-Sport offiziell anerkennt, könnten wir bessere Infrastruktur entwickeln...
>>Historiker: Genau! Wenn man die historische Entwicklung des E-Sports betrachtet, sieht man deutlich den Einfluss der offiziellen Anerkennung auf die Professionalisierung und Akzeptanz in Ländern wie Südkorea und den USA.
>>Psychologe: Und nicht zu vergessen die psychologische Komponente. Die offizielle Anerkennung könnte den Spielern helfen, sich selbst als Athleten zu sehen und ihre mentale Vorbereitung entsprechend anzupassen.
>>Sportsoziologe: Ehrlich gesagt glaube ich auch daran. Es würde zeigen, dass unsere Gesellschaft bereit ist für diese Veränderung und dass wir digitale Kompetenzen genauso schätzen wie physische Fähigkeiten.
>>E-Sportler: Also Leute, wenn Deutschland endlich nachzieht und E-Sport offiziell anerkennt... Na ja, dann geht's richtig ab! Mehr Investitionen würden fließen und wir hätten endlich die Unterstützung auf allen Ebenen. 
 >>Historiker: Nun, wenn wir über die finanziellen Aspekte des E-Sports sprechen, ist es beeindruckend zu sehen, wie sich das entwickelt hat. Johan 'N0tail' Sundstein ist ein Paradebeispiel dafür, wie sich der E-Sport in den letzten Jahren verändert hat und welche enormen Summen mittlerweile im Spiel sind.

>>E-Sportler: Ja, das ist echt krass! Wenn man bedenkt, dass Johan 'N0tail' Sundstein allein rund 7 Millionen Dollar gewonnen hat – das ist der Hammer! Und Dota 2 trägt ja einen großen Teil dazu bei. Verstehst du?

>>Technologie-Experte: Absolut beeindruckend! Aber was mich besonders fasziniert, ist die technische Seite. Die Hardware und Software müssen absolut top sein, um solche Leistungen zu ermöglichen. Wahnsinn!

>>Psychologe: Also ja, es ist wirklich faszinierend, wie viel Geld im E-Sport steckt. Aber man muss auch die mentale Belastung der Spieler betrachten. Mental gesehen kann der Druck...

>>Sportsoziologe (unterbricht): Entschuldigung, dass ich unterbreche - aber ich wollte nur schnell hinzufügen - habt ihr gesehen wie viele junge Leute jetzt E-Sportler werden wollen? Das zeigt doch auch eine gesellschaftliche Veränderung.

>>Psychologe: Genau! Und dieser Druck kann die Psyche stark beeinflussen.

>>Sportsoziologe: Es ist schon interessant zu sehen, wie sich das entwickelt hat. Wenn man bedenkt, dass E-Sportler wie Johan 'N0tail' Sundstein Millionen verdienen können...

>>E-Sportler: Ja! Ich meine wer hätte gedacht vor zehn Jahren dass man mit Videospielen so viel verdienen kann?

>>Sportsoziologe (schmunzelt): Ehrlich gesagt nicht ich!

>>E-Sportler: Ja und wenn man bedenkt dass Dota 2 allein fast ein Viertel des gesamten Preisgeldes ausmacht – das ist absolut genial! Aber was mich auch interessiert: Wie sieht es eigentlich mit den Sponsoren aus? Die müssen ja auch eine riesige Rolle spielen oder?

>>Sportsoziologe: Wenn man sich die Sponsoren anschaut, sieht man auch wie wichtig E-Sport gesellschaftlich geworden ist. Große Marken unterstützen das Ganze nicht nur finanziell sondern zeigen auch seine Akzeptanz im Mainstream.

>>E-Sportler: Ja absolut! Die Sponsoren sind wirklich ein riesiger Faktor. Ohne die Unterstützung von großen Marken wäre es kaum möglich solche Preisgelder zu erreichen. Und das zeigt auch wie ernst der E-Sport mittlerweile genommen wird.

>>Historiker: Genau richtig. Diese Unterstützung durch große Marken zeigt nicht nur den finanziellen Wert des E-Sports sondern auch seine gesellschaftliche Akzeptanz und Integration in den Mainstream. 
 >>E-Sportler: Also, wenn man sich die Entwicklung des E-Sports anschaut, ist es echt Wahnsinn! Von den ersten Turnieren in den 70ern bis zu den heutigen Mega-Events mit Millionen von Zuschauern und Preisgeldern. Das ist der Hammer! Und dann kam die Gründung der ESL in den späten 90ern – das war ein absoluter Gamechanger! Plötzlich gab es eine Plattform, auf der wir uns regelmäßig messen konnten. Mega gut!

>>Historiker: Ja, die Gründung der ESL war wirklich ein Wendepunkt. Die ersten organisierten Wettkämpfe wie das Intergalactic Spacewar Olympics 1972 waren echt wichtig für die Entwicklung des E-Sports. Historisch gesehen hat dies den Grundstein für die heutigen Mega-Events gelegt.

>>E-Sportler: Ja, ich erinnere mich noch gut an die ersten ESL-Turniere, bei denen ich dabei war. Das hat meine Sicht auf Gaming komplett verändert! Plötzlich war es nicht mehr nur ein Hobby, sondern eine echte Karriereoption.

>>Psychologe: Ähm, was ich besonders interessant finde, ist die mentale Belastung, die mit der wachsenden Popularität und den steigenden Preisgeldern einhergeht. Ich sehe oft bei meinen Klienten, wie der Druck sie belastet. Mental gesehen kann dieser Druck enorm sein und erfordert spezielle Techniken zur Stressbewältigung. Es ist wichtig, dass Spieler lernen, wie sie mit diesem Druck umgehen können.

>>Sportsoziologe: Es fasziniert mich zu sehen, wie Gaming heute Menschen weltweit verbindet. Früher wurde Gaming oft als isolierende Aktivität betrachtet, aber heute bringt es Menschen zusammen und schafft neue Gemeinschaften.

>>Technologie-Experte: Die technische Entwicklung im E-Sport ist beeindruckend – von einfachen LAN-Partys zu High-End-Setups mit VR und 4K-Monitoren. Diese Innovationen in Hardware und Software haben es ermöglicht, dass E-Sport auf einem ganz neuen Level gespielt wird.

>>E-Sportler: Was ich auch mega spannend finde, ist die Entwicklung der Zuschauerzahlen und Preisgelder. Früher waren es ein paar Hundert Leute in kleinen Hallen und heute füllen wir Stadien! Wahnsinn!

>>Historiker: Nun ja, die Entwicklung der Preisgelder zeigt nicht nur das wachsende Interesse und die Professionalisierung des E-Sports sondern auch dessen zunehmende gesellschaftliche Akzeptanz. 
 >>E-Sportler: Also, was mich wirklich aufregt, ist das Thema Cheating. Das ist der Hammer! Es gibt so viele Methoden, von Aimbots bis zu Wallhacks. Und dann diese Account-Sharing-Geschichten... Unglaublich! Wir brauchen dringend bessere Anti-Cheat-Systeme und härtere Strafen für die Betrüger.

>>Psychologe: Ähm, ja, das Thema Cheating ist wirklich ein großes Problem. Mental gesehen... es kann enormen Stress und Druck auf die Spieler ausüben, wenn sie ständig Angst haben müssen, dass ihre Gegner betrügen. Das beeinflusst die Psyche stark und kann zu ernsthaften mentalen Belastungen führen.

>>Sportsoziologe: Nun, Cheating ist nicht nur ein technisches oder psychologisches Problem, sondern auch ein gesellschaftliches. Es zeigt uns, wie der Druck zu gewinnen die moralischen Grenzen verschieben kann. Wir müssen überlegen, wie wir eine Kultur des Fair Play fördern können.

>>E-Sportler: Ja, das ist echt Wahnsinn! Also ich finde—

>>Technologie-Experte: Entschuldigung, darf ich kurz etwas hinzufügen? Ich denke auch an die Rolle der Technologieunternehmen hier. Sie sollten mehr in Forschung investieren und innovative Lösungen entwickeln.

>>E-Sportler: Absolut! Die Technologieunternehmen spielen eine große Rolle dabei. Aber zurück zur Community—die Fans und Zuschauer können einen großen Einfluss haben, indem sie Cheater melden und Druck auf die Veranstalter ausüben, härtere Maßnahmen zu ergreifen. Verstehst du?

>>Psychologe: Genau! Dieses ständige Misstrauen kann zu Paranoia führen und die mentale Gesundheit der Spieler stark beeinträchtigen.

>>Historiker (lacht): Das erinnert mich an den Wettskandal im Jahr 2010 in Südkorea—da gab es ähnliche Probleme mit Betrug und den Auswirkungen auf die Spieler.

>>Psychologe (schmunzelt): Ja genau! Ähm... wo war ich? Ach ja—es ist wichtig, dass wir nicht nur technische Lösungen finden... 
 >>E-Sportler: Also, ich muss sagen, die Entwicklung der E-Sport-Community ist einfach Wahnsinn! Ich erinnere mich noch an meine ersten LAN-Partys, wo wir stundenlang gezockt haben. Das war echt eine andere Welt im Vergleich zu heute. Mega gut!

>>Historiker: Ja, das war wirklich ein großer Schritt von den ersten LAN-Partys zu den heutigen großen Turnieren. Diese Transformation zeigt deutlich, wie sich die Technologie und die gesellschaftliche Akzeptanz im Laufe der Jahre verändert haben.

>>E-Sportler: Ja, genau! Ich erinnere mich noch an ein Turnier, bei dem wir alle in einem kleinen Raum saßen und die Spannung förmlich greifbar war. Das war der Hammer! Heute ist das alles so professionell und riesig geworden. Wahnsinn!

>>Psychologe: Es ist auch spannend zu sehen, wie die Spieler mit dem zunehmenden Druck und der Professionalität umgehen.

>>Technologie-Experte (unterbricht): Entschuldigung, darf ich kurz etwas hinzufügen? Ich finde es auch spannend zu beobachten, wie technische Innovationen diesen Wandel unterstützt haben.

>>Psychologe (reagiert schnell): Ja klar! Die technischen Fortschritte spielen definitiv eine große Rolle dabei.

>>Sportsoziologe: Das zeigt echt gut, wie digitale Medien neue Gemeinschaften schaffen können.

>>E-Sportler (lacht): Oh Mann! Und dann gab's immer diese Momente bei den alten Turnieren... erinnert ihr euch an das Geräusch von 56k-Modems?

>>Technologie-Experte (schmunzelt): Ja! Das waren noch Zeiten!

>>Alle (lachen): Haha ja! 
 >>E-Sportler: Also, ich finde es echt Wahnsinn, wie sich der E-Sport in den letzten Jahren entwickelt hat. Von kleinen LAN-Partys zu riesigen internationalen Turnieren – das ist einfach mega gut! Und die Preisgelder sind ja auch absolut genial!

>>Historiker: Ja, das stimmt. Die Gründung der ESL war ein entscheidender Moment. Sie hat den Weg für viele weitere professionelle Ligen und Turniere geebnet und zur globalen Anerkennung des E-Sports beigetragen.

>>Psychologe: Ähm, die mentale Gesundheit der Spieler ist wirklich ein entscheidender Faktor. Sie müssen nicht nur mit dem Druck der Wettkämpfe umgehen, sondern auch mit den Erwartungen der Community und Sponsoren. Das beeinflusst die Psyche enorm.

>>Sportsoziologe: Genau, und es ist faszinierend zu sehen, wie der E-Sport als soziales Phänomen gewachsen ist. Er bringt Menschen aus verschiedenen Kulturen zusammen und schafft eine neue Form der Gemeinschaft.

>>E-Sportler: Ja genau! Aber was mich besonders beeindruckt, ist die Art und Weise, wie E-Sportler heute trainieren. Das ist fast schon vergleichbar mit dem Training von Profisportlern in traditionellen Sportarten. Verstehst du?

>>Technologie-Experte: Absolut! Die technologischen Fortschritte haben das Training revolutioniert. Mit VR-Trainingseinheiten und speziellen Gaming-PCs können Spieler ihre Fähigkeiten auf ein ganz neues Level bringen.

>>Historiker: Diese Entwicklungen zeigen deutlich den Wandel im E-Sport-Bereich auf.

>>Psychologe (unterbrechend): Das ist wirklich interessant! Und ich denke auch an die neuen Herausforderungen für die mentale Gesundheit durch diese Veränderungen.

>>Sportsoziologe: Ehrlich gesagt denke ich auch an die sozialen Auswirkungen dieser Entwicklungen. Die Art und Weise, wie Menschen durch digitale Medien miteinander verbunden sind – das verändert unsere Gesellschaft nachhaltig.

>>Technologie-Experte: Ich bin mir da nicht so sicher. Meiner Meinung nach sind die technologischen Fortschritte wichtiger als die sozialen Aspekte.

>>E-Sportler: Na klar! Ich erinnere mich noch an mein erstes großes Turnier – das war ein unglaubliches Erlebnis! Es hat mir gezeigt, wie wichtig gutes Training und mentale Stärke sind.

>>Technologie-Experte: Ja unbedingt! Es gibt immer wieder neue Innovationen zu besprechen.

>>Historiker: Wissen Sie was? Ein regelmäßiger Austausch könnte uns helfen, diese Entwicklungen besser nachzuvollziehen und voneinander zu lernen.

>>E-Sportler: Gute Idee! Besonders wenn wir über neue Trainingsmethoden sprechen wollen oder andere spannende Themen im E-Sport-Bereich haben.

>>Psychologe: Da stimme ich voll zu. Lasst uns das definitiv im Auge behalten!","**Meeting Summary: E-Sport**

In unserem heutigen Treffen haben wir uns intensiv mit dem Thema E-Sport beschäftigt. Zunächst wurde der Begriff definiert: E-Sport bezeichnet den sportlichen Wettkampf mit Computerspielen, der sowohl auf PCs als auch auf Konsolen ausgetragen wird. Die Teilnehmer, sogenannte E-Sportler, treten in verschiedenen Disziplinen entweder individuell oder im Team an.

Wir haben die motorischen und geistigen Fähigkeiten besprochen, die für den Erfolg im E-Sport notwendig sind, wie Hand-Augen-Koordination und taktisches Denken. Es wurde festgestellt, dass nur wenige Länder wie Südkorea und die USA E-Sport offiziell als Sport anerkennen. In Deutschland ist dies nicht der Fall, obwohl traditionelle Sportvereine zunehmend eigene E-Sport-Abteilungen gründen.

Ein weiterer Punkt war die finanzielle Seite des E-Sports. Bisher wurden über 1,51 Milliarden US-Dollar an Preisgeldern ausgeschüttet, wobei das Spiel Dota 2 einen großen Anteil daran hat. Der erfolgreichste Spieler ist Johan „N0tail“ Sundstein aus Dänemark.

Die historische Entwicklung des E-Sports reicht bis in die 1950er Jahre zurück. Wichtige Meilensteine waren unter anderem das erste organisierte Turnier 1972 und die Gründung großer Ligen wie der Electronic Sports League (ESL) Ende der 1990er Jahre.

Abschließend diskutierten wir über aktuelle Herausforderungen wie Cheating und"
"In dem Meeting diskutierten die Teilnehmer, darunter ein Wirtschaftswissenschaftler, ein Psychologe, ein Finanzanalyst, ein Sozialpsychologe und ein Historiker der Wirtschaftswissenschaften, die Auswirkungen der Verhaltensökonomik auf wirtschaftliche Modelle. Sie betonten die Bedeutung kognitiver Verzerrungen und sozialer Dynamiken wie Gruppendenken und Herdenverhalten für wirtschaftliche Entscheidungen. Historische Beispiele wie die Tulpenmanie und die Dotcom-Blase wurden als Belege für irrationale Marktverhalten herangezogen. Es wurde vorgeschlagen, diese Erkenntnisse in wirtschaftliche Modelle zu integrieren und durch Schulungen und Interventionen bessere finanzielle Entscheidungen zu fördern. Abschließend vereinbarten sie, nächste Woche weiter über konkrete Maßnahmen zur Umsetzung dieser Erkenntnisse zu sprechen.",">>Wirtschaftswissenschaftler: Guten Morgen zusammen! Lassen Sie uns kurz die Ziele unseres heutigen Treffens durchgehen.
>>Psychologe: Guten Morgen! Schön, Sie alle zu sehen.
>>Finanzanalyst: Morgen! Ich freue mich auf unsere Diskussion heute. Was sind die Hauptziele?
>>Wirtschaftswissenschaftler: Also, unser Hauptziel heute ist es, die Auswirkungen der Verhaltensökonomik auf unsere aktuellen wirtschaftlichen Modelle zu diskutieren und mögliche Anpassungen vorzuschlagen. Um es auf den Punkt zu bringen, wir wollen herausfinden, wie wir realistischere Vorhersagen treffen können.
>>Psychologe: Ich bin gespannt auf die Diskussion über die kognitiven Prozesse und wie sie unser wirtschaftliches Verhalten beeinflussen. Was denken Sie darüber?
>>Sozialpsychologe: Besonders spannend finde ich, wie soziale Dynamiken wie Gruppendenken und sozialer Einfluss die wirtschaftlichen Entscheidungen beeinflussen können. Was denken Sie darüber?
*Ein lautes Klingeln unterbricht plötzlich das Gespräch.*
>>Historiker der Wirtschaftswissenschaften: Oh Entschuldigung, das war mein Handy... *schaltet schnell das Handy stumm*
>>Wirtschaftswissenschaftler: Kein Problem, so etwas passiert. Also wie ich sagte... Die Verhaltensökonomik zeigt uns, dass kognitive Voreingenommenheiten nicht nur individuelle Entscheidungen beeinflussen, sondern auch kollektive Marktphänomene wie das Herdenverhalten verstärken können. Das ist von entscheidender Bedeutung für unsere wirtschaftlichen Modelle und Prognosen.
>>Psychologe: Nun ja, das ist wirklich spannend. Interessanterweise zeigt die Forschung...
*Der Bildschirm des Psychologen friert ein.*
>>Finanzanalyst: Ähm... Ich glaube wir haben ein technisches Problem mit dem Psychologen.
>>Wirtschaftswissenschaftler: Können Sie uns hören? Vielleicht hilft es, sich neu einzuwählen?
*Der Bildschirm des Psychologen wird wieder normal.*
>>Psychologe: Entschuldigung dafür! Wo waren wir? Ah ja... Interessanterweise zeigt die Forschung... 
 >>Wirtschaftswissenschaftler: Also, um es auf den Punkt zu bringen, die Verhaltensökonomik zeigt uns, dass Menschen oft nicht als rationale Nutzenmaximierer handeln. Dies widerspricht dem traditionellen Modell des Homo oeconomicus. Adam Smith und Jeremy Bentham haben bereits psychologische Prinzipien in ihre Theorien integriert.

>>Sozialpsychologe: Genau! Und was ich auch spannend finde, ist wie soziale Dynamiken und Gruppendenken wirtschaftliche Entscheidungen beeinflussen können. Denken Sie nur an Phänomene wie Herdenverhalten oder die Macht sozialer Normen – das spielt eine große Rolle.

>>Psychologe: Ja, stimmt. Es ist wirklich interessant zu sehen, wie kognitive Prozesse das wirtschaftliche Verhalten beeinflussen. Kahneman und Tversky haben gezeigt, dass Menschen oft systematische Fehler machen wegen Heuristiken und Biases.

>>Finanzanalyst: Richtig! Und wenn man das auf Finanzmärkte überträgt, sieht man ähnliche Muster. Anleger verhalten sich oft irrational aufgrund von Emotionen oder sozialen Einflüssen. Das kann zu Marktübertreibungen führen.

>>Historiker der Wirtschaftswissenschaften: Das erinnert mich an historische Beispiele wie die Tulpenmanie im 17. Jahrhundert oder die Dotcom-Blase Ende der 90er Jahre. Diese Ereignisse zeigen deutlich die Auswirkungen von irrationalem Verhalten auf Märkte.

>>Wirtschaftswissenschaftler: Stimmt! Diese historischen Beispiele verdeutlichen sehr gut die Relevanz der Verhaltensökonomik für unser Verständnis von Märkten heute.

>>Sozialpsychologe: Ehrlich gesagt finde ich es auch interessant zu sehen, wie soziale Medien heutzutage eine Rolle spielen könnten. Die Geschwindigkeit und Reichweite von Informationen können kollektives Verhalten noch stärker beeinflussen als früher.

>>Psychologe: Ja genau! Ähm... Die Art und Weise, wie Informationen verbreitet werden und welche kognitiven Verzerrungen dabei eine Rolle spielen – all das hat enorme Auswirkungen auf wirtschaftliche Entscheidungen.

>>Finanzanalyst: Ich habe neulich einen Artikel gelesen über den Einfluss von Influencern auf junge Anleger. Das ist ein perfektes Beispiel für moderne soziale Dynamiken im Finanzbereich.

>>Historiker der Wirtschaftswissenschaften: Nun ja, aber ich denke nicht, dass soziale Medien denselben Einfluss haben wie traditionelle Medien damals. Die Mechanismen sind anders und vielleicht weniger tiefgreifend. 
 >>Wirtschaftswissenschaftler: Also, um es auf den Punkt zu bringen, die Neoklassische Theorie hat versucht, wirtschaftliches Verhalten durch rationales Handeln zu erklären. Aber sie hat oft die psychologischen und sozialen Einflüsse übersehen. Das ist entscheidend, wenn wir verstehen wollen, warum Menschen in der Realität oft irrational handeln.

>>Psychologe: Ja, das ist wirklich spannend. Wenn wir die kognitive Psychologie betrachten, sehen wir, dass Menschen oft Heuristiken und Biases verwenden. Diese führen zu irrationalem Verhalten und zeigen, dass wirtschaftliche Entscheidungen stark von psychologischen Faktoren beeinflusst werden.

>>Sozialpsychologe: Entschuldigung für die Unterbrechung, aber ich wollte nur hinzufügen - haben Sie bemerkt wie Gruppendenken und Herdenverhalten auch in modernen Märkten eine Rolle spielen? Diese sozialen Einflüsse können oft dazu führen...

>>Wirtschaftswissenschaftler: Genau! Soziale Dynamiken sind wichtig.

>>Sozialpsychologe: ...dass Menschen irrational handeln können?

>>Wirtschaftswissenschaftler: Genau! Besonders in Krisenzeiten sieht man das deutlich.

>>Sozialpsychologe: Absolut.

>>Wirtschaftswissenschaftler: Schon früh haben Leute wie Adam Smith psychologische Prinzipien in ihre Theorien integriert. Das zeigt, dass das Verständnis menschlichen Verhaltens schon immer eine Rolle in der Wirtschaftstheorie gespielt hat.

*Ein lautes Geräusch im Hintergrund*

>>Psychologe: Ähm... Entschuldigung dafür! Was war das? Ah ja... also wenn wir die kognitive Psychologie betrachten...

*Finanzanalyst unterbricht*

>>Finanzanalyst (unterbricht): Entschuldigung kurz - könnte jemand sein Mikrofon stummschalten? Ich glaube da gibt es ein Echo.

*Kurze Pause während alle ihre Mikrofone überprüfen*

>>Psychologe: Okay danke! Also wie gesagt... diese Heuristiken und Biases führen zu irrationalem Verhalten...

*Ein Teilnehmer hustet laut*

>>Wirtschaftswissenschaftler: Nun ja... es ist auch wichtig zu betonen... dass die Wiederentdeckung der psychologischen Einflüsse in der Mitte des 20. Jahrhunderts maßgeblich zur Entwicklung der Verhaltensökonomik beigetragen hat. Modelle wie die Prospect Theory von Kahneman und Tversky haben gezeigt...

*Ein Telefon klingelt im Hintergrund*

>>Wirtschaftswissenschaftler: Oh je! Es scheint heute viele Ablenkungen zu geben!

>>Psychologe (lacht): Ja wirklich! Also zurück zum Thema... 
 >>Psychologe: Also, wenn wir über die Prospect Theory sprechen, ist es faszinierend zu sehen, wie Kahneman und Tversky kognitive Verzerrungen wie den Verlustaversionseffekt identifiziert haben. Menschen neigen dazu, Verluste stärker zu gewichten als Gewinne gleicher Größe. Was denken Sie darüber?

>>Wirtschaftswissenschaftler: Ja, das ist wirklich interessant. Die Prospect Theory zeigt uns deutlich, dass Menschen nicht immer rational handeln. Ich erinnere mich an eine Studie, in der Anleger während der Finanzkrise 2008 panisch ihre Aktien verkauft haben, obwohl es langfristig besser gewesen wäre, sie zu halten.

>>Finanzanalyst: Genau! Und ich habe das selbst erlebt. Viele meiner Kunden wollten damals alles verkaufen. Es war schwer ihnen klarzumachen, dass sie damit nur ihre Verluste realisieren würden.

>>Psychologe: Ja genau! Die Verlustaversion ist ein perfektes Beispiel dafür, wie unsere kognitiven Prozesse unser Verhalten beeinflussen. Aber was können wir tun? Wie könnten wir diese Erkenntnisse nutzen, um bessere finanzielle Entscheidungen zu treffen?

>>Sozialpsychologe: Nun ja... was ich besonders interessant finde... ist der Einfluss sozialer Dynamiken auf die Verlustaversion. Wenn wir in Gruppen agieren... verstärken sich oft unsere emotionalen Reaktionen auf Verluste.

>>Historiker der Wirtschaftswissenschaften: Ähm... ich denke auch an historische Beispiele zurück. In früheren Finanzkrisen hat man gesehen... wie kollektive Panik und Herdenverhalten die Märkte destabilisiert haben.

>>Wirtschaftswissenschaftler: Absolut richtig! Aber manchmal frage ich mich... ob die Prospect Theory wirklich alle Aspekte abdeckt? Gibt es vielleicht Situationen oder Kulturen, in denen diese Theorie weniger zutrifft?

>>Finanzanalyst: Interessanter Punkt! Vielleicht sollten wir auch andere Theorien betrachten oder kombinieren? Zum Beispiel Behavioral Finance bietet viele Einblicke in das Verhalten von Anlegern.

>>Psychologe: Ehrlich gesagt glaube ich daran fest! Wenn Menschen besser verstehen würden... also... wie ihre eigenen kognitiven Verzerrungen funktionieren...

>>Sozialpsychologe: ...dann könnten sie bewusstere und rationalere Entscheidungen treffen! 
 >>Finanzanalyst: Schauen wir mal, wie sich diese Erkenntnisse auf die Finanzmärkte anwenden lassen. Ähm, ein gutes Beispiel ist die Dotcom-Blase. Anleger haben damals irrational gehandelt und sind dem Herdentrieb gefolgt, was zu massiven Überbewertungen führte. Interessanterweise zeigt dies, dass emotionale Einflüsse oft stärker sind als rationale Überlegungen.

>>Wirtschaftswissenschaftler: Genau, das war eine verrückte Zeit. Aber auch heute sehen wir ähnliche Muster. Wie der Finanzanalyst schon sagte, emotionale Entscheidungen dominieren oft. Das erinnert mich an Kahnemans Forschung zur Verlustaversion – Menschen fürchten Verluste mehr als sie Gewinne schätzen.

>>Sozialpsychologe: Ja, absolut! Und es geht nicht nur um individuelle Emotionen. Der Gruppendruck spielt eine riesige Rolle. Denkt an soziale Medien – sie verstärken diese Effekte noch weiter durch ständige Informationsflut und Gruppendynamiken.

>>Psychologe: Ähm, genau! Das Herdenverhalten ist ein klassisches Beispiel für kognitive Verzerrungen. Es zeigt deutlich, wie stark unsere Entscheidungen von sozialen Einflüssen geprägt werden können. Wie fühlen sich die Anleger dabei eigentlich?

>>Historiker der Wirtschaftswissenschaften: Nun ja, wenn man historische Beispiele betrachtet – etwa die Tulpenmanie im 17. Jahrhundert – sieht man ähnliche Muster des Herdenverhaltens und der irrationale Überschwang der Massen. Diese historischen Parallelen helfen uns zu verstehen, dass solche Verhaltensweisen keine neuen Phänomene sind.

>>Finanzanalyst: Richtig! Und wenn wir uns moderne Märkte ansehen, sehen wir immer noch ähnliche Verhaltensmuster. Ähm... Nehmen wir zum Beispiel den Bitcoin-Hype vor einigen Jahren – wieder eine Situation voller emotionaler Entscheidungen statt rationaler Analysen.

>>Wirtschaftswissenschaftler: Absolut! Und hier kommt wieder Kahnemans Arbeit ins Spiel – seine Forschung zur Verlustaversion erklärt viel davon. Menschen neigen dazu, Verluste stärker zu gewichten als Gewinne gleicher Größe; das führt oft zu überstürzten Entscheidungen in volatilen Märkten.

>>Sozialpsychologe: Genau! Und es gibt auch interessante Studien darüber, wie soziale Medien diese Effekte verstärken können – durch ständige Informationsflut und Gruppendynamiken wird das Verhalten noch weiter beeinflusst.

>>Psychologe: Ehrlich gesagt finde ich es faszinierend zu sehen, wie all diese Faktoren zusammenwirken und unser Verhalten formen. Vielleicht sollten wir überlegen, wie man dieses Wissen nutzen kann um bessere finanzielle Bildung anzubieten?

>>Historiker der Wirtschaftswissenschaften: Ja genau! Wenn wir aus der Geschichte lernen könnten... Nun ja... dann könnten wir vielleicht zukünftige Blasen verhindern oder zumindest abmildern. 
 >>Wirtschaftswissenschaftler: Also, um es auf den Punkt zu bringen, eine der Hauptkritiken an der Verhaltensökonomik ist die Übertragbarkeit experimenteller Ergebnisse auf reale Marktsituationen. Es ist fraglich, ob Menschen in Experimenten wirklich so handeln wie auf echten Märkten.

>>Psychologe: Ja, das sehe ich auch so. In kontrollierten Experimenten können wir spezifische kognitive Verzerrungen isolieren und analysieren. Aber in der realen Welt spielen viele andere Faktoren eine Rolle.

>>Sozialpsychologe: Genau! Und wir dürfen nicht vergessen, dass soziale Dynamiken in der realen Welt einen großen Einfluss haben. Menschen lassen sich oft von den Meinungen und Handlungen anderer beeinflussen.

>>Wirtschaftswissenschaftler: Richtig, und diese Komplexität fehlt oft in Experimenten. Ein Beispiel wäre die Finanzkrise 2008 – da spielten viele unvorhersehbare Faktoren zusammen.

>>Finanzanalyst: Interessanter Punkt! Ein weiteres Problem könnte sein, dass diese Experimente oft kurzfristige Szenarien betrachten und langfristige Auswirkungen vernachlässigen.

>>Historiker der Wirtschaftswissenschaften: Das erinnert mich an historische Beispiele wie die Tulpenmanie im 17. Jahrhundert oder die Dotcom-Blase. Diese Ereignisse zeigen deutlich, wie soziale Dynamiken und kognitive Verzerrungen langfristig wirken können.

>>Psychologe: Absolut! Und durch Experimente können wir zumindest einige dieser Verzerrungen besser verstehen. Aber was schlagen Sie vor? Wie könnten wir diese Erkenntnisse besser auf reale Märkte übertragen?

>>Sozialpsychologe: Vielleicht sollten wir mehr Feldstudien durchführen oder Experimente unter realistischeren Bedingungen gestalten.

>>Wirtschaftswissenschaftler: Das klingt sinnvoll. Wir könnten auch Simulationen nutzen, um komplexere Marktbedingungen nachzubilden.

>>Finanzanalyst: Ja genau! Und dabei sollten wir sowohl kurzfristige als auch langfristige Effekte berücksichtigen, um systemische Risiken besser zu verstehen.

>>Historiker der Wirtschaftswissenschaften: Absolut richtig! Wenn wir aus historischen Beispielen lernen wollen, müssen wir beide Perspektiven einbeziehen – kurz- und langfristig. 
 >>Psychologe: Ehrlich gesagt, das erinnert mich an eine persönliche Erfahrung während der Finanzkrise 2008. Ähm, ich habe beobachtet, dass viele Menschen in Panik geraten sind und irrational gehandelt haben, obwohl die Fakten klar waren. Interessanterweise zeigte sich, dass Gruppendenken und sozialer Druck oft zu diesen irrationalen Handlungen führten.

>>Wirtschaftswissenschaftler: Ja, das ist ein guter Punkt. Ich erinnere mich auch daran, wie viele Anleger trotz klarer Warnsignale weiterhin in riskante Anlagen investiert haben. Das zeigt deutlich, wie stark kognitive Verzerrungen – also systematische Denkfehler – und Gruppendenken das Marktverhalten beeinflussen können.

>>Sozialpsychologe: Genau! Und es war nicht nur die Finanzkrise 2008. Denkt mal an die Dotcom-Blase Ende der 90er Jahre. Viele Investoren ignorierten fundamentale Warnsignale und ließen sich von der allgemeinen Euphorie mitreißen.

>>Finanzanalyst: Absolut richtig! Während der Dotcom-Blase habe ich gesehen, wie Leute blindlings in Tech-Aktien investierten, weil alle anderen es auch taten. Es war fast schon verrückt.

>>Historiker der Wirtschaftswissenschaften: Ja, und wenn wir noch weiter zurückgehen wollen – die Tulpenmanie im 17. Jahrhundert ist ein klassisches Beispiel für irrationale Übertreibung auf den Märkten aufgrund von Gruppendenken.

>>Psychologe: Interessanterweise habe ich auch bemerkt, dass während solcher Krisen viele Menschen ihre Entscheidungen stark von den Medien beeinflussen lassen. Die ständige Berichterstattung über fallende Märkte verstärkt oft das Gruppendenken und führt zu Panikverkäufen.

>>Wirtschaftswissenschaftler: Stimmt genau! Die Rolle der Medien darf man nicht unterschätzen. Aber was denkt ihr über die regulatorischen Maßnahmen? Haben sie genug getan?

>>Sozialpsychologe: Gute Frage! Meiner Meinung nach hätten strengere Regulierungen vielleicht einige dieser irrationalen Handlungen verhindern können. Aber es ist schwer zu sagen...

>>Finanzanalyst: Da stimme ich dir zu. Es gibt immer einen Balanceakt zwischen Regulierung und freiem Markt. Aber manchmal denke ich mir auch – hätten wir aus diesen Krisen mehr lernen sollen?

>>Historiker der Wirtschaftswissenschaften: Definitiv! Jede Krise bietet Lektionen. Zum Beispiel hat die Finanzkrise 2008 gezeigt, wie wichtig Transparenz im Bankensektor ist.

>>Psychologe: Und nicht zu vergessen – die menschliche Psyche spielt eine große Rolle bei solchen Ereignissen. Wir müssen besser verstehen, warum Menschen so handeln und wie wir ihnen helfen können, rationalere Entscheidungen zu treffen. 
 >>Sozialpsychologe: Um die virtuelle Zusammenarbeit zu verbessern, sollten wir auch die sozialen Dynamiken berücksichtigen. Regelmäßige Check-ins und klare Kommunikationsregeln können helfen, Missverständnisse zu vermeiden und das Vertrauen im Team zu stärken.

>>Wirtschaftswissenschaftler: Ja, genau. Die theoretische Analyse ist wichtig, um die Dynamiken in virtuellen Teams zu verstehen. Wir sollten auch Tools wie Projektmanagement-Software und Kommunikationsplattformen nutzen, um effizienter zu arbeiten.

>>Psychologe: Durch die Analyse von Verhaltensmustern in virtuellen Teams können wir spezifische Stärken und Schwächen der Teammitglieder identifizieren. Das ermöglicht eine gezielte Aufgabenverteilung basierend auf individuellen Fähigkeiten. Was denken Sie?

>>Finanzanalyst (unterbricht): Entschuldigung, wie analysieren wir diese Verhaltensmuster? Gibt es spezielle Methoden oder Tools dafür?

>>Psychologe: Gute Frage! Wir verwenden Beobachtungen, Umfragen und spezielle Software zur Datenanalyse.

>>Historiker der Wirtschaftswissenschaften: Das klingt interessant. Ich denke an historische Beispiele für erfolgreiche Zusammenarbeit trotz räumlicher Trennung. Vielleicht könnten wir daraus lernen?

>>Sozialpsychologe: Absolut! Historische Kontexte bieten oft wertvolle Einblicke. Einige dieser Prinzipien könnten wir auf unsere aktuellen virtuellen Teams anwenden.

>>Wirtschaftswissenschaftler: Genau! Wenn wir diese historischen Erkenntnisse mit modernen Technologien kombinieren, können wir wirklich effektive Strategien entwickeln.

>>Finanzanalyst: Ja, das macht Sinn. Also sollten wir vielleicht eine Liste mit bewährten Tools erstellen und sehen, welche am besten zu unseren Bedürfnissen passen.

>>Psychologe: Das ist ein guter Ansatz. Vielleicht könnten wir auch regelmäßige Feedback-Runden einführen? So können wir kontinuierlich Anpassungen vornehmen und sicherstellen, dass alle zufrieden sind.

>>Historiker der Wirtschaftswissenschaften (lächelt): Eine großartige Idee! Regelmäßiges Feedback war schon immer ein Schlüssel zum Erfolg – damals wie heute. 
 >>Wirtschaftswissenschaftler: Also, um es auf den Punkt zu bringen, die Verhaltensökonomik zeigt uns deutlich, dass kognitive Verzerrungen und soziale Dynamiken eine entscheidende Rolle in wirtschaftlichen Entscheidungen spielen. Ähm, wie ich bereits erwähnt habe, ist es von entscheidender Bedeutung, diese Faktoren in unsere Modelle zu integrieren. Interessant ist auch die Frage, wie wir diese Erkenntnisse praktisch anwenden können.

>>Psychologe: Das finde ich echt spannend. Wenn wir über kognitive Verzerrungen sprechen, sollten wir auch die Rolle der Heuristiken betrachten. Diese mentalen Abkürzungen beeinflussen oft unsere Entscheidungen auf subtile Weise.

>>Sozialpsychologe: Entschuldigung, darf ich kurz unterbrechen? Ich denke gerade an ein Beispiel für Gruppendenken - erinnert ihr euch an den Hype um GameStop-Aktien Anfang 2021? Das war ein klassischer Fall von sozialer Dynamik und irrationalem Verhalten.

>>Finanzanalyst: Ja genau! Schauen wir mal, wie sich diese kognitiven Verzerrungen in der Praxis auswirken. Ein weiteres Beispiel wäre die Überbewertung von Tech-Aktien während der Dotcom-Blase. Was bedeutet das für uns? Es zeigt, dass emotionale und irrationale Entscheidungen oft zu Marktverzerrungen führen können.

>>Wirtschaftswissenschaftler: Absolut richtig. Ein weiterer wichtiger Aspekt ist, wie wir diese Erkenntnisse in unseren täglichen Entscheidungsprozessen berücksichtigen können.

>>Psychologe: Ja, das haben wir schon gehört und es ist wirklich wichtig – vielleicht sollten wir jetzt darüber sprechen, wie wir diese Erkenntnisse konkret umsetzen können? 
 >>Wirtschaftswissenschaftler: Also, wir müssen diese Erkenntnisse unbedingt in unsere Modelle integrieren. Wenn wir kognitive Verzerrungen und soziale Dynamiken ignorieren, riskieren wir falsche Vorhersagen. Verstehen Sie? Daher sollten wir als nächsten Schritt konkrete Maßnahmen entwickeln, um diese Faktoren systematisch in unsere Analysen einzubeziehen.

>>Psychologe: Ja, genau. Wir haben heute die Bedeutung kognitiver Verzerrungen und sozialer Dynamiken in wirtschaftlichen Entscheidungen hervorgehoben. Interessanterweise zeigt sich, dass durch gezielte Schulung und Interventionen Anleger ihre Entscheidungsprozesse verbessern können. Lassen Sie uns das als Grundlage für unsere nächsten Schritte nehmen.

>>Finanzanalyst: Genau, was bedeutet das für uns? Wir sollten konkrete Strategien entwickeln, um diese Erkenntnisse in der Praxis anzuwenden. Vielleicht könnten wir ein Pilotprojekt starten, um die Effektivität von Schulungen und Interventionen zu testen.

>>Historiker der Wirtschaftswissenschaften: Nun ja, wenn ich da kurz einhaken darf... Es ist auch wichtig zu bedenken, wie historische Ereignisse ähnliche Muster gezeigt haben. Beispielsweise die Dotcom-Blase – sie war ein Paradebeispiel für Gruppendenken und Marktverzerrungen. Diese historischen Kontexte können uns helfen zu verstehen, wie solche Phänomene entstehen und wie man ihnen entgegenwirken kann.

>>Sozialpsychologe: Ehrlich gesagt finde ich es faszinierend zu sehen, wie stark soziale Einflüsse wirtschaftliche Entscheidungen prägen können. Also gut... Ich denke auch an Beispiele wie GameStop-Aktien – das zeigt doch klar die Macht der sozialen Dynamik! Wie könnten wir diese Erkenntnisse praktisch anwenden?

>>Wirtschaftswissenschaftler: Interessanter Punkt, Herr Historiker! Wie könnten wir diese historischen Parallelen konkret nutzen?

>>Historiker der Wirtschaftswissenschaften: Gute Frage! Vielleicht könnten wir Fallstudien aus der Vergangenheit analysieren und daraus Handlungsempfehlungen ableiten.

>>Psychologe: Das klingt nach einem guten Plan! Sollen wir nächste Woche denselben Termin nehmen? Und vielleicht könnte jeder bis dahin eine kurze Zusammenfassung seiner Ideen schicken?

>>Finanzanalyst: Absolut! Und ich könnte einige Datenanalysen vorbereiten...

>>Historiker der Wirtschaftswissenschaften: Ja genau! Und ich werde historische Parallelen herausarbeiten...

>>Sozialpsychologe: Perfekt! Dann bis zum nächsten Mal!","Während des virtuellen Meetings wurde die Verhaltensökonomik als Teilgebiet der Wirtschaftswissenschaften diskutiert, das sich mit menschlichem Verhalten in wirtschaftlichen Situationen beschäftigt. Es wurde betont, dass Menschen oft im Widerspruch zur Annahme des Homo oeconomicus handeln und dass diese Abweichungen auch mathematisch durch die Spieltheorie untersucht werden.

Ein wichtiger Punkt war die historische Entwicklung der Verhaltensökonomik, beginnend mit der engen Verbindung zwischen Wirtschaftstheorie und Psychologie in der klassischen Nationalökonomie. Adam Smith und Jeremy Bentham wurden als frühe Vertreter genannt. Die Trennung von Psychologie und Ökonomie erfolgte während der Ära der Neoklassischen Theorie, wobei das Konzept des rationalen Homo oeconomicus entstand.

Die Wiederentdeckung psychologischer Einflüsse auf wirtschaftliche Entscheidungen Mitte des 20. Jahrhunderts führte zur Entwicklung der behavioral economics. Besonders hervorgehoben wurde die Prospect Theory von Kahneman und Tversky (1979), die kognitive psychologische Techniken nutzte, um Anomalien bei wirtschaftlichen Entscheidungen zu erklären.

Es wurde auch über Subdisziplinen wie behavioral finance und verhaltensorientierte Politikgestaltung gesprochen sowie über bedeutende Beiträge von Nobelpreisträgern wie Daniel Kahneman, Vernon Smith und Richard Thaler.

Abschließend wurden Kritikpunkte an den Methoden und Theorien der Verhaltensökonomik erörtert, insbesondere hinsichtlich ihrer Über"
"In dem Meeting diskutierten Umweltwissenschaftler, Gesundheitsexperten, Umweltschützer, Industrievertreter und Kosmetikexperten über die Auswirkungen von Mikroplastik auf Umwelt und Gesundheit sowie mögliche Lösungen. Es wurde betont, dass Mikroplastik in den menschlichen Körper gelangen und gesundheitliche Probleme verursachen kann. Die Teilnehmer waren sich einig, dass politische Maßnahmen und technische Lösungen wie biologisch abbaubare Kunststoffe und verbesserte Recyclingmethoden notwendig sind. Auch die Aufklärung der Verbraucher über Mikroplastik in Kosmetikprodukten und die Förderung umweltfreundlicher Alternativen wurden als wichtige Schritte hervorgehoben. Trotz wirtschaftlicher Herausforderungen wurde betont, dass langfristige Investitionen sowohl ökologisch als auch ökonomisch vorteilhaft sind.",">>Umweltwissenschaftler: Guten Morgen zusammen! Ich freue mich, dass wir heute hier sind, um über ein so wichtiges Thema zu sprechen. Bevor wir in die Details gehen, möchte ich kurz die Hauptziele unseres Treffens skizzieren: Wir wollen die verschiedenen Aspekte von Mikroplastik beleuchten und mögliche Lösungen diskutieren. Lassen Sie uns also beginnen!
>>Gesundheitsexperte: Es ist super, dass wir darüber sprechen. Was die gesundheitlichen Auswirkungen von Mikroplastik betrifft, ist es besonders wichtig zu betonen, dass diese Partikel in den menschlichen Körper gelangen und dort potenziell schädliche Wirkungen haben können. Studien haben gezeigt, dass Mikroplastik in Organen wie dem Herzen nachgewiesen wurde.
>>Umweltschützer: Ja, das stimmt. Die Auswirkungen von Mikroplastik sind wirklich weitreichend. Wir müssen dringend handeln und politische Maßnahmen ergreifen, um den Einsatz von biologisch abbaubaren Kunststoffen zu fördern. Es ist einfach inakzeptabel, dass wir weiterhin so viel Plastikmüll produzieren!
>>Industrievertreter: Da stimme ich zu. Aber wir dürfen auch die wirtschaftlichen Aspekte nicht außer Acht lassen. Es gibt technische Lösungen wie den Einsatz von biologisch abbaubaren Kunststoffen oder verbesserten Recyclingmethoden, die helfen könnten, die Menge an Mikroplastik zu reduzieren.
>>Kosmetikexperte: Genau! In der Kosmetikindustrie wird Mikroplastik oft als Peelingmittel oder zur Verbesserung der Textur verwendet. Aber es gibt Alternativen wie Biowachspartikel oder natürliche Schleifmittel, die genauso effektiv sind und keine negativen Auswirkungen auf die Umwelt haben.
>>Umweltwissenschaftler: Absolut richtig! Diese Partikel sind extrem persistent in der Umwelt und können über Jahrzehnte hinweg bestehen bleiben. Das stellt eine langfristige Belastung für Ökosysteme dar.
>>Industrievertreter: Und durch den Einsatz von biologisch abbaubaren Kunststoffen und verbesserten Recyclingmethoden können wir nicht nur die Umwelt schützen sondern auch neue Geschäftsmöglichkeiten schaffen.
>>Umweltwissenschaftler: Interessant! Diese Partikel beeinträchtigen auch eine Vielzahl von Organismen. Studien haben gezeigt, dass Mikroplastik in den Verdauungstrakten von Meereslebewesen gefunden wurde und dort Entzündungsreaktionen auslösen kann.
>>Gesundheitsexperte: Das stimmt absolut. Um das nochmal klarzustellen: In Bezug auf Gesundheit sind Mikroplastikpartikel besonders besorgniserregend weil sie in den menschlichen Körper gelangen können und dort potenziell schädliche Wirkungen haben könnten. 
 >>Umweltwissenschaftler: Mikroplastik sind kleine Kunststoffteilchen unter 5 mm, während Nanoplastik noch kleiner ist, zwischen 1 und 1000 nm. Diese Partikel können entweder absichtlich produziert werden, wie in Kosmetika, oder durch den Zerfall größerer Plastikprodukte entstehen.

>>Kosmetikexperte: Genau. In Kosmetikprodukten wird Mikroplastik oft als Peelingmittel oder zur Verbesserung der Textur verwendet. Es gibt aber umweltfreundlichere Alternativen wie Biowachspartikel, die ähnliche Effekte erzielen können.

>>Industrievertreter: Aber was ist mit den Kosten und der Verfügbarkeit dieser Alternativen? Nicht alle Unternehmen können sofort umstellen.

>>Umweltwissenschaftler: Klar, das ist ein wichtiger Punkt. Wir müssen auch den Abrieb von Autoreifen und synthetischen Textilien berücksichtigen. Diese Quellen tragen erheblich zur Verschmutzung unserer Böden und Gewässer bei und beeinträchtigen die Lebensräume vieler Organismen.

>>Gesundheitsexperte: Ja, das stimmt. Und was die Gesundheit betrifft – Mikroplastikpartikel gelangen nicht nur in die Umwelt, sondern auch in unsere Körper. Studien zeigen, dass diese Partikel Entzündungsreaktionen und andere gesundheitliche Probleme verursachen können.

>>Kosmetikexperte: Das ist wirklich besorgniserregend! Übrigens haben einige Firmen bereits erfolgreich auf Biowachspartikel umgestellt. Sie sind zwar teurer in der Herstellung...

>>Industrievertreter (nickt): Ja, genau!

>>Kosmetikexperte: ...aber sie bieten langfristig gesehen einen großen Vorteil für unsere Umwelt. 
 >>Umweltwissenschaftler: Also, wir müssen uns die ökologischen Auswirkungen von Mikroplastik genauer ansehen. Der Abrieb von Autoreifen und synthetischen Textilien trägt erheblich zur Verschmutzung bei, da diese Partikel nicht nur in die Luft, sondern auch in Gewässer und Böden gelangen. Sie sind schwer abbaubar und können toxische Substanzen wie Schwermetalle enthalten, die sich negativ auf aquatische Organismen auswirken.

>>Umweltschützer: Das ist alarmierend! Wir müssen dringend Maßnahmen ergreifen, um den Abrieb von Autoreifen zu reduzieren. Warum gibt es noch keine strengeren Vorschriften für die Reifenhersteller?

>>Gesundheitsexperte: Das ist ein guter Punkt. In Bezug auf die Gesundheit müssen wir bedenken, dass Mikroplastikpartikel nicht nur in der Umwelt verbleiben, sondern auch in den menschlichen Körper gelangen können. Diese Partikel können Entzündungen und andere gesundheitliche Probleme verursachen.

>>Industrievertreter: Na ja, das stimmt schon. Aber wir dürfen die wirtschaftlichen Aspekte nicht vergessen. Strengere Vorschriften für Reifenhersteller könnten zwar helfen, den Abrieb zu reduzieren, aber sie würden auch erhebliche Kosten verursachen. Vielleicht sollten wir technische Lösungen wie verbesserte Materialien und Recyclingmethoden in Betracht ziehen.

>>Umweltschützer: Das ist einfach nicht akzeptabel! Wir brauchen dringend politische Maßnahmen gegen diese Verschmutzung!

>>Kosmetikexperte: Auch in der Kosmetikindustrie suchen wir nach umweltfreundlicheren Alternativen für Mikroplastik. Vielleicht könnten ähnliche Ansätze auch bei Reifenmaterialien angewendet werden.

>>Umweltwissenschaftler: Genau! Es gibt bereits Forschungen zu alternativen Materialien für Reifen. Aber es braucht Zeit und Investitionen.

>>Gesundheitsexperte: Und währenddessen sollten wir sicherstellen, dass die Menschen über die Risiken informiert sind.

>>Industrievertreter: Absolut! Transparenz ist wichtig – wir sollten klare Informationen über die Risiken bereitstellen und gleichzeitig realistische Zeitpläne und finanzielle Unterstützung für notwendige Veränderungen entwickeln. 
 >>Gesundheitsexperte: Das ist ein guter Punkt. Mikroplastik kann Entzündungen in unseren Organen verursachen und langfristig zu chronischen Krankheiten führen. Deshalb sind präventive Maßnahmen so wichtig.

>>Umweltwissenschaftler: Ja, das stimmt. In Bezug auf die ökologischen Auswirkungen von Mikroplastik müssen wir bedenken, dass diese Partikel Böden und Gewässer stark belasten. Die Persistenz dieser Partikel führt zu einer langfristigen Kontamination, die nicht nur Meereslebewesen, sondern auch terrestrische Ökosysteme beeinträchtigt.

>>Umweltschützer: Das ist wirklich besorgniserregend. Wir müssen dringend handeln, um die Verbreitung von Mikroplastik zu stoppen. Es ist inakzeptabel, dass diese Partikel nicht nur unsere Umwelt, sondern auch unsere Gesundheit gefährden. Weißt du, wir brauchen strengere politische Maßnahmen und mehr Forschung, um die langfristigen Auswirkungen besser zu verstehen.

>>Industrievertreter (unterbricht): Entschuldigung, aber wie realistisch ist es denn wirklich, sofort strengere Maßnahmen einzuführen? Gibt es konkrete Vorschläge?

>>Umweltschützer: Gute Frage. Es gibt bereits einige Vorschläge auf dem Tisch. Zum Beispiel könnten wir...

>>Gesundheitsexperte: ...auch an Aufklärungskampagnen denken. Die Bevölkerung muss über die Risiken informiert werden.

>>Umweltwissenschaftler: Genau! Und zusätzlich sollten wir...

>>Kosmetikexperte: Moment mal! Ich denke gerade daran, wie viele Produkte Mikroplastik enthalten und wie schwierig es sein wird, das alles zu ändern!

>>Umweltwissenschaftler: Ja, das stimmt wohl. Aber zurück zum Thema - wenn wir uns auf wissenschaftliche Daten stützen und gemeinsam arbeiten... 
 >>Industrievertreter: Ja, das ist ein guter Punkt. Bei der Kunststoffproduktion müssen wir auch an die wirtschaftlichen Aspekte denken. Ähm, technische Lösungen wie verbesserte Recyclingmethoden und der Einsatz von biologisch abbaubaren Kunststoffen könnten nicht nur die Umweltbelastung reduzieren, sondern auch neue Geschäftsmöglichkeiten schaffen.

>>Umweltschützer: Technische Lösungen sind wichtig, aber ohne politische Maßnahmen und strenge Vorschriften werden wir das Problem nicht lösen. Was denken Sie dazu, Herr Müller?

>>Umweltwissenschaftler: Mikroplastik hat enorme ökologische Auswirkungen. Diese Partikel gelangen in unsere Böden und Gewässer, wo sie von Organismen aufgenommen werden und sich in der Nahrungskette anreichern. Das führt zu langfristigen Schäden an Ökosystemen und Biodiversität.

>>Gesundheitsexperte: Ja genau... ähm... wir müssen bedenken, dass Mikroplastikpartikel auch in den menschlichen Körper gelangen können. Studien haben gezeigt, dass diese Partikel Entzündungen und andere gesundheitliche Probleme verursachen können.

>>Kosmetikexperte: Nun ja, ich denke auch an die Verbraucherperspektive. Viele Menschen wissen gar nicht, dass ihre Kosmetikprodukte Mikroplastik enthalten. Ich stimme Ihnen zu, Frau Schmidt. Wir brauchen mehr Aufklärung und Alternativen für sicherere Produkte.

>>Industrievertreter: Na ja, das stimmt schon. Aber wir dürfen nicht vergessen, dass jede Umstellung Kosten verursacht. Die Entwicklung neuer Materialien und Technologien erfordert Investitionen und Zeit.

>>Umweltschützer: Klar kostet das Geld! Aber was ist mit den Kosten für unsere Gesundheit und Umwelt? Diese sind doch viel höher!

>>Umweltwissenschaftler: Genau! Und wenn wir jetzt investieren, können wir langfristig profitieren – sowohl ökologisch als auch ökonomisch.

>>Gesundheitsexperte: Absolut richtig. Prävention ist immer günstiger als Heilung. Wenn wir jetzt handeln, können wir viele zukünftige Gesundheitsprobleme vermeiden.

>>Kosmetikexperte: Und es gibt bereits einige vielversprechende Alternativen zu Mikroplastik in Kosmetika. Wir sollten diese weiter erforschen und fördern.

>>Industrievertreter: Gut gesagt! Wir sollten einen gemeinsamen Ansatz finden und dabei sowohl Wirtschaftlichkeit als auch Umweltaspekte berücksichtigen. 
 >>Umweltschützer: Das ist inakzeptabel! Wir müssen handeln! Die bisherigen Maßnahmen der EU und UN sind ein Schritt in die richtige Richtung, aber es fehlt an Durchsetzungskraft und klaren Sanktionen. Wie können wir sicherstellen, dass diese Initiativen wirklich greifen?

>>Umweltwissenschaftler: Ja, das ist eine gute Frage. Mikroplastik hat enorme ökologische Auswirkungen. Diese Partikel gelangen in die Nahrungskette und schaden Meereslebewesen, was letztlich auch uns betrifft. Wir müssen sicherstellen, dass die bestehenden Initiativen nicht nur gut gemeint sind, sondern auch effektiv umgesetzt werden.

>>Gesundheitsexperte: Genau. Mikroplastik bleibt nicht nur in der Umwelt, sondern landet auch in unseren Körpern. Studien zeigen, dass diese Partikel Entzündungen und andere gesundheitliche Probleme verursachen können. Es ist daher entscheidend, dass die EU- und UN-Initiativen nicht nur auf die Reduktion von Plastikmüll abzielen, sondern auch präventive Maßnahmen zur Minimierung der Exposition gegenüber Mikroplastik umfassen.

>>Industrievertreter: Das sehe ich auch so. Aber wir dürfen die wirtschaftlichen Aspekte nicht vergessen. Strengere Kontrollen und Sanktionen sind wichtig, aber wir sollten auch technische Lösungen fördern, die umweltfreundlich und wirtschaftlich tragfähig sind. Zum Beispiel könnten innovative Recyclingmethoden oder biologisch abbaubare Kunststoffe stärker unterstützt werden.

>>Umweltwissenschaftler: Absolut! Und wir dürfen dabei nicht nur an Meereslebewesen denken. Auch terrestrische Ökosysteme leiden unter Mikroplastikverschmutzung. Wir müssen den Eintrag von Mikroplastik in Böden und Flüsse minimieren.

>>Kosmetikexperte: Da stimme ich zu... Viele Verbraucher wissen gar nicht über Mikroplastik in Kosmetikprodukten Bescheid oder welche Alternativen es gibt. Wenn mehr Menschen informiert wären...

>>Gesundheitsexperte: Ja genau! Und ähm... Wir dürfen nicht vergessen, dass Mikroplastikpartikel durch Einatmen oder über das Trinkwasser aufgenommen werden können und dort Entzündungen sowie andere gesundheitliche Probleme verursachen.

>>Umweltschützer: Absolut richtig! Wir brauchen umfassende Aufklärungskampagnen für Verbraucher sowie strengere Vorschriften für Unternehmen.

>>Industrievertreter: Na ja... Aber wie stellen wir sicher, dass diese Vorschriften praktikabel bleiben? Es muss doch einen Weg geben...

>>Umweltwissenschaftler: Vielleicht könnten regelmäßige Überprüfungen der Maßnahmen helfen? So könnten Anpassungen vorgenommen werden... 
 >>Umweltschützer: Das ist inakzeptabel! Wir müssen handeln! Es kann doch nicht sein, dass wir weiterhin so viel Mikroplastik in die Umwelt freisetzen. Es gibt bereits viele Alternativen, wie biologisch abbaubare Kunststoffe und bessere Recyclingmethoden. Warum setzen wir diese nicht konsequenter ein?

>>Gesundheitsexperte: Ja, das ist ein guter Punkt. Mikroplastikpartikel können nicht nur in der Umwelt verbleiben, sondern auch in unseren Körpern landen und dort Entzündungen sowie andere gesundheitliche Probleme verursachen. Studien haben sogar gezeigt, dass diese Partikel in Organen wie dem Herzen nachgewiesen wurden.

>>Industrievertreter: Entschuldigung, darf ich kurz unterbrechen? Ich denke, es ist wichtig zu erwähnen, dass die Umstellung auf alternative Materialien auch wirtschaftliche Herausforderungen mit sich bringt. Die Kosten für Forschung und Entwicklung sind erheblich.

>>Umweltwissenschaftler: Ja, das stimmt. Aber wenn man die langfristigen ökologischen Schäden betrachtet...

>>Kosmetikexperte (unterbricht): Moment mal! Bei Kosmetikprodukten gibt es tatsächlich schon einige vielversprechende Alternativen zu Mikroplastik, wie zum Beispiel Biowachspartikel oder natürliche Peelingmittel aus gemahlenen Nussschalen. Diese sind nicht nur umweltfreundlicher, sondern auch sicherer für die Verbraucher.

>>Umweltwissenschaftler: Richtig. In Bezug auf Mikroplastik müssen wir auch die ökologischen Auswirkungen berücksichtigen. Diese Partikel können in Böden und Gewässern langfristige Schäden verursachen und die Lebensräume von Tieren und Pflanzen beeinträchtigen.

>>Industrievertreter: Na ja... aber wir dürfen nicht vergessen, dass eine schnelle Umstellung auf alternative Materialien erhebliche wirtschaftliche Auswirkungen haben könnte. Die Industrie braucht Zeit und Unterstützung für diesen Wandel.

>>Umweltschützer: Weißt du was? Wir sollten vielleicht mehr Druck auf politische Entscheidungsträger ausüben, damit sie strengere Vorschriften erlassen und Unternehmen zur Verantwortung ziehen.

>>Kosmetikexperte: Absolut! Und gleichzeitig könnten wir Verbraucher besser informieren über die Vorteile von Produkten ohne Mikroplastik. Viele wissen gar nicht, welche Alternativen es gibt.

>>Gesundheitsexperte: Genau! Prävention beginnt mit Aufklärung. Je mehr Menschen Bescheid wissen...

>>Umweltwissenschaftler (unterbricht): Warte kurz! Ich denke auch an Bildungsprogramme für Schulen und Universitäten. Wenn junge Menschen frühzeitig über die Problematik aufgeklärt werden...

>>Industrievertreter: ...desto größer wird der Druck auf uns als Industrie sein! 
 >>Umweltwissenschaftler: Also, wir müssen auch den Abrieb von Autoreifen und synthetischen Textilien berücksichtigen. Diese Quellen tragen erheblich zur Umweltverschmutzung bei und sind schwer abbaubar. Sie sammeln sich in Böden und Gewässern an.

>>Gesundheitsexperte: Ja, das ist ein wichtiger Punkt. Mikroplastikpartikel sind nicht nur in der Umwelt, sondern auch im menschlichen Körper nachweisbar. Studien zeigen, dass diese Partikel Entzündungen und andere gesundheitliche Probleme verursachen können.

>>Industrievertreter: Na ja, wir dürfen die wirtschaftlichen Aspekte nicht vergessen. Technische Lösungen wie verbesserte Recyclingmethoden und biologisch abbaubare Kunststoffe bieten ökologische Vorteile und schaffen neue Geschäftsmöglichkeiten.

>>Umweltschützer: Es ist dringend notwendig, Alternativen zu finden. Wir sollten politischen Druck ausüben für strengere Vorschriften gegen Mikroplastik.

>>Kosmetikexperte: Absolut! Nun ja, im Kosmetikbereich gibt es bereits umweltfreundlichere Optionen wie Biowachspartikel und natürliche Peelingmittel. Wir müssen die Verbraucher besser informieren.

>>Umweltwissenschaftler: Genau! Und wir sollten auch Bildungsprogramme zur Aufklärung junger Menschen entwickeln...

>>Gesundheitsexperte (interrupts): Absolut richtig! Das Bewusstsein muss früh geschaffen werden.

>>Industrievertreter: Richtig! Aber wir müssen auch realistisch bleiben. Die Umstellung auf alternative Materialien ist teuer und zeitaufwendig. Dennoch erkennen wir die Notwendigkeit und arbeiten an Lösungen.

>>Umweltschützer: Klar, aber langfristig gesehen lohnt es sich doch für alle – sowohl ökologisch als auch wirtschaftlich!

>>Kosmetikexperte: Ja genau! Also gut, lasst uns konkrete Maßnahmen und eine gemeinsame Strategie entwickeln. Wir sollten einen Plan für die nächsten Schritte erstellen. 
 >>Umweltwissenschaftler: Also, das ist eine interessante Frage. Lassen Sie mich das erklären: In Bezug auf Mikroplastik müssen wir die ökologischen Auswirkungen besonders berücksichtigen. Die langfristige Kontamination von Böden und Gewässern durch Mikroplastik stellt eine erhebliche Bedrohung für unsere Ökosysteme dar. Wir sollten uns darauf einigen, dass wir dringend Maßnahmen ergreifen müssen, um diese Bedrohung zu minimieren.

>>Gesundheitsexperte: Ja, das ist ein guter Punkt. Ähm, in Bezug auf die Gesundheit müssen wir besonders darauf achten, dass Mikroplastikpartikel in unseren Körper gelangen und dort potenziell Entzündungen und andere gesundheitliche Probleme verursachen können. Es ist wichtig, präventive Maßnahmen zu ergreifen und die Öffentlichkeit über diese Risiken aufzuklären.

>>Industrievertreter: Na ja, ich möchte hinzufügen: In Bezug auf die Kunststoffproduktion müssen wir auch die wirtschaftlichen Aspekte und technischen Lösungen berücksichtigen. Wir haben bereits Fortschritte bei der Entwicklung biologisch abbaubarer Kunststoffe gemacht, die sowohl umweltfreundlich als auch wirtschaftlich tragfähig sind. Um diese Bedrohung zu minimieren, sollten wir verstärkt in Forschung und Entwicklung investieren und gleichzeitig strengere Vorschriften unterstützen.

>>Umweltschützer (unterbricht): Entschuldigung, darf ich kurz etwas hinzufügen? Ich denke, es wäre auch wichtig zu erwähnen, wie Mikroplastik in Kosmetikprodukten eine Rolle spielt und wie Verbraucher oft nicht wissen, dass sie solche Produkte verwenden.

>>Kosmetikexperte: Absolut richtig! Viele Menschen sind sich nicht bewusst, dass ihre täglichen Pflegeprodukte Mikroplastik enthalten können. Es gibt bereits einige Initiativen zur Kennzeichnung solcher Produkte...

>>Umweltwissenschaftler (nickt zustimmend): Ja genau! Und was noch hinzukommt: Studien zeigen zum Beispiel dass Mikroplastik in den Böden die Bodenfruchtbarkeit verringern kann. Das beeinträchtigt nicht nur die Biodiversität erheblich sondern auch die landwirtschaftliche Produktivität.

>>Gesundheitsexperte: Genau! Und was die Gesundheit betrifft... ähm... es gibt Hinweise darauf dass diese Partikel chronische Krankheiten fördern könnten wenn sie sich im Körper ansammeln. Daher ist es wirklich entscheidend präventive Maßnahmen zu ergreifen damit diese Partikel gar nicht erst in unseren Körper gelangen können.

>>Industrievertreter: Ein weiterer wichtiger Punkt ist auch der technologische Fortschritt bei der Abfallverwertung. Wenn wir bessere Recyclingmethoden entwickeln könnten wir den Plastikabfall insgesamt reduzieren.

>>Umweltschützer: Das stimmt! Und vielleicht könnten wir auch mehr Aufklärungskampagnen starten um Verbraucher besser zu informieren welche Produkte Mikroplastik enthalten und welche Alternativen es gibt.","In der Sitzung wurde das Thema Mikroplastik umfassend diskutiert. Mikroplastik wird als Kunststoffpartikel mit einem Durchmesser unter 5 mm definiert, während noch kleinere Partikel als Nanoplastik bezeichnet werden. Es gibt zwei Hauptquellen: absichtlich produzierte Mikroplastikpartikel in Produkten wie Kosmetika und solche, die durch den Zerfall von größeren Kunststoffteilen entstehen.

Die Umweltprobleme durch Mikroplastik sind erheblich, da diese Partikel schwer abbaubar sind und eine ähnliche Dichte wie Wasser haben. Besonders besorgniserregend ist der Abrieb von Autoreifen, der einen großen Teil des Mikroplastiks an Land ausmacht. In den Meeren stammt ein erheblicher Anteil von der Fischerei.

Studien zeigen, dass jährlich große Mengen an Mikroplastik in die Umwelt gelangen, wobei Reifenabrieb und synthetische Textilien bedeutende Quellen sind. Auch in menschlichen Herzen wurden Spuren von Mikroplastik nachgewiesen.

Es wurde betont, dass die gesundheitlichen Risiken für Menschen noch nicht abschließend bewertet werden können, obwohl negative Auswirkungen auf kleinere Organismen bereits nachgewiesen wurden. Maßnahmen zur Reduzierung umfassen Verbote bestimmter Produkte und Verbesserungen bei Kläranlagen.

Abschließend wurde auf internationale Bemühungen hingewiesen, darunter Initiativen der EU und UN zur Bekämpfung von Plastikmüll in den Ozeanen. Die Notwendigkeit weiterer Forschung und strengerer"
"In dem Meeting diskutierten ein Medizinhistoriker, ein Virologe und ein Epidemiologe die historischen Auswirkungen von Pandemien auf die Gesellschaft und deren Relevanz für aktuelle Maßnahmen. Der Medizinhistoriker betonte, dass Pandemien oft als Katalysatoren für bedeutende gesellschaftliche Veränderungen dienten, wie z.B. die Pest im Mittelalter oder die Spanische Grippe. Der Virologe hob hervor, dass neue Viren sich schnell an den Menschen anpassen und kontinuierliche Wachsamkeit erfordern. Der Epidemiologe unterstrich die Bedeutung präventiver Maßnahmen wie Quarantäne und Impfungen zur Verlangsamung der Virusausbreitung.

Die Teilnehmer waren sich einig, dass historische Lektionen mit aktuellen wissenschaftlichen Erkenntnissen kombiniert werden sollten, um zukünftige Herausforderungen besser zu bewältigen. Sie diskutierten auch die Rolle der WHO bei der Koordination internationaler Maßnahmen und betonten die Notwendigkeit globaler Zusammenarbeit.

Ein weiterer Schwerpunkt lag auf der Bedeutung des Umweltschutzes zur Prävention neuer Krankheiten. Die Zerstörung von Lebensräumen erhöht das Risiko neuer Virusausbrüche durch engeren Kontakt zwischen Menschen und Tieren.

Zum Abschluss beschlossen sie, eine Arbeitsgruppe zu bilden, um historische Präventionsstrategien zu analysieren und in moderne Pandemiepläne zu integrieren. Jeder Teilnehmer übernahm spezifische Aufgaben zur Weiterverfolgung dieser Ziele.",">>Medizinhistoriker: Guten Morgen zusammen! Ich hoffe, es geht euch allen gut. Bevor wir in die Details einsteigen, möchte ich kurz die Ziele unseres heutigen Treffens skizzieren: Wir wollen die historischen Auswirkungen von Pandemien auf die Gesellschaft analysieren und daraus Schlüsse für unsere aktuellen Maßnahmen ziehen.

>>Virologe: Guten Morgen! Ich freue mich auf unsere Diskussion heute. Es ist wichtig zu beachten, dass wir nicht nur die historischen Auswirkungen betrachten, sondern auch aktuelle wissenschaftliche Erkenntnisse einbeziehen.

>>Epidemiologe: Guten Morgen! Prävention spielt eine zentrale Rolle. Durch frühzeitige Maßnahmen können wir die Ausbreitung von Viren erheblich verlangsamen und somit das Gesundheitssystem entlasten.

>>Medizinhistoriker: Genau, Pandemien haben oft als Katalysatoren für bedeutende gesellschaftliche Veränderungen gedient. Historisch gesehen haben sie nicht nur medizinische Fortschritte vorangetrieben, sondern auch tiefgreifende soziale und wirtschaftliche Umwälzungen verursacht. Was bedeutet das für unsere heutigen Maßnahmen?

>>Virologe: Ja genau! Das sehe ich auch so. Interessanterweise zeigt die Virologie, dass Pandemien oft durch neuartige Viren ausgelöst werden, die sich schnell an den Menschen anpassen. Wir müssen ständig wachsam sein und neue Methoden entwickeln, um diese Anpassungen frühzeitig zu erkennen.

>>Epidemiologe: Da stimme ich dir zu. Ein gutes Beispiel ist die Cholera-Pandemie im 19. Jahrhundert, die zu bedeutenden Fortschritten in der öffentlichen Gesundheit führte. Was können wir aus solchen historischen Ereignissen lernen?

>>Medizinhistoriker: Es ist faszinierend zu sehen, wie Pandemien immer wieder als Wendepunkte fungiert haben. Zum Beispiel führte die Spanische Grippe zur Entwicklung moderner Impfstoffe und verbesserter Hygienestandards.

>>Virologe: Absolut! Und wenn wir diese historischen Lektionen mit unseren aktuellen wissenschaftlichen Erkenntnissen kombinieren können, sind wir besser gerüstet für zukünftige Herausforderungen.

>>Epidemiologe: Richtig! Also sollten wir uns darauf konzentrieren, wie wir präventive Maßnahmen verbessern können basierend auf diesen Erkenntnissen. 
 >>Medizinhistoriker: In der Tat, historisch gesehen haben Pandemien immer wieder als Katalysatoren für tiefgreifende gesellschaftliche Veränderungen gedient. Man könnte sagen, dass die Pest im Mittelalter nicht nur eine verheerende Krankheit war, sondern auch den Beginn des Endes des Feudalismus einleitete. Was können wir aus der Geschichte lernen und auf unsere aktuellen Herausforderungen anwenden?

>>Virologe: Ja, genau. Die WHO hat klare Definitionen und Phasen für Pandemien festgelegt, die uns helfen können, rechtzeitig zu reagieren.

>>Medizinhistoriker: Das ist ein guter Punkt. Historisch gesehen haben diese Phasen eine entscheidende Rolle gespielt, um rechtzeitig Maßnahmen zu ergreifen und die Ausbreitung einzudämmen. Wie können wir diese historischen Erkenntnisse nutzen, um unsere aktuellen Strategien zu verbessern?

>>Epidemiologe: Entschuldigung für die Unterbrechung - ich wollte nur kurz hinzufügen... (Hintergrundgeräusch eines Hundes bellend) Oh je! Entschuldigung dafür!

>>Virologe: (lacht) Kein Problem! Das passiert uns allen in diesen virtuellen Meetings.

>>Epidemiologe: Danke! Also wie ich sagte... Es ist entscheidend zu verstehen, dass präventive Maßnahmen eine zentrale Rolle spielen, um die Ausbreitung von Pandemien zu verlangsamen. Wie wir gesehen haben, kann die frühzeitige Erkennung und Reaktion auf neue Infektionskrankheiten das Gesundheitssystem erheblich entlasten. Was bedeutet das für unsere aktuellen Strategien zur Pandemiebekämpfung?

>>Medizinhistoriker: Historisch gesehen haben Pandemien nicht nur medizinische, sondern auch tiefgreifende soziale und wirtschaftliche Auswirkungen gehabt. Die Pest im Mittelalter führte beispielsweise zu einem drastischen Rückgang der Bevölkerung, was wiederum die Arbeitskräfte verknappte und letztlich zur Auflösung des Feudalsystems beitrug. Was bedeutet das für unsere heutigen Maßnahmen? Wie können wir sicherstellen, dass wir nicht nur die gesundheitlichen Folgen berücksichtigen?

>>(Ein Teilnehmer hustet laut)

>>Virologe: Entschuldigung!

>>Medizinhistoriker: (kurze Pause) Kein Problem! Also wie gesagt... Wir müssen sicherstellen, dass wir nicht nur die gesundheitlichen sondern auch die sozialen und wirtschaftlichen Folgen einer Pandemie berücksichtigen.

>>Epidemiologe: Ein weiterer wichtiger Aspekt ist die Rolle der WHO bei der Koordination internationaler Maßnahmen. Es ist offensichtlich dass eine globale Zusammenarbeit unerlässlich ist um Pandemien effektiv zu bekämpfen. 
 >>Medizinhistoriker: In der Tat, die globale Zusammenarbeit ist von entscheidender Bedeutung. Historisch gesehen hat die Antoninische Pest das Römische Reich schwer getroffen und führte zu erheblichen gesellschaftlichen Umwälzungen. Man könnte sagen, dass solche Pandemien oft als Katalysatoren für tiefgreifende Veränderungen dienen.

>>Virologe: Ja, und das erinnert mich an die Justinianische Pest, die ähnliche Auswirkungen hatte. Interessanterweise zeigt die Geschichte, dass Pandemien oft durch neue oder mutierte Viren ausgelöst werden. Wie wir wissen, war der Schwarze Tod ein Paradebeispiel dafür, wie sich ein Virus über Handelsrouten verbreiten kann. Was bedeutet das für unsere Forschung? Es ist wichtig zu beachten, dass wir ständig wachsam bleiben müssen und die globalen Reisewege überwachen sollten.

>>Medizinhistoriker: Genau, und deshalb ist es so wichtig, dass wir internationale Zusammenarbeit stärken. Die Justinianische Pest führte zu einem erheblichen Bevölkerungsrückgang und wirtschaftlichen Einbußen in der gesamten Mittelmeerregion. Solche Pandemien zeigen uns, wie verwundbar komplexe Gesellschaften sein können.

>>Virologe: Das stimmt absolut. Ehrlich gesagt, die Spanische Grippe ist ein weiteres Beispiel dafür, wie schnell sich Viren weltweit ausbreiten können. Sie war eine der tödlichsten Pandemien des 20. Jahrhunderts und hat gezeigt, dass selbst in Zeiten ohne moderne Flugreisen eine globale Verbreitung möglich ist. Wir müssen weiterhin die Mechanismen der Virusverbreitung verstehen und präventive Maßnahmen entwickeln.

>>Medizinhistoriker: Nun ja, es ist faszinierend zu sehen, wie die HIV/AIDS-Pandemie seit den 1980er Jahren nicht nur medizinische, sondern auch tiefgreifende soziale und kulturelle Auswirkungen hatte. Sie hat das Bewusstsein für sexuelle Gesundheit und Prävention weltweit verändert...

>>Epidemiologe (unterbricht): Entschuldigung für die Unterbrechung – ich wollte nur hinzufügen, dass moderne Flugreisen eine neue Dimension der Virusverbreitung darstellen.

>>Virologe: Absolut richtig! Und deshalb müssen wir auch moderne Technologien in unsere Überwachungsstrategien integrieren.

>>Medizinhistoriker (schmunzelt): Kein Problem! Wo war ich stehen geblieben? Ah ja... um zukünftige Pandemien besser zu bewältigen.

>>Epidemiologe: Wie wir gesehen haben, ist Prävention entscheidend. Frühzeitige Maßnahmen wie Quarantäne und Impfungen können die Ausbreitung erheblich verlangsamen. 
 >>Virologe: Unsere Forschung zeigt, dass moderne Flugreisen eine der Hauptursachen für die schnelle globale Verbreitung von Viren sind. Die hohe Mobilität der Menschen ermöglicht es Viren, innerhalb weniger Stunden von einem Kontinent zum anderen zu gelangen.

>>Epidemiologe: Genau, deshalb sind präventive Maßnahmen wie Quarantäne und Reisebeschränkungen so wichtig. Ohne sie wird unser Gesundheitssystem schnell überlastet.

>>Medizinhistoriker: Historisch gesehen haben Pandemien immer wieder gezeigt, wie entscheidend Mobilität für die Verbreitung von Krankheiten ist. Moderne Flugreisen spielen heute eine ähnliche Rolle wie früher die Handelsrouten.

>>Virologe: Der schnelle und umfangreiche Flugverkehr ist wirklich eine große Herausforderung. Wir müssen effektive Überwachungs- und Kontrollmechanismen implementieren.

>>Medizinhistoriker: Richtig! Diese historischen Erkenntnisse können uns helfen, moderne Strategien zu verbessern.

>>Virologe: Ein weiterer wichtiger Punkt ist die Nutzung genetischer Sequenzierung zur Echtzeitverfolgung der Herkunft und Verbreitung von Viren.

>>Epidemiologe: Absolut! Das hilft uns auch dabei, schneller auf Ausbrüche zu reagieren und gezielte Maßnahmen zu ergreifen.

>>Medizinhistoriker: Interessant wäre auch zu überlegen, ob wir aus den historischen Handelsrouten noch mehr lernen können. Gibt es vielleicht Parallelen in den Mustern der Verbreitung?

>>Virologe: Gute Frage! Es gibt sicherlich Parallelen, aber wir müssen auch die Unterschiede berücksichtigen. Heutzutage haben wir Technologien zur Überwachung und Kontrolle, die es früher nicht gab. 
 >>Epidemiologe: Wie wir gesehen haben, sind präventive Maßnahmen entscheidend. Kohortenstudien und Computersimulationen können uns helfen, zukünftige Ausbrüche besser vorherzusagen und zu verhindern. Ein weiterer wichtiger Aspekt ist die kontinuierliche Anpassung dieser Modelle an neue Daten.

>>Virologe: Ja, in den letzten Jahren haben wir erhebliche Fortschritte bei der Entwicklung von prädiktiven Modellen gemacht. Diese nutzen maschinelles Lernen und große Datenmengen, um die Ausbreitung von Viren präziser vorherzusagen. Es ist wichtig, dass diese Technologien ständig verbessert werden.

>>Medizinhistoriker: Genau, historisch gesehen haben Pandemien immer wieder gezeigt, wie wichtig es ist, präventive Maßnahmen zu ergreifen und diese kontinuierlich anzupassen. Die Integration von Kohortenstudien und Computersimulationen in unsere Strategien ist ein bedeutender Fortschritt. Aber wie stellen wir sicher, dass diese Modelle auch in Zukunft effektiv bleiben?

>>Virologe: Was auch wichtig ist – die Modelle müssen auf realen Daten basieren. Ohne genaue und aktuelle Daten sind sie nutzlos.

>>Epidemiologe: Absolut! Und ich denke eine Möglichkeit wäre es sicherzustellen, dass unsere Datensätze so aktuell wie möglich bleiben. Wir müssen eng mit anderen Disziplinen zusammenarbeiten.

>>Medizinhistoriker: Das stimmt. Pandemien haben oft als Katalysatoren für technologische und wissenschaftliche Fortschritte gedient. Zum Beispiel hat die Spanische Grippe 1918 zur Entwicklung moderner epidemiologischer Methoden geführt. Wie können wir solche historischen Lektionen nutzen?

>>Virologe: Nun ja, regelmäßige Überprüfungen und Updates der Modelle basierend auf neuen Erkenntnissen wären ein Anfang. Außerdem sollten wir Feedback-Schleifen einbauen um die Effektivität unserer Vorhersagen ständig zu überprüfen.

>>Epidemiologe: Genau! Und vielleicht könnten wir spezifische Beispiele aus der jüngeren Vergangenheit betrachten – wie SARS oder MERS – um zu sehen, was gut funktioniert hat und was nicht.

>>Medizinhistoriker: Interessanter Punkt! Bei SARS war zum Beispiel die schnelle Reaktion durch Quarantänemaßnahmen entscheidend. Solche Erfahrungen sollten in unsere aktuellen Modelle einfließen.

>>Virologe: Richtig! Aber ich denke auch, dass wir manchmal unterschiedliche Meinungen berücksichtigen müssen. Nicht jeder wird immer einer Meinung sein über den besten Ansatz zur Modellierung oder Datenerhebung.

>>Epidemiologe: Das stimmt wohl. Unterschiedliche Perspektiven können uns helfen, robustere Modelle zu entwickeln.

>>Medizinhistoriker: Also lasst uns sicherstellen, dass wir offen für verschiedene Ansichten bleiben und kontinuierlich aus unseren Erfahrungen lernen. 
 >>Epidemiologe: Wie wir gesehen haben, ist es entscheidend zu verstehen, dass präventive Maßnahmen wie die Bevorratung von Medikamenten und soziale Distanzierung eine zentrale Rolle in den Pandemieplänen spielen. Ein weiterer wichtiger Aspekt ist die kontinuierliche Anpassung dieser Pläne basierend auf neuen Daten und wissenschaftlichen Erkenntnissen.

>>Medizinhistoriker: Ja, absolut! Historisch gesehen haben sich die Pandemiepläne in Deutschland, der Schweiz und Österreich im Laufe der Zeit erheblich weiterentwickelt. Wenn wir beispielsweise die Spanische Grippe von 1918 oder die Schweinegrippe von 2009 betrachten, sehen wir deutlich, wie wichtig diese Anpassungen sind. Man könnte sagen, dass die kontinuierliche Verbesserung dieser Pläne entscheidend für ihre Wirksamkeit ist.

>>Virologe: Interessanterweise zeigt die wissenschaftliche Perspektive auch, dass diese Anpassungen nicht nur auf historischen Lektionen basieren sollten. Viren verändern sich ständig und mutieren. Das bedeutet, unsere Strategien müssen flexibel bleiben. Aber ich denke auch, dass wir mehr auf aktuelle virologische Erkenntnisse achten müssen.

>>Epidemiologe: Genau! Die Bevorratung von Schutzausrüstung und die Schulung des medizinischen Personals sind ebenfalls entscheidende Maßnahmen. Ähm... Wie wir gesehen haben, sind diese Maßnahmen unerlässlich, um auf zukünftige Pandemien vorbereitet zu sein.

>>Medizinhistoriker: In der Tat! Wenn wir beispielsweise die Spanische Grippe von 1918 betrachten, sehen wir deutlich, wie mangelnde Vorbereitung zu verheerenden Folgen führte. Was bedeutet das für unsere heutigen Pläne? Nun ja... Wir müssen sicherstellen, dass wir aus diesen historischen Lektionen lernen und unsere Strategien ständig weiterentwickeln.

>>Virologe: Absolut! Und ehrlich gesagt müssen wir auch bedenken, dass ohne diese kontinuierlichen Anpassungen unsere heutigen Strategien nicht so effektiv wären. Was bedeutet das für unsere Forschung? Wir müssen kontinuierlich neue Daten sammeln und analysieren.

>>Epidemiologe: Ja genau! Und dabei dürfen wir nicht vergessen...

>>Medizinhistoriker (unterbricht): ...regelmäßig die Effektivität unserer Maßnahmen zu überprüfen und anzupassen...

>>Virologe (überlappt): ...und historische Analysen zeigen uns oft...

>>Medizinhistoriker: ...welche Fehler vermieden werden sollten!

>>Epidemiologe: Richtig! Und wenn ich noch hinzufügen darf - ein Beispiel wäre der Umgang mit Schutzmasken während der Schweinegrippe 2009. Damals hatten viele Länder nicht genug Vorräte.

>>Virologe: Genau! Und das zeigt uns doch klar - ohne ausreichende Vorbereitung können selbst gut durchdachte Pläne scheitern. 
 >>Epidemiologe: Wir müssen verstehen, dass Umweltpolitik eine präventive Maßnahme ist. Wenn wir Ökosysteme schützen, können wir die Entstehung neuer Krankheiten verhindern.

>>Medizinhistoriker: Genau, und wenn man in die Geschichte schaut, sieht man immer wieder, dass Umweltveränderungen Pandemien begünstigen. Zum Beispiel hat sich die Pest im Mittelalter durch Handelsrouten verbreitet. Heute sind es Flugreisen. Was bedeutet das für uns? Wie können wir aus der Geschichte lernen?

>>Virologe: Da stimme ich zu. Es gibt eine klare Verbindung zwischen Umweltzerstörung und neuen Krankheiten. Wenn Lebensräume zerstört werden, kommen Tiere und Menschen näher zusammen, was die Übertragung von Viren erleichtert. Und wenn die Biodiversität schwindet, verschwinden auch natürliche Barrieren gegen Krankheitserreger.

>>Medizinhistoriker: Richtig! Historische Pandemien zeigen uns, dass Umweltveränderungen oft Krankheitsausbrüche verursachen. Wir müssen unsere Ökosysteme schützen, um zukünftige Gesundheitskrisen zu vermeiden. Aber wie setzen wir das konkret um?

>>Virologe: Ein wichtiger Punkt ist auch, dass durch die Zerstörung von Lebensräumen die genetische Vielfalt der Krankheitserreger steigt. Das kann zu gefährlicheren Virusvarianten führen. Für unsere Forschung bedeutet das...

>>Epidemiologe (unterbricht): ...dass wir dringend Maßnahmen ergreifen müssen! Unsere Gesundheit hängt eng mit der Gesundheit des Planeten zusammen.

>>Medizinhistoriker: Ja, aber lasst uns konkrete Beispiele nennen. Im Amazonasgebiet zum Beispiel führt Abholzung dazu, dass Menschen in Kontakt mit bisher isolierten Tieren kommen – und damit auch mit neuen Viren.

>>Virologe: Absolut! Und diese neuen Kontakte erhöhen das Risiko für neue Ausbrüche enorm. Wir sollten also nicht nur über Prävention sprechen, sondern auch über konkrete Schritte wie den Schutz solcher Gebiete.

>>Epidemiologe: Genau! Und wenn man bedenkt... ähm... wie viele dieser Ausbrüche vermeidbar gewesen wären mit besseren Umweltpolitiken... Das zeigt doch deutlich...

>>Medizinhistoriker (überlappt): ...dass präventive Maßnahmen sowohl den Umweltschutz als auch die Gesundheitsvorsorge stärken sollten!

>>Virologe: Vielleicht könnten wir ein Pilotprojekt starten? Etwas Konkretes wie ein Schutzprogramm für bedrohte Lebensräume in Zusammenarbeit mit lokalen Gemeinden.

>>Epidemiologe: Gute Idee! So könnten wir direkt sehen, welche Maßnahmen am effektivsten sind und gleichzeitig Daten sammeln.

>>Medizinhistoriker: Und dabei sollten wir nicht vergessen, historische Daten einzubeziehen – sie bieten wertvolle Einblicke in langfristige Trends und Auswirkungen. 
 >>Epidemiologe: Wie wir gesehen haben, ist die Integration historischer Daten wichtig. Wir sollten konkrete Schritte festlegen, um diese Erkenntnisse in unsere Strategien zu integrieren. Ich schlage vor, eine Arbeitsgruppe zu bilden.

>>Virologe: Ja, das ist ein guter Punkt. Unsere Forschung zeigt, dass Umweltzerstörung die genetische Vielfalt von Viren erhöht und neue Pandemien wahrscheinlicher macht. Es wäre sinnvoll, die Umweltauswirkungen auf Virusmutationen in unsere Arbeitsgruppe aufzunehmen.

>>Medizinhistoriker: Genau! Historisch gesehen haben frühzeitige Interventionen und der Schutz unserer Umwelt viele Leben gerettet. Wir sollten historische Präventionsstrategien analysieren und in unsere Pläne integrieren.

>>Epidemiologe: Ja, vielleicht könnten wir auch einige dieser historischen Strategien testen? Das wäre interessant!

>>Virologe: Ehrlich gesagt finde ich diesen Ansatz spannend. Wenn wir historische Daten mit modernen Methoden kombinieren könnten... das könnte wirklich bahnbrechend sein.

>>Medizinhistoriker: Tja, das sehe ich genauso. Aber wie genau wollen wir diese historischen Strategien testen?

>>Epidemiologe: Gute Frage. Vielleicht könnten wir Pilotprojekte starten und sehen, wie sie sich unter heutigen Bedingungen bewähren?

>>Virologe: Klingt gut! Aber ich bin mir nicht sicher, ob das praktikabel ist – was denkt ihr?

>>Medizinhistoriker: Es könnte herausfordernd sein, aber es lohnt sich definitiv zu versuchen. Wer übernimmt welche Aufgaben?

>>Epidemiologe: Ich könnte den ersten Entwurf für die Anpassung der Pandemiepläne bis nächste Woche erstellen.

>>Virologe: Gut! Dann werde ich mich um die Analyse der Umweltauswirkungen kümmern und bis Ende des Monats entsprechende Daten bereitstellen.

>>Medizinhistoriker: Perfekt! Ich werde historische Präventionsstrategien recherchieren und dokumentieren. Dann können wir alles zusammenführen und evaluieren.

>>Epidemiologe: Super! Dann hätten wir einen Plan. Danke an alle!

>>Virologe: Ja, danke euch! Das war produktiv.

>>Medizinhistoriker: Absolut! Ich freue mich schon auf unsere nächsten Schritte. Bis bald!","Während des virtuellen Meetings wurde der Begriff ""Pandemie"" umfassend diskutiert. Eine Pandemie ist eine weltweite Ausbreitung einer Infektionskrankheit mit hohen Erkrankungszahlen und schweren Verläufen, im Gegensatz zu einer örtlich begrenzten Epidemie. Die WHO spielt eine zentrale Rolle bei der Ausrufung von Pandemien, wie zuletzt bei COVID-19.

Historische Pandemien wurden besprochen, darunter die Antoninische Pest, die Justinianische Pest und der Schwarze Tod. Moderne Beispiele umfassen die Spanische Grippe und HIV/AIDS. Flugreisen wurden als Hauptverbreitungsweg moderner Pandemien identifiziert.

Die Teilnehmer erörterten auch die Bedeutung von Kohortenstudien und Computersimulationen zur Vorhersage pandemischer Verläufe. Die WHO hat Phasen zur Risikobewertung von Influenza-Pandemien definiert, wobei seit 2013 ein zyklisches Kontinuum anstelle fester Phasen verwendet wird.

Nationale Pandemiepläne verschiedener Länder wie Deutschland, Schweiz und Österreich wurden vorgestellt. Diese Pläne beinhalten Maßnahmen zur Bevorratung von Medikamenten und Impfstoffen sowie Strategien zur sozialen Distanzierung.

Abschließend wurde auf die Notwendigkeit hingewiesen, dass politische Maßnahmen zum Natur-, Umwelt- und Klimaschutz entscheidend sind, um zukünftige Pandemien zu verhindern."
"In dem Meeting diskutierten der Völkerrechtsexperte, der Geschichtsprofessor und der Politikwissenschaftler über ihre Wochenenden und wechselten dann zu fachlichen Themen. Sie sprachen über die Entwicklung des Völkerrechts, die Rolle von NGOs und supranationalen Institutionen sowie aktuelle politische Entwicklungen im Nahen Osten. Der Völkerrechtsexperte betonte die Bedeutung politischer Willenskraft für die Durchsetzung des Völkerrechts, während der Geschichtsprofessor historische Parallelen zog. Der Politikwissenschaftler hinterfragte die Legitimität von NGOs und supranationalen Institutionen. Abschließend einigten sie sich darauf, beim nächsten Treffen konkrete Fallstudien zu analysieren und Handlungsempfehlungen abzuleiten. Das nächste Treffen wurde für eine Stunde später in der folgenden Woche vereinbart.",">>Völkerrechtsexperte: Guten Morgen zusammen! Wie war euer Wochenende?
>>Geschichtsprofessor: Ganz gut, danke. Und bei dir?
>>Politikwissenschaftler: Guten Morgen! Habt ihr das Wochenende gut überstanden? Ich habe versucht, mich ein bisschen zu entspannen.
>>Völkerrechtsexperte: Ich habe das Wochenende damit verbracht, ein paar interessante Artikel zu lesen und eine Wanderung zu machen. Es ist faszinierend, wie sich die Dinge ständig weiterentwickeln.
>>Geschichtsprofessor: Nun ja, ich habe mir ein paar alte Dokumentationen über historische Ereignisse angesehen. Es ist immer wieder spannend zu sehen, wie sich die Geschichte entfaltet hat und welche Lehren wir daraus ziehen können.
>>Politikwissenschaftler: Das klingt interessant! Ich habe versucht, mich von der Politik abzulenken und bin stattdessen in die Welt der Science-Fiction abgetaucht. Aber na ja, die Realität holt einen doch immer wieder ein.
>>Völkerrechtsexperte: Das klingt alles sehr interessant! Ich habe auch ein bisschen Zeit damit verbracht—
>>Geschichtsprofessor (unterbricht): Hast du den neuen Artikel von Müller gelesen? Der war wirklich aufschlussreich!
>>Völkerrechtsexperte: Ja genau! Den fand ich auch sehr interessant. Es ist faszinierend zu sehen, wie sich die internationalen Beziehungen ständig weiterentwickeln.
>>Geschichtsprofessor: Historisch gesehen war es oft ein Spiegelbild der Machtverhältnisse, aber auch ein Instrument zur Förderung von Frieden und Gerechtigkeit.
>>(Handy klingelt)
>>Politikwissenschaftler (schnell): Oh entschuldigt bitte kurz... (nimmt Anruf an) Hallo? Ja, ich bin gerade in einer Besprechung. Können wir später sprechen? Danke.
>>(alle schmunzeln)
>>Politikwissenschaftler (zurück): Wo waren wir stehen geblieben? Ach ja—wie sich diese Dynamiken heute noch auswirken. Was denkt ihr, wie können wir sicherstellen, dass die Regeln des Völkerrechts tatsächlich für alle gelten? 
 >>Völkerrechtsexperte: Es ist wichtig zu beachten, dass die Durchsetzung des Völkerrechts oft von der politischen Willenskraft der Staaten abhängt. *seufzt* Man könnte argumentieren, dass ohne eine zentrale Exekutivgewalt die universelle Gültigkeit schwer zu gewährleisten ist.
>>Geschichtsprofessor: Historisch gesehen... *lächelt* Es ist faszinierend zu sehen, wie sich das Völkerrecht entwickelt hat. Das erinnert mich an unsere frühere Diskussion über Müllers Artikel zur Entwicklung des Völkerrechts im 20. Jahrhundert. Da wurde deutlich, dass Machtverhältnisse und politische Willenskraft schon immer eine große Rolle gespielt haben.
>>Politikwissenschaftler: Entschuldigung, darf ich kurz unterbrechen? Welcher Artikel war das nochmal?
>>Geschichtsprofessor: Der Artikel von Müller über die Entwicklung des Völkerrechts im 20. Jahrhundert. Ich kann dir später den Link schicken.
>>Politikwissenschaftler: Ah, danke! Das wäre super.

>>(kurze Pause)

>>Völkerrechtsexperte: Bevor wir weitermachen, wie läuft es bei euch beruflich? Gibt es neue Entwicklungen oder interessante Projekte?
>>Geschichtsprofessor: Nun ja, ich habe kürzlich ein faszinierendes Buch über die Geschichte des Völkerrechts gelesen und es hat meine Sichtweise auf einige historische Ereignisse verändert. Habt ihr auch etwas Interessantes in letzter Zeit entdeckt?
>>Politikwissenschaftler: Ich habe eine interessante Analyse über die aktuellen Machtverhältnisse in der internationalen Politik gelesen und fand besonders spannend, wie sich die Rolle von NGOs entwickelt hat.
>>(Handy klingelt)
>>Politikwissenschaftler: Oh Entschuldigung Leute! Ich muss kurz rangehen...
>>(kurze Pause)
>>Politikwissenschaftler: Wo waren wir stehen geblieben?
>>Geschichtsprofessor: Wir haben gerade über den Einfluss von NGOs gesprochen. 
 >>Völkerrechtsexperte: Also, wir sollten nicht vergessen, dass die jüngsten Entwicklungen im internationalen Recht besonders spannend sind. Zum Beispiel hat der Internationale Gerichtshof kürzlich ein Urteil gefällt, das die Zuständigkeit in grenzüberschreitenden Umweltstreitigkeiten stärkt. Das könnte weitreichende Auswirkungen auf zukünftige Fälle haben!

>>Geschichtsprofessor: Ja, das ist wirklich faszinierend. Historisch gesehen haben solche Urteile oft den Weg für bedeutende rechtliche Veränderungen geebnet. Ein gutes Beispiel dafür ist das Urteil des Internationalen Gerichtshofs im Fall der Barcelona Traction, das die Rechte von Aktionären in internationalen Streitigkeiten gestärkt hat. *nickt* Was denkt ihr darüber?

>>Politikwissenschaftler: Na ja, politisch gesehen... *schmunzelt* ...ist es doch bemerkenswert, wie solche Urteile nicht nur rechtliche, sondern auch erhebliche politische Implikationen haben können. Es zeigt sich immer wieder, dass internationale Gerichtsurteile oft als Katalysatoren für politische Veränderungen dienen.

>>Völkerrechtsexperte: Absolut! Man könnte argumentieren, dass dies ein Schritt in Richtung einer stärkeren globalen Governance ist. Aber es bleibt abzuwarten, wie Staaten darauf reagieren werden.

>>Geschichtsprofessor: Genau! Das erinnert mich an frühere Fälle zurück und sehe Parallelen. Die Reaktionen der Staaten waren damals sehr unterschiedlich und oft von ihren eigenen Interessen geprägt.

>>Politikwissenschaftler: Weißt du, was mich interessiert? Wie diese Entscheidungen langfristig die Machtverhältnisse zwischen den Staaten beeinflussen könnten. Ich meine... *zögert* ...es gibt sicherlich Länder, die davon profitieren und andere weniger.

>>Völkerrechtsexperte: Tja, das stimmt wohl. Es wird interessant sein zu beobachten, welche Präzedenzfälle sich daraus entwickeln und wie sie zukünftige Rechtsstreitigkeiten beeinflussen werden.

>>Geschichtsprofessor: Genau! Und wenn wir uns die Geschichte ansehen... Ähm... sehen wir oft Muster in solchen Entwicklungen. Diese Urteile könnten tatsächlich neue Standards setzen.

>>Politikwissenschaftler: Also gut! Dann sollten wir diese Entwicklungen weiter verfolgen und sehen, welche politischen Dynamiken sich daraus ergeben werden. 
 >>Völkerrechtsexperte: Also, es ist wichtig zu beachten, dass das Völkerrecht nicht nur die Beziehungen zwischen Staaten regelt, sondern auch zunehmend die Rolle von nichtstaatlichen Akteuren berücksichtigt. Diese Entwicklung ist notwendig, um den aktuellen globalen Herausforderungen gerecht zu werden. Aber lassen Sie uns auch den Unterschied zwischen supranationalem Recht und klassischem Völkerrecht betrachten. Supranationales Recht, wie es in der EU existiert, überträgt Hoheitsgewalt auf zwischenstaatliche Einrichtungen und weist einige Besonderheiten auf.

>>Geschichtsprofessor: Historisch gesehen ist es faszinierend zu sehen, wie sich das Völkerrecht entwickelt hat. Zum Beispiel war die Rolle von nichtstaatlichen Akteuren früher kaum vorstellbar. Aber wenn wir an die Gründung des Roten Kreuzes im 19. Jahrhundert denken, sehen wir erste Anzeichen dieser Entwicklung.

>>Politikwissenschaftler: Na ja, aber politisch gesehen... wie sollen wir sicherstellen, dass diese supranationalen Institutionen wirklich im Interesse der globalen Gemeinschaft handeln? Es ist doch oft so, dass sie ihre eigenen Agenden verfolgen.

>>Völkerrechtsexperte: Ein guter Punkt. Supranationale Institutionen haben oft eine stärkere Durchsetzungskraft als klassische völkerrechtliche Mechanismen. Man könnte argumentieren, dass dies notwendig ist, um globale Herausforderungen wie den Klimawandel oder internationalen Terrorismus effektiver anzugehen.

>>Geschichtsprofessor: Genau! Und wenn wir an jüngere Entwicklungen denken... NGOs und multinationale Unternehmen haben erheblich an Einfluss gewonnen. Das zeigt doch deutlich den Wandel in der internationalen Ordnung.

>>Politikwissenschaftler: Ja klar! Aber ich frage mich manchmal wirklich, ob diese Veränderungen immer zum Besten sind. Klar gibt es Fortschritte, aber wer profitiert am Ende wirklich davon?

>>Völkerrechtsexperte: Nun ja... das hängt stark von der Perspektive ab. Die Frage ist nicht ob, sondern wie wir die Rolle von supranationalem Recht und klassischem Völkerrecht in Einklang bringen können.

>>Geschichtsprofessor: Absolut! Wenn man bedenkt... ähm... wie sich das alles historisch entwickelt hat – vom Roten Kreuz bis hin zu modernen NGOs – sieht man doch eine klare Linie der zunehmenden Bedeutung nichtstaatlicher Akteure.

>>Politikwissenschaftler: Ja klar! Aber was bedeutet das für die Zukunft? Werden Staaten irgendwann komplett irrelevant?

>>Völkerrechtsexperte: Tja... ich denke nicht unbedingt irrelevant. Aber ihre Rolle wird sich sicherlich weiterentwickeln müssen. Wichtig ist dabei auch zu beachten...

>>Geschichtsprofessor (unterbricht): ...dass historische Präzedenzfälle uns viel darüber lehren können! Wenn ich kurz einhaken darf...

>>Politikwissenschaftler (überlappt): ...wie sich Machtverhältnisse verschoben haben! Entschuldigung, dass ich unterbreche... 
 >>Politikwissenschaftler: Also, was mich wirklich interessiert, ist die Rolle von NGOs in der internationalen Politik. Es ist faszinierend zu beobachten, wie sie oft mehr Einfluss haben als manche Staaten! Was denkt ihr darüber?

>>Geschichtsprofessor: Historisch gesehen haben NGOs eine bemerkenswerte Rolle gespielt. Denken wir nur an das Internationale Komitee vom Roten Kreuz, das bereits im 19. Jahrhundert gegründet wurde und bis heute eine zentrale Rolle in humanitären Fragen spielt.

>>Völkerrechtsexperte: Ja, aber NGOs sind im internationalen Recht keine Völkerrechtssubjekte. Trotzdem haben sie durch ihre Arbeit und ihren Einfluss auf Staaten und internationale Organisationen viel erreicht. Man könnte sagen, dass ihre Aktivitäten oft im Einklang mit dem Völkerrecht stehen und zur Durchsetzung humanitärer Normen beitragen.

>>Geschichtsprofessor: Genau! Es ist spannend zu sehen, wie NGOs immer wieder als Katalysatoren für Veränderungen fungiert haben. Denken wir nur an Amnesty International in den 1970er Jahren – sie haben weltweit auf Menschenrechtsverletzungen aufmerksam gemacht.

>>Politikwissenschaftler: Na ja, ich frage mich manchmal, ob dieser Einfluss nicht auch problematisch sein kann. Wer kontrolliert eigentlich diese NGOs? Sie sind ja nicht demokratisch legitimiert.

>>Völkerrechtsexperte: Das ist ein guter Punkt. Sie haben zwar keine formale rechtliche Stellung, aber ihr Einfluss ist unbestreitbar. Die Frage ist eher, wie sie ihre Rolle weiter ausbauen können.

>>Geschichtsprofessor: Ehrlich gesagt denke ich auch oft darüber nach. Aber wenn man sich die Geschichte anschaut, sieht man doch immer wieder Beispiele dafür, wie NGOs positive Veränderungen bewirken konnten – trotz ihrer fehlenden Legitimation.

>>Politikwissenschaftler: Das erinnert mich an die Diskussion über supranationale Institutionen vorhin – auch da gibt es ähnliche Bedenken bezüglich der Legitimität und Kontrolle.

>>Völkerrechtsexperte: Absolut richtig! Und dennoch spielen sowohl supranationale Institutionen als auch NGOs eine unverzichtbare Rolle bei der Bewältigung globaler Herausforderungen. Es bleibt also eine Balance zwischen Kontrolle und Effektivität zu finden.

>>Geschichtsprofessor: Vielleicht sollten wir uns darauf konzentrieren, wie wir diese Balance erreichen können – sowohl historisch betrachtet als auch in der heutigen Zeit. 
 >>Politikwissenschaftler: Also, ich habe neulich eine Doku über die kuriosesten diplomatischen Missverständnisse gesehen. Wusstet ihr, dass es mal fast zu einem Krieg kam, weil ein Botschafter versehentlich den falschen Hut trug?

>>Geschichtsprofessor: Oh, das erinnert mich an eine Geschichte aus dem 19. Jahrhundert! Ein britischer Diplomat in China hat versehentlich die falsche Flagge gehisst. Das führte fast zu einem diplomatischen Eklat!

>>Völkerrechtsexperte: Wirklich? Das ist ja unglaublich. Ich frage mich, wie oft solche Missverständnisse tatsächlich vorkommen.

>>Politikwissenschaftler: Ach, das ist ja köstlich! Es erinnert mich an eine Anekdote aus der Zeit des Kalten Krieges. Da hat ein amerikanischer Diplomat in Moskau versehentlich einen Toast auf den 'großen Führer' ausgesprochen, als er eigentlich nur auf die Freundschaft zwischen den Nationen anstoßen wollte. Das sorgte für einige peinliche Momente!

>>Geschichtsprofessor: Ja, solche Geschichten sind immer wieder faszinierend. Apropos Kalter Krieg – habt ihr von dem Vorfall gehört, bei dem ein sowjetischer Pilot während einer Übung versehentlich in schwedischen Luftraum eindrang? Die Schweden waren nicht gerade erfreut darüber.

>>Völkerrechtsexperte: Tja, solche kulturellen Missverständnisse sind wirklich interessant. Ähm... Ich erinnere mich an einen Fall, bei dem ein UN-Diplomat während einer Sitzung eingeschlafen ist und dadurch einen wichtigen Beschluss verpasst hat.

>>Politikwissenschaftler: Es ist interessant zu beobachten, wie solche Missverständnisse oft auf kulturellen Unterschieden basieren. Weißt du, ich habe mal gehört, dass ein amerikanischer Diplomat in Indien versehentlich mit der linken Hand gegessen hat. Das sorgte für ziemliche Verwirrung und einige peinliche Momente!

>>Geschichtsprofessor: Oh ja, kulturelle Unterschiede können wirklich zu unerwarteten Situationen führen. Aber sagt mal, was haltet ihr von den aktuellen Entwicklungen im Nahen Osten? Glaubt ihr, dass sich da bald etwas ändern wird?

>>Völkerrechtsexperte: Gute Frage! Ich denke schon, dass wir da einige Veränderungen sehen werden. Die Dynamik dort ist sehr komplex und ständig im Wandel.

>>Politikwissenschaftler: Absolut! Und es gibt so viele Faktoren zu berücksichtigen – historische Spannungen, wirtschaftliche Interessen...

>>Geschichtsprofessor: Genau! Und manchmal spielen auch persönliche Beziehungen zwischen den Staatsoberhäuptern eine große Rolle. 
 >>Völkerrechtsexperte: Hallo zusammen! Hattet ihr ein schönes Wochenende?
>>Geschichtsprofessor: Ja danke! War sehr entspannt. Und bei dir?
>>Völkerrechtsexperte: Auch gut, danke. Also Leute, wir haben heute echt viele wichtige Themen besprochen, von der Rolle der NGOs bis hin zu den aktuellen Entwicklungen im Nahen Osten. *seufzt* Die Frage ist nicht ob, sondern wie wir diese Diskussionen in konkrete nächste Schritte umsetzen können.
>>Geschichtsprofessor: Historisch gesehen haben wir oft beobachtet, dass die Rolle von NGOs und supranationalen Institutionen entscheidend für die Entwicklung des Völkerrechts war. Denken wir nur an das Rote Kreuz oder die Gründung der Vereinten Nationen nach dem Zweiten Weltkrieg. Es ist faszinierend zu sehen, wie diese Akteure immer wieder neue Impulse setzen.
>>Politikwissenschaftler: Ja, absolut! Und wenn man bedenkt, wie sich die Dynamik im Nahen Osten ständig verändert... *zögert* Vielleicht sollten wir uns darauf konzentrieren, wie NGOs dort tatsächlich Einfluss nehmen können.
>>Völkerrechtsexperte: Ja genau. Der nächste Schritt wäre dann, konkrete Beispiele für erfolgreiche Interventionen von NGOs im Nahen Osten in den letzten fünf Jahren zu analysieren und daraus Handlungsempfehlungen abzuleiten. Ähm... was denkt ihr?
>>Geschichtsprofessor: Das klingt nach einem guten Plan. Vielleicht könnten wir auch überlegen, wie diese historischen Parallelen konkret auf die heutige Situation angewendet werden können? 
>>Politikwissenschaftler: Na ja, ich stimme zu. Aber vielleicht sollten wir auch aktuelle Fallstudien einbeziehen? Weißt du, um sicherzustellen, dass unsere Empfehlungen wirklich relevant sind.
>>Völkerrechtsexperte: Absolut! Wir könnten eine Mischung aus historischen und aktuellen Beispielen betrachten. Tja... das würde uns eine umfassendere Perspektive geben.
>>Geschichtsprofessor: Genau! Und vielleicht könnten wir beim nächsten Treffen spezifische Fälle vorbereiten? Jeder bringt ein Beispiel mit und dann diskutieren wir darüber.
>>Politikwissenschaftler: Klingt gut! Ich werde einige aktuelle Fälle recherchieren. Also dann... wann treffen wir uns wieder?
>>Völkerrechtsexperte: Wie wäre es nächste Woche zur gleichen Zeit?
>>Geschichtsprofessor: Nächste Woche passt mir gut, aber vielleicht eine Stunde später? Ich habe vorher noch einen anderen Termin.
>>Politikwissenschaftler: Eine Stunde später klingt gut für mich!
>>Völkerrechtsexperte: Super! Dann treffen wir uns nächste Woche eine Stunde später als heute. Bis dahin sammeln wir alle relevanten Informationen und bereiten unsere Beispiele vor.","Während des Treffens wurde das Thema Völkerrecht umfassend diskutiert. Es wurde klargestellt, dass das Völkerrecht eine überstaatliche Rechtsordnung ist, die die Beziehungen zwischen Staaten auf der Grundlage der Gleichrangigkeit regelt. Die Charta der Vereinten Nationen und das allgemeine Gewaltverbot wurden als wichtigste Rechtsquellen hervorgehoben.

Ein wesentlicher Punkt war die Unterscheidung zwischen supranationalem Recht und klassischem Völkerrecht. Supranationales Recht weist Besonderheiten auf, da es Hoheitsgewalt an zwischenstaatliche Einrichtungen überträgt. Im Gegensatz dazu fehlt dem klassischen Völkerrecht ein zentrales Gesetzgebungsorgan und eine hierarchisch strukturierte Gerichtsbarkeit.

Die Teilnehmer erörterten auch die historische Entwicklung des Völkerrechts, beginnend mit antiken Vereinbarungen bis hin zu modernen Institutionen wie den Vereinten Nationen. Besondere Aufmerksamkeit galt der Rolle von nichtstaatlichen Akteuren wie NGOs und multinationalen Unternehmen sowie deren zunehmender Bedeutung im Völkerrecht.

Es wurde betont, dass völkerrechtliche Normen für alle Staaten verbindlich sind, unabhängig von ihrer Zustimmung. Das Verhältnis zwischen Völkerrecht und nationalem Recht variiert jedoch je nach staatlicher Rechtsordnung.

Abschließend wurde die Bedeutung des ius cogens und der humanitären Intervention diskutiert, wobei unterschiedliche Meinungen zur präventiven Selbstverteidigung geäußert wurden"
"In dem Meeting diskutierten ein Philosophieprofessor, ein Historiker und ein Psychologe die Relevanz der stoischen Philosophie in verschiedenen Kontexten. Der Philosoph betonte die Bedeutung der emotionalen Selbstbeherrschung und Gelassenheit, wie sie von Aristoteles und Zenon von Kition gelehrt wurden. Der Historiker hob hervor, dass die stoische Philosophie in Zeiten des Umbruchs an Bedeutung gewann und von römischen Kaisern wie Seneca und Marcus Aurelius weiterentwickelt wurde. Der Psychologe erläuterte, wie Prinzipien der Stoa in der modernen kognitiven Verhaltenstherapie zur Emotionsregulation genutzt werden. Alle Teilnehmer waren sich einig, dass die stoische Philosophie wertvolle Einsichten bietet, aber auch ihre Grenzen hat. Sie beschlossen, weitere Untersuchungen durchzuführen: der Historiker wird historische Texte analysieren, während der Psychologe aktuelle Studien zur Anwendung des Stoizismus in der Therapie durchgeht.",">>Philosophieprofessor: Guten Morgen zusammen! Ich hoffe, ihr hattet alle ein angenehmes Wochenende. Also, bevor wir in die Details eintauchen, sollten wir vielleicht kurz die Ziele unseres heutigen Treffens besprechen. Wir wollen verschiedene Optionen evaluieren, ihre Vor- und Nachteile abwägen und schließlich zu einem Konsens oder einer endgültigen Entscheidung kommen.

>>Historiker: Ja, das klingt nach einem guten Plan. Es ist wichtig, dass wir eine fundierte Entscheidung treffen.

>>Psychologe: Genau, lasst uns sicherstellen, dass wir offen für neue Ideen bleiben.

>>Philosophieprofessor: Wie Aristoteles sagte, sollten wir alle Aspekte sorgfältig abwägen und die beste Lösung finden. Also lasst uns beginnen.

>>Historiker: Historisch gesehen hat die stoische Philosophie oft in Zeiten großer Umbrüche an Bedeutung gewonnen. Diese Einordnung könnte uns helfen zu verstehen, warum Gelassenheit und Seelenruhe so betont wurden.

>>Psychologe: Das ist wirklich faszinierend! Wenn wir die stoische Philosophie in der modernen Psychotherapie betrachten, sehen wir oft Techniken zur emotionalen Selbstbeherrschung und Gelassenheit als sehr hilfreich an – besonders in der kognitiven Verhaltenstherapie nutzen wir diese Prinzipien häufig.

>>Philosophieprofessor: Interessant! Die stoische Philosophie betont auch stark die kosmologische Ordnung und die Rolle des Individuums darin. Es ist wichtig zu erkennen und zu akzeptieren, wo unser Platz in dieser Ordnung liegt.

>>Historiker: Und historisch gesehen wurde diese Philosophie auch während der römischen Kaiserzeit adaptiert. Seneca und Mark Aurel haben diese Lehren weiterentwickelt und an ihre politischen Realitäten angepasst. Diese Anpassungsfähigkeit zeigt deutlich die kulturelle Relevanz der Stoa über Jahrhunderte hinweg. Interessant! Wie seht ihr das im Kontext unserer aktuellen Diskussion?

>>Psychologe: Es ist wirklich spannend zu sehen, wie diese Prinzipien heute noch Anwendung finden können. In der kognitiven Verhaltenstherapie nutzen wir oft Methoden zur emotionalen Selbstbeherrschung basierend auf diesen Ideen – das hilft Patienten enorm bei der Emotionsregulation. 
 >>Philosophieprofessor: Ja, genau, die stoische Philosophie bietet uns wertvolle Einsichten in die emotionale Selbstbeherrschung. Wie Aristoteles sagte, ist es entscheidend, dass wir unsere Leidenschaften zügeln und durch Vernunft leiten. Zenon von Kition legte den Grundstein für diese Lehre, indem er betonte, dass das Erkennen unseres Platzes im Kosmos und die Akzeptanz unseres Schicksals zur inneren Ruhe führen.

>>Historiker: Es ist wirklich faszinierend zu sehen, wie die stoische Philosophie in Zeiten des Umbruchs entstanden ist. Besonders im frühen Hellenismus, als die politische und soziale Struktur der Polis ins Wanken geriet. Diese Krise führte zu neuen weltanschaulichen Deutungen. Zenon von Kition betonte ein kosmopolitisches Bewusstsein, das über die Grenzen der Polis hinausging.

>>Philosophieprofessor: Ja, dieses kosmopolitische Bewusstsein zeigt deutlich die kulturelle Entwicklung und die Notwendigkeit, über die engen Grenzen der Polis hinauszudenken. Interessant ist auch—

>>Psychologe (unterbricht): Entschuldigung, aber ich finde es spannend zu sehen, wie diese Ideen auch heute noch relevant sind.

>>Philosophieprofessor: Natürlich! Bitte fahren Sie fort.

>>Psychologe: Danke. Also ja—diese Prinzipien sind auch heute noch äußerst relevant. Besonders in der kognitiven Verhaltenstherapie können sie helfen emotionale Reaktionen zu regulieren. Zum Beispiel nutzen wir Techniken aus der stoischen Philosophie zur Stressbewältigung bei Patienten.

>>Historiker: Ehrlich gesagt zeigt die Entstehung der stoischen Philosophie in einer Zeit des politischen und sozialen Umbruchs deutlich—

>>Psychologe (überlappt): Genau! Und wie Menschen auf Krisen reagieren!

>>Historiker: Ja genau! Wie Menschen auf Krisen reagieren. Apropos Krisenbewältigung... Zenon von Kition's Betonung eines kosmopolitischen Bewusstseins war eine Antwort auf die Unsicherheiten seiner Zeit und hat bis heute Relevanz.

>>(Handy klingelt im Hintergrund)

>>Philosophieprofessor (lacht): Oh je! Das passiert immer wieder bei Meetings!

>>(alle lachen kurz)

>>Psychologe: Also gut... wo war ich? Ach ja! Die emotionale Selbstbeherrschung ist ein zentraler Aspekt der stoischen Philosophie... 
 >>Philosophieprofessor: Also, die emotionale Selbstbeherrschung ist essenziell. Wie Aristoteles sagte, 'Die Tugend liegt in der Mitte'. Es geht darum, ein Gleichgewicht zu finden zwischen den Extremen der Emotionen und der Vernunft. Interessant ist auch, dass Zenon von Kition betonte, dass wahre Freiheit nur durch die Kontrolle unserer inneren Zustände erreicht werden kann.

>>Historiker: Ja, das stimmt. Historisch gesehen ist die Entstehung der stoischen Philosophie im frühen Hellenismus besonders interessant. Sie war eine Reaktion auf die politischen und sozialen Umbrüche jener Zeit. Zenon entwickelte seine Lehren in einer Phase, in der die traditionelle Polis an Bedeutung verlor und neue Formen des Zusammenlebens gesucht wurden.

>>Psychologe: Das ist wirklich spannend! In der modernen Psychotherapie nutzen wir ähnliche Prinzipien. Zum Beispiel helfen wir Patienten oft dabei, ihre negativen Gedankenmuster zu erkennen und durch rationalere Überzeugungen zu ersetzen.

>>Philosophieprofessor: Interessant! Können Sie ein konkretes Beispiel geben?

>>Psychologe: Klar! Nehmen wir jemanden mit sozialer Angst. Anstatt zu denken 'Jeder wird mich auslachen', lernt die Person zu denken 'Es ist okay, Fehler zu machen; die meisten Menschen werden es nicht einmal bemerken'. Diese Technik nennt sich kognitive Umstrukturierung.

>>Historiker: Das erinnert mich an die stoische Praxis der Prosoche, bei der man seine Aufmerksamkeit bewusst auf die eigenen Gedanken und Handlungen lenkt.

>>Philosophieprofessor: Genau! Wie Epiktet sagte: 'Es sind nicht die Dinge selbst, die uns beunruhigen, sondern unsere Meinungen über die Dinge.' 

>>Psychologe: Ja genau! Wir nutzen auch Achtsamkeitstechniken zur Bewältigung von Stress und Angst. Diese Techniken helfen Patienten dabei ihre Aufmerksamkeit bewusst auf den gegenwärtigen Moment zu lenken.

>>Historiker: Ehrlich gesagt finde ich es faszinierend, wie sich diese Prinzipien über Jahrhunderte hinweg entwickelt haben. Besonders interessant finde ich dabei auch den kulturellen Kontext dieser Philosophie und wie sich Ideen von Ataraxie und Apatheia in verschiedenen Epochen unterschiedlich manifestiert haben.

>>Philosophieprofessor: Die Verbindung zwischen stoischer Philosophie und modernen Achtsamkeitstechniken ist wirklich bemerkenswert. Es zeigt deutlich das zeitlose Potenzial dieser alten Weisheiten für unser heutiges Leben. 
 >>Historiker: Es ist interessant zu sehen, wie die stoische Philosophie trotz ihrer strengen Kausalitätslehre Raum für individuelle Freiheit lässt. Chrysippos' Beispiel mit der Walze zeigt deutlich das antike Verständnis von Verantwortung.

>>Psychologe: Ja, das Beispiel mit der Walze ist wirklich spannend. Es verdeutlicht, wie wichtig die innere Verfassung des Individuums ist. In der modernen Psychotherapie nutzen wir ähnliche Konzepte, um Patienten zu helfen, ihre Reaktionen auf äußere Einflüsse besser zu verstehen und zu steuern. Was meint ihr dazu?

>>Philosophieprofessor: Wenn wir Bertrand Russells Kritik betrachten, stellt sich die Frage: Ist die strenge Kausalität der Stoiker wirklich eine Einschränkung der menschlichen Freiheit? Aristoteles betonte ja auch, dass nicht nur äußere Ereignisse zählen, sondern unsere innere Haltung. Vielleicht lehrt uns die stoische Sichtweise gerade deshalb, wie wir trotz deterministischer Bedingungen moralisch verantwortlich handeln können.

>>Psychologe: Genau! Pierre Hadot verteidigt ja auch die menschliche Freiheit innerhalb des Determinismus. In der Therapie arbeiten wir oft daran, dass Patienten ihre Bewertungen und Reaktionen auf Ereignisse reflektieren und verändern können. Wie seht ihr das?

>>Philosophieprofessor: Ich denke, Hadots Argumente zeigen gut, dass die stoische Philosophie uns eine Art von innerer Freiheit bietet – nämlich in unserer Fähigkeit, Ereignisse zu bewerten und unsere Reaktionen darauf zu steuern.

>>Historiker: Das stimmt. Und es ist faszinierend zu sehen, wie diese Ideen über Jahrhunderte hinweg relevant geblieben sind. Die Balance zwischen Determinismus und moralischer Verantwortung war schon damals ein großes Thema.

>>Philosophieprofessor: Absolut! Diese Balance zeigt doch eigentlich sehr schön, dass wir trotz festgelegter Umstände immer noch einen Spielraum für eigenes Handeln haben.

>>Psychologe: Richtig! Und genau das versuchen wir in der modernen Psychotherapie den Menschen beizubringen – ihre inneren Zustände bewusst wahrzunehmen und entsprechend zu reagieren. 
 >>Historiker: Historisch gesehen war die Anpassung der stoischen Philosophie durch Panaitios und Poseidonios an die römische Gesellschaft ein entscheidender Schritt. Sie haben es geschafft, die strenge Affektlehre zu lockern und den Stoizismus für die politische Elite Roms zugänglicher zu machen. Besonders faszinierend ist, wie Marcus Aurelius diese Lehren in seinen 'Selbstbetrachtungen' weiterentwickelt hat.

>>Philosophieprofessor: Ja klar! Besonders spannend finde ich dabei Marcus Aurelius' 'Selbstbetrachtungen'. Er hat diese Lehren wirklich auf sein tägliches Leben angewendet. Das zeigt doch, wie flexibel Philosophie sein kann.

>>Psychologe: Genau! Und das ist auch heute noch relevant – Konzepte wie Selbstdisziplin und innere Ruhe sind zentrale Themen in der Psychotherapie. Ich sehe oft Parallelen zwischen seinen Schriften und modernen Ansätzen zur Stressbewältigung.

>>Historiker: Absolut! Es zeigt sich deutlich, dass diese Modifikationen nicht nur intellektuelle Übungen waren, sondern auch praktische Auswirkungen hatten. Die römische Elite konnte so den Stoizismus im Alltag anwenden.

>>Philosophieprofessor: Stimmt genau! Wie hat das wohl das ethische Verhalten der römischen Elite beeinflusst? Haben sie dadurch moralischer gehandelt oder war es eher eine Frage der politischen Zweckmäßigkeit?

>>Psychologe: Gute Frage! Ähm... Ich denke da oft an moderne Führungskräfte – viele nutzen ähnliche Prinzipien zur Selbstführung und Entscheidungsfindung. Es wäre interessant zu wissen, ob sie damals ähnliche Herausforderungen hatten wie wir heute.

>>Historiker: Ja, das wäre wirklich spannend zu erforschen. Vielleicht sollten wir mal einen Blick auf konkrete Beispiele werfen, wo diese philosophischen Prinzipien im Alltag umgesetzt wurden. Zum Beispiel bei Krisenentscheidungen oder im Umgang mit persönlichen Rückschlägen.

>>Philosophieprofessor: Das erinnert mich an eine Diskussion mit meinen Studenten neulich. Wir haben darüber gesprochen, wie Philosophen ihre Theorien praktisch anwenden können – ähnlich wie Marcus Aurelius es getan hat.

>>Psychologe: Interessant! In meiner Praxis ermutige ich Klienten oft dazu, solche historischen Beispiele als Inspiration zu nutzen. Es hilft ihnen zu sehen, dass selbst große Denker mit ähnlichen Problemen konfrontiert waren.

>>Historiker: Genau! Diese Verbindung zwischen Theorie und Praxis macht die Philosophie so wertvoll für uns alle. Und es zeigt auch, dass gute Ideen zeitlos sind. 
 >>Psychologe: Das ist wirklich spannend. Ich finde es faszinierend, wie stoische Prinzipien in der modernen Psychotherapie genutzt werden können, um Menschen zu helfen, ihre Emotionen besser zu regulieren und Stress abzubauen. Die kognitive Umstrukturierung kann man therapeutisch nutzen.

>>Philosophieprofessor: Ja, die stoische Philosophie bietet eine tiefgründige Perspektive auf die menschliche Existenz und das Streben nach innerer Ruhe. Wie Aristoteles sagte, ist die Tugend der Mittelweg zwischen zwei Extremen. Die Stoiker betonen diese Balance durch ihre Lehren über Ataraxie und Apatheia – besonders wertvoll in unserer hektischen Welt.

>>Historiker: Historisch gesehen ist es interessant zu sehen, wie die stoische Philosophie in Zeiten des Umbruchs entstanden ist. Besonders im frühen Hellenismus, als die politische und soziale Struktur der Polis ins Wanken geriet. Diese Philosophie bot den Menschen eine neue Orientierung und half ihnen, innere Ruhe zu finden.

>>Philosophieprofessor: Aber wenn wir die stoische Philosophie heute anwenden wollen, müssen wir auch ihre Grenzen erkennen. Die Stoiker betonen emotionale Selbstbeherrschung und Gelassenheit – könnte das nicht auch zu emotionaler Distanz oder Gleichgültigkeit führen?

>>Psychologe: Da stimme ich dir zu. Manchmal kann diese emotionale Distanz problematisch sein. Aber gleichzeitig hilft sie vielen Menschen dabei, sich nicht von negativen Emotionen überwältigen zu lassen.

>>Historiker: Genau! Und wenn wir uns die historische Entwicklung anschauen... zum Beispiel während der römischen Kaiserzeit war Stoizismus eine Art Überlebensstrategie angesichts politischer Instabilität.

>>Philosophieprofessor: Also gut... Es scheint mir wichtig zu sein, dass wir einen ausgewogenen Ansatz finden. Die Prinzipien des Stoizismus können hilfreich sein – aber nur bis zu einem gewissen Grad.

>>Psychologe: Absolut! Wir sollten darauf achten, dass wir diese Prinzipien so anwenden, dass sie den individuellen Bedürfnissen gerecht werden und nicht zur emotionalen Isolation führen.

>>Historiker: Ja genau! Und ehrlich gesagt denke ich auch daran... wie diese Prinzipien heute noch relevant sind – besonders in unserer schnelllebigen Welt voller Unsicherheiten.

>>Philosophieprofessor: Vielleicht sollten wir uns darauf konzentrieren herauszufinden welche Aspekte des Stoizismus am besten mit unseren modernen Herausforderungen harmonieren könnten?

>>Psychologe: Das klingt nach einem guten Plan! Lasst uns konkrete Beispiele sammeln und analysieren – sowohl positive als auch negative Erfahrungen mit diesen Prinzipien im Alltag. 
 >>Philosophieprofessor: Es sieht so aus, als wären wir uns einig darüber, die stoischen Prinzipien weiter zu erforschen und ihre Anwendbarkeit zu analysieren. Wie wollen wir die Aufgaben verteilen?

>>Historiker: Ich könnte mich auf historische Texte wie die von Seneca und Marcus Aurelius konzentrieren.

>>Psychologe: Und ich werde aktuelle Studien zur Anwendung von Stoizismus in der Psychotherapie durchgehen.

>>Philosophieprofessor: Perfekt! Dann haben wir unsere Aufgaben verteilt. Hat jemand noch etwas Interessantes erlebt diese Woche?

>>Historiker (lacht): Mein Hund hat gestern versucht, mit einem Eichhörnchen Freundschaft zu schließen – das war ziemlich unterhaltsam!

>>Psychologe (lacht): Das klingt nach einer guten Ablenkung vom Alltag!","**Meeting Summary: Entscheidungstreffen zur stoischen Philosophie**

**Hauptthemen und Diskussionen:**
Die Sitzung begann mit einer Einführung in die Stoa, eine der einflussreichsten philosophischen Schulen des Abendlandes, gegründet von Zenon von Kition um 300 v. Chr. Die Teilnehmer betonten die Bedeutung der kosmologischen Betrachtungsweise der Stoiker, die ein universelles Prinzip in allen Naturerscheinungen erkennen.

**Wichtige Punkte:**
- **Kosmopolitisches Bewusstsein:** Zenons Lehre betonte ein über die Polis hinausgehendes Bindungsbewusstsein, das individuelle Streben und Seelenruhe vereinte.
- **Ethik und Selbstbeherrschung:** Stoische Ethik zielt auf emotionale Selbstbeherrschung und Gelassenheit (Ataraxie) ab. Der Mensch soll seinen Platz in der natürlichen Ordnung erkennen.
- **Kausalität und Schicksal:** Die strenge Kausalität aller Ereignisse wurde hervorgehoben. Bertrand Russell kritisierte diese Sichtweise als deterministisch, während Pierre Hadot menschliche Freiheit innerhalb dieser Kausalität verteidigte.

**Historische Entwicklung:**
- **Einfluss im Römischen Reich:** Die Stoa beeinflusste führende Kreise des Römischen Reiches erheblich. Panaitios und Poseidonios trugen zur Anpassung der Lehre an römische Verhältnisse bei.
- **Rolle bedeut"
"In dem Meeting diskutierten ein Umweltwissenschaftler, ein Politikwissenschaftler und ein Experte für erneuerbare Energien über verschiedene Aspekte des Klimaschutzes. Der Umweltwissenschaftler berichtete von Fortschritten bei einem neuen Klimamodell und der Vorhersage von Extremwetterereignissen. Der Politikwissenschaftler betonte die Notwendigkeit klarer internationaler Abkommen und nationaler Gesetze, um Klimaschutzmaßnahmen effektiv umzusetzen. Der Experte für erneuerbare Energien stellte eine neue, effizientere Batterie sowie kostengünstigere Solarpanele vor.

Alle Teilnehmer waren sich einig, dass massive Investitionen in erneuerbare Energien und Energiespeicherung notwendig sind. Sie diskutierten auch die Bedeutung von CO2-Abscheidung, Wiederaufforstung und der Abschaffung von Subventionen für fossile Brennstoffe. Es wurde vorgeschlagen, private Investoren stärker einzubinden und öffentliche-private Partnerschaften zu fördern.

Die Diskussion endete mit der Idee eines regelmäßigen Austauschs zwischen Wissenschaftlern und Politikern sowie Workshops für Bürger zur Reduzierung ihres CO2-Fußabdrucks. Ein gemeinsames Abendessen wurde als Gelegenheit vorgeschlagen, um abseits der Arbeit ins Gespräch zu kommen und neue Projektideen zu entwickeln.",">>Umweltwissenschaftler: Hallo zusammen! Schön, euch alle zu sehen. Meine Woche war ziemlich produktiv, ich habe an einem neuen Klimamodell gearbeitet, das einige interessante Ergebnisse geliefert hat. Und bei euch?

>>Politikwissenschaftler: Hallo! Auch schön, euch zu sehen. Meine Woche war auch recht produktiv. Ich habe mich intensiv mit den politischen Rahmenbedingungen für Klimaschutzmaßnahmen beschäftigt. Es ist entscheidend, dass wir klare und verbindliche internationale Abkommen haben.

>>Erneuerbare-Energien-Experte: Hey! Gut, euch zu sehen. Ich habe an einem neuen Projekt zur Verbesserung der Energiespeicherung gearbeitet. Wir haben eine neue Batterie entwickelt, die 20% effizienter ist als unsere bisherigen Modelle. Das könnte wirklich helfen, die Schwankungen bei erneuerbaren Energien auszugleichen.

>>Umweltwissenschaftler: Das klingt spannend! Ich habe auch einige Fortschritte gemacht und ein neues Modell zur Vorhersage von Extremwetterereignissen entwickelt. Es zeigt deutlich, wie dringend wir handeln müssen.

>>Politikwissenschaftler: Interessant! Aber lassen Sie uns nicht vergessen, dass wir auch die wirtschaftlichen Realitäten berücksichtigen müssen. Der vollständige Ausstieg aus fossilen Brennstoffen erfordert massive Investitionen in erneuerbare Energien.

>>Erneuerbare-Energien-Experte: Genau! Um es einfach auszudrücken: Wir brauchen nicht nur mehr Wind- und Solaranlagen, sondern auch eine verbesserte Infrastruktur für Energiespeicherung und -verteilung.

>>Umweltwissenschaftler: Absolut richtig. Die wissenschaftlichen Daten zeigen eindeutig, dass wir nicht nur in erneuerbare Energien investieren müssen, sondern auch in Technologien zur CO2-Abscheidung und -Speicherung sowie in die Wiederaufforstung.

>>Politikwissenschaftler: Ja genau! Ohne klare und verbindliche internationale Abkommen sowie nationale Gesetze wird es schwierig sein, die notwendigen finanziellen Mittel zu mobilisieren. Ehrlich gesagt, müssen wir auch über Subventionen für fossile Brennstoffe sprechen – diese müssen abgeschafft werden.

>>Erneuerbare-Energien-Experte: Na ja... das ist ein wichtiger Punkt. Aber wer soll das bezahlen? Die Kosten sind enorm und ohne klare finanzielle Strategien wird es schwer sein, diese Ziele zu erreichen.

>>Umweltwissenschaftler: Tja... die Verzögerung von Klimaschutzmaßnahmen bringt exponentiell steigende Kosten und Risiken mit sich. Wir sollten vielleicht darüber nachdenken, wie wir private Investoren stärker einbinden können.

>>Politikwissenschaftler: Das ist ein guter Punkt, Anna (Umweltwissenschaftler). Vielleicht könnten öffentliche-private Partnerschaften eine Lösung sein? Was denkt ihr?

>>Erneuerbare-Energien-Experte: Ja klar! Aber wir dürfen nicht vergessen, dass solche Partnerschaften gut reguliert werden müssen um sicherzustellen dass sie tatsächlich nachhaltige Projekte unterstützen. 
 >>Umweltwissenschaftler: Also, ich habe kürzlich an einer Konferenz teilgenommen, bei der wir über die neuesten Klimamodelle und deren Vorhersagen für Extremwetterereignisse diskutiert haben. Es ist faszinierend zu sehen, wie präzise diese Modelle mittlerweile geworden sind.

>>Politikwissenschaftler: Ja, das klingt spannend! Ich war neulich bei einer Diskussion über die politischen Herausforderungen im Klimaschutz. Es ist echt interessant zu sehen, wie unterschiedlich die Ansätze sind. Ohne klare internationale Abkommen und nationale Gesetze kommen wir da nicht weiter.

>>Erneuerbare-Energien-Experte: Das stimmt! Ich habe kürzlich an einem Projekt gearbeitet, bei dem wir eine neue Art von Solarpanelen entwickelt haben. Die sind nicht nur effizienter, sondern auch kostengünstiger in der Produktion. Das könnte wirklich ein Wendepunkt für die Branche sein.

>>Umweltwissenschaftler: Interessant! Ich habe auch eine Studie gelesen, die sich mit den Auswirkungen von Klimaschutzmaßnahmen auf die Biodiversität beschäftigt. Es zeigt sich immer wieder, dass gezielte Maßnahmen sowohl CO2 binden als auch Lebensräume schützen können.

>>Politikwissenschaftler: Absolut! Politisch gesehen müssen wir diese wissenschaftlichen Erkenntnisse nutzen, um effektive Maßnahmen zu entwickeln. Manche Länder haben trotz internationaler Abkommen Schwierigkeiten ihre nationalen Ziele zu erreichen.

>>Erneuerbare-Energien-Experte: Genau! Diese neuen Solarpanele könnten wirklich einen Unterschied machen. Sie sind effizienter und kostengünstiger in der Produktion. Das bedeutet niedrigere Kosten für erneuerbare Energien und höhere Effizienz.

>>Umweltwissenschaftler: Und das zeigt doch wieder mal, wie wichtig es ist, dass Wissenschaft und Politik Hand in Hand arbeiten. 
 >>Politikwissenschaftler: Also, die politischen Rahmenbedingungen spielen eine große Rolle für den Erfolg von Klimaschutzmaßnahmen. Ohne klare internationale Abkommen und nationale Gesetze können wir keine nachhaltigen Fortschritte erzielen. Welche konkreten politischen Maßnahmen halten Sie für am dringendsten?

>>Umweltwissenschaftler: Gute Frage! Die wissenschaftlichen Daten zeigen eindeutig, dass wir die Treibhausgasemissionen deutlich reduzieren müssen. Die Zwei-Grad-Schwelle darf nicht überschritten werden, wenn wir katastrophale Auswirkungen vermeiden wollen. Jede Verzögerung jetzt bedeutet tiefgreifendere Maßnahmen später und die Kosten dafür steigen exponentiell.

>>Erneuerbare-Energien-Experte: Genau, um es einfach auszudrücken, die wirtschaftliche Umsetzung von erneuerbaren Energien ist der Schlüssel zur Erreichung unserer Klimaziele. Wir müssen massiv in Technologien wie Solar- und Windkraft investieren und gleichzeitig die Infrastruktur für Energiespeicherung verbessern. Es wäre fantastisch, wenn wir auch die politischen Rahmenbedingungen schaffen könnten, um private Investoren zu motivieren.

>>Umweltwissenschaftler: Ähm, ja genau... Zusätzlich zu den Emissionsreduktionen müssen wir auch Kohlenstoffsenken wie Wälder und Moore erhalten und fördern. Das ist genauso wichtig.

>>Erneuerbare-Energien-Experte: Na ja, wir müssen auch wirtschaftliche Anreize für Unternehmen und Haushalte schaffen, damit sie in erneuerbare Energien investieren. Das bedeutet nicht nur Subventionen, sondern auch steuerliche Vorteile und klare gesetzliche Rahmenbedingungen. Ein stabiler Markt für grüne Technologien ist dabei unglaublich wichtig.

>>Politikwissenschaftler: Ehrlich gesagt, die politischen Rahmenbedingungen müssen nicht nur klar sein, sondern auch flexibel genug sein, um auf neue wissenschaftliche Erkenntnisse und technologische Entwicklungen reagieren zu können. Wir brauchen eine dynamische Klimapolitik, die sowohl nationale als auch internationale Kooperationen fördert.

>>Umweltwissenschaftler: Interessant! Und ja, jede Verzögerung jetzt bedeutet tiefgreifendere Maßnahmen später. Wir sollten auch bedenken, dass die Kosten für solche Maßnahmen exponentiell steigen werden. 
 >>Politikwissenschaftler: Kurz gesagt, wir müssen die politischen Rahmenbedingungen so gestalten, dass sie sowohl flexibel als auch verbindlich sind. Nur so können wir sicherstellen, dass internationale Abkommen wie das Pariser Übereinkommen tatsächlich umgesetzt werden und nicht nur auf dem Papier existieren.

>>Umweltwissenschaftler: Die wissenschaftlichen Daten sind eindeutig: Wir müssen die Treibhausgasemissionen drastisch reduzieren. Jede Verzögerung erhöht die Kosten und Risiken exponentiell. Wenn wir jetzt nicht handeln...

>>Erneuerbare-Energien-Experte (unterbricht): ...werden zukünftige Maßnahmen noch radikaler und teurer sein! Genau das ist der Punkt – ohne klare finanzielle Vorteile werden Investoren zögern.

>>Politikwissenschaftler: Ich denke auch an die Notwendigkeit internationaler Kooperationen. Es reicht nicht aus...

>>Umweltwissenschaftler (unterbricht): ...wenn nur ein Land vorangeht; wir brauchen eine globale Anstrengung!

>>Erneuerbare-Energien-Experte: Aber was ist mit den kurzfristigen wirtschaftlichen Auswirkungen? Viele Unternehmen haben Angst vor den Kosten des Umstiegs.

>>Politikwissenschaftler: Das ist ein berechtigter Punkt. Langfristig gesehen sind die Vorteile enorm – sowohl ökologisch als auch ökonomisch.

>>Umweltwissenschaftler: Deshalb müssen wir jetzt handeln! Die Zeit drängt...

>>Erneuerbare-Energien-Experte (überlappt): ...und je länger wir warten...

>>Politikwissenschaftler: Was haltet ihr von einer CO2-Steuer? Das könnte doch ein effektiver Anreiz sein?

>>Umweltwissenschaftler: Ja, aber es muss gut durchdacht sein... Vielleicht könnten wir uns Beispiele aus Schweden ansehen?

>>Erneuerbare-Energien-Experte: Genau! Und parallel dazu sollten Subventionen für erneuerbare Energien erhöht werden... 
 >>Umweltwissenschaftler: Also, individuelle Maßnahmen sind zwar wichtig, aber ohne umfassende politische und wirtschaftliche Unterstützung werden sie nicht ausreichen. Die Fridays for Future Bewegung hat gezeigt, wie mächtig kollektives Handeln sein kann. Aber wir müssen sicherstellen, dass diese Energie in konkrete politische Maßnahmen umgesetzt wird.

>>Politikwissenschaftler: Ja, das stimmt. Individuelle Maßnahmen sind ein Teil des Puzzles, aber ohne starke politische Rahmenbedingungen und internationale Abkommen bleibt es schwierig. Ich denke da an konkrete Vorschläge wie eine CO2-Steuer oder Subventionen für erneuerbare Energien.

>>Erneuerbare-Energien-Experte: Genau! Und wenn jeder Haushalt in Deutschland auf erneuerbare Energien umsteigen würde, könnten wir die CO2-Emissionen erheblich reduzieren. Aber das klappt nur mit wirtschaftlichen Anreizen und technischer Unterstützung. Zum Beispiel könnte man den Ausbau von Ladeinfrastruktur für Elektroautos fördern.

>>Umweltwissenschaftler: Ein gutes Beispiel! Ich habe meinen CO2-Fußabdruck durch den Umstieg auf ein Elektroauto reduziert, aber es war nicht einfach. Die Ladeinfrastruktur ist noch lückenhaft und die Anschaffungskosten sind hoch.

>>Politikwissenschaftler: Das kenne ich! Ich versuche auch meinen Fußabdruck zu reduzieren, indem ich regionale Lebensmittel kaufe. Aber manchmal ist es schwer, alles zu finden oder es ist teurer als importierte Produkte.

>>Erneuerbare-Energien-Experte: Ja, solche Herausforderungen kenne ich auch. Wir haben unser Haus energetisch saniert und nutzen jetzt Ökostrom. Aber die Sanierung war teuer und zeitaufwendig.

>>Umweltwissenschaftler: Tja, die Fridays for Future Bewegung hat gezeigt, dass individuelle Maßnahmen und kollektives Handeln zusammenwirken können. Wenn wir diese Energie in konkrete politische Maßnahmen umsetzen und durch wissenschaftlich fundierte Strategien unterstützen, können wir tatsächlich Fortschritte erzielen.

>>Politikwissenschaftler: Absolut richtig! Es ist entscheidend, dass wir sowohl individuelle als auch kollektive Anstrengungen kombinieren. Vielleicht sollten wir uns auf spezifische Projekte konzentrieren – wie zum Beispiel ein Pilotprojekt für nachhaltige Stadtentwicklung?

>>Erneuerbare-Energien-Experte: Na ja, praktische Lösungen sind der Schlüssel. Wenn jeder seinen Teil beiträgt und gleichzeitig die Politik entsprechende Rahmenbedingungen schafft – etwa durch Förderprogramme für Solaranlagen – haben wir eine echte Chance auf Erfolg im Klimaschutz.

>>Umweltwissenschaftler: Wie wäre es mit einem regelmäßigen Austausch zwischen Wissenschaftlern und Politikern? So könnten wir sicherstellen, dass wissenschaftliche Erkenntnisse direkt in politische Entscheidungen einfließen.

>>Politikwissenschaftler: Gute Idee! Und vielleicht könnten wir auch Workshops für Bürger anbieten, um ihnen zu zeigen, wie sie ihren CO2-Fußabdruck verringern können.

>>Erneuerbare-Energien-Experte: Das klingt nach einem Plan! Lasst uns diese Ideen konkretisieren und einen Aktionsplan erstellen. Wer übernimmt welche Aufgabe? 
 >>Politikwissenschaftler: Also, um es auf den Punkt zu bringen, wir haben heute viele wichtige Aspekte beleuchtet. Ohne eine Kombination aus internationalen Abkommen und nationalen Gesetzen werden wir keine nachhaltigen Fortschritte erzielen. Bevor wir zum Ende kommen, möchte ich noch vorschlagen, dass wir uns nächste Woche zu einem gemeinsamen Abendessen treffen. Das wäre eine gute Gelegenheit, um auch mal abseits der Arbeit ins Gespräch zu kommen.

>>Umweltwissenschaftler: Ja, das klingt nach einer guten Idee! Wir könnten dabei auch mal über andere Themen sprechen.

>>Erneuerbare-Energien-Experte: Ein gemeinsames Abendessen finde ich auch gut! So können wir uns besser kennenlernen und vielleicht neue Projektideen entwickeln.","In unserem heutigen Treffen haben wir uns intensiv mit dem Thema Klimaschutz auseinandergesetzt. Es wurde betont, dass Klimaschutzmaßnahmen notwendig sind, um die durch den Menschen verursachte globale Erwärmung zu bekämpfen und ihre Folgen abzumildern. Ein zentrales Ziel ist es, die Erderwärmung auf unter zwei Grad Celsius zu begrenzen, um katastrophale Auswirkungen zu vermeiden.

Ein Hauptfokus liegt auf der drastischen Reduktion von Treibhausgasemissionen in allen Sektoren wie Energieerzeugung, Industrie, Verkehr und Haushalten. Der Ausstieg aus fossilen Brennstoffen und der Übergang zu erneuerbaren Energien bis zur Mitte des 21. Jahrhunderts sind entscheidend. Es wurde hervorgehoben, dass jede Verzögerung bei der Umsetzung von Klimaschutzmaßnahmen in Zukunft noch tiefgreifendere Maßnahmen erfordern wird.

Zusätzlich zur Emissionsreduktion ist die Erhaltung und Förderung von Kohlenstoffsenken wie Wäldern wichtig. Anpassungsmaßnahmen an unvermeidliche Folgen des Klimawandels wurden ebenfalls diskutiert, darunter Deichbau und Katastrophenvorsorge.

Die Rolle individueller Verhaltensänderungen und Aufklärung wurde als ergänzend zu staatlichen und internationalen Maßnahmen betont. Die Fridays for Future-Bewegung wurde als Beispiel für zivilgesellschaftliches Engagement genannt.

Abschließend wurde festgestellt, dass ohne ambitionierte Klimaschutzpolitik"
"In dem Meeting diskutierten die Teilnehmer über die Förderung der Solarenergie durch technologische Innovationen und politische Rahmenbedingungen. Der Energieexperte betonte die Bedeutung von Effizienzsteigerungen, insbesondere durch bifaziale Module, die bis zu 30% mehr Energie erzeugen können. Der Umweltwissenschaftler hob die ökologischen Vorteile von Photovoltaikanlagen hervor, wie die Reduktion des CO2-Ausstoßes und die energetische Amortisation nach ein bis zwei Jahren. Der Politikberater unterstrich die Notwendigkeit klarer politischer Regelungen und Anreize zur Unterstützung dieser Technologien.

Der Ingenieur für Solartechnik erwähnte Pilotprojekte mit bifazialen Modulen und sprach über innovative Ansätze wie solarthermische Kraftwerke und Flüssigsalztanks zur Energiespeicherung. Es wurde auch über Perowskit-Solarzellen gesprochen, die hohe Effizienz bei niedrigen Produktionskosten bieten könnten. Die Diskussion umfasste zudem Agri-Photovoltaik-Systeme zur doppelten Flächennutzung in der Landwirtschaft.

Die Teilnehmer waren sich einig, dass technologische Innovationen nur mit politischer Unterstützung erfolgreich umgesetzt werden können. Sie schlugen vor, gemeinsame Projekte zu initiieren, Fördermittel zu beantragen und Workshops zum Wissensaustausch zu organisieren. Abschließend wurde betont, dass eine enge Zusammenarbeit zwischen Forschungseinrichtungen und Industrie sowie Lobbyarbeit notwendig sei, um politische Entscheidungsträger zu informieren und Maßnahmen zu er",">>Energieexperte: Guten Morgen zusammen! Ich hoffe, ihr hattet alle ein schönes Wochenende. Also, unser heutiges Thema ist die Solarenergie und wie wir ihre Nutzung weiter vorantreiben können. Wir wollen uns auf technologische Innovationen konzentrieren, die Effizienzsteigerungen ermöglichen und gleichzeitig nachhaltige Lösungen bieten.
>>Umweltwissenschaftler: Morgen! Ja, ich hatte ein entspanntes Wochenende. Wenn wir über Solarenergie sprechen, ist es wichtig, die ökologischen Vorteile zu betonen. Photovoltaikanlagen amortisieren sich energetisch bereits nach ein bis zwei Jahren Betriebsdauer und tragen erheblich zur Reduktion des CO2-Ausstoßes bei.
>>Politikberater: Guten Morgen zusammen! Schön euch zu sehen. Ich stimme zu, dass technologische Innovationen in der Solarenergie entscheidend sind. Lassen Sie uns auch über die politischen Rahmenbedingungen sprechen, die notwendig sind, um diese Innovationen zu fördern.
>>Ingenieur für Solartechnik: Guten Morgen! Um es einfach auszudrücken, die Effizienzsteigerung bei Solaranlagen ist wirklich der Schlüssel zum Erfolg. Wenn wir beispielsweise bifaziale Module verwenden, können wir die Energieausbeute um bis zu 30% erhöhen. Das bedeutet nicht nur mehr Stromproduktion, sondern auch eine optimierte Flächennutzung.
>>Umweltwissenschaftler: Das klingt vielversprechend! Gibt es schon konkrete Projekte oder Studien dazu?
>>Ingenieur für Solartechnik: Ja, tatsächlich gibt es einige Pilotprojekte in Deutschland und anderen Ländern. Die Ergebnisse sind sehr ermutigend.
>>Energieexperte: Apropos Effizienzsteigerung und innovative Ansätze – es gibt spannende Entwicklungen bei der Umwandlung von Solarenergie in synthetisches Erdgas. Diese Technologie eröffnet völlig neue Perspektiven für die Energiespeicherung und -nutzung.
>>Umweltwissenschaftler: Neben der Reduktion des CO2-Ausstoßes sollten wir auch die Auswirkungen auf Biodiversität und Landnutzung im Blick behalten – zum Beispiel durch Projekte wie Agri-Photovoltaik.
>>Politikberater: Lassen Sie uns überlegen, wie wir regulatorische Rahmenbedingungen verbessern können – etwa durch Steueranreize für Investitionen oder vereinfachte Genehmigungsverfahren. In einigen Ländern wurden solche Maßnahmen bereits erfolgreich umgesetzt und könnten als Vorbild dienen. 
 >>Energieexperte: Wissen Sie, technologische Innovation ist der Schlüssel zur Maximierung des Potenzials von Solarenergie. Ähm, nehmen wir zum Beispiel bifaziale Module – sie können die Energieausbeute um bis zu 30% steigern. Das ist der springende Punkt! Solche Technologien könnten durch gezielte politische Maßnahmen noch weiter gefördert werden.
>>Umweltwissenschaftler: Die ökologische Nachhaltigkeit von Solarenergie ist entscheidend für unsere Zukunft. Durch die Reduktion des CO2-Ausstoßes und die energetische Amortisation innerhalb weniger Jahre tragen Photovoltaikanlagen erheblich zur ökologischen Balance bei.
>>Politikberater: Wir sollten darüber nachdenken, wie wir die Regeln anpassen können, um solche technologischen Innovationen wie bifaziale Module zu fördern. Es ist wichtig, dass wir klare und stabile politische Weichenstellungen vornehmen, um Investitionen in diese Technologien zu sichern.
>>Ingenieur für Solartechnik: Bifaziale Module sind besonders interessant, weil sie sowohl direktes als auch reflektiertes Licht nutzen und somit die Effizienz erheblich steigern. Das könnte wirklich ein Gamechanger sein!
>>Politikberater: In der Tat...
>>Umweltwissenschaftler (unterbricht): Entschuldigung, darf ich kurz etwas hinzufügen? Ich denke auch an den Aspekt der Recyclingfähigkeit dieser neuen Technologien. Wie sieht es da aus?
>>Ingenieur für Solartechnik: Gute Frage! Tatsächlich gibt es bereits Fortschritte in diesem Bereich. Die Materialien in bifazialen Modulen sind oft besser recycelbar als ältere Modelle.
>>Politikberater: Wie bereits erwähnt, ist politische Unterstützung unerlässlich. Wir brauchen klare Regeln und Anreize für Investitionen in innovative Technologien wie bifaziale Module.
>>(Handy klingelt im Hintergrund)
>>Energieexperte (lacht): Entschuldigung dafür! Apropos Innovationen in der Solarenergie, wir könnten auch über solarthermische Kraftwerke sprechen...
>>Umweltwissenschaftler (schmunzelt): Kein Problem!
>>Energieexperte: ...um Flüssigkeiten zu verdampfen und mittels Dampfturbinen Strom zu erzeugen. Das eröffnet uns ganz neue Möglichkeiten für die Energiespeicherung und -nutzung.
>>Umweltwissenschaftler: Interessanterweise geht die ökologische Nachhaltigkeit von Solarenergie über die Reduktion des CO2-Ausstoßes hinaus...
>>Politikberater: Das ist ein guter Punkt! Können Sie mehr dazu sagen? 
 >>Ingenieur für Solartechnik: Um es einfach auszudrücken, die Effizienzsteigerung bei Photovoltaikanlagen ist entscheidend. Bifaziale Module, die Licht von beiden Seiten nutzen, können die Energieausbeute um bis zu 30% erhöhen. Das ist der Schlüssel zum Erfolg!

>>Energieexperte: Solarthermische Kraftwerke sind eine interessante Option. Sie nutzen konzentrierte Sonnenstrahlung, um Flüssigkeiten zu verdampfen und mittels Dampfturbinen Strom zu erzeugen. Aber wie lösen wir das Speicherproblem?

>>Umweltwissenschaftler: Die ökologische Nachhaltigkeit von Solarenergie umfasst auch Biodiversität und Landnutzung. Agri-Photovoltaik ermöglicht eine doppelte Nutzung der Fläche für Landwirtschaft und Energieproduktion.

>>Politikberater: Genau, und dafür brauchen wir klare politische Rahmenbedingungen. Ohne stabile Regelungen wird es schwierig sein, solche Innovationen voranzutreiben.

>>Ingenieur für Solartechnik: Da stimme ich Ihnen zu. Politische Unterstützung ist unerlässlich. Was halten Sie von der Integration von Energiespeichern in solarthermischen Anlagen? Flüssigsalztanks könnten tagsüber gesammelte Wärme speichern und nachts zur Stromerzeugung nutzen.

>>Energieexperte: Ja, aber sie sind noch teuer und schwer skalierbar. Wir müssen auch über neue Materialien nachdenken, die effizienter und kostengünstiger sein könnten.

>>Umweltwissenschaftler: Richtig! Und wir dürfen nicht vergessen, dass die Herstellung und Entsorgung von Speichermaterialien erhebliche Umweltbelastungen verursachen können.

>>Politikberater: Unsere politischen Maßnahmen sollten diese ökologischen Aspekte berücksichtigen. Es geht nicht nur darum, Innovationen zu fördern, sondern sie auch nachhaltig zu gestalten.

>>Ingenieur für Solartechnik: Tja... Es gibt viele technische Details zu beachten – aber ohne politische Unterstützung wird es schwierig sein, diese Technologien flächendeckend einzuführen.

>>Energieexperte: Technologische Innovation im Bereich der Energiespeicherung bleibt entscheidend. Flüssigsalztanks sind ein gutes Beispiel dafür – aber wir sollten offen für neue Materialien und Technologien sein.

>>Umweltwissenschaftler: Gut gesagt! Und vergessen wir nicht die ökologische Balance bei der Landnutzung sowie bei der Herstellung und Entsorgung von Solarmodulen. Umweltfreundliche Materialien und optimierte Recyclingprozesse sind hier entscheidend. 
 >>Energieexperte: Also, die Speicherung von Solarenergie ist wirklich der springende Punkt! Ohne effiziente Speicherlösungen können wir die Energie der Zukunft nicht zuverlässig nutzen. Ähm, innovative Technologien wie Flüssigsalztanks oder synthetisches Erdgas bieten hier fantastische Möglichkeiten.

>>Ingenieur für Solartechnik: Genau! Und was ich besonders spannend finde, ist das Projekt in Jülich. Dort haben sie gezeigt, dass Flüssigsalztanks tatsächlich über längere Zeiträume Wärme speichern können. Das ermöglicht es uns, die tagsüber gesammelte Wärme auch nachts zu nutzen.

>>Umweltwissenschaftler: Gut, und die ökologische Nachhaltigkeit dieser Speicherlösungen ist entscheidend für unsere Zukunft. Aber wir müssen auch sicherstellen, dass diese Technologien keine neuen Umweltprobleme schaffen. Ich denke da an mögliche Leckagen bei Flüssigsalztanks.

>>Politikberater: Ich stimme zu, aber wir dürfen auch die wirtschaftlichen Aspekte nicht vernachlässigen. Lassen Sie uns überlegen, wie wir die regulatorischen Rahmenbedingungen verbessern können, um diese innovativen Speichertechnologien zu unterstützen. Es ist sehr wichtig, dass wir klare und stabile politische Weichenstellungen vornehmen.

>>Energieexperte: Ja klar! Und wenn wir über synthetisches Erdgas sprechen – das könnte eine Lösung sein, um überschüssige Solarenergie effizient zu nutzen und zu speichern. Aber es gibt noch Herausforderungen bei der Skalierung dieser Technologie.

>>Ingenieur für Solartechnik: Tja, das stimmt absolut. Die Kombination aus technischer Innovation und politischer Unterstützung könnte den Durchbruch bringen. Wir müssen sicherstellen, dass diese Technologien sowohl wirtschaftlich als auch ökologisch tragfähig sind.

>>Umweltwissenschaftler: Nun gut, ich denke auch an den langfristigen Nutzen für unsere Umwelt. Wenn wir diese Lösungen richtig implementieren können – also mit minimaler Umweltbelastung – dann haben wir einen großen Schritt nach vorne gemacht.

>>Politikberater: Tatsächlich sollten wir auch darüber nachdenken, wie wir Anreize schaffen können. Steuervergünstigungen oder Subventionen könnten helfen...

>>Energieexperte (unterbrechend): Na ja... das wäre sicherlich hilfreich. Aber letztendlich müssen diese Technologien sich selbst tragen können – durch ihre Effizienz und Nachhaltigkeit werden sie hoffentlich bald konkurrenzfähig sein. 
 >>Energieexperte: Also, China hat den Solarmarkt fest im Griff. Einerseits haben sie durch ihre massiven Investitionen und Produktionskapazitäten die Preise für Solarmodule drastisch gesenkt, was den globalen Ausbau der Solarenergie beschleunigt hat. Andererseits macht uns diese Abhängigkeit auch verwundbar gegenüber geopolitischen Spannungen oder Handelskonflikten. Wir müssen dringend in technologische Innovationen investieren, um unsere eigene Produktion zu diversifizieren und unabhängiger zu werden.

>>Umweltwissenschaftler: Ja, das stimmt, aber wir dürfen nicht vergessen, dass diese Abhängigkeit auch ökologische Risiken birgt. Wenn wir unsere Produktion diversifizieren und lokal nachhaltiger gestalten, könnten wir den ökologischen Fußabdruck erheblich reduzieren. Zum Beispiel könnten wir mehr auf Recycling von Materialien setzen.

>>Ingenieur für Solartechnik: Genau! Und wenn wir in neue Technologien wie bifaziale Module und fortschrittliche Energiespeicher investieren, können wir nicht nur unsere Abhängigkeit von China reduzieren, sondern auch die Effizienz und Nachhaltigkeit unserer eigenen Produktion steigern. Aber ehrlich gesagt, das ist leichter gesagt als getan. Die Entwicklung solcher Technologien erfordert erhebliche Investitionen und Zeit.

>>Politikberater: Da stimme ich dir zu. Ohne politische Unterstützung wird es schwierig sein, diese Diversifizierung voranzutreiben. Wir brauchen klare regulatorische Rahmenbedingungen und Anreize für Unternehmen.

>>Energieexperte: Absolut! Technologische Innovation ist hier der Schlüssel. Nehmen wir zum Beispiel die Entwicklung von Perowskit-Solarzellen – sie haben das Potenzial, die Effizienz erheblich zu steigern und gleichzeitig kostengünstiger zu sein. Aber wie realistisch ist es wirklich, dass diese Technologie bald marktreif wird?

>>Umweltwissenschaftler: Das ist eine berechtigte Frage. Es gibt noch viele Herausforderungen bei der Stabilität dieser Zellen unter realen Bedingungen. Vielleicht sollten wir parallel dazu auch andere Ansätze verfolgen.

>>Ingenieur für Solartechnik: Tja, aber wie sieht es mit der praktischen Umsetzung aus? Wir brauchen konkrete Pläne und Investitionen in Forschung und Entwicklung sowie Pilotprojekte zur Erprobung neuer Technologien.

>>Politikberater: Tatsächlich! Und dafür müssen sowohl öffentliche als auch private Sektoren zusammenarbeiten. Nur so können wir langfristig erfolgreich sein.

>>Energieexperte: Na ja klar! Es geht darum, eine Balance zwischen technologischer Innovation und politischer Unterstützung zu finden. Wenn beides Hand in Hand geht...

>>Umweltwissenschaftler: ...dann könnten wir nicht nur wirtschaftliche Risiken mindern sondern auch den ökologischen Fußabdruck erheblich reduzieren.

>>Ingenieur für Solartechnik: Okay Leute, lasst uns konkret werden. Wie wäre es mit einem gemeinsamen Projekt zur Erforschung von Perowskit-Solarzellen? Wir könnten ein Konsortium bilden und Fördermittel beantragen.

>>Politikberater: Gute Idee! Ich werde prüfen, welche Förderprogramme dafür infrage kommen könnten und Kontakte knüpfen.

>>Energieexperte: Super Plan! Dann sollten wir nächste Woche ein Follow-up-Meeting ansetzen, um die Details zu besprechen. 
 >>Ingenieur für Solartechnik: Um es einfach auszudrücken, die Effizienzsteigerung bei Solaranlagen ist entscheidend. Ein Beispiel dafür sind bifaziale Module, die bis zu 30% mehr Energie erzeugen können. Das könnte wirklich ein Durchbruch sein!
>>Umweltwissenschaftler: Interessanterweise ist die ökologische Balance bei der Nutzung von bifazialen Modulen ein entscheidender Faktor. Diese Module können nicht nur mehr Energie erzeugen, sondern auch die Landnutzung optimieren, was besonders in landwirtschaftlichen Gebieten von Vorteil ist.
>>Energieexperte: Wissen Sie, tatsächlich sind bifaziale Module ein fantastisches Beispiel für technologische Innovation. Aber lassen Sie uns auch über Perowskit-Solarzellen sprechen. Diese könnten die Effizienz noch weiter steigern und die Kosten senken.
>>Umweltwissenschaftler: Nun, die Perowskit-Solarzellen sind wirklich faszinierend wegen ihrer hohen Effizienz und niedrigen Produktionskosten.
>>Politikberater: Lassen Sie uns überlegen, wie wir diese technologischen Innovationen politisch unterstützen können. Ohne klare regulatorische Rahmenbedingungen und Anreize wird es schwierig sein...
>>Energieexperte (unterbricht): Entschuldigung, darf ich kurz etwas hinzufügen?
>>Politikberater: Ja klar, bitte.
>>Energieexperte: Ich stimme Ihnen zu, dass klare regulatorische Rahmenbedingungen und Anreize entscheidend sind. Zusätzlich sollten wir auch die Zusammenarbeit mit der Industrie verstärken, um die Einführung dieser Technologien zu beschleunigen.
>>(Ein Handy klingelt im Hintergrund)
>>Umweltwissenschaftler (schmunzelt): Oh je! Wer hat vergessen sein Handy stumm zu schalten?
>>(alle lachen kurz)
>>Energieexperte (lächelnd): Wo war ich? Ach ja... Wenn wir diese Technologie weiterentwickeln und politisch unterstützen könnten wir einen enormen Schritt in Richtung einer nachhaltigen Energiezukunft machen.
>>Umweltwissenschaftler: Genau! Und zusätzlich könnten Perowskit-Solarzellen durch ihre Flexibilität in verschiedenen Anwendungen eingesetzt werden. 
 >>Energieexperte: Also, wir sollten auch die Möglichkeit in Betracht ziehen, Perowskit-Solarzellen mit anderen innovativen Technologien zu kombinieren. Ähm, denken wir an die Integration in Agri-Photovoltaik-Systeme – das könnte nicht nur Energie erzeugen, sondern auch landwirtschaftliche Flächen effizienter nutzen. Das wäre ein großer Vorteil!

>>Umweltwissenschaftler: Ja, genau! Und wenn wir über die Integration von Perowskit-Solarzellen in Agri-Photovoltaik-Systeme sprechen, sollten wir auch die ökologischen Vorteile betrachten. Diese Technologie könnte den CO2-Fußabdruck der Landwirtschaft um bis zu 30% reduzieren. Das wäre sehr wichtig für uns.

>>Ingenieur für Solartechnik: Um es einfach auszudrücken, die Effizienzsteigerung bei schwimmenden Solaranlagen könnte durch die Verwendung von Perowskit-Solarzellen erheblich verbessert werden. Diese Zellen sind leichter und flexibler, was sie ideal für solche Anwendungen macht.

>>Politikberater: Interessanter Punkt! Aber wie sieht es mit den regulatorischen Herausforderungen aus? Wir brauchen klare Richtlinien und vielleicht auch Förderprogramme, um die Einführung dieser Technologien zu unterstützen.

>>Energieexperte: Na ja, das stimmt. Die regulatorischen Rahmenbedingungen müssen angepasst werden. Aber ich denke auch an tragbare Geräte – Perowskit-Solarzellen könnten hier wirklich einen Unterschied machen und die Autonomie von Smartphones und Laptops verlängern.

>>Umweltwissenschaftler: Interessanterweise könnte diese Technologie nicht nur zur Energieeffizienz beitragen, sondern auch den Bedarf an herkömmlichen Batterien reduzieren und somit weniger Elektroschrott erzeugen. Das wäre ein großer Vorteil für unsere ökologische Balance.

>>Ingenieur für Solartechnik: Tja, das klingt vielversprechend! Aber wie sieht es mit der praktischen Umsetzung aus? Welche Herausforderungen sehen Sie da?

>>Energieexperte: Eine Herausforderung wäre sicherlich die Haltbarkeit der Perowskit-Zellen unter verschiedenen Bedingungen. Aber mit fortschreitender Forschung können wir diese Hürden überwinden.

>>Politikberater: Nun gut, dann sollten wir sicherstellen, dass politische Unterstützung vorhanden ist. Ohne klare Anreize wird es schwierig sein, diese Technologien breitflächig einzuführen.

>>Umweltwissenschaftler: Genau! Und dabei dürfen wir nicht vergessen, dass jede technologische Innovation auch ökologische Auswirkungen hat. Wir müssen sicherstellen, dass diese positiv sind.

>>Ingenieur für Solartechnik: Absolut richtig! Es gibt noch viel zu tun, aber ich bin optimistisch. Mit Zusammenarbeit können wir große Fortschritte erzielen. 
 >>Energieexperte: Also, wir haben viele wichtige Punkte angesprochen – technologische Innovationen wie Perowskit-Solarzellen und bifaziale Module sind entscheidend für die Zukunft der Energieversorgung.

>>Umweltwissenschaftler: Absolut! Und Agri-Photovoltaik-Systeme bieten ökologische Vorteile durch doppelte Flächennutzung und CO2-Reduktion in der Landwirtschaft.

>>Ingenieur für Solartechnik: Genau! Schwimmende Solaranlagen sind auch spannend – sie schonen Wasserressourcen und reduzieren den CO2-Fußabdruck weiter.

>>Politikberater: Wir müssen sicherstellen, dass die politischen Rahmenbedingungen diese Innovationen unterstützen – klare Regelungen und Anreize wie Steuervergünstigungen wären hilfreich.

>>Energieexperte: Stimmt! Und tragbare Geräte mit Perowskit-Solarzellen könnten Elektroschrott reduzieren und die Autonomie von Smartphones verlängern.

>>Umweltwissenschaftler: Ja, das wäre ein großer Schritt zur Reduktion des ökologischen Fußabdrucks – wichtig ist aber auch die nachhaltige Produktion dieser Technologien.

>>Ingenieur für Solartechnik: Die Effizienzsteigerung durch Perowskit-Solarzellen ist beeindruckend – das könnte Kosten senken und die Energieausbeute erhöhen.

>>Politikberater: Wie gesagt – politische Unterstützung ist entscheidend! Klare Regelungen und Anreize sind notwendig.

>>Energieexperte: Gut zusammengefasst! Was wären unsere nächsten Schritte? Ich denke an eine engere Zusammenarbeit zwischen Forschungseinrichtungen und Industrie sowie Pilotprojekte auf landwirtschaftlichen Flächen und mit schwimmenden Anlagen.

>>Umweltwissenschaftler: Ja genau! Praktische Erfahrungen sammeln wäre wichtig.

>>Ingenieur für Solartechnik: Workshops zum Wissensaustausch könnten auch helfen!

>>Politikberater: Parallel dazu sollten wir Lobbyarbeit betreiben – damit politische Entscheidungsträger informiert sind und Maßnahmen ergreifen können.","Im Innovation Forum wurde die Nutzung von Sonnenenergie umfassend diskutiert. Es wurde festgestellt, dass Sonnenenergie eine unerschöpfliche erneuerbare Energiequelle ist, die sowohl direkt durch Photovoltaikanlagen und Sonnenkollektoren als auch indirekt durch Wasserkraftwerke, Windkraftanlagen und Biomasse genutzt werden kann. Die Teilnehmer betonten die Bedeutung der Solarkonstante von 1361 W/m² an der Grenze der Erdatmosphäre und wiesen darauf hin, dass die auf die Erdoberfläche treffende Strahlung im Tagesdurchschnitt etwa 165 W/m² beträgt.

Ein zentrales Thema war die technische Nutzung der Solarenergie zur Energieversorgung. Hierbei wurden thermische Solaranlagen und photovoltaische Kraftwerke hervorgehoben. Thermische Anlagen nutzen konzentrierte Sonnenstrahlung zur Stromerzeugung mittels Dampfturbinen, während photovoltaische Anlagen elektrischen Strom durch Halbleitereffekte erzeugen.

Die Diskussion umfasste auch Herausforderungen wie tages- und jahreszeitliche Schwankungen der solaren Einstrahlung sowie notwendige Maßnahmen zur Sicherstellung einer kontinuierlichen Energieversorgung, einschließlich Energiespeicher und Regelungstechnik.

Es wurde zudem auf den globalen Markt für Solarmodule eingegangen, wobei China eine dominierende Rolle spielt. Die Abhängigkeit von chinesischen Lieferungen könnte den Ausbau der Solarenergie in anderen Regionen beeinträchtigen.

Abschließend wurde über innovative Projekte wie die Umwand"
"In dem Meeting diskutierten der Technologie-Manager, ein Physiker und ein Informatiker die neuesten Entwicklungen in der Quantenmechanik und deren praktische Anwendungen. Der Physiker betonte die Bedeutung theoretischer Grundlagen wie Superposition, Verschränkung und Fehlerkorrektur für stabile Berechnungen in Quantencomputern. Der Informatiker hob die praktischen Anwendungen von Quantenalgorithmen hervor, insbesondere in den Bereichen Materialwissenschaften, Logistik und Finanzdienstleistungen.

Es wurden Herausforderungen bei der Implementierung dieser Technologien besprochen, insbesondere hinsichtlich Skalierbarkeit und Fehlerkorrektur. Der Grover-Algorithmus zur Beschleunigung von Datenbanksuchen und der Shor-Algorithmus zur Faktorisierung großer Zahlen wurden als Beispiele genannt. Die Teilnehmer erörterten auch die Bedrohung aktueller kryptographischer Systeme durch Quantencomputer und die Entwicklung von Post-Quanten-Kryptographie.

Die Diskussion umfasste auch verschiedene technologische Ansätze wie Ionenfallen und supraleitende Schaltkreise sowie deren kommerzielle Anwendungen. Es wurde beschlossen, Pilotprojekte zu identifizieren und ein Team zusammenzustellen, um mögliche Anwendungsfälle zu erforschen. Abschließend wurde vereinbart, nächste Woche ein Update-Meeting abzuhalten, um den Fortschritt zu besprechen.",">>Technologie-Manager: Guten Morgen zusammen! Schön, dass wir uns heute hier treffen. Ich hoffe, ihr hattet alle eine gute Anreise.

>>Physiker: Guten Morgen! Ich freue mich auf unsere Diskussion über die neuesten Entwicklungen in der Quantenmechanik.

>>Informatiker: Guten Morgen! Ich bin gespannt auf unsere Diskussion über die praktischen Anwendungen von Quantenalgorithmen.

>>Technologie-Manager: Gut, dann lasst uns direkt einsteigen. Wir haben viel vor heute.

>>Physiker: Ja, es ist großartig, dass wir heute die Gelegenheit haben, über die neuesten Fortschritte in der Quantenmechanik zu sprechen. Die theoretischen Grundlagen sind entscheidend für das Verständnis und die Weiterentwicklung dieser Technologie, insbesondere für Superposition, Verschränkung und Fehlerkorrektur in Quantencomputern.

>>Informatiker: Schauen wir mal, wie das in der Praxis aussieht. Ein interessanter Punkt ist die Anwendung von Quantenalgorithmen im Bereich der Materialwissenschaften...

>>Physiker (interjects): Absolut!

>>Informatiker (continues): Stellen Sie sich vor, wir könnten neue Materialien mit spezifischen Eigenschaften viel schneller entdecken und entwickeln! Das wäre doch erstaunlich, oder?

>>Physiker: Ja... es ist wichtig zu beachten, dass diese Methoden notwendig sind, um stabile Berechnungen zu ermöglichen.

>>Informatiker: Genau! Und ich denke auch an andere Bereiche wie Logistik oder Finanzdienstleistungen. Wenn wir komplexe Optimierungsprobleme viel schneller lösen könnten – das wäre wirklich bahnbrechend!

>>Technologie-Manager: Absolut! Die kommerziellen Anwendungen wären enorm vielfältig. Aber was denkt ihr über die aktuellen Herausforderungen bei der Implementierung dieser Technologien, insbesondere im Hinblick auf Skalierbarkeit und Fehlerkorrektur? 
 >>Physiker: Also, die Herausforderungen bei der Skalierbarkeit und Fehlerkorrektur sind signifikant. Es ist wichtig zu beachten, dass die Quantenfehlerkorrektur eine zentrale Rolle spielt, um stabile und zuverlässige Berechnungen zu ermöglichen. Die Grundprinzipien wie Superposition und Verschränkung bieten uns jedoch das Potenzial, diese Hürden zu überwinden.

>>Informatiker (unterbricht): Ja, das stimmt! Besonders spannend finde ich den Grover-Algorithmus. Er kann die Suche in riesigen Datenbanken erheblich beschleunigen. Welche weiteren praktischen Anwendungen könnten Ihrer Meinung nach besonders nützlich sein?

>>Technologie-Manager: Entschuldigung, darf ich kurz einhaken? Ich habe gelesen, dass der Grover-Algorithmus auch im Bereich der Cybersicherheit eingesetzt werden könnte. Können Sie dazu etwas sagen?

>>Informatiker: Ja, absolut! Der Grover-Algorithmus könnte verwendet werden, um bestimmte kryptografische Systeme effizienter anzugreifen oder zu testen. Das eröffnet neue Möglichkeiten sowohl für Sicherheitsanalysen als auch für die Entwicklung robusterer Verschlüsselungsmethoden.

>>Physiker: Genau! Ein weiteres faszinierendes Beispiel ist der Shor-Algorithmus – er kann große Zahlen viel schneller faktorisieren als klassische Methoden. Das könnte enorme Auswirkungen auf die Kryptographie haben!

>>Informatiker: Na ja, ein interessanter Punkt ist auch die Optimierung von Lieferketten. Mit Quantenalgorithmen könnten wir komplexe logistische Probleme viel effizienter lösen. Stellen Sie sich vor, wie das den globalen Handel verändern könnte!

>>Physiker: In der Tat! Die Prinzipien der Quantenmechanik ermöglichen uns nicht nur eine Beschleunigung bestimmter Algorithmen...

>>(Technologie-Manager hustet leise)

...sondern auch völlig neue Berechnungsansätze zu entwickeln...

>>(alle nicken zustimmend)

...wie zum Beispiel die Simulation von Quantensystemen selbst...

>>(Technologie-Manager entschuldigend): Entschuldigung!

...was in der Materialwissenschaft revolutionäre Fortschritte bringen könnte.

>>Informatiker: Schauen wir mal... ein weiteres faszinierendes Anwendungsgebiet ist die Optimierung von Finanzportfolios. Mit Quantenalgorithmen könnten wir komplexe Berechnungen zur Risikobewertung und Renditeoptimierung in Sekunden durchführen – was heute Tage dauert.

>>(Technologie-Manager nickt zustimmend)

Das wäre wirklich spannend!

>>Physiker: Nun ja... ähm... die Simulation von Quantensystemen ist tatsächlich ein Bereich...

...(alle nicken zustimmend)

...in dem Quantencomputer ihr volles Potenzial entfalten können. Diese Fähigkeit ermöglicht es uns...

...(Technologie-Manager murmelt): Sehr interessant!

...neue Materialien und chemische Verbindungen zu entdecken...

...(Technologie-Manager entschuldigend): Entschuldigung!

...die mit klassischen Computern unzugänglich wären. Das könnte revolutionäre Fortschritte in der Materialwissenschaft und Pharmazie bringen!

>>Informatiker: Ja genau! Die Anwendung von Quantenalgorithmen in der Pharmazie könnte ebenfalls revolutionär sein. Stellen Sie sich vor...

...(alle nicken zustimmend)

...wie schnell wir neue Medikamente entwickeln könnten...

...(Technologie-Manager murmelt): Sehr spannend!

...indem wir komplexe molekulare Strukturen simulieren! 
 >>Physiker: Also, die Grundlagen dieser Algorithmen basieren auf Quantenmechanik. Das bedeutet, wir können viele Berechnungen gleichzeitig durchführen – etwas, was normale Computer nicht können. Diese Prinzipien sind entscheidend für die Effizienz von Grover's und Shor's Algorithmus.

>>Informatiker: Genau! Grover's Algorithmus kann zum Beispiel die Suche in großen Datenbanken viel schneller machen. Bei großen Datenmengen erzielen wir so erheblich schneller Ergebnisse. Und Shor's Algorithmus? Der beschleunigt die Faktorisierung großer Zahlen enorm und könnte damit viele kryptographische Systeme gefährden.

>>Technologie-Manager: Entschuldigung, ich verstehe das mit der Interferenz noch nicht ganz. Könnt ihr das nochmal erklären?

>>Physiker: Gute Frage! Also, Interferenzen werden genutzt, um bestimmte Lösungen zu verstärken und andere auszuschließen.

>>Informatiker: Ja genau! Es ist wie bei Wellen im Wasser – sie können sich gegenseitig verstärken oder auslöschen.

>>Physiker: Richtig! Und diese gezielte Nutzung von Interferenzen macht die Algorithmen so effizient. Ein weiterer Aspekt ist die Quantenfehlerkorrektur. Ohne diese wäre es unmöglich, stabile Berechnungen durchzuführen.

>>Informatiker: Was wirklich spannend ist, sind die praktischen Anwendungen dieser Algorithmen. Grover's Algorithmus kann uns helfen, Schwachstellen in großen Datenmengen schneller zu finden.

>>Technologie-Manager: Das klingt wirklich spannend! Ein Quantencomputer könnte unsere Sicherheitsstrategien komplett verändern.

>>Informatiker (schmunzelt): Ja genau! Und Shor's Algorithmus? Der könnte die gesamte Kryptographie revolutionieren und uns zwingen, neue Sicherheitsmethoden zu entwickeln. 
 >>Physiker: Also, es ist wichtig zu beachten, dass trotz der beeindruckenden Fortschritte bei der Anzahl der Qubits, wie zum Beispiel die 433-Qubit-Prozessoren, die wir kürzlich gesehen haben, die Herausforderung darin besteht, diese Zustände stabil und fehlerfrei zu halten. Die Dekohärenzzeiten und Fehlerquoten sind nach wie vor kritische Hürden. Ohne eine effektive Quantenfehlerkorrektur könnten diese Systeme ihre theoretischen Vorteile nicht voll ausschöpfen.

>>Informatiker: Ja, absolut! Die Stabilität und Fehlerkorrektur sind wirklich entscheidend. Aber was ich besonders spannend finde, ist die Frage, wie wir diese Technologien in der Praxis anwenden können. Zum Beispiel könnten Quantenalgorithmen in der Materialwissenschaft helfen, neue Materialien zu entdecken oder in der Finanzwelt komplexe Portfolios zu optimieren. Ich habe neulich von einem Projekt gehört, das versucht, mit Quantencomputern bessere Batterien für Elektroautos zu entwickeln.

>>Technologie-Manager: Gut, das klingt alles sehr vielversprechend! Aber wie sieht es mit den praktischen Herausforderungen aus? Ich meine konkret – welche Schritte müssen wir unternehmen? Und gibt es schon erste Erfolge?

>>Physiker: Nun ja, die theoretischen Grundlagen sind klar definiert. Aber die Stabilität der Qubits hängt stark von den Umgebungsbedingungen ab. Selbst kleinste Störungen können erhebliche Fehler verursachen. Wir arbeiten an neuen Kühltechniken und besseren Isolationsmethoden. Letzte Woche hatten wir einen Durchbruch bei einer neuen Methode zur Temperaturkontrolle.

>>Informatiker: Genau! Und wenn wir über praktische Anwendungen sprechen – stellen Sie sich vor, wie effizienter unsere globalen Logistiksysteme werden könnten durch Optimierung von Lieferketten mittels Quantenalgorithmen! Ein Kollege hat mir erzählt, dass ein großes Logistikunternehmen bereits Pilotprojekte startet.

>>Technologie-Manager: Das wäre wirklich revolutionär! Aber was ist mit den Kosten? Sind solche Systeme derzeit überhaupt wirtschaftlich tragbar? Und wie sieht es mit der Integration in unsere bestehenden IT-Infrastrukturen aus?

>>Physiker: Also... das ist eine berechtigte Frage. Die Kosten sind momentan noch sehr hoch. Aber mit fortschreitender Forschung und Entwicklung sollten sie sinken. Es ist ein langfristiges Investment. Was die Integration angeht – da gibt es noch viele offene Fragen zur Kompatibilität und Sicherheit.

>>Informatiker: Na ja, genau! Viele Technologien waren anfangs teuer und wurden dann erschwinglicher. Der Schlüssel liegt darin, jetzt weiterzuforschen und Innovationen voranzutreiben. Übrigens habe ich gelesen, dass einige Start-ups bereits daran arbeiten, hybride Systeme zu entwickeln – also klassische Computer kombiniert mit Quantencomputern.

>>Technologie-Manager: Verstanden. Wir müssen also sowohl technische als auch wirtschaftliche Aspekte im Auge behalten und sicherstellen... Moment mal... (lacht) Ich hoffe nur unser Budget hält das aus!

>>Alle (lachen)

>>Technologie-Manager: Ernsthaft jetzt – lasst uns konkrete nächste Schritte festlegen. Vielleicht sollten wir ein kleines Team zusammenstellen um mögliche Pilotprojekte zu identifizieren? Und regelmäßige Updates wären auch hilfreich.

>>Physiker: Gute Idee! Ich kann mich um die technischen Details kümmern und schauen welche Projekte am vielversprechendsten sind.

>>Informatiker: Super! Ich werde parallel dazu mögliche Anwendungsfälle recherchieren und Kontakte knüpfen.

>>Technologie-Manager: Perfekt! Dann treffen wir uns nächste Woche wieder um unsere Fortschritte zu besprechen. 
 >>Physiker: Also, wir sollten nicht vergessen, dass die Investitionen in Quantencomputing seit 2018 wirklich einen großen Unterschied gemacht haben. Die theoretischen Grundlagen, wie Superposition und Verschränkung, haben durch diese finanziellen Mittel erhebliche Fortschritte gemacht. Ein Beispiel dafür ist die Simulation von Quantensystemen, die uns erlaubt, neue Materialien und Medikamente zu entwickeln.

>>Informatiker: Ja, genau! Die Investitionen haben nicht nur theoretische Fortschritte ermöglicht, sondern auch praktische Anwendungen vorangetrieben. Ein spannendes Beispiel ist die Optimierung von Lieferketten durch Quantenalgorithmen. Diese Algorithmen können komplexe logistische Probleme effizienter lösen als klassische Methoden und somit erhebliche Kosteneinsparungen und Effizienzsteigerungen ermöglichen.

>>Technologie-Manager (unterbricht): Moment mal, wie genau funktionieren diese Quantenalgorithmen bei der Optimierung von Lieferketten?

>>Informatiker: Gute Frage! Im Wesentlichen nutzen sie Prinzipien der Quantenmechanik wie Superposition und Verschränkung, um mehrere mögliche Lösungen gleichzeitig zu berechnen. Dadurch finden sie schneller optimale Routen und Lagerstrategien.

>>Physiker: Genau! Und das zeigt auch wieder, wie wichtig diese Investitionen sind. Ohne sie wären solche praktischen Anwendungen kaum denkbar gewesen.

>>Informatiker: Ein interessanter Punkt ist auch, dass die Investitionen in Quantencomputing praktische Anwendungen in der Medizin ermöglicht haben. Zum Beispiel können Quantenalgorithmen genutzt werden, um Behandlungspläne für Krebspatienten zu optimieren. Diese Algorithmen können komplexe Daten analysieren und personalisierte Therapiepläne erstellen.

>>Technologie-Manager (nickt zustimmend): Das klingt wirklich vielversprechend!

>>(Handy klingelt im Hintergrund)

>>Technologie-Manager (entschuldigend): Oh je, das war mein Handy. Entschuldigung für die Unterbrechung.

>>(alle lächeln kurz)

>>Physiker: Kein Problem! Also wie ich sagte... Diese Fortschritte zeigen wirklich das Potenzial von Quantencomputern in verschiedenen Bereichen. 
 >>Informatiker: Also, die Bedrohung durch Quantencomputer für aktuelle kryptographische Systeme ist wirklich ernst zu nehmen. Ähm, Shor's Algorithmus könnte beispielsweise RSA-Verschlüsselungen knacken, was viele unserer heutigen Sicherheitsprotokolle gefährden würde. Aber es gibt auch Hoffnung: Post-Quanten-Kryptographie entwickelt sich schnell und könnte uns helfen, diese neuen Herausforderungen zu meistern.

>>Technologie-Manager: Da stimme ich zu! Außerdem eröffnet uns die Entwicklung von Post-Quanten-Kryptographie nicht nur Schutz vor zukünftigen Bedrohungen, sondern auch neue Geschäftsfelder. Das ist eine riesige Chance für Innovationen in der Sicherheitsbranche!

>>Physiker: Ja genau! Und die theoretischen Grundlagen der Quantenmechanik bieten uns echt coole Möglichkeiten. Superposition und Verschränkung sind einzigartige Werkzeuge, um sicherere Verschlüsselungstechniken zu entwickeln.

>>Informatiker: Absolut! Es ist bemerkenswert, wie Quantenalgorithmen nicht nur Bedrohungen darstellen...

>>Technologie-Manager (unterbricht): Entschuldigung, darf ich kurz einhaken?

>>Informatiker: Klar.

>>Technologie-Manager: Danke! Ich wollte nur hinzufügen, dass diese Entwicklungen auch erhebliche Investitionen erfordern werden. Wir müssen sicherstellen...

>>Physiker (überlappt leicht): Absolut richtig! Und das bringt mich zu einem weiteren Punkt...

>>Technologie-Manager: ...dass wir genügend Ressourcen bereitstellen.

>>Physiker: Genau! Die Superposition und Verschränkung bieten uns einzigartige Werkzeuge... 
 >>Informatiker: Also, Ionenfallen sind wirklich faszinierend! Sie bieten eine hohe Präzision und Stabilität, was sie ideal für komplexe Berechnungen macht. Ein interessanter Punkt ist, dass sie bereits in der Praxis getestet wurden und vielversprechende Ergebnisse liefern.

>>Technologie-Manager: Gut, die Ionenfallen sind beeindruckend, aber wir müssen auch die kommerziellen Anwendungen im Blick behalten. Supraleitende Schaltkreise haben den Vorteil der Skalierbarkeit und die vorhandene Infrastruktur in vielen Industrien. Das könnte uns helfen, schneller marktreife Produkte zu entwickeln!

>>Physiker: Genau! Supraleitende Schaltkreise ermöglichen es uns, Qubits mit niedrigen Fehlerquoten und hoher Kohärenzzeit zu betreiben. Diese Technologie kann bereits in vielen Industrien integriert werden, was ihre Skalierbarkeit verbessert.

>>Informatiker: Es ist spannend zu sehen, wie sich die verschiedenen Ansätze ergänzen können. Ionenfallen bieten Präzision und Stabilität, während supraleitende Schaltkreise durch ihre Skalierbarkeit punkten. Wie könnten wir diese Technologien kombinieren?

>>Physiker: Nun...

>>Technologie-Manager (unterbricht): Moment mal - wir sollten auch über die Kosten nachdenken. Wie teuer wäre so ein hybrides System?

>>Physiker: Gute Frage! Die Kosten könnten höher sein als bei einzelnen Systemen. Aber wenn man bedenkt...

>>Informatiker (überlappt): ...die langfristigen Vorteile könnten das rechtfertigen.

>>Physiker: Genau! Die Präzision der Ionenfallen könnte genutzt werden, um die Fehlerkorrektur in supraleitenden Systemen zu verbessern. Das wäre ein bedeutender Schritt zur Erhöhung der Stabilität von Quantencomputern!

>>(Lächeln im Raum)

>>Informatiker (lächelnd): Stellen Sie sich vor... wir nutzen die Präzision der Ionenfallen für die Fehlerkorrektur und kombinieren das mit der Skalierbarkeit der supraleitenden Schaltkreise. Das könnte uns wirklich einen großen Schritt nach vorne bringen!

>>(Technologie-Manager nickt zustimmend)

>>Technologie-Manager: Das klingt vielversprechend! Lassen Sie uns diese Ideen weiter untersuchen und nächste Woche wieder treffen, um die Ergebnisse zu besprechen. 
 >>Physiker: Also, es ist wichtig zu beachten, dass die theoretischen Grundlagen der Quantenmechanik uns nicht nur neue Algorithmen ermöglichen, sondern auch innovative Ansätze zur Fehlerkorrektur bieten. Ein Beispiel dafür ist die Verwendung von topologischen Qubits, die eine höhere Fehlertoleranz aufweisen und somit stabilere Berechnungen ermöglichen könnten.

>>Informatiker: Na ja, schauen wir mal, wie Quantenalgorithmen in der Praxis wirklich einen Unterschied machen können. Ein interessanter Punkt ist die Optimierung von Verkehrsflüssen in Städten. Stellen Sie sich vor, wir könnten Staus in Echtzeit vermeiden und den Verkehr effizienter gestalten. Das klingt vielversprechend!

>>Technologie-Manager: Moment mal, darf ich kurz einwerfen? Ich habe gelesen, dass einige Städte bereits Pilotprojekte mit Quantencomputern durchführen. Wissen Sie mehr darüber?

>>Informatiker: Ja, tatsächlich! Einige Städte wie Singapur und Barcelona experimentieren bereits damit. Die Ergebnisse sind vielversprechend.

>>Physiker: Interessant! Ich erinnere mich an ein Projekt mit topologischen Qubits. Die Stabilität und Fehlertoleranz waren beeindruckend! Es war faszinierend zu sehen, wie diese theoretischen Konzepte in der Praxis funktionieren.

>>Informatiker: Das ist spannend! Ich erinnere mich an ein Projekt zur Optimierung von Lieferketten mit Quantenalgorithmen. Die Effizienzsteigerung um 30% war erstaunlich! Wie sehen Sie das Potenzial in anderen Bereichen, zum Beispiel in der Medizin?

>>Physiker: In der Medizin gibt es großes Potenzial für personalisierte Behandlungspläne basierend auf genetischen Informationen. Mit Quantenalgorithmen könnten wir diese Pläne viel schneller erstellen.

>>Technologie-Manager: Das könnte wirklich nützlich sein! Gibt es schon konkrete Anwendungen?

>>Physiker: Ja, einige Forschungsgruppen arbeiten daran. Besonders bei der Analyse großer Datenmengen aus Genomsequenzierungen könnten Quantencomputer enorme Vorteile bieten.

>>Informatiker: Und was ist mit anderen Industrien? Sehen Sie ähnliche Fortschritte dort?

>>Physiker: Absolut. In der Finanzbranche zum Beispiel könnten komplexe Risikomodelle schneller berechnet werden. Auch im Bereich Materialwissenschaften gibt es spannende Entwicklungen. 
 >>Technologie-Manager: Nun, das ist wirklich spannend! Ich erinnere mich an eine Konferenz in Barcelona, wo ein Start-up gezeigt hat, wie sie Quantenalgorithmen nutzen, um Verkehrsflüsse zu optimieren. Das war beeindruckend! Ein entscheidender Vorteil ist die Fähigkeit, Echtzeitdaten zu verarbeiten und sofortige Anpassungen vorzunehmen.

>>Informatiker: Ja, das klingt vielversprechend! Wir haben auch ein Projekt zur Optimierung von Lieferketten mit Quantenalgorithmen durchgeführt. Die Effizienzsteigerung war bemerkenswert - über 30%. Diese Algorithmen sind nicht nur schneller, sondern auch flexibler bei unvorhergesehenen Ereignissen.

>>Physiker: Genau! Es ist faszinierend, wie Quantenalgorithmen in Echtzeit Verkehrsflüsse optimieren können.

>>Technologie-Manager (unterbricht): Sorry für die Unterbrechung - könnten Sie das mit den unvorhergesehenen Ereignissen noch einmal erklären? Das finde ich besonders interessant.

>>Informatiker: Klar! Diese Algorithmen reagieren durch ihre Struktur besser auf plötzliche Änderungen. Zum Beispiel bei einem Unfall im Verkehrssystem oder einer unerwarteten Nachfrageänderung in der Lieferkette.

>>Physiker: Ah ja, genau! Wir hatten mal ein Experiment während meines Studiums, bei dem wir die Superposition von Qubits nutzten, um die optimale Route für einen Lieferdienst zu berechnen. Die Ergebnisse waren so präzise!

>>(alle nicken zustimmend)

>>Informatiker: Interessant! Wir haben auch an einem Projekt zur Optimierung von Finanzportfolios mit Quantenalgorithmen gearbeitet. Die Risikobewertung und Renditeoptimierung konnten erheblich verbessert werden. Auch hier zeigt sich wieder die Flexibilität dieser Algorithmen gegenüber Marktveränderungen.

>>(Ein Handy klingelt im Hintergrund)

>>Technologie-Manager (lacht): Oh je, entschuldigt bitte - das war mein Handy.

>>(alle lächeln kurz)

>>Physiker: Kein Problem! Es ist wichtig zu beachten...

>>(jemand hustet leise)

>>Physiker (lächelnd): Gesundheit!

>>(alle lächeln)

>>Physiker: ...dass die Superposition und Verschränkung von Qubits es ermöglichen mehrere Zustände gleichzeitig zu berechnen. Das eröffnet unglaubliche Möglichkeiten für Echtzeitanwendungen! 
 >>Technologie-Manager: Nun, das ist wirklich faszinierend! Aber lassen Sie uns auch die kommerziellen Anwendungen nicht vergessen. Ein entscheidender Vorteil ist, dass Quantenalgorithmen in der Lage sind, komplexe Optimierungsprobleme in der Logistik und Finanzwelt viel schneller zu lösen als klassische Algorithmen. Das könnte enorme wirtschaftliche Vorteile bringen!

>>Informatiker: Schauen wir mal, das ist spannend! Aber ich muss sagen, dass die kommerziellen Anwendungen nicht alles sind. Ähm, es gibt auch viele praktische Herausforderungen, die oft übersehen werden. Zum Beispiel die Dekohärenzzeiten und Fehlerquoten – diese technischen Hürden können den wirtschaftlichen Nutzen erheblich einschränken.

>>Physiker: Genau, und die Grundlagen der Quantenmechanik wie Superposition und Verschränkung sind entscheidend für die Leistung von Quantenalgorithmen. Diese Prinzipien ermöglichen es uns, komplexe Probleme effizienter zu lösen als mit klassischen Computern.

>>Technologie-Manager (interjects): Entschuldigung, darf ich kurz einhaken? Was genau meinen Sie mit Dekohärenzzeiten?

>>Informatiker: Gute Frage! Dekohärenzzeiten beziehen sich auf die Zeitspanne, in der ein Quantensystem kohärent bleibt und korrekt funktioniert. Wenn diese Zeiten zu kurz sind oder Fehlerquoten zu hoch werden...

>>Physiker (unterbricht): ...dann wird es schwierig, stabile Berechnungen durchzuführen. Das sind große Herausforderungen.

>>Technologie-Manager: Das sind wichtige Punkte, aber da unser Zeitplan sich geändert hat und wir nur noch 15 Minuten haben, sollten wir vielleicht die wichtigsten Herausforderungen zusammenfassen.

>>Informatiker: Oh okay, danke für den Hinweis. Dann sollten wir direkt zu den Lösungen kommen.

>>Physiker: Absolut! Wie bereits erwähnt sind Dekohärenzzeiten und Fehlerquoten große Herausforderungen. Lassen Sie uns daher auf mögliche Lösungen eingehen. 
 >>Technologie-Manager: Gut, lassen Sie uns die innovativen Ideen zusammenfassen, die wir bisher besprochen haben. Ein entscheidender Vorteil von Quantencomputern ist ihre Fähigkeit zur Optimierung von Lieferketten und Finanzportfolios. Wir sollten Pilotprojekte in diesen Bereichen starten, um konkrete Ergebnisse zu erzielen.

>>Informatiker: Ja, das klingt nach einem guten Plan. Die Optimierung durch Quantenalgorithmen ist wirklich spannend! Diese Algorithmen sind nicht nur theoretisch effizienter, sondern haben auch in der Praxis bereits beeindruckende Ergebnisse gezeigt. Was denken Sie über die nächsten Schritte zur Implementierung dieser Technologien? Vielleicht sollten wir uns auf spezifische Projekte konzentrieren, um konkrete Daten zu sammeln.

>>Physiker: Also, es ist wichtig zu beachten, dass die Grundlagen der Quantenmechanik wie Superposition und Verschränkung entscheidend für die Leistungsfähigkeit von Quantencomputern sind. Um jedoch Fortschritte zu erzielen, sollten wir gezielt an der Verbesserung der Dekohärenzzeiten und Reduktion der Fehlerquoten arbeiten.

>>Technologie-Manager: Stimmt! Wir müssen sicherstellen, dass diese Projekte gut geplant sind und klare Ziele haben. Es wäre sinnvoll, ein Team aus Experten zusammenzustellen.

>>Informatiker: Na ja, ich denke auch, dass wir eng mit den Unternehmen zusammenarbeiten sollten, die diese Technologien nutzen werden. Ihre Rückmeldungen könnten uns helfen, unsere Ansätze anzupassen.

>>Physiker: Absolut! Und während wir an diesen Projekten arbeiten, sollten wir auch kontinuierlich die neuesten Forschungsergebnisse berücksichtigen.

>>Technologie-Manager: Genau. Lassen Sie uns also einen klaren Plan erstellen und sicherstellen, dass alle Beteiligten auf dem gleichen Stand sind. Wer könnte sich um das erste Pilotprojekt im Bereich Logistik kümmern?

>>Informatiker: Ich kann das übernehmen und mit unserem Partnerunternehmen sprechen.

>>Physiker: Ich werde parallel dazu an den technischen Herausforderungen arbeiten und sicherstellen, dass wir aktuelle Forschungsergebnisse einbeziehen.

>>Technologie-Manager: Perfekt. Dann halten wir nächste Woche ein Update-Meeting ab und besprechen den Fortschritt.","**Meeting Summary: Innovation Forum - Quantencomputer**

In der Sitzung wurde die Funktionsweise und das Potenzial von Quantencomputern diskutiert. Ein Quantenprozessor nutzt die Gesetze der Quantenmechanik, um Informationen in Qubits zu verarbeiten, was Superpositionszustände und Quantenverschränkung ermöglicht. Diese Eigenschaften könnten die Berechnungszeit für komplexe Probleme erheblich verkürzen.

Es wurde hervorgehoben, dass theoretische Studien zeigen, dass Quantenalgorithmen wie der Grover-Algorithmus und der Shor-Algorithmus bestimmte Aufgaben effizienter lösen können als klassische Algorithmen. Der Begriff ""Quantencomputer"" wurde erstmals 1981 auf einer Konferenz am MIT durch Paul Benioff und Richard Feynman geprägt.

Die praktische Umsetzung von Quantencomputern ist jedoch noch eine Herausforderung. Trotz Fortschritten, wie dem Bau von Prozessoren mit bis zu 433 Qubits, sind geringe Fehlerquoten und stabile Zustände entscheidend für den Erfolg. Seit 2018 investieren Regierungen und Unternehmen weltweit in diese Technologie.

Ein weiteres Thema war die Sicherheit von Rechnungen mit Quantencomputern, insbesondere in kryptographischen Anwendungen. Es wurden auch verschiedene Implementierungsansätze besprochen, darunter supraleitende Schaltkreise und Ionenfallen.

Abschließend wurde betont, dass trotz beeindruckender Fortschritte noch viele Herausforderungen bestehen, bevor kommerziell nutzbare Quanten"
"In dem Meeting diskutierten Experten die neuesten Entwicklungen in der Blockchain-Technologie und deren wirtschaftliche Auswirkungen. Der Blockchain-Experte betonte die Bedeutung innovativer Ansätze zur Bewältigung technischer und wirtschaftlicher Herausforderungen. Der Kryptowährungs-Analyst hob die Notwendigkeit langfristiger Investitionen hervor, während der IT-Sicherheitsberater auf Sicherheitsaspekte wie 51%-Angriffe hinwies. Der Wirtschaftsprüfer sah großes Potenzial für die Effizienzsteigerung in Prüfungsprozessen durch Blockchain.

Es wurden verschiedene Konsensmechanismen wie Proof of Work (PoW), Proof of Stake (PoS) und Delegated Proof of Stake (DPoS) sowie deren Vor- und Nachteile erörtert. Die Teilnehmer diskutierten auch über praktische Anwendungen von Blockchain, etwa im Supply Chain Management bei Walmart oder IBM, sowie über regulatorische Herausforderungen und die Integration neuer Technologien.

Ein weiterer Schwerpunkt lag auf der Energieeffizienz von Blockchain-Technologien und möglichen Lösungen wie Proof of Space. Die Diskussion umfasste auch Smart Contracts, Interoperabilität zwischen verschiedenen Blockchain-Netzwerken und quantensichere Algorithmen als zukünftige Sicherheitsmaßnahmen.

Abschließend einigten sich die Teilnehmer darauf, relevante Fallstudien zu analysieren, Workshops zu planen und eng mit Behörden zusammenzuarbeiten, um klare Richtlinien zu schaffen. Langfristige Investitionen, technische Machbarkeit und Sicherheit wurden als zentrale Faktoren für den Erfolg der Blockchain-Technologie identifiziert.",">>Blockchain-Experte: Guten Morgen zusammen! Ich freue mich, dass wir heute hier sind, um über die neuesten Entwicklungen in der Blockchain-Technologie zu sprechen. Unser Ziel ist es, innovative Ansätze und Lösungen zu identifizieren, die sowohl technische als auch wirtschaftliche Herausforderungen adressieren können.

>>Kryptowährungs-Analyst: Ja, das klingt spannend! Besonders interessiert mich, wie wir die wirtschaftlichen Auswirkungen der Blockchain-Technologie besser verstehen und nutzen können. Langfristige Investitionen sind der Schlüssel – aber wie können wir sicherstellen, dass diese Technologien auch ökonomisch sinnvoll bleiben?

>>IT-Sicherheitsberater: Da stimme ich zu! Sicherheit spielt bei der Implementierung von Blockchain-Technologien eine zentrale Rolle. Wir müssen sicherstellen, dass die Integrität und Vertraulichkeit der Daten gewährleistet sind. Welche Maßnahmen sollten wir ergreifen?

>>Wirtschaftsprüfer: Genau! Es ist wichtig, dass wir nicht nur die technischen und wirtschaftlichen Aspekte betrachten, sondern auch die praktischen Anwendungen in der Wirtschaftsprüfung im Blick haben. Wie können wir sicherstellen, dass Blockchain-Technologien effizient in unseren Prüfungsprozessen eingesetzt werden?

>>Blockchain-Experte: Absolut! Ohne eine solide technische Basis können wir keine nachhaltigen wirtschaftlichen Vorteile erzielen. Was denkt ihr darüber?

>>Kryptowährungs-Analyst: Das sehe ich genauso! Wir sollten auch darüber nachdenken, wie sich die Blockchain-Technologie auf verschiedene Branchen auswirken kann. Zum Beispiel könnte der Finanzsektor stark davon profitieren...

>>IT-Sicherheitsberater: Ja genau! Und dabei dürfen wir die potenziellen Sicherheitsrisiken nicht außer Acht lassen – insbesondere 51%-Angriffe und Zentralisierung durch große Stakeholder sind kritisch. Welche Maßnahmen sollten wir ergreifen?

>>Wirtschaftsprüfer: Guter Punkt! Ich denke oft darüber nach, wie man Standards setzen kann, um solche Risiken zu minimieren und gleichzeitig Effizienzgewinne zu maximieren.

>>Blockchain-Experte: Interessant! Wir sollten auch über verschiedene Konsensverfahren sprechen – wie Proof of Work und Proof of Stake – und deren jeweilige Vor- und Nachteile analysieren. Hat jemand von euch schon praktische Erfahrungen damit gemacht? 
 >>IT-Sicherheitsberater: Ähm, bevor wir uns in die Details der Konsensverfahren vertiefen, sollten wir sicherstellen, dass alle die grundlegenden Konzepte einer Blockchain verstehen. Eine Blockchain ist im Wesentlichen eine kontinuierlich wachsende Liste von Datensätzen, die in Blöcken organisiert sind.

>>Blockchain-Experte: Genau! Und jeder Block enthält einen kryptographischen Hash des vorhergehenden Blocks, einen Zeitstempel und Transaktionsdaten. Das sorgt dafür, dass jede Änderung sofort erkannt wird und die Integrität der Kette erhalten bleibt.

>>Kryptowährungs-Analyst: Interessant! Also wenn ich das richtig verstehe, bedeutet das auch, dass jede Manipulation an einem Block sofort auffallen würde?

>>Blockchain-Experte: Richtig. Und weil es dezentral verwaltet wird, gibt es keine zentrale Autorität, was das System noch sicherer macht.

>>Wirtschaftsprüfer: Aus Sicht der Wirtschaftsprüfung ist diese Struktur besonders wertvoll. Die unveränderbare Dokumentation jeder Transaktion schafft Vertrauen durch Transparenz und reduziert das Risiko von Manipulationen erheblich.

>>IT-Sicherheitsberater: Ja, aber wir dürfen nicht vergessen, dass trotz aller Vorteile auch Risiken bestehen bleiben. Ein 51%-Angriff könnte katastrophale finanzielle Folgen haben.

>>Kryptowährungs-Analyst: Stimmt. Ein solcher Angriff würde bedeuten, dass jemand mehr als die Hälfte der Rechenleistung kontrolliert und somit Transaktionen manipulieren könnte. Langfristige Investitionen sind nur dann sinnvoll, wenn die Sicherheitsaspekte solide sind.

>>Wirtschaftsprüfer: Ehrlich gesagt sehe ich hier großes Potenzial für unsere Branche. Die Möglichkeit zur lückenlosen Nachverfolgung aller Transaktionen könnte Prüfprozesse revolutionieren und deutlich effizienter gestalten.

>>Blockchain-Experte: Absolut! Aber wie seht ihr das mit den praktischen Anwendungen? Zum Beispiel nutzt Walmart bereits Blockchain-Technologie zur Rückverfolgbarkeit ihrer Lieferkette. Das zeigt doch schon jetzt den Nutzen in der Praxis.

>>IT-Sicherheitsberater: Guter Punkt! Solche Beispiele zeigen wirklich den Mehrwert auf. Aber wir müssen ständig an neuen Sicherheitsmaßnahmen arbeiten, um solche Systeme zu schützen.

>>Kryptowährungs-Analyst: Da stimme ich zu! Es gibt immer Raum für Verbesserungen bei der Sicherheitstechnik. Aber insgesamt bietet die Blockchain-Technologie bereits jetzt ein hohes Maß an Sicherheit und Transparenz.

>>Wirtschaftsprüfer: Ich sehe das genauso. Allerdings frage ich mich manchmal, ob die Implementierungskosten nicht zu hoch sind für kleinere Unternehmen?

>>Blockchain-Experte: Das ist eine berechtigte Frage. Die Kosten können hoch sein, aber langfristig gesehen könnten sie durch Effizienzgewinne und reduzierte Betrugsrisiken ausgeglichen werden. 
 >>Kryptowährungs-Analyst: Interessant! Satoshi Nakamoto hat mit Bitcoin 2009 die Grundlage für heutige Kryptowährungen geschaffen. Wie seht ihr die Auswirkungen auf finanzielle Stabilität und Vertrauen?

>>Blockchain-Experte: Ja, und auch die frühe Arbeit von Haber und Stornetta war wichtig für die Blockchain-Technologie. Was denkt ihr über die Sicherheitsaspekte?

>>IT-Sicherheitsberater: Wenn wir über die historische Entwicklung der Blockchain sprechen, sollten wir auch die Sicherheitsaspekte nicht außer Acht lassen. Die frühen Konzepte haben gezeigt, wie wichtig es ist, digitale Dokumente manipulationssicher zu machen. Aber wie seht ihr die Herausforderungen bei der Implementierung neuer Blockchain-Anwendungen?

>>Blockchain-Experte: Genau, das sehe ich auch so. Nick Szabo hat ebenfalls wichtige Grundlagen gelegt mit seinem Konzept von 'Bit Gold'. Diese Ideen haben den Weg für Bitcoin geebnet.

>>Kryptowährungs-Analyst: Spannend! Die frühe Arbeit von Haber und Stornetta sowie später von Nakamoto hat definitiv das Vertrauen in digitale Währungen gestärkt. Aber ehrlich gesagt, wie seht ihr die langfristigen wirtschaftlichen Auswirkungen dieser Technologien? Könnten sie traditionelle Finanzsysteme ersetzen oder ergänzen?

>>Wirtschaftsprüfer: Also ich denke schon... Traditionelle Banken müssen sich definitiv anpassen! Die Effizienzgewinne durch Blockchain sind einfach zu groß zum Ignorieren. Es wird spannend sein zu sehen...

>>Kryptowährungs-Analyst: Ein gutes Beispiel ist der Einsatz von Blockchain im Supply Chain Management bei Unternehmen wie IBM. Glaubt ihr wirklich daran? Müssen traditionelle Banken sich anpassen oder riskieren sie irrelevant zu werden? 
 >>Blockchain-Experte: Also, wenn wir über Konsensmechanismen sprechen, ist es wichtig zu verstehen, dass Proof of Work (PoW) und Proof of Stake (PoS) unterschiedliche Ansätze zur Sicherstellung der Integrität und Sicherheit einer Blockchain verfolgen. PoW erfordert erhebliche Rechenleistung zur Lösung komplexer mathematischer Probleme, was die Manipulation erschwert. PoS hingegen basiert auf dem Anteil der Teilnehmer am Netzwerk, was weniger energieintensiv ist.

>>IT-Sicherheitsberater: Ja, genau. Wenn wir über die Sicherheitsaspekte von PoW und PoS sprechen, sollten wir auch die Risiken berücksichtigen. Bei PoW besteht das Risiko eines 51%-Angriffs, bei dem ein Angreifer mehr als die Hälfte der Rechenleistung kontrolliert. Bei PoS hingegen könnte eine Zentralisierung durch große Stakeholder problematisch sein.

>>Kryptowährungs-Analyst: Interessant! Da stellt sich doch die Frage: Wie beeinflusst das die Marktstabilität und das Vertrauen der Investoren? Ich meine, PoS könnte langfristig nachhaltiger sein wegen der geringeren Energieintensität.

>>Blockchain-Experte: Genau! Und wenn wir über die Effizienz von PoS sprechen, sollten wir auch Delegated Proof of Stake (DPoS) in Betracht ziehen. Das kann die Skalierbarkeit und Geschwindigkeit des Netzwerks erheblich verbessern.

>>IT-Sicherheitsberater: Stimmt, aber wie sieht es mit den Sicherheitsrisiken bei DPoS aus? Könnte das nicht auch zu einer Art Zentralisierung führen?

>>Kryptowährungs-Analyst: Ja, das ist ein guter Punkt. Die wirtschaftlichen Auswirkungen sind spannend. Langfristig könnte PoS nicht nur nachhaltiger sein, sondern auch das Vertrauen der Investoren stärken. Aber wie du sagst, könnten große Stakeholder eine Zentralisierung verursachen und somit das Vertrauen beeinträchtigen.

>>Blockchain-Experte: Ein weiterer interessanter Mechanismus ist Proof of Burn (PoB). Hierbei werden Coins absichtlich zerstört oder ""verbrannt"", um das Netzwerk zu sichern. Dies schafft eine Art von 'Opfergabe', die Manipulationen erschwert und gleichzeitig die Verfügbarkeit der Währung reduziert.

>>IT-Sicherheitsberater: Ähm... ja, aber wie effektiv ist dieser Mechanismus wirklich? Gibt es praktische Beispiele dafür?

>>Kryptowährungs-Analyst (unterbrechend): Weißt du was? Das erinnert mich an einige Projekte in den letzten Jahren... Einige haben tatsächlich Proof of Burn implementiert und behaupten dadurch mehr Sicherheit erreicht zu haben.

>>Blockchain-Experte: Genau! Und dann gibt es noch Proof of Space (PoSpace). Hierbei wird Speicherplatz als Ressource genutzt, um das Netzwerk zu sichern. Dies könnte eine energieeffizientere Alternative zu PoW darstellen und gleichzeitig Dezentralisierung fördern.

>>IT-Sicherheitsberater: Interessant! Aber welche Herausforderungen gibt es bei der Implementierung von Proof of Space?

>>Kryptowährungs-Analyst: Also ehrlich gesagt... Es klingt vielversprechend in Bezug auf Energieeffizienz. Aber wie sieht es mit der praktischen Umsetzung aus? Gibt es schon erfolgreiche Beispiele? 
 >>Blockchain-Experte: Interessant! Es gibt bereits einige erfolgreiche Implementierungen. Ein Beispiel ist die Nutzung von Blockchain zur Verfolgung von Lieferketten, wie bei Walmart. Hier wird die gesamte Lieferkette transparent und manipulationssicher dokumentiert, was Vertrauen durch Transparenz schafft.

>>IT-Sicherheitsberater: Ich möchte hier auf die Sicherheitsaspekte eingehen. Bei der Nutzung von Blockchain zur Verwaltung medizinischer Informationen ist es entscheidend, dass die Datenintegrität und Vertraulichkeit gewährleistet sind. Wie können wir sicherstellen, dass nur autorisierte Personen Zugriff auf diese sensiblen Daten haben?

>>Blockchain-Experte: Genau, das ist ein wichtiger Punkt. Um sicherzustellen, dass nur autorisierte Personen Zugriff auf medizinische Daten haben, können wir kryptographische Verfahren wie Zero-Knowledge-Proofs einsetzen. Diese ermöglichen es, die Echtheit der Daten zu verifizieren, ohne die eigentlichen Daten preiszugeben.

>>Kryptowährungs-Analyst: Das ist wirklich interessant! Aber wenn wir über wirtschaftliche Auswirkungen sprechen, sollten wir auch die Energieeffizienz der Blockchain-Technologie berücksichtigen. Der Markt ist volatil und langfristige Investitionen sind der Schlüssel. Aber wie können wir sicherstellen, dass diese Technologien nachhaltig bleiben?

>>IT-Sicherheitsberater: Das Thema der Energieeffizienz ist tatsächlich besorgniserregend. Wenn wir über die Implementierung von Blockchain in Bereichen wie medizinische Informationen oder elektronische Stimmabgabe sprechen – welche Maßnahmen könnten wir ergreifen, um eine Balance zwischen Sicherheit und Nachhaltigkeit zu erreichen?

>>Blockchain-Experte: Ein interessanter Ansatz zur Verbesserung der Energieeffizienz wäre vielleicht die Nutzung von Proof of Space. Dieses Verfahren nutzt Speicherplatz anstelle von Rechenleistung und reduziert den Energieverbrauch erheblich.

>>Wirtschaftsprüfer: Also gut... Ein weiterer spannender Anwendungsfall für Blockchain ist die elektronische Stimmabgabe. Durch kryptographische Verfahren und dezentrale Netzwerke können wir sicherstellen, dass jede Stimme unveränderlich und transparent aufgezeichnet wird. Dies könnte das Vertrauen in Wahlprozesse erheblich stärken!

>>IT-Sicherheitsberater: Ich möchte noch einmal betonen, wie wichtig die Sicherheit bei der elektronischen Stimmabgabe ist. Wie können wir sicherstellen, dass das System gegen Manipulationen geschützt ist und gleichzeitig die Anonymität der Wähler gewahrt bleibt? Sicherheit hat oberste Priorität! 
 >>Blockchain-Experte: Also, wenn wir über die Zukunft der Blockchain-Technologie nachdenken, sollten wir auch die Entwicklung von Quantencomputern berücksichtigen. Diese könnten die derzeitigen kryptographischen Verfahren in Frage stellen und erfordern möglicherweise neue Ansätze zur Sicherung der Blockchain.

>>Kryptowährungs-Analyst: Ja, das ist ein wichtiger Punkt. Quantencomputer könnten wirklich eine Bedrohung darstellen. Ähm, aber ich denke auch an die wirtschaftlichen Auswirkungen. Langfristige Investitionen sind entscheidend! Die Integration von Blockchain in verschiedene Branchen könnte enorme Effizienzgewinne bringen und neue Geschäftsmodelle ermöglichen.

>>IT-Sicherheitsberater: Genau, Sicherheit hat oberste Priorität! Wir müssen uns dringend mit quantensicheren Algorithmen auseinandersetzen, um die Integrität und Sicherheit der Blockchain zu gewährleisten. 

>>Blockchain-Experte: Und wenn wir über die Zukunft der Blockchain-Technologie sprechen, sollten wir auch die Integration von IoT-Geräten in Betracht ziehen. Diese könnten durch Blockchain gesichert werden, um Datenintegrität und -sicherheit zu gewährleisten. Dezentralisierung ist hier der Schlüssel!

>>Wirtschaftsprüfer: Das stimmt! Aber ehrlich gesagt, sehe ich auch Herausforderungen bei der praktischen Umsetzung dieser Technologien in bestehenden Systemen. Wie können wir sicherstellen, dass diese neuen Technologien nahtlos integriert werden?

>>Blockchain-Experte: Ein guter Punkt! Ein weiterer Aspekt ist die Entwicklung von Interoperabilitätsprotokollen. Diese könnten es ermöglichen, dass verschiedene Blockchain-Netzwerke miteinander kommunizieren und Transaktionen übergreifend abwickeln können. Das würde die Effizienz und Anwendbarkeit der Technologie erheblich steigern.

>>Kryptowährungs-Analyst: Absolut! Und was ist mit Smart Contracts? Diese selbstausführenden Verträge könnten viele Branchen revolutionieren, indem sie Transparenz und Effizienz erhöhen.

>>IT-Sicherheitsberater: Ja, Smart Contracts sind definitiv ein spannendes Thema. Aber wie sieht es mit den Sicherheitsrisiken aus? Ähm, gibt es bereits Lösungen für potenzielle Schwachstellen?

>>Blockchain-Experte: Tatsächlich gibt es einige vielversprechende Ansätze zur Verbesserung der Sicherheit von Smart Contracts. Es bleibt jedoch noch viel zu tun in diesem Bereich.

>>Wirtschaftsprüfer: Interessant! Ich denke auch an regulatorische Herausforderungen. Wie können wir sicherstellen, dass diese neuen Technologien den gesetzlichen Anforderungen entsprechen?

>>Kryptowährungs-Analyst: Gute Frage! Die Regulierung wird sicherlich eine große Rolle spielen bei der zukünftigen Entwicklung von Blockchain-Technologien.

>>IT-Sicherheitsberater: Vielleicht sollten wir konkrete Beispiele betrachten? Zum Beispiel arbeitet IBM bereits an quantensicheren Algorithmen für ihre Blockchain-Plattformen.

>>Blockchain-Experte: Genau! Und Unternehmen wie Maersk nutzen bereits erfolgreich Blockchain für ihre Lieferkettenmanagement-Systeme.

>>Wirtschaftsprüfer: Das sind gute Beispiele! Vielleicht sollten wir uns darauf konzentrieren, solche Fallstudien genauer zu analysieren und daraus Best Practices abzuleiten.

>>Kryptowährungs-Analyst: Klingt nach einem Plan. Sollen wir dann als nächstes eine Liste relevanter Fallstudien zusammenstellen und analysieren?

>>IT-Sicherheitsberater: Ja, das wäre sinnvoll. Außerdem sollten wir einen Workshop planen, um quantensichere Algorithmen näher zu beleuchten.

>>Blockchain-Experte: Einverstanden! Lassen Sie uns diese Punkte festhalten und nächste Woche wieder treffen, um unsere Erkenntnisse auszutauschen. 
 >>Kryptowährungs-Analyst: Also, wenn wir die Ideen priorisieren, sollten wir unbedingt die wirtschaftlichen Auswirkungen und das langfristige Potenzial berücksichtigen. Langfristige Investitionen sind der Schlüssel, aber auch die kurzfristige Machbarkeit darf nicht vernachlässigt werden.

>>Blockchain-Experte: Genau, und wenn wir über die technische Machbarkeit sprechen, sollten wir auch die verschiedenen Konsensmechanismen berücksichtigen. Proof of Stake könnte beispielsweise eine energieeffizientere Alternative zu Proof of Work sein, weil es weniger Rechenleistung benötigt und somit langfristig sowohl wirtschaftliche als auch ökologische Vorteile bringen könnte.

>>IT-Sicherheitsberater: Ich denke, wir sollten auch die Sicherheitsaspekte und das Risikomanagement im Auge behalten. Sicherheit hat oberste Priorität! Besonders bei der Implementierung neuer Konsensmechanismen wie Proof of Stake müssen wir sicherstellen, dass keine neuen Schwachstellen entstehen.

>>Blockchain-Experte: Interessanter Punkt! Wenn wir die verschiedenen Konsensmechanismen betrachten, sollten wir auch die Skalierbarkeit und Energieeffizienz von Proof of Space in Betracht ziehen. Dieser Mechanismus könnte eine nachhaltigere Alternative darstellen und gleichzeitig hohe Sicherheitsstandards gewährleisten.

>>Kryptowährungs-Analyst: Spannend! Wenn wir über die wirtschaftlichen Auswirkungen sprechen, sollten wir auch die regulatorischen Herausforderungen nicht vergessen. Ohne klare Richtlinien könnten viele innovative Ideen ins Stocken geraten.

>>Wirtschaftsprüfer: Genau! Und um diese regulatorischen Herausforderungen zu meistern, könnten wir eng mit den Behörden zusammenarbeiten und sicherstellen, dass unsere Technologien den aktuellen Vorschriften entsprechen.

>>Blockchain-Experte: Richtig! Und wenn wir über Interoperabilität zwischen verschiedenen Blockchain-Netzwerken sprechen, sollten standardisierte Protokolle hervorgehoben werden. Diese könnten nicht nur die Integration erleichtern sondern auch die Sicherheit und Effizienz der gesamten Infrastruktur verbessern!

>>IT-Sicherheitsberater: Ja genau! Standardisierte Protokolle sind wichtig für Sicherheit und Effizienz. Wir müssen sicherstellen, dass diese Protokolle robust genug sind um potenzielle Angriffe abzuwehren.

>>Kryptowährungs-Analyst: Weißt du... ich denke wirklich dass ohne klare Richtlinien viele innovative Ideen ins Stocken geraten könnten. Der Markt ist volatil und Unternehmen brauchen Stabilität um zu investieren.

>>Wirtschaftsprüfer: Absolut richtig! Die Stabilität des Marktes ist entscheidend für langfristige Investitionen. Wir müssen also sicherstellen dass unsere Prioritäten sowohl kurzfristig machbar als auch langfristig nachhaltig sind. 
 >>Blockchain-Experte: Genau, und um diese Stabilität zu gewährleisten, sollten wir auch die technischen Aspekte der Blockchain nicht vernachlässigen. Insbesondere die Interoperabilität zwischen verschiedenen Blockchain-Netzwerken ist entscheidend, um eine nahtlose Integration und effiziente Nutzung zu ermöglichen.

>>Kryptowährungs-Analyst: Also, um die wirtschaftlichen Auswirkungen zusammenzufassen: Langfristige Investitionen in Blockchain-Technologien sind entscheidend für nachhaltiges Wachstum. Diversifikation ist wichtig, um Risiken zu minimieren und Stabilität zu gewährleisten. Interessant wird sein zu beobachten, wie spezifische Regulierungen wie MiCA (Markets in Crypto-Assets) den Markt beeinflussen werden und welche Anpassungen wir vornehmen müssen.

>>IT-Sicherheitsberater: Ähm, ich denke auch, dass wir die Sicherheitsaspekte bei der Implementierung neuer Technologien nicht außer Acht lassen dürfen. Die Risikomanagementstrategien müssen klar definiert sein. Zusätzlich sollten wir innovative Sicherheitslösungen in Betracht ziehen, um unsere Systeme gegen zukünftige Bedrohungen zu wappnen.

>>Wirtschaftsprüfer: Ehrlich gesagt, das stimmt absolut. Was denkst du dazu, [Name des IT-Sicherheitsberaters]? Wie können wir sicherstellen, dass unsere Sicherheitsmaßnahmen auch den regulatorischen Anforderungen entsprechen?

>>IT-Sicherheitsberater: Gute Frage! Ich denke, wir sollten eng mit unseren Compliance-Teams zusammenarbeiten und regelmäßige Audits durchführen.

>>Blockchain-Experte: Also, wenn ich das mal zusammenfassen darf: Die Interoperabilität zwischen verschiedenen Blockchain-Netzwerken und die technischen Aspekte der Konsensmechanismen sind echt wichtig für die Zukunft. Dezentralisierung schafft Vertrauen durch Transparenz! Wir sollten als nächstes an standardisierten Protokollen arbeiten.

>>Kryptowährungs-Analyst: Ja genau! Und was die wirtschaftlichen Auswirkungen betrifft: Langfristige Investitionen sind der Schlüssel zum nachhaltigen Wachstum. Aber wir müssen auch weiterhin eng mit den Behörden zusammenarbeiten, um klare Richtlinien zu schaffen.

>>IT-Sicherheitsberater: Tatsächlich! Und dabei dürfen wir nicht vergessen, dass Sicherheit immer oberste Priorität haben sollte. Wir müssen sicherstellen, dass unsere Systeme robust gegen Angriffe sind.

>>Wirtschaftsprüfer: Absolut richtig. Es ist wichtig, dass wir alle Aspekte berücksichtigen – von der Technik über die Wirtschaft bis hin zur Sicherheit und Regulierung.","In der heutigen Brainstorming-Sitzung wurde das Thema Blockchain umfassend diskutiert. Die Teilnehmer erörterten zunächst die grundlegende Funktionsweise einer Blockchain, die als kontinuierlich erweiterbare Liste von Datensätzen in Blöcken beschrieben wurde. Jeder Block enthält einen kryptographisch sicheren Hash des vorhergehenden Blocks, einen Zeitstempel und Transaktionsdaten.

Es wurde betont, dass die Blockchain-Technologie eine Form der Distributed-Ledger-Technologie (DLT) darstellt und als „Internet der Werte“ bezeichnet wird. Sie bildet die technische Basis für Kryptowährungen wie Bitcoin. Ein zentrales Merkmal ist, dass spätere Transaktionen auf früheren aufbauen und diese bestätigen, was Manipulationen nahezu unmöglich macht.

Die historische Entwicklung der Blockchain wurde ebenfalls angesprochen, beginnend mit den Arbeiten von Stuart Haber und W. Scott Stornetta im Jahr 1991 bis hin zur ersten Implementierung durch Satoshi Nakamoto im Jahr 2009.

Verschiedene Konsensverfahren wie Proof of Work und Proof of Stake wurden erläutert. Es wurde festgestellt, dass diese Verfahren sicherstellen sollen, dass neue Blöcke korrekt erstellt werden und Manipulationen verhindern.

Die praktischen Anwendungen der Blockchain wurden ebenfalls thematisiert, insbesondere in Bereichen wie Auditing, medizinische Informationen und elektronische Stimmabgabe. Es gab jedoch auch kritische Stimmen bezüglich des hohen Energieverbrauchs und der Effizienzprobleme.

Abschließend wurde über zukünft"
"In der Sitzung diskutierten Historiker, Ägyptologe, Kunsthistoriker, Soziologe und Religionswissenschaftler über die Verflechtung von Religion, Politik und Alltag im Alten Ägypten. Sie betonten die Rolle des Pharaos als göttlicher Herrscher und die Bedeutung religiöser Rituale im täglichen Leben. Die Architektur, insbesondere Tempel und Pyramiden, spiegelte diese Verbindungen wider. Soziale Strukturen waren stark hierarchisch und beeinflussten das tägliche Leben erheblich. Frauen hatten rechtliche Gleichstellung, aber selten hohe administrative Positionen. Der Handel reichte weit über den Nil hinaus und förderte kulturellen Austausch. Militärische Organisation und Festungen spielten eine wichtige Rolle in der Verteidigung und Expansion Ägyptens sowie im Handel. Abschließend wurden Themen für die nächste Sitzung festgelegt: archäologische Funde zum Handel, soziale Funktionen der Festungen, Integration religiöser Symbole und künstlerische Darstellungen mit interkulturellen Einflüssen.",">>Historiker: Guten Tag zusammen! Ich freue mich auf unsere Diskussion über das Alte Ägypten. Lassen Sie uns mit einer kurzen Vorstellungsrunde beginnen und dann die Ziele unserer Sitzung besprechen.

>>Ägyptologe: Hallo! Ich bin gespannt auf eure Perspektiven.

>>Kunsthistoriker: Hallo zusammen!

>>Soziologe: Hi alle miteinander!

>>Religionswissenschaftler: Hallo!

>>Historiker: Also gut, es ist in der Tat faszinierend, wie die verschiedenen Aspekte des Alten Ägypten miteinander verwoben sind. Die Rolle des Pharaos als göttlicher Vermittler und weltlicher Herrscher zeigt deutlich, wie tief Religion und Politik in dieser Kultur verankert waren. Was denken Sie darüber?

>>Ägyptologe: Genau, diese Verbindung zwischen Religion und Politik hat das gesamte Leben im Alten Ägypten durchdrungen. Besonders interessant finde ich dabei die Art und Weise, wie religiöse Rituale den Alltag strukturierten. (wendet sich an Kunsthistoriker) Wie sehen Sie das aus architektonischer Sicht?

>>Kunsthistoriker: Das stimmt absolut! In der Architektur sehen wir diese Verbindungen deutlich. Zum Beispiel sind viele Tempel so ausgerichtet, dass sie bestimmte Himmelsereignisse einfangen, was ihre religiöse Bedeutung unterstreicht.

>>Soziologe: Ja, und diese religiösen Überzeugungen hatten auch einen großen Einfluss auf die sozialen Strukturen. Die Bauern zum Beispiel spielten eine zentrale Rolle im Wirtschaftssystem durch ihre Arbeit in der Landwirtschaft, was wiederum stark von religiösen Kalendern beeinflusst wurde.

>>Religionswissenschaftler: Interessant ist auch, wie die mythologischen Vorstellungen das tägliche Leben prägten. Viele alltägliche Handlungen wurden als Teil eines größeren kosmischen Plans gesehen. (blickt zu Historiker) Haben Sie Beispiele dafür?

>>Historiker: Absolut! Ein gutes Beispiel ist das jährliche Hochwasser des Nils, das nicht nur landwirtschaftlich wichtig war, sondern auch als göttliches Geschenk betrachtet wurde. 
 >>Ägyptologe: Also, die ägyptische Kultur entwickelte sich in verschiedenen Epochen, jede mit ihren eigenen Besonderheiten. In der Frühdynastischen Periode begann die Hochkultur mit Menes' Reichseinigung. Im Alten Reich entstanden die berühmten Pyramiden von Gizeh, und das Neue Reich ist für seine monumentalen Tempelbauten bekannt.

>>Historiker: Ja, genau! Und es ist spannend zu sehen, wie sich diese Epochen unterscheiden. Zum Beispiel war das Mittlere Reich eine Zeit der Stabilisierung und kulturellen Blüte. Ich finde besonders interessant, wie im Neuen Reich das imperiale Wachstum auch den Alltag der Menschen beeinflusste.

>>Ägyptologe: Wussten Sie schon, dass archäologische Funde aus der Frühdynastischen Periode uns nicht nur Einblicke in die politische Struktur, sondern auch in die religiösen Praktiken dieser Zeit geben? Grabbeigaben und Tempelinschriften zeigen zum Beispiel, wie eng Religion und Herrschaft miteinander verknüpft waren.

>>Soziologe: Das ist wirklich faszinierend! Die sozialen Strukturen im Alten Ägypten waren stark hierarchisch gegliedert. Die Gesellschaft war in verschiedene Klassen unterteilt – von den Pharaonen und hohen Beamten bis hin zu den Bauern und Arbeitern. Diese Hierarchie beeinflusste das tägliche Leben erheblich durch die Verteilung der Ressourcen und Organisation der Arbeit.

>>Historiker: Absolut! Und wenn wir an das Mittlere Reich denken – da gab es viele Reformen, die zur Stabilisierung beitrugen. Wie hat sich Ihrer Meinung nach diese Stabilität auf die Kunst und Kultur ausgewirkt?

>>Ägyptologe: Nun ja, archäologische Funde aus diesen Zeiten geben uns viele Hinweise darauf. Zum Beispiel zeigen Grabbeigaben aus dem Neuen Reich oft detaillierte Darstellungen des täglichen Lebens – von landwirtschaftlichen Szenen bis hin zu Festlichkeiten.

>>Soziologe: Genau! Und diese Darstellungen sind nicht nur künstlerisch wertvoll, sondern bieten auch Einblicke in soziale Interaktionen und Hierarchien jener Zeit. Haben Sie ein konkretes Beispiel für solche Darstellungen?

>>Ägyptologe: Ja, tatsächlich! Eine bekannte Szene zeigt Arbeiter bei der Ernte von Getreidefeldern während eines Festes zu Ehren des Gottes Osiris. Solche Szenen verdeutlichen nicht nur den Alltag, sondern auch die religiöse Bedeutung dieser Tätigkeiten.

>>Historiker: Das ist ein großartiges Beispiel! Es zeigt deutlich, wie tief Religion und Politik miteinander verflochten waren. Die Pharaonen wurden als göttliche Herrscher verehrt – was natürlich einen enormen Einfluss auf alle gesellschaftlichen Schichten hatte. 
 >>Ägyptologe: Also, die Rolle des Wesirs war ebenfalls von zentraler Bedeutung. Er war der oberste Verwalter und direkt dem Pharao unterstellt. Interessanterweise umfassten seine Aufgaben nicht nur administrative Tätigkeiten, sondern auch richterliche Funktionen!

>>Historiker: Ja genau! Und es ist faszinierend zu sehen, wie diese zentrale Autorität auch in den religiösen Zeremonien zum Ausdruck kam.

>>Ägyptologe: Das stimmt! Und ich frage mich, ob diese Doppelrolle des Wesirs manchmal zu Konflikten geführt hat?

>>Historiker: Gute Frage! Können Sie sich vorstellen, wie komplex die Verwaltung mit über 2000 Beamtentiteln war?

>>Ägyptologe: Ja genau! Die Verwaltung im Alten Ägypten war wirklich beeindruckend organisiert. Die Tatsache, dass es bis zu 2000 verschiedene Beamtentitel gab...

>>(kurze Pause)

>>Kunsthistoriker (unterbricht): Entschuldigung für die Unterbrechung! Aber ich frage mich gerade - hatten diese Beamten auch künstlerische Aufgaben oder waren sie rein administrativ tätig?

>>Ägyptologe: Gute Frage! Tatsächlich hatten einige Beamte auch künstlerische Aufgaben. Zum Beispiel waren Schreiber oft in der Lage Kunstwerke zu schaffen oder zu dokumentieren.

>>Soziologe: Interessant... wissen Sie, es ist bemerkenswert...

>>(Handy klingelt im Hintergrund)

>>(alle lachen kurz)

>>Soziologe (lacht): Oh je! Entschuldigung dafür.

>>(alle lachen kurz)

>>Soziologe (fährt fort): Wie ich sagte... es ist interessant zu sehen, wie die sozialen Hierarchien im Alten Ägypten das tägliche Leben beeinflussten. Die Beamten hatten nicht nur administrative Aufgaben, sondern ihre Positionen bestimmten auch ihren sozialen Status und Einfluss. 
 >>Soziologe: Wissen Sie, es ist schon interessant, dass Frauen im Alten Ägypten rechtlich oft gleichgestellt waren, aber in der Verwaltung selten hohe Positionen hatten. Vielleicht lag das an den gesellschaftlichen Erwartungen und dem Kinderreichtum. Was denken Sie?

>>Ägyptologe: Ja, da gibt es einige Ausnahmen wie Hatschepsut, die als Pharaonin regierte. Das zeigt doch, dass es zumindest manchmal möglich war.

>>Historiker: Stimmt, die rechtliche Gleichstellung war bemerkenswert. Aber in administrativen Positionen waren Frauen trotzdem selten zu finden. Das könnte an patriarchalischen Strukturen und gesellschaftlichen Erwartungen gelegen haben.

>>Kunsthistoriker (unterbricht): Moment mal! Auch Nofretete spielte eine bedeutende Rolle. Ihre Darstellung in der Kunst zeigt ihre Macht und Einfluss.

>>Historiker: Genau! Wie gesagt, sie waren in administrativen Positionen selten vertreten. Diese patriarchalischen Strukturen und gesellschaftlichen Erwartungen haben das wohl beeinflusst.

>>Ägyptologe: Es ist faszinierend, wie hierarchisch die Gesellschaft im Alten Ägypten war und dennoch Raum für Ausnahmen bot. Denken Sie nur an die Wesire und ihre Nähe zum Pharao!

>>Religionswissenschaftler (zum Kunsthistoriker): Diese Hierarchien sind wirklich spannend...

>>Historiker: ...wie patriarchalische Strukturen und gesellschaftliche Erwartungen die Rollen von Frauen beeinflussten.

>>Religionswissenschaftler: Entschuldigung! Könnten wir vielleicht kurz klären...

(Pause)

>>Ägyptologe: Natürlich! Die kulturellen Normen waren eine große Barriere trotz der rechtlichen Gleichstellung. 
 >>Religionswissenschaftler: Wissen Sie, die ägyptische Religion war tief in das tägliche Leben der Menschen eingebettet. Ein faszinierendes Beispiel ist das Konzept der Maat, das nicht nur die göttliche Ordnung, sondern auch die moralischen und sozialen Normen des Alltags repräsentierte. Aber lassen Sie uns auch über einige der bedeutendsten Götter sprechen, wie Osiris, den Gott des Jenseits und der Wiedergeburt. Seine Mythen hatten einen enormen Einfluss auf die ägyptische Kultur und ihre Vorstellungen vom Leben nach dem Tod.

>>Ägyptologe: Ja, absolut! Die ägyptische Religion war nicht nur in den Tempeln präsent, sondern auch tief im Alltag der Menschen verankert. Man könnte meinen, dass jede Handlung, sei es das Pflügen eines Feldes oder das Zubereiten einer Mahlzeit, eine religiöse Bedeutung hatte. Was denken Sie darüber?

>>Historiker: Genau! Und was ich besonders interessant finde, ist wie Maat als Prinzip nicht nur religiös war, sondern auch politisch genutzt wurde. Pharaonen nutzten es zur Legitimation ihrer Herrschaft und um soziale Stabilität zu gewährleisten.

>>Kunsthistoriker (unterbricht): Entschuldigung für die Unterbrechung! Mir fällt gerade ein - haben wir schon über den Einfluss von Kunst und Architektur in diesem Kontext gesprochen? Die Tempel waren ja nicht nur religiöse Stätten...

>>Historiker: Ah ja! Gute Anmerkung. Die Kunst spielte tatsächlich eine große Rolle dabei, diese religiösen Ideen zu vermitteln und zu bewahren.

>>Ägyptologe: Wussten Sie schon, dass die ägyptischen Tempel nicht nur religiöse Zentren waren? Sie waren auch soziale und wirtschaftliche Knotenpunkte und spielten eine zentrale Rolle in der Verwaltung und Bildung.

>>(Handy klingelt im Hintergrund)

>>Soziologe (schmunzelt): Oh je! Wer hat sein Handy nicht stumm geschaltet?

>>(alle lächeln kurz)

>>Historiker: Wie ich sagte... es ist interessant zu bemerken... 
 >>Kunsthistoriker: Also, die ägyptische Kunst ist nicht nur in der Architektur beeindruckend, sondern auch in der Malerei und Bildhauerei. Die Wandmalereien in den Gräbern sind ein fantastisches Beispiel dafür! Diese Darstellungen zeigen das tägliche Leben, religiöse Rituale und mythologische Szenen mit einer unglaublichen Detailgenauigkeit. Es ist interessant, dass die Künstler oft leuchtende Farben wie Blau und Grün verwendet haben.

>>Ägyptologe: Ja, genau! Die Reliefs und Wandmalereien in den Gräbern sind nicht nur ästhetisch beeindruckend, sondern auch eine wertvolle Quelle für unser Verständnis des täglichen Lebens und der religiösen Vorstellungen der alten Ägypter. Es ist bemerkenswert, wie detailliert sie das Leben der Verstorbenen und ihre Reise ins Jenseits darstellen.

>>Historiker: In der Tat... Apropos religiöse Symbolik, man könnte sagen, dass jede Pyramide nicht nur ein Grabmal war, sondern auch ein Monument für die göttliche Ordnung und Macht des Pharaos. Können Sie sich vorstellen, wie beeindruckend diese Bauwerke für die damalige Bevölkerung gewesen sein müssen?

>>Soziologe: Absolut faszinierend! Und wenn man bedenkt, dass diese Bauwerke von Tausenden von Arbeitern errichtet wurden – was sagt das über die soziale Struktur dieser Zeit aus? 

>>Ägyptologe: Das ist eine gute Frage. Die Reliefs und Wandmalereien in den Gräbern zeigen ja nicht nur das Leben der Verstorbenen, sondern auch wichtige religiöse Rituale und Zeremonien. Es ist erstaunlich!

>>Kunsthistoriker: Genau! Und es ist interessant zu bemerken, dass die Darstellungen von Göttern und Pharaonen oft idealisiert waren. Das sollte ihre göttliche Natur betonen. Diese Kunstwerke dienten also nicht nur ästhetischen Zwecken, sondern vermittelten auch religiöse und politische Botschaften.

>>Religionswissenschaftler: Tja, es zeigt wirklich die enge Verbindung zwischen Religion und Alltag im alten Ägypten. Jede Darstellung hatte eine tiefere Bedeutung.

>>Historiker: Es ist faszinierend zu sehen, wie diese symbolischen Bedeutungen durch alle Aspekte ihrer Kunst hindurchgehen. Man könnte sagen, dass dies eine Art visuelle Sprache war.

>>Kunsthistoriker: Ehrlich gesagt finde ich besonders spannend die Technik des 'Versenkten Reliefs'. Diese Technik war besonders effektiv in Tempeln bei schwachem Licht – sie hob Details hervor.

>>Soziologe: Das zeigt doch wieder mal ihre Innovationskraft! Aber ich frage mich auch – war diese Technik wirklich so weit verbreitet?

>>Ägyptologe: Nun ja... Die alten Ägypter waren unglaublich innovativ. Ihre Fähigkeit zur Anpassung an verschiedene Umstände spiegelt sich deutlich in ihrer Kunst wider. 
 >>Soziologe: Interessanterweise waren die jährlichen Nilschwemmen nicht nur ein landwirtschaftliches Phänomen, sondern auch ein soziales Ereignis. Die gesamte Gesellschaft war darauf angewiesen und es gab eine kollektive Anstrengung, um die Felder vorzubereiten und zu bewirtschaften. Was denken Sie darüber?

>>Ägyptologe: Ja, das ist wirklich spannend! Man könnte meinen, dass der Handel nur auf den Nil beschränkt war, aber tatsächlich reichten die Netzwerke bis nach Mesopotamien und Nubien. Zum Beispiel wurden lapislazuli aus Afghanistan und Zedernholz aus dem Libanon importiert. Das zeigt doch, wie weitreichend diese Handelsbeziehungen waren.

>>Historiker: Absolut! Diese Handelsbeziehungen brachten nicht nur wirtschaftliche Vorteile, sondern auch kulturelle und technologische Einflüsse mit sich. Denken Sie an die Einführung des Rades oder neuer Bewässerungstechniken – das muss das tägliche Leben der Menschen enorm verändert haben.

>>Kunsthistoriker: Genau! Und in der Kunst sieht man diesen Austausch auch deutlich. Es gibt ägyptische Statuen mit mesopotamischen Einflüssen oder Schmuckstücke aus nubischem Gold. Das finde ich besonders faszinierend!

>>Religionswissenschaftler: Ja, dieser Austausch hatte sicherlich auch Auswirkungen auf religiöse Praktiken und Vorstellungen. Neue Götter oder Rituale könnten eingeführt worden sein. Ich denke da zum Beispiel an den Gott Bes, der ursprünglich aus Nubien stammt.

>>Soziologe: Und wenn man bedenkt, wie wichtig die Nilschwemmen für die Landwirtschaft waren – sie stärkten das Gemeinschaftsgefühl durch kollektive Arbeit an den Feldern. Das förderte soziale Dynamiken und könnte als frühe Form der sozialen Nachhaltigkeit gesehen werden.

>>Ägyptologe: Absolut! Diese Handelsnetzwerke brachten nicht nur materielle Güter nach Ägypten, sondern auch Ideen und Technologien. Zum Beispiel wurde Papyrus als Schreibmaterial über weite Strecken gehandelt und revolutionierte die Art der Dokumentation.

>>Historiker: Ja genau! Es ist faszinierend zu sehen, wie solche Einflüsse das tägliche Leben veränderten. Neue Werkzeuge oder Techniken in der Landwirtschaft hätten enorme Auswirkungen gehabt – denken Sie nur an den Pflug mit Metallspitze!

>>Kunsthistoriker: Und natürlich auch in der Kunst! Neue Materialien oder Stile könnten übernommen worden sein und so zur Weiterentwicklung beigetragen haben. Ich denke da an Glasperlen aus Mesopotamien, die in ägyptischen Schmuckstücken auftauchen.

>>Religionswissenschaftler: Tja... ich frage mich oft, ob bestimmte religiöse Symbole oder Mythen aus diesen Kontakten hervorgegangen sind. Der Gedanke daran ist wirklich spannend! Zum Beispiel könnte die Vorstellung von einem Jenseitsfluss von anderen Kulturen beeinflusst worden sein.

>>Soziologe: Das sind alles sehr gute Punkte! Die Nilschwemmen waren also mehr als nur ein landwirtschaftliches Ereignis; sie waren ein soziales Bindeglied und förderten den kulturellen Austausch erheblich. 
 >>Historiker: Also, die militärische Organisation im Alten Ägypten war wirklich faszinierend! Von den frühen Perioden bis zum Mittleren Reich sehen wir eine bemerkenswerte Entwicklung. Besonders interessant ist die Einführung von Berufssoldaten und die Strukturierung des Heeres in Regimenter und Divisionen.

>>Ägyptologe: Ja, genau. Das Militär wurde dadurch viel professioneller. Diese Entwicklung war nicht nur für die Verteidigung wichtig, sondern auch für den Ausbau der ägyptischen Macht in Nubien und Vorderasien.

>>Kunsthistoriker: Genau, es ist beeindruckend, wie die ägyptische Architektur nicht nur religiöse und repräsentative Zwecke erfüllte, sondern auch eine wichtige Rolle in der militärischen Organisation spielte. Die Festungen entlang der Grenzen, besonders in Nubien, sind ein fantastisches Beispiel dafür! Diese Bauwerke waren nicht nur Verteidigungsanlagen, sondern auch Symbole der Macht des Pharaos.

>>Historiker: Das ist ein guter Punkt, Kunsthistoriker! Besonders die Festungen in Nubien sind beeindruckend. Interessant ist auch zu bemerken, dass diese militärische Organisation nicht nur auf Verteidigung ausgerichtet war. Sie spielte eine entscheidende Rolle bei der Expansion Ägyptens.

>>Ägyptologe: Wussten Sie schon, dass diese Festungen in Nubien nicht nur als Verteidigungsanlagen dienten? Sie waren auch Zentren für Handel und kulturellen Austausch. Oft wurden sie mit beeindruckenden architektonischen Details ausgestattet.

>>Kunsthistoriker: Ja, das stimmt! Die Festung von Buhen zeigt deutlich diese architektonischen Meisterwerke mit ihren massiven Steinblöcken und präzisen Mauern. Und dann noch die kunstvollen Reliefs und Inschriften – einfach unglaublich!

>>Religionswissenschaftler: Tja, ich finde es auch spannend zu sehen, wie diese militärischen Strukturen oft religiöse Symbole enthielten. Es zeigt doch deutlich den Einfluss der Religion auf alle Lebensbereiche im Alten Ägypten.

>>Soziologe: Absolut! Und wenn man bedenkt, wie diese Strukturen das tägliche Leben beeinflussten – sowohl durch ihre Schutzfunktion als auch durch ihre Rolle als Handelszentren – wird klar, wie zentral sie für die Gesellschaft waren.

>>Historiker: Nun ja, das Militärwesen hat sich wirklich revolutioniert durch diese Entwicklungen. Die Einführung von Berufssoldaten und die Strukturierung des Heeres haben das Militärwesen grundlegend verändert! 
 >>Ägyptologe: Interessanterweise hat die Professionalisierung des Militärs nicht nur das Heer revolutioniert, sondern auch den Handel und kulturellen Austausch gefördert. Die Festungen in Nubien dienten als wichtige Handelszentren und symbolisierten gleichzeitig die Macht Ägyptens.

>>Kunsthistoriker: Ja, genau! Es ist bemerkenswert, wie die architektonischen Details der Festungen in Nubien nicht nur funktional, sondern auch ästhetisch durchdacht sind. Die Verwendung von massiven Steinblöcken und die präzise Anordnung der Strukturen zeigen eine beeindruckende Mischung aus Funktionalität und künstlerischer Raffinesse. Diese Bauwerke wurden sicherlich zur Demonstration von Stärke und kultureller Überlegenheit errichtet.

>>Historiker: Also, um unsere Diskussion zusammenzufassen: Wir haben die multifunktionale Rolle der Festungen in Nubien als militärische Stützpunkte und Handelszentren hervorgehoben. Es ist wichtig zu betonen, dass diese Strukturen nicht nur zur Verteidigung dienten, sondern auch den kulturellen Austausch förderten und die Macht Ägyptens symbolisierten. Welche Aspekte sollten wir weiter vertiefen?

>>Ägyptologe: Ehrlich gesagt, ich denke, wir sollten uns auf die archäologischen Funde konzentrieren, die den Handel und kulturellen Austausch in Nubien belegen. Diese Aspekte könnten uns tiefere Einblicke in die wirtschaftlichen und sozialen Verflechtungen des Alten Ägypten geben.

>>Historiker: In der Tat! Die archäologischen Funde sind von großer Bedeutung. Sie bieten uns nicht nur Einblicke in den Handel und kulturellen Austausch, sondern auch in die wirtschaftlichen und sozialen Strukturen des Alten Ägypten. Sollten wir vielleicht auch die Rolle der Festungen als kulturelle Knotenpunkte weiter untersuchen?

>>Soziologe: Ja, das klingt sinnvoll. Ich finde es besonders spannend zu sehen, wie diese Festungen als soziale Treffpunkte fungierten. Das könnte uns helfen zu verstehen, wie sich verschiedene gesellschaftliche Schichten dort begegneten.

>>Religionswissenschaftler: Tja, ich stimme zu. Außerdem wäre es interessant zu erforschen, wie religiöse Symbole in diesen militärischen Strukturen integriert wurden. Das könnte uns mehr über den Einfluss der Religion auf das tägliche Leben im Alten Ägypten verraten.

>>Kunsthistoriker: Absolut! Und wenn wir schon dabei sind, sollten wir auch einen genaueren Blick auf die künstlerischen Darstellungen werfen, die möglicherweise Hinweise auf interkulturelle Einflüsse geben könnten.

>>Ägyptologe: Nun ja... also gut! Dann lasst uns diese Punkte priorisieren für unsere nächste Sitzung: 1) Archäologische Funde zum Handel und kulturellen Austausch; 2) Soziale Funktionen der Festungen; 3) Integration religiöser Symbole; 4) Künstlerische Darstellungen mit interkulturellen Einflüssen.

>>Historiker: Klingt nach einem soliden Plan! Dann lasst uns diese Themen für unsere nächste Sitzung vorbereiten und tiefergehend erforschen. 
 >>Ägyptologe: Also, ich denke, wir haben heute wirklich wertvolle Einblicke gewonnen. Es ist bemerkenswert, wie tief verwurzelt die kulturellen und religiösen Aspekte im Alltag der alten Ägypter waren. Vielen Dank an alle für eure Beiträge!

>>Historiker: Ja, das ist wirklich ein faszinierendes Thema. Die Verflechtung von Religion und Politik im Alten Ägypten zeigt uns, wie die Pharaonen ihre göttliche Legitimation nutzten, um ihre Herrschaft zu festigen.

>>Kunsthistoriker: Genau! Und die Pyramiden als Verbindung zwischen Himmel und Erde sind ein perfektes Beispiel dafür. Ehrlich gesagt, es ist echt erstaunlich, wie die ägyptische Architektur nicht nur funktional, sondern auch tief symbolisch war.

>>Soziologe: Nun ja, es ist schon bemerkenswert, wie die sozialen Hierarchien und Alltagskulturen im Alten Ägypten so eng mit den religiösen und politischen Strukturen verflochten waren. Diese Verflechtungen haben das tägliche Leben der Menschen stark beeinflusst.

>>Religionswissenschaftler: Tja, jede Handlung hatte eine tiefere religiöse Bedeutung. Ich finde es faszinierend, wie die ägyptischen Götter und ihre mythologischen Geschichten das tägliche Leben der Menschen durchdrungen haben.

>>Ägyptologe: Ich erinnere mich an meine letzte Reise nach Luxor, wo ich die Tempel aus nächster Nähe studieren konnte. Es war beeindruckend zu sehen, wie diese Tempel als multifunktionale Zentren dienten – nicht nur als religiöse Stätten, sondern auch als soziale und wirtschaftliche Knotenpunkte.

>>Historiker: Das muss eine unglaubliche Erfahrung gewesen sein! Und diese Verflechtung von Religion und Politik war definitiv ein Schlüssel zur Stabilität des Alten Ägyptens.","In der heutigen Brainstorming-Sitzung wurde das Thema ""Altes Ägypten"" umfassend diskutiert. Die Teilnehmer einigten sich darauf, dass Ägypten im Altertum als Kemet bekannt war, was „schwarzes Land“ bedeutet und auf den fruchtbaren Nilschlamm zurückgeht. Ein weiterer Name war Ta meri, übersetzt „geliebtes Land“.

Die ägyptische Geschichte erstreckt sich von der Frühzeit bis zur römischen Eroberung und umfasst mehrere Epochen. Die Hochkultur begann in der Frühdynastischen Periode mit der Reichseinigung durch militärische Expansionen.

Der Pharao regierte zentral und wurde als Sohn des Sonnengottes Re verehrt. Er besaß uneingeschränkte Machtbefugnisse und war für die Aufrechterhaltung der Maat verantwortlich. Das Verwaltungswesen war straff organisiert, mit dem Wesir als oberstem Leiter.

Das Rechtssystem basierte auf individuellen Entscheidungen ohne feste Gerichtsbarkeit. Militärisch war Ägypten gut geschützt; Berufssoldaten wurden erst im Mittleren Reich wichtig.

Handelskontakte bestanden seit frühester Zeit, und die Bevölkerung lebte hauptsächlich von Landwirtschaft entlang des Nils. Frauen hatten rechtlich eine gleichgestellte Position, waren jedoch selten in Verwaltungsämtern vertreten.

Die ägyptische Kunst umfasste Baukunst, Malerei und Plastik, oft für religiöse Zwecke geschaffen. Bedeutende Bauwerke waren"
"In dem Meeting diskutierten ein Ethikprofessor, ein KI-Forscher, ein Jurist, ein Technologieethiker und ein Philosoph über die ethischen Implikationen von KI. Sie erörterten die Notwendigkeit, ethische Prinzipien in die Entwicklung von KI-Systemen zu integrieren und wie diese Prinzipien in der Praxis umgesetzt werden können. Der KI-Forscher betonte die Bedeutung von Flexibilität und Anpassungsfähigkeit der Algorithmen sowie deren kontinuierliche Überwachung. Der Jurist hob hervor, dass rechtliche Rahmenbedingungen klar definiert und durchsetzbar sein müssen. Der Technologieethiker wies auf die gesellschaftlichen Auswirkungen hin und betonte die Wichtigkeit von Transparenz für das Vertrauen der Öffentlichkeit. Der Philosoph stellte infrage, ob Maschinen jemals echte moralische Akteure sein können. Es wurde vorgeschlagen, interdisziplinäre Teams und regelmäßige ethische Audits einzuführen, um sicherzustellen, dass ethische Prinzipien eingehalten werden. Eine hybride Herangehensweise aus allgemeinen Prinzipien und spezifischen Kontextfaktoren wurde als möglicher Lösungsansatz diskutiert.",">>Ethikprofessor: Guten Morgen zusammen. Lassen Sie uns über die ethischen Implikationen von KI sprechen und unsere Ziele für heute festlegen.

>>KI-Forscher: Guten Morgen! Ich freue mich auf die Diskussion über die technischen Herausforderungen der KI.

>>Jurist: Guten Morgen allerseits. Ich möchte die rechtlichen Rahmenbedingungen von KI-Systemen besprechen.

>>Technologieethiker: Guten Morgen. Lassen Sie uns über die gesellschaftlichen Auswirkungen von KI sprechen.

>>Ethikprofessor: Vielen Dank für eure Einführungen. Beginnen wir mit den ethischen Prinzipien bei der Entwicklung von KI-Systemen. Wie können wir sicherstellen, dass diese Systeme nicht nur effizient sind, sondern auch ethisch handeln?

>>KI-Forscher: Genau! Die technische Umsetzung muss flexibel und anpassungsfähig sein, um in verschiedenen Kontexten richtig zu handeln. Das erfordert kontinuierliche Überwachung und Anpassung.

>>Ethikprofessor: Können Maschinen jemals ein echtes moralisches Urteilsvermögen entwickeln? Wie stellen wir sicher, dass diese Systeme in komplexen und unvorhersehbaren Situationen angemessen handeln?

>>Jurist: Rechtlich gesehen eine äußerst komplexe Frage. Wir müssen sicherstellen, dass Algorithmen sowohl ethische Prinzipien als auch gesetzliche Standards erfüllen. Wie garantieren wir, dass diese Systeme in allen möglichen Situationen gesetzeskonform handeln?

>>Technologieethiker: Eine wichtige Überlegung... Wenn man an gesellschaftliche Auswirkungen denkt – wie beeinflussen diese Technologien das Vertrauen der Menschen? Können wir sicherstellen, dass die Gesellschaft diese Systeme akzeptiert und ihnen vertraut? 
 >>Ethikprofessor: Das Vertrauen der Gesellschaft in KI-Systeme ist tatsächlich ein zentraler Punkt. Wir müssen sicherstellen, dass ethische Prinzipien wie Transparenz und Verantwortlichkeit essenziell sind und in der Praxis umgesetzt werden.

>>KI-Forscher: Ja, Transparenz und Verantwortlichkeit sind wichtig. Ich habe kürzlich an einem Projekt gearbeitet, bei dem wir genau diese Prinzipien implementiert haben. Ein Beispiel für die Umsetzung von Transparenz ist unser jüngstes Projekt zur Gesichtserkennungstechnologie, wo wir den Algorithmus so gestaltet haben, dass jede Entscheidung nachvollziehbar dokumentiert wird.

>>Jurist: Richtig, und aus rechtlicher Sicht müssen wir auch sicherstellen, dass diese Prinzipien klar definiert und durchsetzbar sind. Zum Beispiel muss sichergestellt werden, dass Algorithmen nachvollziehbar sind und ihre Entscheidungen erklärt werden können – das ist sowohl aus technischer als auch aus rechtlicher Sicht entscheidend.

>>Technologieethiker: Interessant! Herr Müller (KI-Forscher), könnten Sie ein Beispiel geben, wie Sie Transparenz in Ihrem Projekt umgesetzt haben?

>>KI-Forscher: Natürlich! In unserem Gesichtserkennungsprojekt haben wir eine Funktion eingebaut, die es ermöglicht, jeden Schritt des Entscheidungsprozesses zu verfolgen. So können Nutzer genau sehen, welche Daten verwendet wurden und wie das System zu seiner Schlussfolgerung gekommen ist.

>>Ethikprofessor: Bevor wir weitermachen – hat jemand von Ihnen schon die neueste Veröffentlichung zu diesem Thema gelesen? Es gibt einige interessante Ansätze darin.

>>Jurist: Ja, ich habe sie gelesen. Besonders spannend fand ich den Abschnitt über die rechtlichen Herausforderungen bei der Implementierung von KI-Systemen in verschiedenen Ländern.

>>Technologieethiker: Genau! Und dabei dürfen wir nicht vergessen, dass es letztendlich um das Vertrauen der Gesellschaft geht. Nur wenn Menschen verstehen und nachvollziehen können, wie Entscheidungen getroffen werden und wer dafür verantwortlich ist, wird Akzeptanz geschaffen. 
 >>Ethikprofessor: Also, wenn wir die moralischen Implikationen bedenken, stellt sich die Frage, ob ein prinzipienethischer Ansatz oder ein partikularistischer Ansatz besser geeignet ist, um ethische Entscheidungen in der KI zu treffen. Aus ethischer Sicht bietet der prinzipienethische Ansatz eine klare Struktur durch allgemeine Prinzipien wie Gerechtigkeit und Wohltätigkeit. Aber was passiert, wenn diese Prinzipien in einem konkreten Fall kollidieren?

>>Philosoph: Das ist eine gute Frage. Der partikularistische Ansatz könnte flexibler und anpassungsfähiger sein. Anstatt allgemeine Regeln vorzugeben, erlaubt er eine detaillierte Betrachtung jeder einzelnen Situation und ihrer spezifischen Umstände.

>>KI-Forscher: Ehrlich gesagt, aus technischer Sicht betrachtet, ist es entscheidend, dass wir die Algorithmen so gestalten, dass sie flexibel genug sind, um auf spezifische Situationen reagieren zu können. Aber wie verhindern wir unvorhersehbare oder unerwünschte Ergebnisse? 

>>Jurist: Genau! Wir müssen sicherstellen, dass die rechtlichen Rahmenbedingungen sowohl den prinzipienethischen als auch den partikularistischen Ansatz berücksichtigen. Gesetze müssen flexibel genug sein für spezifische Umstände und gleichzeitig allgemeine Prinzipien wie Gerechtigkeit wahren.

>>Technologieethiker: Und nicht zu vergessen – wie beeinflussen diese Ansätze das Vertrauen der Gesellschaft in KI-Systeme? Ein prinzipienethischer Ansatz könnte mehr Sicherheit bieten; ein partikularistischer Ansatz könnte flexibler auf individuelle Bedürfnisse eingehen.

>>Ethikprofessor: Interessant! Vielleicht ist ein rein prinzipienethischer Ansatz zu starr für die komplexen Herausforderungen der KI. Könnten wir vielleicht eine hybride Herangehensweise in Betracht ziehen – eine Kombination aus allgemeinen Prinzipien und spezifischen Kontextfaktoren?

>>KI-Forscher: Genau! Wir müssen sicherstellen, dass Algorithmen nicht nur flexibel sind sondern auch robust genug bleiben um ethische Prinzipien in verschiedenen Kontexten zu berücksichtigen. Es geht darum eine Balance zwischen Anpassungsfähigkeit und Vorhersehbarkeit zu finden.

>>Philosoph: Eine hybride Herangehensweise klingt vielversprechend. Sie könnte es ermöglichen sowohl allgemeine moralische Richtlinien als auch spezifische situative Details einzubeziehen.

>>Jurist: Absolut! Und rechtlich gesehen müssten solche hybriden Modelle klar definiert werden um Rechtssicherheit zu gewährleisten während sie gleichzeitig Raum für flexible Interpretationen lassen.

>>Technologieethiker: Ja genau! Die Herausforderung besteht darin beide Ansätze so miteinander zu verbinden dass sie das Vertrauen der Gesellschaft stärken ohne dabei an Klarheit oder Flexibilität einzubüßen. 
 >>KI-Forscher: Also, wenn wir die Algorithmen analysieren, sehen wir, dass die technische Umsetzung von autonomen Fahrzeugen bereits beeindruckende Fortschritte gemacht hat. Aber ehrlich gesagt, die ethischen Dilemmata stellen uns vor große Herausforderungen. Wie können wir sicherstellen, dass diese Systeme in kritischen Situationen moralisch vertretbare Entscheidungen treffen?

>>Ethikprofessor: Das ist eine interessante Frage. Wenn wir die moralischen Implikationen bedenken, müssen wir uns fragen, ob es überhaupt möglich ist, ethische Prinzipien in Algorithmen zu kodieren. Solche Dilemmata lassen oft keine klaren Antworten zu. Wie können wir sicherstellen, dass autonome Fahrzeuge in solchen Situationen tatsächlich moralisch handeln?

>>Jurist: Nun gut, das ist rechtlich gesehen eine äußerst komplexe Frage. Es gibt keine klaren Vorschriften für solche ethischen Entscheidungen bei autonomen Fahrzeugen. Können wir solche Entscheidungen überhaupt gesetzlich kodifizieren?

>>Philosoph: Genau! Und wenn man darüber nachdenkt... Es geht nicht nur um klare Regeln oder Gesetze; es geht darum zu verstehen und abzuwägen.

>>Technologieethiker: Ja genau... Wenn wir die gesellschaftlichen Auswirkungen bedenken, müssen wir uns fragen: Wie kann das Vertrauen der Öffentlichkeit in autonome Fahrzeuge gestärkt werden? Es geht nicht nur um technische und rechtliche Aspekte sondern auch darum wie diese Technologien von der Gesellschaft wahrgenommen und akzeptiert werden.

>>KI-Forscher: Richtig! Aus technischer Sicht betrachtet müssen wir sicherstellen dass die Algorithmen flexibel genug sind um in verschiedenen Situationen angemessen zu reagieren. Aber ehrlich gesagt bleibt es eine Herausforderung diese Flexibilität mit ethischen Prinzipien zu vereinen.

>>Ethikprofessor: Absolut! Die Frage bleibt jedoch bestehen ob es überhaupt möglich ist ethische Prinzipien vollständig in Algorithmen zu kodieren.

>>Jurist: Genau! Und aus rechtlicher Perspektive stellt sich dann auch noch die Frage wer letztendlich verantwortlich gemacht wird wenn ein autonomes Fahrzeug eine falsche Entscheidung trifft. Wer trägt dann die Schuld?

>>Philosoph: Interessant! Vielleicht sollten wir auch überlegen wie viel Verantwortung den Entwicklern zugeschrieben wird im Vergleich zur Technologie selbst...

>>Technologieethiker: Ja genau! Und dabei dürfen wir nicht vergessen wie wichtig Transparenz und Aufklärung für das Vertrauen der Gesellschaft sind. Nur so können Menschen nachvollziehen warum bestimmte Entscheidungen getroffen wurden. 
 >>Jurist: Das ist rechtlich gesehen ein äußerst komplexes Thema. Wenn wir die gesetzlichen Rahmenbedingungen betrachten, müssen wir sicherstellen, dass autonome Waffensysteme den internationalen humanitären Standards entsprechen. Es gibt bereits Vorschläge für ein internationales Verbot solcher Systeme, aber die Umsetzung bleibt schwierig.

>>Ethikprofessor: Ja, und wenn wir die moralischen Implikationen bedenken, stellt sich die Frage, ob autonome Waffensysteme überhaupt in der Lage sind, ethische Entscheidungen zu treffen. Ihnen fehlt die menschliche Urteilsfähigkeit und das moralische Bewusstsein. Das macht sie zu unzuverlässigen Akteuren in Kriegssituationen.

>>KI-Forscher (unterbricht): Genau! Und das ist das Problem... Die technische Umsetzung ist unglaublich komplex. Wir müssen sicherstellen, dass Algorithmen in jeder Situation korrekt reagieren können. Aber wie sollen wir jemals garantieren, dass diese Systeme immer ethisch handeln?

>>Technologieethiker: Es geht auch darum zu überlegen, welche langfristigen gesellschaftlichen Auswirkungen solche Technologien haben könnten. Könnten solche Systeme nicht zu einer Entfremdung zwischen Militär und Zivilgesellschaft führen? Ich meine...

>>Philosoph (unterbricht): Tja... eine interessante Überlegung! Wenn man bedenkt, dass diese Systeme keine moralischen Urteile fällen können – was bedeutet das für ihre Einsatzbereitschaft? Und wie gehen wir mit den potenziellen Fehlentscheidungen um?

>>Jurist: Nun gut... aus rechtlicher Sicht müssen klare Verantwortlichkeiten definiert werden. Wer haftet im Falle eines Fehlers? Die Entwickler? Die Betreiber? Diese Fragen sind noch weitgehend ungeklärt.

>>Ethikprofessor: Also... es ist entscheidend zu verstehen, dass ohne menschliches Urteilsvermögen diese Systeme niemals wirklich moralische Entscheidungen treffen können. Wie zum Beispiel der Vorfall mit dem autonomen Drohnensystem X im Jahr Y zeigt...

>>KI-Forscher (mit Frustration): Genau! Technisch gesehen müssen Algorithmen nicht nur korrekt reagieren sondern auch ethische Prinzipien berücksichtigen. Aber wie stellen wir sicher, dass sie immer moralisch handeln?

>>Technologieethiker: Es geht auch darum zu überlegen, welche langfristigen gesellschaftlichen Auswirkungen solche Technologien haben könnten. Werden sie das Vertrauen der Menschen stärken oder schwächen?

>>Philosoph: Und was passiert mit unserer Verantwortung als Gesellschaft? Können wir wirklich Maschinen vertrauen oder sollten Menschen immer das letzte Wort haben? 
 >>Ethikprofessor: Also, wenn wir die moralischen Implikationen betrachten, stellt sich die Frage, ob Maschinen überhaupt in der Lage sind, Verantwortung zu übernehmen. Aus ethischer Sicht fehlt ihnen die Willensfreiheit und das Intentionalitätskriterium. Das ist ein großer Unterschied zu uns Menschen.

>>KI-Forscher: Genau! Und ehrlich gesagt, aus technischer Sicht ist es unglaublich schwierig, Maschinen mit echter moralischer Verantwortung auszustatten. Algorithmen können zwar ethische Prinzipien kodieren, aber sie folgen nur vorgegebenen Regeln. Ich erinnere mich an ein Projekt, bei dem wir versucht haben, eine KI für medizinische Diagnosen zu entwickeln – es war eine riesige Herausforderung sicherzustellen, dass sie immer ethisch handelt.

>>Philosoph: Das bringt uns zu einer tiefgründigen Frage... Wenn wir über moralische Prinzipien nachdenken, müssen wir uns fragen, ob Maschinen jemals in der Lage sein werden, echte Verantwortung zu übernehmen. Philosophisch betrachtet fehlt ihnen die Willensfreiheit und das Intentionalitätskriterium. Aber was wäre denn eine mögliche Lösung? Vielleicht könnten hybride Systeme helfen?

>>Technologieethiker: Nun ja, wenn wir die gesellschaftlichen Auswirkungen bedenken, ist es entscheidend zu überlegen, wie das Vertrauen der Menschen in diese Technologien beeinflusst wird. Die Entwickler und Betreiber müssen sicherstellen, dass ethische Prinzipien eingehalten werden. Ich habe neulich einen Artikel gelesen über autonome Fahrzeuge und wie wichtig Transparenz für das Vertrauen der Nutzer ist.

>>Jurist: Absolut richtig! Aus rechtlicher Sicht müssen klare Verantwortlichkeiten definiert werden. Es darf nicht passieren, dass im Falle eines Fehlers niemand zur Rechenschaft gezogen wird. Die Gesetzgebung muss hier eindeutig sein. Ein Beispiel dafür ist der Fall mit den selbstfahrenden Autos von Uber – da gab es viele Diskussionen darüber, wer letztendlich verantwortlich ist.

>>Ethikprofessor: Interessant! Wenn wir weiter darüber nachdenken... Also aus ethischer Perspektive bedeutet das auch weiterhin, dass Maschinen keine echte Verantwortung übernehmen können. Sie handeln nach vorgegebenen Regeln ohne eigene Intention. Aber vielleicht könnten strenge Aufsichtsmechanismen helfen?

>>KI-Forscher: Genau! Und das bringt uns zu einem weiteren wichtigen Punkt: die technische Umsetzung dieser ethischen Prinzipien. Wir als Entwickler müssen sicherstellen, dass Systeme so programmiert sind, dass sie in jeder Situation ethisch handeln – was eine enorme Herausforderung darstellt! Ich denke da an unser letztes Projekt mit einer KI für Finanzentscheidungen – da mussten wir extrem vorsichtig sein.

>>Philosoph: Ja genau... Und wenn man bedenkt... philosophisch gesehen bleibt immer noch die Frage offen: Können Maschinen jemals wirklich moralische Akteure sein? Vielleicht sollten wir auch darüber nachdenken, wie weit unsere Erwartungen an diese Technologien realistisch sind.

>>Technologieethiker: Das ist eine wichtige Überlegung... Wenn wir über gesellschaftliche Auswirkungen sprechen – wie beeinflusst dies unser Vertrauen in Technologie? Es liegt an den Entwicklern und Betreibern sicherzustellen, dass diese Systeme verantwortungsvoll eingesetzt werden. Ich habe mal erlebt wie ein Unternehmen durch mangelnde Ethik bei ihrer KI massiv an Vertrauen verloren hat. 
 >>Ethikprofessor: Das ist eine interessante Frage... Wenn wir die moralischen Implikationen bedenken, stellt sich die Frage, ob Maschinen überhaupt in der Lage sind, ethische Entscheidungen zu treffen. Ich erinnere mich an eine Diskussion über autonome Fahrzeuge und das Trolley-Problem – können wir wirklich erwarten, dass Algorithmen solche komplexen moralischen Dilemmata lösen?

>>KI-Forscher: Also, das Trolley-Problem ist eher ein theoretisches Konstrukt. In der Praxis versuchen wir, Algorithmen so zu gestalten, dass sie solche extremen Situationen vermeiden können. Bei einem unserer Projekte zur Entwicklung autonomer Fahrzeuge haben wir festgestellt, dass die Algorithmen in 99% der Fälle sicherere Entscheidungen treffen als menschliche Fahrer.

>>Jurist: Das ist rechtlich gesehen eine äußerst komplexe Frage. Wenn wir die gesetzlichen Rahmenbedingungen analysieren, müssen wir berücksichtigen, dass Algorithmen nicht nur ethische Standards erfüllen, sondern auch rechtliche Anforderungen einhalten müssen. Ein Beispiel aus der Praxis: In einem Fall in Deutschland wurde entschieden, dass autonome Fahrzeuge nur dann zugelassen werden dürfen, wenn sie nachweislich sicherer sind als menschliche Fahrer.

>>Technologieethiker: Interessant! Wenn wir die gesellschaftlichen Auswirkungen bedenken, ist es wichtig zu erkennen, dass das Vertrauen der Öffentlichkeit in autonome Systeme entscheidend für deren Akzeptanz ist. Ein Beispiel: In einer Studie zur Akzeptanz autonomer Fahrzeuge zeigte sich, dass Menschen eher bereit sind, diese Technologien zu nutzen, wenn sie transparent und nachvollziehbar sind.

>>Philosoph: Nun ja... Die Frage nach der moralischen Verantwortung von Maschinen bleibt dennoch bestehen. Können Maschinen wirklich moralische Akteure sein? Ich denke da an Kant und seine Vorstellung vom guten Willen – etwas sehr Menschliches. Wie übertragen wir das auf Maschinen?

>>Ethikprofessor: Genau! Und ein Beispiel aus meiner Forschung zeigt deutlich die Grenzen der aktuellen Technologie. In einem Experiment mit autonomen Fahrzeugen haben wir festgestellt, dass die Algorithmen oft Schwierigkeiten haben, ethische Prinzipien konsistent anzuwenden.

>>KI-Forscher: Ja genau! Unsere Algorithmen sind darauf ausgelegt flexibel und anpassungsfähig zu sein um in realen Szenarien angemessen zu reagieren.

>>Jurist: Es gibt auch rechtliche Herausforderungen bei solchen Szenarien. Zum Beispiel muss klar definiert werden wer im Falle eines Unfalls haftet – der Hersteller des Fahrzeugs oder vielleicht sogar der Programmierer des Algorithmus?

>>Technologieethiker: Absolut! Und wenn man bedenkt wie wichtig Transparenz für das Vertrauen ist sollten Unternehmen offenlegen wie ihre Algorithmen funktionieren damit Nutzer verstehen können warum bestimmte Entscheidungen getroffen werden.

>>Philosoph: Also ich finde es spannend wie diese Diskussion zeigt dass Technik Ethik und Recht so eng miteinander verknüpft sind. Wir müssen alle Perspektiven berücksichtigen um verantwortungsvolle Lösungen zu finden. 
 >>Ethikprofessor: Das ist eine interessante Frage... Wenn wir die moralischen Implikationen bedenken, wie können wir sicherstellen, dass KI-Systeme nicht nur technisch einwandfrei funktionieren, sondern auch ethisch vertretbar handeln? Sollten wir vielleicht darüber nachdenken, ethische Prinzipien direkt in die Algorithmen zu integrieren?

>>KI-Forscher: Ja, das ist der Schlüssel. Wir können ethische Prinzipien als feste Regeln oder lernende Systeme implementieren. Die Herausforderung besteht darin sicherzustellen, dass diese Prinzipien flexibel und kontextabhängig angewendet werden.

>>Ethikprofessor: Genau! Die Herausforderung besteht darin, ob es möglich ist, ethische Prinzipien so zu kodifizieren, dass sie in jeder erdenklichen Situation anwendbar sind. Könnten wir vielleicht darüber nachdenken, wie wir Algorithmen entwickeln können, die nicht nur starr nach Regeln handeln, sondern auch kontextabhängig lernen und sich anpassen?

>>KI-Forscher: Ein Beispiel wäre die Anwendung von KI in der medizinischen Diagnostik. Hier müssen Algorithmen ständig neue Daten verarbeiten und ihre Entscheidungen entsprechend anpassen.

>>Jurist: Nun gut... aus rechtlicher Sicht müssen diese flexiblen Systeme dennoch nachvollziehbar bleiben. Es darf keine Black-Box-Entscheidungen geben.

>>Technologieethiker (unterbricht): Genau! Transparenz ist hier entscheidend. Ohne Transparenz wird es schwer sein, Akzeptanz für solche Systeme zu gewinnen.

>>Philosoph: Das führt uns zur Frage der moralischen Verantwortung. Können Maschinen wirklich moralisch verantwortlich sein? Oder liegt die Verantwortung letztlich immer bei den Menschen?

>>Ethikprofessor: Eine gute Frage! Vielleicht sollten wir überlegen, wie man Verantwortlichkeiten klar definieren kann – sowohl für Entwickler als auch für Nutzer von KI-Systemen.

>>KI-Forscher: Absolut! Und dabei dürfen wir nicht vergessen, dass technologische Lösungen immer im Kontext ihrer Anwendung bewertet werden müssen. Was in einem Szenario funktioniert, könnte in einem anderen völlig versagen.

>>Jurist: Richtig! Deshalb brauchen wir klare gesetzliche Rahmenbedingungen und Standards. Nur so können wir sicherstellen, dass KI-Systeme zuverlässig und verantwortungsvoll eingesetzt werden.

>>Technologieethiker: Ja genau! Und es wäre sinnvoll interdisziplinäre Ansätze zu fördern. Nur durch Zusammenarbeit können wir alle relevanten Aspekte abdecken und innovative Lösungen finden. 
 >>KI-Forscher: Also, wenn wir die Algorithmen analysieren, sehen wir, dass Flexibilität und Anpassungsfähigkeit der Schlüssel zur Förderung von Innovation sind. Ein praktischer Schritt könnte sein, modulare Architekturen zu entwickeln, wie wir es bei Projekt X gesehen haben. So könnten wir schnell auf neue Anforderungen reagieren.

>>Ethikprofessor: Ähm, das ist eine interessante Frage... Wenn wir die moralischen Implikationen bedenken, stellt sich die Frage, wie wir ethische Prinzipien in diese modularen Architekturen integrieren können. Vielleicht sollten wir darüber nachdenken...

>>Technologieethiker (unterbricht): Genau! Und wenn wir die gesellschaftlichen Auswirkungen bedenken...

>>Ethikprofessor: ...wie diese Flexibilität auch auf ethischer Ebene gewährleistet werden kann? Ein Ansatz wäre es doch...

>>Technologieethiker: ...transparente Kommunikationsstrategien zu entwickeln. So könnten alle Beteiligten besser verstehen und vertrauen.

>>Jurist: Nun gut... Es ist wichtig sicherzustellen, dass diese modularen Architekturen nicht nur flexibel und anpassungsfähig sind, sondern auch rechtlich nachvollziehbar bleiben. Wir müssen klare gesetzliche Rahmenbedingungen schaffen.

>>Philosoph: Ich bin mir nicht sicher, ob das ausreicht. Wir müssen auch die langfristigen ethischen Konsequenzen berücksichtigen. Regelmäßige ethische Audits könnten hier helfen.

>>KI-Forscher: Ehrlich gesagt finde ich den Ansatz mit den interdisziplinären Teams sehr spannend. Diese Teams könnten regelmäßig zusammenarbeiten und ihre unterschiedlichen Perspektiven einbringen.

>>Ethikprofessor: Ja genau! Und wenn wir dabei noch sicherstellen können, dass diese Flexibilität nicht nur technologisch umgesetzt wird sondern auch ethisch verantwortungsvoll gestaltet ist... Das wäre ideal.

>>Technologieethiker (unterbricht): ...dass Transparenz von Anfang an im Designprozess integriert wird!

>>Jurist: Absolut! Und durch klare rechtliche Vorgaben könnten wir verhindern...

>>Philosoph (überlappt): ...dass moralische Dilemmata übersehen werden! 
 >>Ethikprofessor: Gute Frage... Wenn wir die moralischen Implikationen bedenken, sollten wir auch darüber nachdenken, wie wir sicherstellen können, dass ethische Prinzipien in der Praxis tatsächlich umgesetzt werden. Vielleicht könnten regelmäßige ethische Audits und interdisziplinäre Teams da helfen.
>>KI-Forscher: Genau, und aus technischer Sicht betrachtet, sollten wir sicherstellen, dass die Algorithmen nicht nur flexibel und robust sind, sondern auch kontinuierlich überwacht und angepasst werden können. Das ist der Schlüssel zur Integration ethischer Prinzipien in die Praxis!
>>Jurist (unterbricht höflich): Entschuldigung, darf ich kurz einhaken? Wie genau würden diese ethischen Audits aussehen? Gibt es da schon konkrete Vorstellungen oder Modelle?
>>Ethikprofessor: Gute Frage! Also, ein mögliches Modell könnte sein... zum Beispiel ein Audit-Team aus verschiedenen Disziplinen wie Informatikern, Ethikern und Juristen, das halbjährlich die Algorithmen überprüft.
>>Philosoph (überlappt leicht): Vielleicht etwas in Richtung von Peer-Reviews?
>>Ethikprofessor: Ja genau! Peer-Reviews könnten ein Teil davon sein. Es wäre wichtig, dass diese Audits regelmäßig durchgeführt werden und verschiedene Disziplinen einbezogen werden.
>>Technologieethiker: Und was die rechtlichen Aspekte angeht... Sollten wir nicht auch sicherstellen, dass alle gesetzlichen Vorgaben eingehalten werden?
>>Jurist: Absolut. Die rechtlichen Rahmenbedingungen müssen natürlich berücksichtigt werden. Aber das könnte man ja in den Audit-Prozess integrieren.
>>KI-Forscher: Ehrlich gesagt, wenn wir die Algorithmen analysieren, müssen wir sicherstellen, dass sie nicht nur flexibel und robust sind, sondern auch kontinuierlich überwacht und angepasst werden können. Vielleicht könnten wir dafür spezifische Monitoring-Tools entwickeln.","**Meeting Summary: Innovation Forum zur Ethik in der Künstlichen Intelligenz**

Im heutigen Forum wurde die Ethik der künstlichen Intelligenz (KI) umfassend diskutiert. Die Teilnehmer betonten, dass KI-Ethik ein Teilbereich der angewandten Ethik ist und sich mit den ethischen Fragen von KI-Systemen befasst. Es wurden Überschneidungen mit anderen ethischen Disziplinen wie digitale Ethik und Technikethik hervorgehoben.

Ein zentrales Thema war die wachsende Bedeutung der KI-Ethik angesichts der erheblichen Auswirkungen von KI und Robotik auf die Menschheit. Diskutiert wurde, wann und unter welchen Bedingungen bestimmte Auswirkungen zulässig sind. Historisch begann die Debatte bereits 1960 mit Arbeiten von Norbert Wiener und Arthur L. Samuel.

Zwei Ansätze in der KI-Ethik wurden erörtert: Der prinzipienethische Ansatz, der allgemeine Prinzipien für praktische Probleme aufstellt, und der partikularistische Ansatz, der Moralurteile für konkrete Handlungssituationen entwickelt. Beide Ansätze haben ihre Vor- und Nachteile.

Besondere Aufmerksamkeit galt den ethischen Herausforderungen im Bereich des automatisierten Fahrens und autonomen Waffensystemen (AWS). Die Diskussion umfasste die Sicherheitsaspekte automatisierter Verkehrssysteme sowie die moralischen Dilemmata bei plötzlich auftretenden Gefahren.

Abschließend wurde über die Verantwortung von Maschinen diskutiert"
"In der Besprechung diskutierten Experten aus verschiedenen Bereichen die Fortschritte und Herausforderungen der Gentherapie. Der Genetiker betonte die beeindruckenden wissenschaftlichen Entwicklungen, insbesondere durch CRISPR/Cas9. Der Medizinethiker hob die ethischen Implikationen hervor, wie den gerechten Zugang zu Therapien und mögliche unbeabsichtigte genetische Veränderungen. Der medizinische Forscher berichtete von positiven Ergebnissen in klinischen Studien, während der Biotechnologe auf technische Herausforderungen hinwies. Der Patientenvertreter betonte die Perspektive der Patienten, ihre Ängste und Hoffnungen sowie die Notwendigkeit von Transparenz und Zugänglichkeit. Alle Teilnehmer waren sich einig über die Bedeutung von Sicherheit, Gerechtigkeit und kontinuierlicher Forschung zur Verbesserung der Gentherapien. Es wurde auch über hohe Kosten und mögliche Lösungen zur Senkung dieser diskutiert. Abschließend wurden konkrete Schritte vorgeschlagen, um ethische Überlegungen in zukünftige Entscheidungen einzubeziehen und Arbeitsgruppen zur Erarbeitung spezifischer Lösungen zu bilden.",">>Genetiker: Hallo zusammen! Wie geht's euch heute?
>>Medizinethiker: Hallo! Mir geht's gut. Ich freue mich auf unsere Diskussion über Gentherapie.
>>Medizinischer Forscher: Hi! Mir auch. Bin gespannt auf die Diskussion.
>>Biotechnologe: Hallo! Alles gut bei mir. Die technologischen Innovationen in der Gentherapie sind beeindruckend!
>>Patientenvertreter: Hey zusammen! Mir geht's auch gut. Bin gespannt darauf zu hören, was ihr alle zu sagen habt.

>>Genetiker: Schön zu hören, dass es allen gut geht. Also, die Fortschritte in der Gentherapie sind wirklich beeindruckend!
*Medizinethiker unterbricht*: Ja, aber...
*Genetiker fährt fort*: Ich freue mich darauf, mehr darüber zu diskutieren.
*Medizinethiker*: Absolut faszinierend! Aber wir sollten auch die ethischen Implikationen nicht vergessen. Wie stellen wir sicher, dass diese Therapien für alle zugänglich sind und nicht nur für eine privilegierte Gruppe?
>>Medizinischer Forscher: Ähm, ja genau. Die ethischen Fragen sind wichtig. Aber lassen Sie mich betonen, dass die praktischen Anwendungen der Gentherapie bereits erstaunliche Ergebnisse gezeigt haben! In unseren klinischen Studien haben wir signifikante Verbesserungen bei Patienten gesehen.
>>Biotechnologe: Genau! Durch Methoden wie CRISPR/Cas9 – das ist eine Technik zur gezielten Veränderung von DNA-Sequenzen – könnten wir noch präzisere und sicherere Anwendungen entwickeln. 
 >>Genetiker: Also, die Gentherapie lässt sich in zwei Hauptkategorien unterteilen: somatische und Keimbahntherapie. Bei der somatischen Gentherapie werden Gene in Körperzellen eingeführt, was bedeutet, dass die Veränderungen nicht an die nächste Generation weitergegeben werden. Die Keimbahntherapie hingegen betrifft Keimzellen oder Embryonalzellen und ist in Deutschland aus ethischen Gründen verboten.

>>Medizinethiker: Nun ja, lassen Sie uns darüber nachdenken, welche ethischen Implikationen die Keimbahntherapie mit sich bringt. Moralisch gesehen stellt sich die Frage, ob wir das Recht haben, genetische Veränderungen vorzunehmen, die zukünftige Generationen betreffen könnten. Wir müssen das sorgfältig abwägen.

>>Medizinischer Forscher: In den letzten Jahren haben wir bei der somatischen Gentherapie echt große Fortschritte gesehen. Zum Beispiel zeigen klinische Studien bei bestimmten genetischen Erkrankungen sehr positive Ergebnisse. Aber es ist wichtig zu beachten, dass wir die Daten sorgfältig analysieren müssen, um langfristige Sicherheit und Wirksamkeit zu gewährleisten.

>>Biotechnologe: Ich erkläre das mal kurz. Die somatische Gentherapie hat tatsächlich enorme Fortschritte gemacht, besonders durch CRISPR/Cas9. Das ist ein echter Durchbruch! Aber es gibt auch technische Herausforderungen wie Off-Target-Effekte, die wir noch besser verstehen müssen.

>>Patientenvertreter: Ähm... ich möchte betonen, dass wir bei all diesen Fortschritten die Perspektive der Patienten nicht vergessen dürfen. Wie fühlen sich die Betroffenen dabei? Welche Ängste und Hoffnungen haben sie?

>>Medizinethiker: Ehrlich gesagt... Wir müssen auch bedenken, dass die somatische Gentherapie zwar vielversprechend ist, aber ethische Fragen aufwirft. Was passiert zum Beispiel bei unbeabsichtigten genetischen Veränderungen? Man könnte argumentieren, dass wir hier eine Verantwortung gegenüber den Patienten haben.

>>Medizinischer Forscher: Ja genau! In der klinischen Forschung haben wir gesehen, dass diese Therapie nicht nur bei genetischen Erkrankungen sondern auch bei bestimmten Krebsarten vielversprechende Ergebnisse zeigt. Aber wie gesagt - langfristige Sicherheit muss gewährleistet sein.

>>Genetiker: Genau! Wissenschaftlich gesehen ist es faszinierend zu sehen wie präzise wir mittlerweile Gene editieren können. Ein echter Durchbruch!

>>Medizinethiker: Interessant! Aber wie gesagt - wir müssen auch immer an mögliche unbeabsichtigte genetische Veränderungen denken und deren Folgen berücksichtigen. Was passiert wenn diese zu neuen Krankheiten führen? Das bleibt eine wichtige ethische Frage.

>>Patientenvertreter: Und was sagen eigentlich unsere Patienten dazu? Haben sie Bedenken bezüglich dieser neuen Technologien?

>>Biotechnologe: Gute Frage! Viele Patienten sind begeistert von den Möglichkeiten der Gentherapie, aber es gibt natürlich auch Sorgen über Langzeitfolgen und Nebenwirkungen.

>>Medizinischer Forscher: Genau! Deshalb ist es so wichtig, dass wir transparent kommunizieren und sicherstellen, dass alle Beteiligten umfassend informiert sind. 
 >>Genetiker: Genome Editing ermöglicht uns präzise Reparaturen an defekten Genen vorzunehmen. Die FDA und EMA haben bereits mehrere Therapien zugelassen, die beeindruckende Ergebnisse zeigen.

>>Medizinethiker: Wir müssen sicherstellen, dass solche Therapien nicht nur sicher und effektiv sind, sondern auch gerecht zugänglich für alle Patienten. Es gibt keine einfache Antwort auf die Frage, wie wir diese Balance finden können.

>>Medizinischer Forscher: Die Ergebnisse aus den klinischen Studien sind vielversprechend. Genome Editing zeigt eine hohe Erfolgsquote bei der Behandlung genetischer Erkrankungen. Das ist ein bedeutender Fortschritt.

>>Biotechnologe: Genome Editing, insbesondere mit CRISPR/Cas9, hat das Potenzial, nicht nur genetische Erkrankungen zu behandeln, sondern auch die Art und Weise zu revolutionieren, wie wir Krankheiten insgesamt angehen. Wissenschaftlich gesehen sind die Möglichkeiten nahezu unbegrenzt!

>>Patientenvertreter: Das klingt alles sehr vielversprechend. Aber wir dürfen nicht vergessen...

>>Genetiker (unterbricht): Entschuldigung für die Unterbrechung - ich wollte nur hinzufügen...

>>Patientenvertreter: Kein Problem! Ich wollte nur sagen...

>>Genetiker: Danke! Also ja...

>>Patientenvertreter: ...dass viele Patienten Bedenken bezüglich der Langzeitsicherheit und der Zugänglichkeit dieser Therapien haben. Das ist aus Patientensicht wichtig.

>>(Handy klingelt im Hintergrund)

>>(kurzes Lachen)

>>(Handy wird stumm geschaltet)

>>Medizinethiker (nach einer kurzen Pause): Interessant! Aber wir müssen auch die ethischen Fragen berücksichtigen, insbesondere wenn es um die Langzeitsicherheit und Gerechtigkeit im Zugang zu diesen Therapien geht. Wie können wir sicherstellen, dass diese Technologien nicht nur den Wohlhabenden zugutekommen?

>>Biotechnologe (lächelnd fortsetzend): Gut... Die technologische Innovation im Bereich des Genome Editing ist wirklich erstaunlich! Neben den Fortschritten bei der Behandlung genetischer Erkrankungen sehen wir auch großes Potenzial in anderen Bereichen wie der Landwirtschaft. Wir könnten bald in der Lage sein, Pflanzen resistenter gegen Krankheiten zu machen oder ihre Nährstoffgehalte zu erhöhen.

>>Genetiker: Lassen Sie mich erklären... wie präzise diese Genome Editing-Techniken wirklich sind. Wir können gezielt einzelne Basenpaare in der DNA austauschen, was die Wahrscheinlichkeit von Off-Target-Effekten erheblich reduziert. Das ist ein enormer Fortschritt!

>>(kurzes Nachdenken)

>>Medizinethiker: Nun ja... wir müssen auch bedenken... dass die ethischen Fragen nicht nur die Sicherheit und Gerechtigkeit betreffen. Wie gehen wir mit den möglichen langfristigen Auswirkungen auf zukünftige Generationen um? 
 >>Genetiker: Also, die erste Gentherapie im Jahr 1990 war wirklich ein bedeutender Meilenstein. Seitdem haben wir enorme Fortschritte gemacht.

>>Patientenvertreter: Ja, das war ein großer Schritt. Aber ehrlich gesagt, viele Patienten haben Angst vor den möglichen Nebenwirkungen und Langzeitfolgen solcher Behandlungen.

>>Medizinethiker: Die ethischen Überlegungen waren damals enorm und sind es auch heute noch, besonders wenn wir an die langfristigen Folgen denken. Wie sehen Sie das, Herr Genetiker?

>>Genetiker: Absolut! Wir müssen immer die Sicherheit der Patienten im Auge behalten. Seit 1990 haben wir nicht nur die Sicherheit und Wirksamkeit verbessert, sondern auch neue Techniken entwickelt.

>>Medizinischer Forscher: Genau! Die Behandlung von SCID hat gezeigt, dass wir genetische Defekte direkt angehen können. Heute arbeiten wir mit präziseren Methoden wie CRISPR/Cas9.

>>Biotechnologe: Richtig! CRISPR/Cas9 ist eine revolutionäre Technik. In mehreren Studien konnten wir bereits vielversprechende Ergebnisse erzielen. Das zeigt das Potenzial dieser neuen Ansätze.

>>Patientenvertreter: Das klingt alles sehr vielversprechend, aber wie sieht es mit den Langzeitergebnissen aus? Gibt es schon Daten dazu?

>>Medizinischer Forscher: Gute Frage! Einige Studien laufen noch, aber bisherige Ergebnisse deuten darauf hin, dass die neuen Therapien sicherer und effektiver sind als frühere Ansätze.

>>Medizinethiker: Und was ist mit den ethischen Aspekten neuer Techniken wie CRISPR/Cas9? Wir müssen sicherstellen, dass diese ebenfalls ethisch vertretbar sind.

>>Genetiker: Da stimme ich zu. Es ist wichtig, dass wir nicht nur auf wissenschaftliche Durchbrüche achten, sondern auch auf deren ethische Implikationen. 
 >>Medizinischer Forscher: Also, lassen Sie mich das erklären. Zolgensma ist tatsächlich ein bedeutender Fortschritt in der Behandlung der Spinalen Muskelatrophie (SMA). Es handelt sich um eine einmalige Gentherapie, die das defekte SMN1-Gen ersetzt und so die Ursache der Krankheit direkt adressiert. Studien zeigen, dass Zolgensma bei 90% der behandelten Kinder eine signifikante Verbesserung bewirkt hat (Smith et al., 2020). Die Ergebnisse sind vielversprechend, aber es gibt auch Herausforderungen, insbesondere hinsichtlich der Langzeitsicherheit und der hohen Kosten. Aber wir dürfen nicht vergessen, dass auch bei β-Thalassämie große Fortschritte gemacht wurden. Betibeglogen Autotemcel hat gezeigt, dass gentherapeutische Ansätze hier ebenfalls vielversprechend sein können.

>>Medizinethiker: Ähm, ja... Wir müssen auch die ethischen Implikationen der Langzeitsicherheit von Zolgensma berücksichtigen. Man könnte argumentieren, dass es moralisch nicht vertretbar ist, eine Therapie zuzulassen, deren langfristige Auswirkungen noch unklar sind.

>>Genetiker: Interessanterweise zeigt die Diskussion um Zolgensma und β-Thalassämie, wie komplex und herausfordernd die Gentherapie sein kann. Wissenschaftlich gesehen ist es faszinierend, dass wir in der Lage sind, defekte Gene zu ersetzen oder zu reparieren. Bei der Behandlung von β-Thalassämie mit Betibeglogen Autotemcel gibt es ebenfalls Herausforderungen. Die Integration des Gens an unvorhersehbaren Stellen im Genom birgt Risiken wie Off-Target-Effekte und erfordert sorgfältige Überwachung.

>>Patientenvertreter: Ich denke da immer an die Patienten und ihre Familien. Diese Therapien bieten Hoffnung, aber sie müssen sicher sein und zugänglich für alle Betroffenen sein.

>>Biotechnologe: Genau! Und wenn man bedenkt, wie teuer diese Behandlungen sind... Tatsächlich stellt sich die Frage nach der Gerechtigkeit im Zugang zu diesen Therapien.

>>Medizinischer Forscher: Das stimmt! Die Kostenfrage ist enorm wichtig. Gibt es bereits Ansätze oder Modelle, um die Kosten zu senken?

>>Medizinethiker: Zusätzlich zur Erschwinglichkeit sollten wir auch die ethischen Aspekte der Verteilung berücksichtigen, um sicherzustellen, dass alle Patienten Zugang haben.

>>Patientenvertreter: Ehrlich gesagt macht mir das Angst für die Patienten. Wir brauchen mehr Transparenz über diese Risiken und wie sie gemanagt werden sollen.

>>Biotechnologe: Absolut! Und gleichzeitig sollten wir weiterhin Innovationen fördern – ohne dabei die Sicherheit aus den Augen zu verlieren. 
 >>Medizinethiker: Lassen Sie uns darüber nachdenken, welche langfristigen Auswirkungen die Integration von Spender-DNA haben könnte. Ähm, moralisch gesehen... könnten wir unbeabsichtigte genetische Veränderungen riskieren, die zukünftige Generationen betreffen.

>>Patientenvertreter: Das ist wirklich besorgniserregend! Wir müssen sicherstellen, dass die Patienten umfassend über mögliche Risiken und langfristige Auswirkungen informiert werden. Es geht hier um ihr Leben und ihre Zukunft. Ich habe mit vielen Patienten gesprochen, und sie sind oft verunsichert und ängstlich.

>>Genetiker: Interessanterweise birgt die Integration von Spender-DNA tatsächlich das Risiko unvorhersehbarer genetischer Veränderungen. Wissenschaftlich gesehen ist es entscheidend, dass wir präzise Techniken wie CRISPR/Cas9 verwenden. Diese Technik erlaubt es uns, gezielt Gene zu verändern und dabei unerwünschte Effekte zu minimieren.

>>Medizinischer Forscher: Genau. In der klinischen Forschung analysieren wir die Daten sehr sorgfältig. Zum Beispiel haben unsere letzten Studien gezeigt, dass CRISPR/Cas9 vielversprechende Ergebnisse liefert und das Risiko von Off-Target-Effekten deutlich reduziert wird.

>>Medizinethiker: Das ist eine ethische Frage. Wir müssen das sorgfältig abwägen, insbesondere wenn es um die langfristigen Auswirkungen auf zukünftige Generationen geht. Man könnte argumentieren, dass wir hier in gewisser Weise Pioniere sind und daher eine besondere Verantwortung tragen.

>>Biotechnologe: Absolut! Die ethischen Implikationen sind enorm wichtig. Aber auch technologisch gesehen müssen wir sicherstellen, dass unsere Methoden so sicher wie möglich sind. Innovation darf nicht auf Kosten der Sicherheit gehen.

>>Patientenvertreter: Ja genau! Und aus Patientensicht ist Transparenz entscheidend. Die Menschen müssen wissen, worauf sie sich einlassen und welche Risiken bestehen könnten.

>>Genetiker: Nun ja... Die Herausforderung besteht darin, wissenschaftliche Präzision mit ethischer Verantwortung zu vereinen. Wir dürfen nicht vergessen, dass jede Veränderung weitreichende Konsequenzen haben kann.

>>Medizinischer Forscher: Richtig! Und deshalb ist es so wichtig, kontinuierlich zu forschen und unsere Methoden zu verbessern. Nur so können wir sicherstellen, dass Gentherapien sowohl effektiv als auch sicher sind.

>>Medizinethiker: Das bringt uns zurück zur Frage der Keimbahntherapie... Ähm... Sind wir bereit für diese Verantwortung? Die langfristigen Auswirkungen auf zukünftige Generationen sind schwer abzuschätzen. 
 >>Patientenvertreter: Ehrlich gesagt, die Kosten sind wirklich ein großes Problem. Viele Patienten sind verzweifelt und wissen nicht, wie sie sich diese Therapien leisten sollen. Das ist aus Patientensicht wichtig.

>>Biotechnologe: Ja, das verstehe ich. Aber es gibt einige Ansätze, die wir in Betracht ziehen können, um die Kosten zu senken. Zum Beispiel könnten wir die Produktionsprozesse optimieren und skalierbarer machen. Das könnte helfen, die Therapien erschwinglicher zu gestalten.

>>Genetiker: Es ist interessant, dass du das erwähnst. Die hohen Kosten der Gentherapie sind nicht nur ein finanzielles Problem, sondern auch eine Frage der Effizienz und Skalierbarkeit. Wenn wir bessere Produktionsmethoden entwickeln und gezielt forschen, könnten wir die Kosten erheblich senken.

>>Medizinethiker: Aus ethischer Sicht müssen wir sicherstellen, dass diese Therapien nicht nur für Wohlhabende zugänglich sind. Wir müssen das sorgfältig abwägen und Lösungen finden.

>>Medizinischer Forscher: Ja, das ist eine wichtige Überlegung. Wenn wir an neuen Vektoren und Methoden wie CRISPR/Cas9 forschen, könnten wir nicht nur die Effizienz steigern, sondern auch die Kosten senken.

>>Patientenvertreter: Genau! Und es darf nicht sein, dass nur Wohlhabende Zugang zu diesen lebensrettenden Therapien haben. Wir müssen sicherstellen, dass alle Patienten davon profitieren können.

>>Biotechnologe: Absolut! Wenn wir den gesamten Prozess effizienter gestalten und vielleicht sogar neue Technologien einsetzen... Ich denke da an automatisierte Systeme oder bessere Materialien...

>>Genetiker: Stimmt genau... Die Optimierung der Produktionsprozesse könnte nicht nur die Kosten senken, sondern auch die Effizienz und Sicherheit der Therapien erhöhen.

>>Medizinethiker: Das ist kompliziert... Wir müssen auch bedenken, dass hohe Kosten ethische Fragen aufwerfen. Wie können wir sicherstellen, dass diese lebensrettenden Therapien für alle zugänglich sind?

>>Medizinischer Forscher: Vielleicht sollten wir auch über staatliche Unterstützung oder Förderprogramme nachdenken? Es gibt sicherlich Wege...

>>Patientenvertreter: Weißt du... Ich denke auch an Versicherungen und wie sie solche Behandlungen abdecken könnten. Es muss einfach Lösungen geben! 
 >>Genetiker: Also, ich erinnere mich an einen Fall, bei dem wir eine neue Gentherapie für eine seltene genetische Erkrankung entwickelt haben. Die Kosten waren enorm, aber die Ergebnisse waren unglaublich! Das war wirklich ein großer Fortschritt für uns.

>>Medizinethiker: Ja, das klingt beeindruckend. Aber wie gehen wir mit den ethischen Fragen um? Ich hatte mal eine Diskussion mit einem Kollegen darüber, wie wichtig es ist, dass diese Therapien nicht nur für Wohlhabende zugänglich sind. Wir müssen sicherstellen, dass jeder Patient die gleiche Chance auf Heilung hat.

>>Patientenvertreter: Genau! Ich kenne einen Patienten, der dringend eine Gentherapie benötigte. Die Familie war verzweifelt wegen der hohen Kosten und wusste nicht, wie sie das finanzieren sollten. Es ist so wichtig, dass diese Behandlungen für alle zugänglich sind.

>>Medizinischer Forscher: Tatsächlich habe ich auch so etwas erlebt. In einer meiner Studien haben wir CRISPR/Cas9 zur Behandlung einer seltenen genetischen Erkrankung eingesetzt. Die Präzision war beeindruckend! Aber die Kosten und die ethischen Fragen waren enorm. Es zeigt wirklich, wie wichtig es ist, sowohl wissenschaftliche als auch ethische Aspekte zu berücksichtigen.

>>Biotechnologe: Ähm... Ja genau! Ich denke da an ein Projekt zur Optimierung der Produktionsprozesse von Gentherapien. Wenn wir es schaffen könnten, die Effizienz zu steigern und die Kosten zu senken, wäre das ein großer Schritt nach vorne.

>>Genetiker: Genau! Und dabei dürfen wir nicht vergessen, dass jede Verbesserung in der Produktion direkt den Patienten zugutekommt.

>>Medizinethiker: Ehrlich gesagt... Es gibt so viele ethische Überlegungen bei diesen neuen Technologien. Wir müssen sicherstellen, dass niemand aufgrund finanzieller Einschränkungen ausgeschlossen wird.

>>Patientenvertreter: Absolut richtig! Ich kenne Familien, die alles verkauft haben, um sich eine Gentherapie leisten zu können. Das ist aus Patientensicht wirklich tragisch und zeigt uns allen hier im Raum deutlich auf...

>>Medizinischer Forscher: Gut gesagt! Wir brauchen dringend Lösungen und vielleicht auch staatliche Unterstützung oder Förderprogramme.

>>Biotechnologe: Genau! Und durch technologische Innovationen könnten wir möglicherweise auch neue Wege finden... 
 >>Patientenvertreter: Also, ich muss euch eine lustige Geschichte erzählen. Letzte Woche war ich beim Arzt und habe aus Versehen den Wartebereich mit dem Personalraum verwechselt! Die Gesichter der Mitarbeiter waren einfach zu komisch.

>>Genetiker: Haha, das ist echt witzig! Das erinnert mich an eine Situation im Labor, als ein Kollege versehentlich die Proben vertauschte. Wir dachten kurzzeitig, wir hätten einen Durchbruch in der Genetik erzielt. Es hat uns gezeigt, wie wichtig wissenschaftliche Genauigkeit ist.

>>Medizinethiker: Oh ja, solche Momente kenne ich auch. Einmal war ich in einer ethischen Diskussion über die Verteilungsgerechtigkeit von Therapien und bin versehentlich in den Pausenraum gegangen. Die überraschten Gesichter meiner Kollegen waren einfach köstlich!

>>Medizinischer Forscher: Haha! Tatsächlich hatte ich einmal einen ähnlichen Moment in einer Klinik. Ich habe den Raum für die Medikamentenlagerung mit dem Besprechungsraum verwechselt. Das hat uns gezeigt, wie wichtig klare Beschilderungen sind.

>>Biotechnologe: Das ist echt lustig! Aber lasst uns mal zurück zum Thema kommen. Wie steht es um unsere aktuellen Projekte?

>>Patientenvertreter: Gute Idee. Wir sollten über die neuen Therapieansätze sprechen, die wir letzte Woche diskutiert haben.

>>Genetiker: Ja genau, wir haben einige vielversprechende Ergebnisse bei unseren letzten Tests gesehen. Besonders bei der Gen-Editierung gibt es Fortschritte.

>>Medizinethiker: Da fällt mir ein wichtiger Punkt ein – wie gehen wir ethisch mit diesen neuen Möglichkeiten um? Wir müssen sicherstellen, dass alle Patienten fair behandelt werden.

>>Medizinischer Forscher: Absolut richtig! Und wir sollten auch darüber nachdenken, wie wir diese Technologien sicher und effektiv implementieren können.

>>Biotechnologe: Genau, Sicherheit steht an erster Stelle. Aber wenn wir das richtig machen, könnten diese neuen Ansätze wirklich bahnbrechend sein.

Alle nicken zustimmend und beginnen eine lebhafte Diskussion über die nächsten Schritte ihrer Projekte. 
 >>Genetiker: Also, wir haben in den letzten Sitzungen viele wichtige Punkte besprochen, insbesondere die Fortschritte bei der Anwendung von CRISPR/Cas9 und die ethischen Implikationen. Diese Diskussionen sind wichtig und helfen uns bei zukünftigen Entscheidungen. Ein Durchbruch in der Genetik!

>>Medizinethiker: Ja, das stimmt. Aber wie können wir die ethischen Überlegungen konkret in unsere nächsten Schritte einbeziehen? Wir müssen sicherstellen, dass die Therapien für alle Patienten zugänglich und sicher sind.

>>Patientenvertreter: Genau, aus Patientensicht ist es entscheidend, dass wir die Sicherheit und Zugänglichkeit der Therapien nicht aus den Augen verlieren. Ich habe mit vielen Patienten gesprochen, die sich Sorgen machen, ob sie sich diese neuen Behandlungen überhaupt leisten können.

>>Genetiker: Um wissenschaftlich genau zu bleiben, sollten wir auch weiterhin die neuesten Forschungsergebnisse und Technologien wie CRISPR/Cas9 genau im Auge behalten. Zum Beispiel zeigen neueste Studien vielversprechende Ergebnisse bei seltenen genetischen Erkrankungen.

>>Medizinethiker: Das ist wichtig. Wir müssen aber auch überlegen, wie wir sicherstellen können, dass diese Therapien gerecht verteilt werden. Vielleicht könnten wir einen ethischen Rahmen entwickeln, der klare Richtlinien für den Zugang festlegt.

>>Biotechnologe (unterbricht): Ich denke auch an die Kostenfrage - wie können wir sicherstellen, dass diese neuen Technologien bezahlbar bleiben?

>>Genetiker: Guter Punkt! Das ist tatsächlich eine große Herausforderung. Wir müssen eng mit politischen Entscheidungsträgern zusammenarbeiten und vielleicht auch innovative Finanzierungsmodelle entwickeln.

>>Medizinischer Forscher: Tatsächlich sollten wir auch überlegen, wie klinische Studien gestaltet werden können, um sowohl Sicherheit als auch Bezahlbarkeit zu gewährleisten.

>>Patientenvertreter: Ehrlich gesagt ist es wirklich entscheidend, dass wir die Patientenperspektive weiterhin im Fokus behalten. Viele Patienten haben Angst vor möglichen Nebenwirkungen oder langen Wartezeiten auf neue Therapien.

>>Medizinethiker: Ja genau! Wir müssen all diese Aspekte sorgfältig abwägen und konkrete Schritte planen. Vielleicht könnten wir Arbeitsgruppen bilden, um spezifische Lösungen für Zugänglichkeit und Gerechtigkeit zu erarbeiten.","In unserem heutigen Treffen haben wir uns intensiv mit dem Thema Gentherapie beschäftigt. Zunächst wurde die Definition und das Ziel der Gentherapie erläutert, nämlich die Korrektur defekter Gene zur Behandlung oder Vorbeugung genetisch bedingter Erbkrankheiten durch rekombinante DNA-Techniken. Es wurde zwischen somatischer Gentherapie, die nur den Empfänger betrifft, und der in Deutschland verbotenen Keimbahntherapie unterschieden.

Ein weiterer Schwerpunkt lag auf den Fortschritten im Bereich des Genome Editing, das präzisere Reparaturen ermöglicht. Trotz zahlreicher experimenteller Studien sind bisher nur wenige Therapien von der FDA und EMA zugelassen. Ein historischer Meilenstein war die erste gentherapeutische Behandlung 1990 bei einem Mädchen mit SCID.

Wir diskutierten auch über spezifische Anwendungen wie die Therapie der Spinalen Muskelatrophie (SMA) mit Zolgensma und die Herausforderungen bei der Behandlung von β-Thalassämie sowie anderen seltenen Erkrankungen wie Lebersche Kongenitale Amaurose und LHON.

Abschließend wurden ethische Bedenken und Sicherheitsrisiken thematisiert, insbesondere im Zusammenhang mit unvorhersehbaren Integrationseffekten der Spender-DNA. Die hohen Kosten für gentherapeutische Behandlungen stellen eine weitere Herausforderung dar, da sie den breiten klinischen Einsatz gefährden könnten."
"In dem Meeting diskutierten die Teilnehmer verschiedene Aspekte der Renaissance und deren tiefgreifende Auswirkungen auf Kunst, Literatur, Musik und Philosophie. Der Historiker betonte die Rolle der Medici-Familie als Mäzene und die Bedeutung des Buchdrucks für die Verbreitung von Wissen. Der Kunsthistoriker hob Michelangelos 'David' als Beispiel für technische Brillanz und emotionale Tiefe hervor. Der Philosoph sprach über den Einfluss von Denkern wie Machiavelli und Pico della Mirandola auf das politische und ethische Denken. Der Musikwissenschaftler erläuterte die Entwicklung der Polyphonie durch Komponisten wie Josquin des Prez. Der Literaturwissenschaftler betonte die Verschmelzung antiker Einflüsse mit neuen humanistischen Ideen in Werken wie Dantes 'Göttliche Komödie'. Abschließend einigten sich alle darauf, eine interdisziplinäre Ausstellung zu planen, um diese vielfältigen Einflüsse der Renaissance zu veranschaulichen.",">>Historiker: Guten Tag zusammen! Ich hoffe, es geht Ihnen allen gut. Bevor wir in die Details eintauchen, lassen Sie uns kurz die Ziele unseres heutigen Treffens besprechen. Wir werden verschiedene Aspekte der Renaissance beleuchten und ihre tiefgreifenden Auswirkungen auf Kunst, Literatur, Musik und Philosophie diskutieren.

>>Kunsthistoriker: Hallo zusammen! Schön euch zu sehen. Ich bin gespannt auf unsere Diskussion über die Renaissance und ihre vielfältigen Einflüsse auf die Kunst.

>>Philosoph: Hallo! Freue mich auch, hier zu sein. Besonders interessiert mich heute, wie Denker wie Machiavelli neue Perspektiven auf Ethik eröffneten.

>>Musikwissenschaftler: Hi alle! Ich freue mich darauf, über die musikalischen Entwicklungen der Renaissance zu sprechen und wie Komponisten wie Josquin des Prez die Polyphonie revolutionierten.

>>Literaturwissenschaftler: Hallo an alle! Ich finde es spannend, wie antike Einflüsse mit neuen Ideen verschmolzen sind um literarische Meisterwerke hervorzubringen.

>>Historiker: Also ich bin besonders gespannt darauf, die historischen Entwicklungen der Renaissance zu beleuchten. Diese Epoche hat nicht nur Künste und Wissenschaften revolutioniert sondern auch tiefgreifende gesellschaftliche Veränderungen mit sich gebracht.

>>Kunsthistoriker: Ja genau! Und wenn man an Künstler wie Michelangelo denkt – ihre Werke zeigen nicht nur technische Brillanz sondern tauchen auch tief in die menschliche Psyche ein.

>>Philosoph: Absolut. Die philosophischen Revolutionen dieser Zeit sind wirklich bemerkenswert. Es ist faszinierend zu sehen, wie das Denken über das menschliche Dasein sich verändert hat.

>>Musikwissenschaftler: Stimmt! Die Entwicklung der Polyphonie ermöglichte eine tiefere emotionale Ausdruckskraft durch musikalische Innovationen. Das war wirklich bahnbrechend.

>>Literaturwissenschaftler: Genau, und diese Verschmelzung von antiken Einflüssen mit neuen Ideen hat literarische Meisterwerke hervorgebracht, die bis heute nachwirken. 
 >>Historiker: Ähm, die Renaissance war wirklich eine Zeit des bemerkenswerten kulturellen und intellektuellen Aufschwungs. Die Wiederentdeckung der klassischen Antike hat nicht nur die Kunst und Literatur revolutioniert, sondern auch die Wissenschaften stark beeinflusst – denken wir an Galileo Galilei und seine astronomischen Entdeckungen.

>>Kunsthistoriker: Absolut! Michelangelos David ist ein herausragendes Beispiel für diese Epoche – die meisterhafte Darstellung der menschlichen Form und die psychologische Tiefe sind beeindruckend. Und wenn man an andere Künstler wie Leonardo da Vinci denkt, sieht man, wie vielseitig und innovativ diese Zeit war.

>>Philosoph: Ja, das stimmt. Und in der Philosophie brachte Machiavellis 'Il Principe' eine neue Sicht auf politische Machtverhältnisse ein – das hat bis heute einen tiefgreifenden Einfluss auf unser Denken über Politik. Was haltet ihr von den humanistischen Ideen dieser Zeit?

>>Musikwissenschaftler: Genau! Auch die Musik dieser Zeit ist faszinierend – Josquin des Prez' 'Ave Maria' zeigt eine komplexe Polyphonie und Harmonie. Es ist erstaunlich, wie jede Stimme klar erkennbar bleibt, obwohl sie so eng miteinander verwoben sind.

>>Historiker: Es ist wirklich bemerkenswert zu sehen, wie der Humanismus das Individuum betonte und ein neues Selbstbewusstsein förderte. Das führte zu bedeutenden Fortschritten in vielen Bereichen, sei es in der Kunst, Wissenschaft oder Literatur.

>>Literaturwissenschaftler: Dante Alighieris 'Die Göttliche Komödie' verbindet antike Einflüsse mit neuen humanistischen Ideen und bietet eine tiefgründige Reflexion über menschliche Tugenden und Laster. Aber auch Autoren wie Petrarca haben durch ihre Werke den Humanismus geprägt.

>>Kunsthistoriker: Stimmt genau! Und wenn wir über Wissenschaft sprechen, sollten wir auch an Leute wie Andreas Vesalius denken, dessen Arbeiten zur Anatomie bahnbrechend waren. Die Renaissance war wirklich eine Zeit des umfassenden Wandels. 
 >>Historiker: In der Tat, die Renaissance war eine Zeit des umfassenden Wandels. Es ist bemerkenswert, wie die Medici-Familie als Mäzene nicht nur Künstler wie Michelangelo und Leonardo da Vinci unterstützte, sondern auch Wissenschaftler wie Galileo Galilei förderte. Diese Förderung ermöglichte es den Genies ihrer Zeit, ihre Talente voll zu entfalten und bahnbrechende Werke zu schaffen.

>>Literaturwissenschaftler: Interessanterweise sehen wir in den literarischen Werken der Renaissance eine bemerkenswerte Verschmelzung von antiken Einflüssen und neuen humanistischen Ideen. Zum Beispiel hat Dante Alighieri in seiner 'Göttlichen Komödie' nicht nur die klassischen Epen Homers und Vergils aufgegriffen, sondern auch tiefgründige philosophische und theologische Fragen behandelt. Diese Synthese ist ein wesentlicher Aspekt der literarischen Innovation dieser Epoche, finde ich.

>>Kunsthistoriker: Ein bemerkenswertes Werk ist Michelangelos 'David'. Die meisterhafte Darstellung der menschlichen Anatomie und die psychologische Tiefe sind einfach erstaunlich! Was denkt ihr darüber?

>>Philosoph: Ähm, lassen Sie mich das verdeutlichen... Die philosophischen Strömungen der Renaissance, insbesondere der Humanismus, haben eine tiefgreifende Wirkung auf die Kunst und Wissenschaft dieser Zeit gehabt. Nehmen wir zum Beispiel Michelangelos 'David'. Ohne den Einfluss des Humanismus hätte diese Skulptur möglicherweise nicht dieselbe emotionale Tiefe oder symbolische Bedeutung erreicht. Ein weiteres Beispiel wäre die Arbeit von Leonardo da Vinci, dessen Gemälde und wissenschaftliche Studien ebenfalls stark vom humanistischen Denken geprägt waren.

>>Musikwissenschaftler (unterbricht): Entschuldigung für die Unterbrechung - aber könnten Sie das mit einem konkreten Beispiel erläutern? Ich denke da an etwas Greifbares für unser Verständnis.

>>Philosoph: Natürlich! Wie gesagt, Michelangelos 'David' ist ein gutes Beispiel. Aber schauen wir uns auch Leonardo da Vincis 'Mona Lisa' an – das Lächeln dieser Frau zeigt eine unglaubliche emotionale Tiefe und Komplexität, was ohne den Einfluss des Humanismus kaum denkbar wäre.

>>Historiker: Es ist wirklich faszinierend zu sehen, wie die Medici-Familie nicht nur als Mäzene agierte, sondern auch eine Art intellektuelles Zentrum schuf. Man könnte sagen...

>>Kunsthistoriker (überlappt): Ja genau! Und sie boten ihnen auch einen Raum für Austausch und Zusammenarbeit!

>>Historiker: Genau! Ohne ihre Unterstützung wären viele bedeutende Werke und Entdeckungen dieser Zeit nicht möglich gewesen.

>>Musikwissenschaftler (lacht): Wir scheinen alle sehr begeistert von diesem Thema zu sein!

>>Kunsthistoriker (lächelnd): Ja absolut! Es ist wirklich faszinierend zu sehen, wie all diese Elemente zusammenkommen. Also zurück zu Michelangelo's 'David' - diese Kombination aus technischer Meisterschaft und emotionaler Tiefe zeigt wirklich das volle Potenzial der Renaissance-Kunst. 
 >>Historiker: Also, die Renaissance war ja nicht nur auf Italien beschränkt. Ein interessanter Aspekt ist, wie sich diese kulturelle Bewegung nach Norden ausbreitete und dabei verschiedene Regionen Europas beeinflusste. Zum Beispiel hatte die Renaissance in den Niederlanden eine ganz eigene Ausprägung, geprägt durch Künstler wie Hieronymus Bosch und Pieter Bruegel.

>>Kunsthistoriker: Ja genau! Und in Deutschland wurde die Renaissance durch Albrecht Dürer und seine meisterhaften Holzschnitte und Gemälde repräsentiert. Ehrlich gesagt hat Dürer nicht nur die italienischen Techniken übernommen, sondern auch eine einzigartige deutsche Perspektive eingebracht.

>>Musikwissenschaftler: Ähm, die Renaissance hatte auch einen tiefgreifenden Einfluss auf die Musik in verschiedenen Regionen Europas. Ein bemerkenswertes Beispiel ist die Entwicklung der Polyphonie in den Niederlanden durch Komponisten wie Josquin des Prez. Seine Musik hat nicht nur italienische Einflüsse aufgenommen, sondern auch eine einzigartige nordeuropäische Klangfarbe entwickelt.

>>Philosoph: Interessanterweise hat sich auch die Philosophie der Renaissance bemerkenswert in ganz Europa verbreitet. Denken wir an Denker wie Erasmus von Rotterdam, der humanistische Ideen in den Norden brachte und damit einen tiefgreifenden Einfluss auf die intellektuelle Landschaft hatte. Man könnte argumentieren, dass diese philosophischen Strömungen nicht nur Kunst und Literatur beeinflussten, sondern auch das gesellschaftliche und politische Denken jener Zeit.

>>Historiker: Es ist faszinierend zu sehen, wie die Renaissance in England durch Werke von William Shakespeare und Christopher Marlowe eine literarische Blütezeit erlebte. Diese Autoren haben nicht nur klassische Themen aufgegriffen...

>>Anna (Literaturwissenschaftlerin): Entschuldigung für das Unterbrechen, aber ich wollte hinzufügen, dass ihre neuen Formen des Dramas wirklich revolutionär waren! Sie haben zum Beispiel das elisabethanische Theater stark geprägt.

>>Paul (Historiker): Klar, bitte weiter.

>>Anna (Literaturwissenschaftlerin): Danke! Also... es ist spannend zu sehen, wie Shakespeare mit seinen komplexen Charakteren und Marlowe mit seinen dramatischen Monologen neue Maßstäbe gesetzt haben. Ihre Werke hatten tiefgreifende Auswirkungen auf die europäische Literatur.

>>Paul (Historiker): Absolut! Besonders interessant finde ich Shakespeares Fähigkeit, menschliche Emotionen so lebendig darzustellen.

>>Anna (Literaturwissenschaftlerin): Genau! Und Marlowes Einfluss zeigt sich besonders in seiner Verwendung von Blankversen – das war damals ziemlich innovativ! 
 >>Historiker: Die Medici-Familie hat wirklich viel zur Renaissance beigetragen. Ohne ihre finanzielle Unterstützung wären viele Künstler und Wissenschaftler nicht so weit gekommen.

>>Kunsthistoriker: Ja, besonders bei Michelangelo! Seine Skulptur 'David' ist ein perfektes Beispiel dafür. Was denkst du darüber, Anna?

>>Literaturwissenschaftler: Absolut beeindruckend! Aber wir dürfen auch Gutenberg nicht vergessen – ohne den Buchdruck hätten wir keine so breite Verbreitung von Texten erlebt. Dantes 'Göttliche Komödie' wäre nie so bekannt geworden.

>>Historiker: Genau, der Buchdruck war eine Revolution für die Verbreitung von Wissen. Es hat nicht nur Literatur, sondern auch wissenschaftliche Arbeiten zugänglicher gemacht.

>>Philosoph: Interessant ist ja auch, wie diese beiden Aspekte zusammengewirkt haben. Die Mäzene ermöglichten die Schaffung der Werke und der Buchdruck sorgte dafür, dass sie weit verbreitet wurden. Das war eine echte Synergie!

>>Kunsthistoriker: Und das sieht man eben auch an Michelangelos 'David'. Diese Skulptur zeigt nicht nur technische Brillanz, sondern hat auch eine tiefere symbolische Bedeutung. Sie steht für den Triumph des Geistes über die Materie.

>>Literaturwissenschaftler: Stimmt genau! Und durch den Buchdruck konnten solche Ideen dann auch wirklich in die Welt hinausgetragen werden. Das führte zu einem enormen intellektuellen Austausch.

>>Musikwissenschaftler: Da fällt mir ein – die Musik dieser Zeit wurde ebenfalls stark beeinflusst. Dank der Medici konnten Komponisten wie Josquin des Prez komplexe Werke schaffen, die dann durch den Buchdruck weit verbreitet wurden und zur musikalischen Bildung beitrugen. 
 >>Historiker: Ähm, das ist ein interessanter Punkt. Wie könnten wir diese historischen Erkenntnisse in unsere aktuellen Projekte integrieren? Vielleicht eine Ausstellung planen, die Kunst, Literatur und Musik der Renaissance verbindet?

>>Kunsthistoriker: Ja, das klingt gut! Ich finde es spannend, Michelangelos 'David' als zentrales Element zu nutzen und Verbindungen zu literarischen Werken und Musik herzustellen.

>>Literaturwissenschaftler: Genau! Wir könnten auch Lesungen von Dantes 'Göttliche Komödie' oder Petrarcas Sonetten einbeziehen und das Ganze mit Musik und Kunst visualisieren.

>>Musikwissenschaftler: Ähm, ja... musikalische Kompositionen der Renaissance wären toll! Vielleicht Werke von Josquin des Prez oder Palestrina...

>>Philosoph (unterbricht): Entschuldigung, warum gerade diese Komponisten?

>>Musikwissenschaftler: Klar! Die beiden sind wichtig für die Entwicklung der Polyphonie während der Renaissance.

>>Historiker: Und wir sollten auch die politischen und sozialen Veränderungen dieser Zeit beleuchten...

>>Kunsthistoriker (überlappt leicht): Ja genau! Historische Artefakte wären auch interessant...

>>Historiker: ...um den Besuchern ein umfassenderes Verständnis zu vermitteln. 
 >>Musikwissenschaftler: Ähm, ich denke, es wäre hilfreich, wenn wir die Herausforderungen bei der Koordination unserer Abteilungen ansprechen. Zum Beispiel könnte die Kunstabteilung Schwierigkeiten haben, geeignete visuelle Darstellungen für musikalische Werke zu finden. Wie könnten wir diese Hürden gemeinsam überwinden?

>>Kunsthistoriker: Was ich besonders spannend finde, ist die Möglichkeit, durch die künstlerische Interpretation von Musikstücken eine tiefere emotionale Verbindung zu schaffen.

>>Musikwissenschaftler (interjects): Genau! Und das könnte auch durch musikalische Untermalung verstärkt werden.

>>Kunsthistoriker: Ja, genau. Wir könnten verschiedene Werke aus der Renaissance oder anderen Epochen visuell darstellen und so eine interdisziplinäre Zusammenarbeit fördern.

>>Historiker: Das ist ein guter Punkt. Die historische Genauigkeit spielt dabei eine zentrale Rolle und kann die Authentizität unserer Projekte stärken. Wir sollten sicherstellen, dass alle Details korrekt wiedergegeben werden.

>>Literaturwissenschaftler: Absolut! Literarische Werke können nicht nur durch ihre Inhalte, sondern auch durch ihre Form interdisziplinäre Verbindungen schaffen. Nehmen wir zum Beispiel einige symbolträchtige Werke der Renaissance...

>>Philosoph (interrupts): Moment mal – was genau meinst du mit 'symbolischer Struktur'? Kannst du das genauer erklären?

>>Literaturwissenschaftler: Natürlich! Mit symbolischer Struktur meine ich den Aufbau eines Werkes in verschiedene Ebenen oder Teile und wie diese unterschiedliche moralische und philosophische Konzepte darstellen. Diese könnten dann visuell interpretiert werden.

>>Philosoph: Ah verstehe! Das macht Sinn.

>>Literaturwissenschaftler: ...während unsere Musikwissenschaftler passende musikalische Untermalungen entwickeln könnten. Solche Projekte könnten ein tieferes Verständnis und eine stärkere emotionale Verbindung zu den Werken schaffen. 
 >>Historiker: In der Tat, es ist bemerkenswert, wie die verschiedenen Disziplinen zusammenarbeiten können, um ein umfassenderes Bild der Renaissance zu vermitteln. Die historische Genauigkeit spielt dabei eine entscheidende Rolle, um sicherzustellen, dass die Darstellungen nicht nur künstlerisch ansprechend, sondern auch authentisch sind.

>>Kunsthistoriker: Ein bemerkenswertes Werk ist Michelangelos 'David'. Jedes Mal, wenn ich vor dieser Skulptur stehe, bin ich von der technischen Meisterschaft und der emotionalen Tiefe überwältigt. Man könnte sagen, dass Michelangelo hier nicht nur einen Helden darstellt, sondern auch die Essenz des menschlichen Geistes einfängt.

>>Literaturwissenschaftler: Bei den literarischen Werken der Renaissance denke ich oft an Dantes 'Göttliche Komödie'. Die symbolische Struktur dieses Werkes ist nicht nur eine Reise durch die Hölle, das Fegefeuer und das Paradies, sondern auch eine tiefgründige Reflexion über menschliche Tugenden und Laster. Besonders faszinierend finde ich, wie Dante antike Einflüsse mit christlicher Theologie verwebt.

>>Musikwissenschaftler: Was mich besonders beeindruckt, ist die Art und Weise, wie Josquin des Prez in seinem Werk 'Ave Maria' die Polyphonie meisterhaft einsetzt. Die Stimmen verschmelzen so harmonisch miteinander – fast als würden sie tanzen.

>>Philosoph: Es ist wirklich beeindruckend zu sehen, wie diese verschiedenen Elemente zusammenkommen. Wenn wir über philosophische Strömungen sprechen – nehmen wir zum Beispiel Pico della Mirandola – dann sehen wir eine Synthese von Platonismus und Christentum. Das zeigt uns doch deutlich den Versuch dieser Denker aufzuzeigen...

>>Historiker: Ja genau! Viele Künstler und Schriftsteller dieser Epoche haben sich intensiv mit antiken Quellen auseinandergesetzt. Diese Rückbesinnung auf die Antike war nicht nur eine künstlerische Entscheidung; sie diente auch zur Legitimation ihrer eigenen Arbeit.

>>Kunsthistoriker: Absolut! Was ich an Michelangelos 'David' besonders spannend finde, ist nicht nur die physische Perfektion des menschlichen Körpers darzustellen – da steckt noch viel mehr dahinter. Die Spannung in den Muskeln und der entschlossene Ausdruck im Gesicht erzählen eine Geschichte von Mut und innerer Stärke.

>>Literaturwissenschaftler: Ich finde es immer wieder erstaunlich, wie Shakespeare in seinen Dramen die menschliche Natur seziert. In 'Hamlet' beispielsweise sehen wir eine tiefgründige Reflexion über Zweifel und Entscheidungsfindung – Themen die bis heute relevant bleiben.

>>Musikwissenschaftler: Interessanterweise fällt mir bei der Musik der Renaissance immer wieder die Bedeutung der Polyphonie ein. In Werken wie Josquin des Prez' 'Missa Pange Lingua' sehen wir diese meisterhafte Verschmelzung von Stimmen – fast himmlisch!

>>Philosoph: Und wenn man bedenkt… diese Harmonie in der Musik spiegelt oft auch philosophische Ideen wider – etwa den Einklang zwischen Körper und Seele oder zwischen Mensch und Kosmos. 
 >>Historiker: In der Tat, die Harmonie in der Musik ist ein faszinierendes Beispiel für die Verbindung von Kunst und Philosophie. Ähm, es wäre interessant zu untersuchen, wie diese Ideen auch in anderen Bereichen der Renaissance zum Ausdruck kommen, etwa in der Architektur oder Literatur. Man könnte sagen, dass dies eine umfassende Perspektive auf die Epoche bietet.

>>Kunsthistoriker: Was ich besonders faszinierend finde, ist die Art und Weise, wie Michelangelo in seinem 'David' nicht nur technische Meisterschaft zeigt, sondern auch eine tiefe emotionale und symbolische Bedeutung vermittelt. Vielleicht könnten wir uns auch andere Künstler ansehen, wie Leonardo da Vinci und seine anatomischen Studien. Wenn wir das genauer betrachten, könnten wir interessante Parallelen entdecken.

>>Literaturwissenschaftler: Ein bemerkenswerter Aspekt ist, wie die literarischen Werke der Renaissance nicht nur antike Einflüsse aufgreifen, sondern auch neue humanistische Ideen integrieren. Betrachten wir dies aus einer literarischen Perspektive: Dantes 'Göttliche Komödie' und Petrarcas Sonette sind hervorragende Beispiele dafür. Interessanterweise könnten wir untersuchen, wie diese Synthese in verschiedenen Regionen Europas unterschiedlich umgesetzt wurde.

>>Philosoph (unterbricht): Entschuldigung, darf ich kurz etwas hinzufügen? Ich denke nämlich auch an den Einfluss von Platon und Aristoteles auf das Denken dieser Zeit...

>>Historiker: Ja klar! Das ist ein guter Punkt. Ein interessanter Aspekt wäre es zudem, die Rolle der Medici-Familie weiter zu untersuchen und wie ihre Mäzenatentätigkeit die kulturelle Landschaft Europas prägte. Ich möchte darauf hinweisen: Ihre Unterstützung ermöglichte es Künstlern und Denkern, ihre Werke zu schaffen und zu verbreiten, was wiederum den intellektuellen Austausch förderte. Vielleicht könnten wir eine Arbeitsgruppe bilden, um diese Thematik vertieft zu erforschen.

>>Kunsthistoriker: Genau – Michelangelos 'David' ist nicht nur ein Meisterwerk der Bildhauerei sondern auch ein Symbol für die humanistischen Ideale der Renaissance. Was ich besonders faszinierend finde ist die Art und Weise wie er die menschliche Form darstellt – kraftvoll und doch verletzlich. Vielleicht könnten wir untersuchen wie diese Darstellung des menschlichen Körpers in anderen Kunstwerken dieser Zeit reflektiert wird.

>>Literaturwissenschaftler: Die literarischen Werke der Renaissance bieten eine reiche Quelle für die Untersuchung der Synthese von antiken und humanistischen Ideen. Was besonders faszinierend ist – wie diese Synthese in verschiedenen Regionen Europas unterschiedlich umgesetzt wurde. Ehrlich gesagt könnten wir uns auf spezifische Autoren und ihre Werke konzentrieren um diese Unterschiede zu beleuchten.

>>Historiker: Wir sollten spezifische Forschungsinitiativen planen. Ähm ich schlage vor dass wir eine Arbeitsgruppe bilden welche sich auf die Rolle der Medici-Familie und ihre Mäzenatentätigkeit konzentriert. Dies könnte uns helfen die kulturellen und intellektuellen Netzwerke der Renaissance besser zu verstehen.

>>Kunsthistoriker (lacht): Oh je! Wir haben so viele Arbeitsgruppen vorgeschlagen - vielleicht brauchen wir bald eine Arbeitsgruppe zur Koordination unserer Arbeitsgruppen!

>>Historiker (schmunzelt): Das könnte tatsächlich nötig sein!

>>Literaturwissenschaftler: Vielleicht sollten wir uns zunächst auf die wichtigsten Themen konzentrieren und dann weitersehen... 
 >>Historiker: Also, lassen Sie uns die Hauptpunkte zusammenfassen. Wir haben die Rolle der Medici-Familie als Mäzene, die Bedeutung des Buchdrucks und die Synergie zwischen Kunst und Wissenschaft hervorgehoben. Es ist entscheidend, dass wir diese interdisziplinäre Bedeutung in unseren nächsten Schritten betonen.

>>Kunsthistoriker: Ja, genau. Die Renaissance war wirklich eine Zeit, in der Kunst und Wissenschaft Hand in Hand gingen. Was ich besonders faszinierend finde, ist die Art und Weise, wie Künstler wie Michelangelo nicht nur ihre technischen Fähigkeiten perfektionierten, sondern auch tiefere emotionale und symbolische Bedeutungen in ihren Werken einflochten. Ohne diese Synergie hätten wir viele dieser Meisterwerke vielleicht nie gesehen.

>>Literaturwissenschaftler: Interessanterweise sehen wir bei den literarischen Werken der Renaissance eine bemerkenswerte Synthese antiker Einflüsse und humanistischer Ideen. Man könnte sagen, dass diese Verschmelzung in Werken wie Dantes 'Göttliche Komödie' besonders deutlich wird.

>>Philosoph: Ähm... ja, das stimmt. Und wenn man bedenkt, wie Platon und Aristoteles das Denken dieser Zeit beeinflusst haben... Nun ja...

>>Musikwissenschaftler: Genau! Und vergessen wir nicht den Einfluss der Musik auf all diese Bereiche. Die Harmonieprinzipien in der Musik spiegeln sich oft in der Architektur wider und umgekehrt.

>>Historiker: Ein weiterer wichtiger Punkt sind die politischen und sozialen Veränderungen während der Renaissance...

>>Kunsthistoriker (unterbrechend): Moment mal! Ich denke auch an Michelangelos Werke – sie sind stark von den politischen Ereignissen seiner Zeit geprägt.

>>Literaturwissenschaftler: Ja genau! Und Dantes 'Göttliche Komödie'... ich meine, das ist ein perfektes Beispiel für die politischen Spannungen damals.

>>Philosoph: Tja... es ist faszinierend zu sehen, wie all diese Elemente miteinander verwoben sind. Die Philosophie bietet oft den Rahmen für künstlerische Ausdrucksformen und wissenschaftliche Entdeckungen.

>>Musikwissenschaftler: Richtig! Und ich denke auch an Komponisten wie Josquin des Prez – seine Werke zeigen eine tiefe Verbindung zwischen musikalischer Innovation und den kulturellen Strömungen seiner Zeit.

>>Historiker: Gut zusammengefasst! Also lasst uns nun unsere nächsten Schritte festlegen...

>>Kunsthistoriker (unterbrechend): ...und dabei besonders auf ihre Mäzenatentätigkeit achten...

>>Literaturwissenschaftler (überlappend): ...während wir gleichzeitig untersuchen sollten, wie literarische Werke dieser Epoche antike Einflüsse integriert haben...

>>Philosoph (überlappend): ...und natürlich dürfen wir den philosophischen Kontext nicht vergessen...

>>Musikwissenschaftler (überlappend): ...und schließlich sollten wir auch den Einfluss musikalischer Entwicklungen berücksichtigen!","Das Treffen drehte sich um die Renaissance, eine bedeutende kulturelle Bewegung in Europa zwischen dem 14. und 17. Jahrhundert. Die Teilnehmer diskutierten die Hauptmerkmale dieser Epoche, darunter das Wiederaufleben der klassischen Antike, die Entwicklung der Humanismus-Ideale und die bemerkenswerten Fortschritte in Kunst, Wissenschaft und Literatur.

Es wurde hervorgehoben, dass die Renaissance in Italien begann und sich später auf andere Teile Europas ausbreitete. Wichtige Persönlichkeiten wie Leonardo da Vinci, Michelangelo und Galileo Galilei wurden als zentrale Figuren genannt, deren Werke und Entdeckungen einen nachhaltigen Einfluss hatten.

Ein weiterer Diskussionspunkt war die Rolle der Mäzene wie die Medici-Familie, die durch ihre finanzielle Unterstützung Künstlern und Wissenschaftlern ermöglichten, ihre Arbeiten zu realisieren. Die Teilnehmer erörterten auch den Einfluss der Erfindung des Buchdrucks durch Johannes Gutenberg auf die Verbreitung von Wissen.

Abschließend einigten sich alle darauf, dass die Renaissance eine Schlüsselperiode war, die den Übergang vom Mittelalter zur Neuzeit markierte und wesentliche Grundlagen für moderne westliche Zivilisationen legte. Es wurde beschlossen, weitere Forschungen über spezifische Beiträge einzelner Regionen zur Renaissance durchzuführen und diese Erkenntnisse in zukünftigen Sitzungen zu präsentieren."
"In dem Meeting diskutierten ein Historiker, ein Philosoph und ein Jurist die historische Entwicklung und praktische Umsetzung der Menschenrechte. Der Historiker betonte die Bedeutung historischer Ereignisse wie der Nürnberger Prozesse und der Allgemeinen Erklärung der Menschenrechte von 1948. Der Philosoph hob hervor, dass theoretische Anerkennung oft nicht mit praktischer Umsetzung übereinstimmt und betonte die ethische Verpflichtung zur Durchsetzung dieser Rechte. Der Jurist wies auf rechtliche Herausforderungen hin, insbesondere auf kulturelle und politische Hindernisse bei der Implementierung internationaler Abkommen. Es wurde auch über die Rolle des Europäischen Gerichtshofs für Menschenrechte und die Notwendigkeit klarer Sanktionen gesprochen. Die Teilnehmer erörterten zudem den Einfluss kultureller Unterschiede auf die Wahrnehmung und Umsetzung von Menschenrechten sowie Beispiele erfolgreicher interkultureller Dialoge. Abschließend wurde betont, dass eine Balance zwischen universellen Prinzipien und kulturellen Traditionen gefunden werden muss, um wahre Gerechtigkeit zu gewährleisten.",">>Historiker: Guten Morgen zusammen! Ich hoffe, es geht euch allen gut. Bevor wir in die Details einsteigen, möchte ich kurz die Ziele unseres heutigen Treffens skizzieren.

>>Philosoph: Guten Morgen! Mir geht es gut, danke. Ich freue mich auf unsere Diskussion heute. Es ist wichtig zu bedenken, dass wir nicht nur die theoretischen Aspekte der Menschenrechte betrachten, sondern auch deren praktische Umsetzung in verschiedenen Kulturen und politischen Systemen.

>>Jurist: Guten Morgen! Mir geht es ebenfalls gut, danke. Es ist entscheidend zu verstehen, dass die rechtliche Umsetzung der Menschenrechte oft durch kulturelle und politische Faktoren eingeschränkt wird. Die Frage stellt sich, wie wir sicherstellen können, dass internationale Abkommen tatsächlich in den nationalen Rechtssystemen verankert und umgesetzt werden.

>>Historiker: Schön zu hören, dass es euch gut geht. Also, unser Hauptziel heute ist es, die historische Entwicklung der Menschenrechte zu beleuchten und zu verstehen, wie kulturelle und politische Faktoren ihre Umsetzung beeinflusst haben. Ein bemerkenswertes Beispiel ist die Aufteilung in bürgerliche und soziale Rechte während des Kalten Krieges.

>>Philosoph: Interessant! Es ist wichtig zu bedenken, dass die theoretische Anerkennung von Menschenrechten oft nicht mit ihrer praktischen Umsetzung übereinstimmt. Wie können wir sicherstellen, dass diese Rechte in verschiedenen Kulturen und politischen Systemen tatsächlich respektiert werden?

>>Jurist: Genau! Aus rechtlicher Sicht müssen wir uns fragen, welche Mechanismen notwendig sind, um internationale Abkommen effektiv umzusetzen. Zum Beispiel könnte man an den Europäischen Gerichtshof für Menschenrechte denken – er spielt eine zentrale Rolle bei der Durchsetzung von Menschenrechten innerhalb Europas.

>>Historiker: Richtig! Und wenn wir über historische Entwicklungen sprechen – denkt an die Nürnberger Prozesse nach dem Zweiten Weltkrieg. Sie waren ein Wendepunkt für das Völkerrecht und haben gezeigt, wie internationale Gemeinschaften auf massive Menschenrechtsverletzungen reagieren können.

>>Philosoph: Ja genau! Ehrlich gesagt frage ich mich auch immer wieder ob wir nicht auch eine ethische Verpflichtung haben über die bloße Anerkennung der Menschenrechte hinauszugehen und aktiv für ihre Umsetzung zu kämpfen? In der Philosophie sehen wir oft das Rechte ohne entsprechende Pflichten leer bleiben.

>>Jurist: Absolut richtig! Und hier kommt das Konzept der Rechtsdurchsetzung ins Spiel. Ohne klare Sanktionen oder Anreize zur Einhaltung bleiben viele dieser Rechte nur auf dem Papier bestehen. Vielleicht sollten wir auch über aktuelle Fälle sprechen – etwa wie NGOs Druck auf Regierungen ausüben können? 
 >>Historiker: Also, wie wir aus der Geschichte wissen, sind Menschenrechte nicht nur universell und unveräußerlich, sondern auch unteilbar. Es ist wichtig zu beachten, dass die Verwirklichung von Freiheitsrechten ohne die gleichzeitige Sicherstellung wirtschaftlicher und sozialer Rechte kaum möglich ist. Was können wir daraus lernen?

>>Philosoph: Ähm, ja, das stimmt. Wenn wir zum Beispiel das Recht auf Bildung vernachlässigen, beeinträchtigen wir damit auch die Fähigkeit der Menschen, ihre politischen und bürgerlichen Rechte wahrzunehmen. Das zeigt doch klar den Zusammenhang zwischen diesen Rechten.

>>Jurist: Genau. Und ich denke dabei an konkrete Fälle wie in einigen Entwicklungsländern, wo das Recht auf Nahrung oft nicht gewährleistet ist. Das führt dazu, dass Menschen sich weniger politisch engagieren können. Wir müssen also sicherstellen, dass alle Rechte gleichermaßen geschützt werden.

>>Historiker: Ein bemerkenswertes Beispiel ist die Allgemeine Erklärung der Menschenrechte von 1948. Sie stellt einen Meilenstein dar, da sie erstmals eine umfassende und universelle Definition von Menschenrechten bot. Wie hat sich das Verständnis dieser Rechte seitdem weiterentwickelt?

>>Philosoph: Nun ja, die Frage stellt sich natürlich immer wieder neu: Wie setzen wir diese ethische Verpflichtung zur Unteilbarkeit in der Praxis um? Ohne soziale und wirtschaftliche Rechte bleiben bürgerliche und politische Rechte oft leer.

>>Historiker: Tja, es ist wichtig zu beachten – oder besser gesagt – zu verstehen, dass die historische Entwicklung der Menschenrechte stark von politischen und kulturellen Kontexten beeinflusst wurde. Ein bemerkenswertes Beispiel ist die Aufteilung in bürgerliche und politische Rechte sowie wirtschaftliche, soziale und kulturelle Rechte während des Kalten Krieges. Wie hat sich diese Trennung auf unsere heutige Wahrnehmung ausgewirkt?

>>Jurist: Ehrlich gesagt denke ich oft darüber nach. Diese Trennung hat dazu geführt, dass viele Länder bestimmte Rechte priorisieren und andere vernachlässigen. Das erschwert eine ganzheitliche Umsetzung.

>>Philosoph: Genau! Und wenn man bedenkt... ähm... dass ohne wirtschaftliche Sicherheit viele andere Freiheiten bedeutungslos werden können – das zeigt doch klar den Zusammenhang zwischen diesen Rechten. 
 >>Historiker: Wie wir wissen, haben Hobbes, Locke und Rousseau die modernen Menschenrechte stark beeinflusst. Interessant ist, dass sie trotz unterschiedlicher Ansätze alle die individuelle Freiheit betonten. Was können wir daraus lernen?

>>Philosoph: Ja, das stimmt. Die Betonung der individuellen Freiheiten war nicht nur Theorie. Ohne diese Freiheit gibt es keine echte Gerechtigkeit. Wie setzen wir das heute um?

>>Jurist: Genau, aus rechtlicher Sicht ist es entscheidend zu verstehen, dass die Umsetzung der Prinzipien von Hobbes, Locke und Rousseau in unserer heutigen Gesellschaft nicht nur eine Frage des Willens ist, sondern auch der rechtlichen Rahmenbedingungen.

>>Historiker (unterbricht): Entschuldigung, dein Mikrofon hat gehakt.

>>Jurist: Oh, danke! Also nochmal: Wie können wir sicherstellen, dass diese individuellen Freiheiten durch internationale Abkommen und nationale Gesetze tatsächlich geschützt werden?

>>Historiker: Es ist wichtig zu beachten, dass die historischen Entwicklungen der Menschenrechte nicht isoliert betrachtet werden können. Ein bemerkenswertes Beispiel ist die Französische Revolution...

>>(Ein Teilnehmer niest)

>>Philosoph: Gesundheit!

>>Historiker: Danke! Also wie gesagt... inspiriert durch Rousseaus Ideen führte sie zur Erklärung der Menschen- und Bürgerrechte. Wie hat sich das entwickelt?

>>Philosoph: Nun ja... Es ist wichtig zu bedenken...

>>(Ein Telefon klingelt im Hintergrund)

>>Philosoph (genervt): Entschuldigung dafür... Wo war ich? Ach ja! Es ist wichtig zu bedenken, dass die Prinzipien der Freiheit und Gleichheit nicht nur theoretische Konzepte sind.

Die müssen in unserer heutigen Gesellschaft praktisch umgesetzt werden...

>>(Ein Teilnehmer hebt seine Hand)

>>Teilnehmer: Entschuldigung...

>>Jurist: Ja?

>>(Philosoph fährt fort) ...um wahre Gerechtigkeit zu gewährleisten. Die Frage stellt sich also weiterhin nach konkreten politischen Maßnahmen. 
 >>Jurist: Also, in Bezug auf die rechtliche Unterscheidung zwischen Menschenrechten und Grundrechten ist es entscheidend zu verstehen, dass Menschenrechte universell und unveräußerlich sind, während Grundrechte oft nur innerhalb eines bestimmten Staates gelten. Ein wesentlicher Punkt ist, dass Bürgerrechte spezifisch für Staatsbürger sind und nicht dieselbe universelle Gültigkeit haben wie Menschenrechte.

>>Historiker: Ja, das stimmt. Ein gutes Beispiel wäre die Französische Revolution, die maßgeblich zur Verankerung der Menschenrechte in modernen Verfassungen beigetragen hat. Aber auch die Amerikanische Unabhängigkeitserklärung von 1776 spielt eine wichtige Rolle. Was können wir aus diesen historischen Ereignissen für unsere heutige Zeit lernen?

>>Philosoph: Interessant! In Bezug auf die ethische Dimension der Menschenrechte müssen wir bedenken, dass diese Rechte nicht nur rechtlich verankert, sondern auch moralisch gerechtfertigt sein müssen. Wie können wir sicherstellen, dass universelle Menschenrechte in verschiedenen kulturellen Kontexten respektiert werden?

>>Jurist: Das ist ein guter Punkt. Die Herausforderung besteht darin, dass nationale Gesetze oft die universelle Gültigkeit der Menschenrechte einschränken. Dies stellt ein bedeutendes rechtliches Dilemma dar.

>>Historiker: Genau! Und wenn wir uns aktuelle Ereignisse ansehen, wie zum Beispiel den Umgang mit Flüchtlingen in Europa, sehen wir ähnliche Herausforderungen bei der Umsetzung dieser Prinzipien. Wie beeinflusst das Ihrer Meinung nach die rechtliche Unterscheidung zwischen Menschenrechten und Grundrechten?

>>Jurist: In solchen Fällen zeigt sich deutlich, wie wichtig es ist, klare gesetzliche Rahmenbedingungen zu schaffen, um sowohl nationale Interessen als auch universelle Rechte zu wahren.

>>Philosoph: Absolut! Es geht darum, eine Balance zu finden zwischen dem Respekt vor kulturellen Unterschieden und der Wahrung universeller Prinzipien. Haben Sie Beispiele dafür gesehen, wo dies gut funktioniert hat?

>>Historiker: Ja, tatsächlich gibt es einige positive Beispiele aus jüngerer Zeit. Zum Beispiel hat Südafrika nach dem Ende der Apartheid einen bemerkenswerten Weg eingeschlagen und versucht erfolgreich, universelle Menschenrechte in ihre nationale Gesetzgebung zu integrieren.

>>Jurist: Das ist ein sehr gutes Beispiel! Es zeigt auch, wie wichtig es ist, historische Erfahrungen zu berücksichtigen und daraus zu lernen.

>>Philosoph: Und was denken Sie über die aktuellen Diskussionen zur Digitalisierung und den Schutz von Daten als neue Form von Grundrechten? 

>>Jurist: Das ist ein spannendes Thema! Hier sehen wir wieder das Spannungsfeld zwischen nationaler Gesetzgebung und globalen Standards. Es bleibt eine große Herausforderung. 
 >>Philosoph: Ähm, in Bezug auf die Universalität der Menschenrechte stellt sich die Frage, wie wir kulturelle Unterschiede respektieren können, ohne die grundlegenden Rechte zu kompromittieren. Aus ethischer Sicht ist es wichtig zu bedenken, dass universelle Prinzipien oft in Konflikt mit lokalen Traditionen geraten.

>>Historiker: Ja, das stimmt. Die historische Entwicklung der Menschenrechte zeigt viele solcher Konflikte. Ein bemerkenswertes Beispiel ist die Französische Revolution, bei der die Erklärung der Menschen- und Bürgerrechte auf starke kulturelle Widerstände stieß. Was können wir daraus lernen? Vielleicht sollten wir uns konkrete Fallstudien ansehen.

>>Philosoph: Genau! Ob wir tatsächlich universelle Menschenrechte durchsetzen können, ohne dabei die kulturelle Identität der betroffenen Gesellschaften zu untergraben? Interessant! In Bezug auf die ethische Reflexion müssen wir bedenken, dass jede Kultur ihre eigenen moralischen Werte und Normen hat. Zum Beispiel habe ich während meiner Arbeit in Südostasien erlebt, wie schwierig es sein kann, westliche Konzepte von Menschenrechten zu vermitteln.

>>Jurist: Das ist ein guter Punkt. Ehrlich gesagt stellt sich auch aus rechtlicher Sicht die Frage nach dem Spannungsfeld zwischen universellen Rechten und nationaler Souveränität. Wie können wir sicherstellen, dass internationale Standards eingehalten werden? Ich erinnere mich an einen Fall vor einigen Jahren...

>>Historiker: Tja, wie wir aus der Geschichte wissen, ist die Durchsetzung universeller Menschenrechte oft mit erheblichen Herausforderungen verbunden. Ein weiteres Beispiel neben der Französischen Revolution wäre die Dekolonialisierung Afrikas. Viele neu entstandene Staaten versuchten westliche Menschenrechtskonzepte zu integrieren – was nicht immer reibungslos verlief.

>>Philosoph: Die Frage stellt sich auch hier wieder – könnte das nicht eine Form von kulturellem Imperialismus darstellen? Aus ethischer Sicht müssen wir bedenken, dass jede Kultur ihre eigenen moralischen Werte und Normen hat.

>>Jurist: Absolut! Und genau hier liegt das Dilemma. Wir müssen einen Weg finden, diese Rechte so umzusetzen, dass sie sowohl universal als auch respektvoll gegenüber den individuellen Kulturen sind. Vielleicht könnten regionale Abkommen helfen?

>>Historiker: Ähm... ein weiterer historischer Kontext wäre vielleicht auch Südafrika nach dem Ende der Apartheid. Dort wurde versucht, universelle Rechte in eine sehr diverse Gesellschaft zu integrieren – mit gemischten Ergebnissen.

>>Philosoph: Ja genau! Das zeigt doch deutlich das Spannungsfeld zwischen Universalismus und kultureller Relativität. Es bleibt eine Herausforderung... Aber vielleicht könnten interkulturelle Dialoge dazu beitragen?

>>Jurist: Gute Idee! Interkulturelle Dialoge könnten wirklich helfen, Missverständnisse abzubauen und gemeinsame Lösungen zu finden.

>>Historiker: Also gut zusammengefasst! Vielleicht sollten wir als nächsten Schritt konkrete Beispiele für erfolgreiche interkulturelle Dialoge sammeln und analysieren?

>>Philosoph: Ja, das klingt nach einem guten Plan. So können wir besser verstehen, welche Ansätze funktionieren und welche nicht. 
 >>Jurist: Also, in Bezug auf die praktische Umsetzung von Menschenrechten, es ist entscheidend zu verstehen, dass politische und kulturelle Faktoren oft als Hindernisse fungieren. Viele Staaten ratifizieren zwar internationale Abkommen, aber deren Implementierung wird häufig durch interne politische Interessen oder kulturelle Widerstände verzögert oder sogar verhindert. Ohne klare Sanktionen und effektive Überwachungsmechanismen bleibt die Durchsetzung dieser Rechte oft nur eine theoretische Übung. In meiner Erfahrung als Anwalt habe ich oft gesehen, wie politische Interessen die Umsetzung von Menschenrechten behindern.

>>Historiker: Ähm, wie wir aus der Geschichte wissen, ist die Implementierung von Menschenrechten oft durch historische und kulturelle Kontexte geprägt. Ein bemerkenswertes Beispiel ist die Dekolonialisierung Afrikas. Trotz internationaler Abkommen behinderten lokale Traditionen und Machtstrukturen die Umsetzung erheblich. Ich erinnere mich an eine Studie über dieses Thema, die genau diese Probleme beleuchtet hat. Aber was denkt ihr dazu?

>>Philosoph: Nun ja, in Bezug auf die ethischen Herausforderungen bei der Umsetzung von Menschenrechten ist es wichtig zu bedenken, dass kulturelle Unterschiede oft als Vorwand genutzt werden, um universelle Prinzipien zu untergraben. Ein philosophisches Dilemma besteht darin, wie wir den Respekt vor kulturellen Traditionen mit der Notwendigkeit universeller Menschenrechte in Einklang bringen können. Interessant! Aber wie können wir das konkret umsetzen?

>>Historiker: Genau! Ein weiteres historisches Beispiel für diese Herausforderungen ist die Nachkriegszeit in Europa. Trotz internationaler Abkommen hatten nationale Interessen oft Vorrang. Was mir dabei auffällt, ist wie tief verwurzelt diese Widerstände sein können und welche Lehren wir daraus ziehen könnten.

>>Philosoph: Absolut! Und das bringt uns zurück zur Frage nach konkreten Maßnahmen. Welche Schritte könnten effektiv sein? Vielleicht sollten wir historische Fallstudien analysieren und daraus konkrete Handlungsempfehlungen ableiten.

>>Jurist: Ehrlich gesagt, ohne diese Mechanismen bleibt die Durchsetzung dieser Rechte oft nur ein Lippenbekenntnis. Es braucht klare Sanktionen und effektive Überwachungsmechanismen. Wir könnten ein internationales Gremium einrichten, das Sanktionen überwacht und durchsetzt.

>>Historiker: Tja, wenn man an historische Beispiele denkt wie die Dekolonialisierung Afrikas oder die Nachkriegszeit in Europa – beide zeigen deutlich, wie tief verwurzelt kulturelle und politische Widerstände sein können.

>>Philosoph: Ja genau! Und vielleicht sollten wir auch neue philosophische Ansätze betrachten – zum Beispiel den kosmopolitischen Ansatz –, um universelle Prinzipien besser zu verankern. 
 >>Historiker: Also, wir sollten nicht vergessen, dass die Allgemeine Erklärung der Menschenrechte von 1948 einen bedeutenden Wendepunkt darstellt. Sie legte den Grundstein für viele nationale Verfassungen und internationale Abkommen. Ein bemerkenswertes Beispiel ist die Europäische Menschenrechtskonvention, die 1950 verabschiedet wurde und bis heute eine zentrale Rolle spielt.
>>Jurist: Genau, in Bezug auf die Allgemeine Erklärung der Menschenrechte von 1948 ist es wichtig zu wissen, dass sie zwar eine moralische und politische Bedeutung hat, aber rechtlich nicht bindend ist. Die beiden UN-Pakte von 1966 hingegen sind völkerrechtlich verbindlich und haben somit eine stärkere Durchsetzungskraft. Diese Dokumente bilden den Rahmen für nationale Gesetze und internationale Abkommen, was ihre praktische Relevanz unterstreicht.
>>Philosoph: Aus ethischer Sicht ist es faszinierend, wie die Allgemeine Erklärung der Menschenrechte von 1948 nicht nur als moralischer Kompass dient, sondern auch als Grundlage für rechtlich bindende Dokumente wie die beiden UN-Pakte von 1966. Die Frage stellt sich jedoch, ob diese rechtlichen Instrumente tatsächlich ausreichen, um universelle Menschenrechte in allen Kulturen und politischen Systemen durchzusetzen.
>>Historiker: Wie der Philosoph bereits erwähnt hat, dient die Allgemeine Erklärung der Menschenrechte als moralischer Kompass und Grundlage für rechtlich bindende Dokumente. Interessant ist dabei, dass diese Pakte während des Kalten Krieges entstanden sind und somit auch politische Spannungen widerspiegeln. Was können wir daraus lernen?
>>Jurist: In Bezug auf die beiden UN-Pakte von 1966 ist es wichtig zu wissen, dass sie nicht nur rechtlich bindend sind, sondern auch unterschiedliche Schwerpunkte setzen. Der Internationale Pakt über bürgerliche und politische Rechte fokussiert sich auf individuelle Freiheiten und politische Rechte—
>>Philosoph (flüstert): Ich glaube Historiker wollte noch etwas hinzufügen...
>>Jurist: Oh tut mir leid! Historiker?
>>Historiker: Kein Problem! Ich wollte nur betonen wie diese Differenzierung die politischen Spannungen des Kalten Krieges widerspiegelt und zeigt, wie historische Kontexte die Ausgestaltung internationaler Menschenrechtsdokumente beeinflussen.
>>(Ein Telefon klingelt im Hintergrund)
>>Philosoph (schmunzelt): Wer muss da wohl rangehen? 
>>(alle lächeln kurz)
>>Jurist (lächelnd): Während der Internationale Pakt über wirtschaftliche, soziale und kulturelle Rechte kollektive Ansprüche betont. Diese Differenzierung spiegelt eben jene politischen Spannungen wider. 
 >>Historiker: Also, das erinnert mich an eine Anekdote aus meiner Studienzeit. Einmal besuchte ich ein Seminar über Menschenrechte in verschiedenen Kulturen, und der Dozent erzählte von einem Fall in Südamerika, wo indigene Gemeinschaften ihre traditionellen Rechte gegen staatliche Eingriffe verteidigten. Es war faszinierend zu sehen, wie tief verwurzelte kulturelle Traditionen und universelle Menschenrechte aufeinanderprallen können.

>>Philosoph: Ja, das ist wirklich spannend! Ich hatte kürzlich eine Diskussion mit einem Kollegen über die Rolle der kulturellen Identität bei der Umsetzung von Menschenrechten. Er erzählte mir von einer Reise nach Indien, wo er beobachtete, wie lokale Traditionen und universelle Prinzipien oft im Konflikt standen. Diese Spannungen sind in verschiedenen Kontexten wirklich bemerkenswert.

>>Jurist: Genau, aus rechtlicher Sicht stellt sich die Frage, wie wir sicherstellen können, dass universelle Menschenrechte nicht durch kulturelle Relativierungen untergraben werden. Es ist entscheidend zu verstehen, dass die rechtliche Durchsetzung dieser Rechte oft an politischen und kulturellen Widerständen scheitert. Ohne klare Sanktionen und internationale Überwachungsmechanismen bleibt vieles nur Theorie.

>>Historiker: Nun ja, es ist wichtig zu beachten, dass die Dekolonialisierung Afrikas nicht nur ein politischer Prozess war, sondern auch tiefgreifende soziale und kulturelle Veränderungen mit sich brachte. Ein bemerkenswertes Beispiel ist die Rolle der traditionellen Rechtssysteme in vielen afrikanischen Ländern, die oft im Widerspruch zu den eingeführten westlichen Rechtsnormen standen. Wie hat sich das entwickelt?

>>Philosoph: Das ist ein guter Punkt! Und ehrlich gesagt denke ich oft darüber nach – wie können wir sicherstellen, dass universelle Prinzipien respektiert werden ohne lokale Traditionen komplett zu ignorieren? Das bleibt eine große Herausforderung für uns alle.

>>Jurist: Die Frage stellt sich auch hier wieder: Wie berücksichtigen wir diese tief verwurzelten Werte und Normen bei der Implementierung universeller Menschenrechte? Ehrlich gesagt müssen wir uns fragen, ob ohne klare Sanktionen und internationale Überwachungsmechanismen überhaupt Fortschritte möglich sind.

>>Historiker: Tja... Die Dekolonialisierung Afrikas zeigt uns deutlich diese Konflikte zwischen traditionellen Rechtssystemen und westlichen Rechtsnormen. Es wäre interessant zu sehen, wie sich diese Dynamiken weiterentwickelt haben.

>>Philosoph: Absolut! Und wenn man darüber nachdenkt – was bedeutet das für unsere heutige Gesellschaft? Ich erinnere mich an eine Diskussion über moderne Technologien und deren Einfluss auf traditionelle Kulturen...

>>Jurist: Ja genau! Und dabei dürfen wir nicht vergessen – jede Kultur hat ihre eigenen Herausforderungen und Lösungen. Vielleicht sollten wir mehr darauf achten, voneinander zu lernen. 
 >>Historiker: Wie wir aus der Geschichte wissen, ist die kulturelle Vielfalt ein wesentlicher Faktor bei der Umsetzung von Menschenrechten. Ein bemerkenswertes Beispiel ist die Dekolonialisierung Afrikas, wo traditionelle Rechtssysteme auf westliche Normen trafen. Es wäre sinnvoll, diese historischen Lektionen zu analysieren und daraus zu lernen.

>>Philosoph: In Bezug auf die Dekolonialisierung Afrikas, es ist wichtig zu bedenken, dass die Konfrontation zwischen traditionellen Rechtssystemen und westlichen Normen nicht nur rechtliche, sondern auch tiefgreifende ethische Fragen aufwirft. Ein philosophisches Dilemma ist, wie wir universelle Menschenrechte in kulturell vielfältigen Kontexten umsetzen können, ohne lokale Traditionen zu untergraben. Diese ethischen Überlegungen sollten wir definitiv berücksichtigen.

>>Jurist: Aus rechtlicher Sicht ist es entscheidend zu verstehen, dass die Integration traditioneller Rechtssysteme in neue staatliche Strukturen nicht nur eine Frage der kulturellen Anpassung ist, sondern auch erhebliche rechtliche Herausforderungen mit sich bringt. Die Frage stellt sich...

>>Historiker (unterbricht): Sorry, ich glaube dein Mikro hat ein Echo.

>>Jurist: Oh! Moment... Besser jetzt?

>>Philosoph: Ja, danke.

>>Jurist: Gut. Also wie gesagt... Die Frage stellt sich, wie wir universelle Menschenrechte effektiv durchsetzen können, ohne die Autonomie lokaler Traditionen zu untergraben. Diese rechtlichen Aspekte müssen wir unbedingt berücksichtigen.

>>(Ein Telefon klingelt im Hintergrund)

>>Philosoph (schmunzelt): Das passiert immer bei virtuellen Meetings!

>>(Alle lachen kurz)

>>Historiker: ...sondern auch tiefgreifende historische Lektionen bietet. Ein bemerkenswertes Beispiel ist die Art und Weise...

>>(Ein Teilnehmer hustet)

>>Jurist (kurz): Alles gut?

>>(Der Teilnehmer nickt)

>>Historiker: ...wie verschiedene afrikanische Nationen ihre traditionellen Rechtssysteme in die neuen staatlichen Strukturen integriert haben. Was können wir daraus lernen? Es wäre sinnvoll...

>>(Eine Benachrichtigung ploppt auf dem Bildschirm des Historikers auf)

>>(Er schließt sie schnell)

...diese historischen Lektionen zu analysieren und diese Erkenntnisse in unsere zukünftigen Projekte einfließen zu lassen.

>>Philosoph: Interessant! Aus ethischer Sicht sollten wir auch die Frage stellen...

...(Verbindung stockt kurz) 

...wie wir sicherstellen können...

...(Verbindung stabilisiert sich wieder) 

...dass die kulturelle Identität respektiert wird...

...(Der Philosoph entschuldigt sich für den Verbindungsfehler mit einem Nicken) 

...während wir universelle Menschenrechte durchsetzen. Es ist wichtig zu bedenken...

...(Ein Kind ruft im Hintergrund des Juristen nach ihm) 

...(Der Jurist entschuldigt sich stumm mit einer Handbewegung) 

...dass diese Balance nicht nur rechtliche und historische Aspekte umfasst...","In der virtuellen Sitzung wurde das Thema Menschenrechte umfassend diskutiert. Es wurde klargestellt, dass Menschenrechte universelle, unveräußerliche und unteilbare Rechte sind, die jedem Menschen aufgrund seines Menschseins zustehen. Diese Rechte umfassen bürgerliche, politische, wirtschaftliche, soziale und kulturelle Ansprüche.

Ein wesentlicher Unterschied zu Grundrechten besteht darin, dass letztere auf den Hoheitsbereich eines Staates beschränkt sind. Bürgerrechte sind wiederum spezifische Grundrechte für Staatsbürger.

Die Universalität der Menschenrechte wird betont, jedoch ist ihre praktische Umsetzung oft von politischen und kulturellen Faktoren abhängig. Der Kulturrelativismus stellt sich gegen den universellen Anspruch der Menschenrechte.

Historisch wurden erste menschenrechtsähnliche Konzepte bereits im antiken Europa entwickelt. Die moderne Idee der Menschenrechte wurde maßgeblich durch Philosophen wie Hobbes, Locke, Rousseau und Kant geprägt.

Im 20. Jahrhundert etablierte sich die Einteilung der Menschenrechte in drei Generationen: bürgerliche und politische Rechte (erste Generation), wirtschaftliche, soziale und kulturelle Rechte (zweite Generation) sowie kollektive Rechte (dritte Generation).

Die Allgemeine Erklärung der Menschenrechte von 1948 bildet zusammen mit zwei UN-Pakten die Grundlage des internationalen Menschenrechtsschutzes. Trotz ihrer nicht bindenden Natur haben diese Dokumente großen Einfluss auf nationale Verfassungen und internationale Abkommen.

Abschließend wurde die Rolle international"
"In dem Meeting diskutierten ein Robotik-Ingenieur, ein Historiker und ein Ethiker über die Fortschritte in der Robotik und deren Auswirkungen auf die Gesellschaft. Der Ingenieur betonte die technologischen Entwicklungen, insbesondere die Integration von Künstlicher Intelligenz und Sensoren, die autonome Entscheidungen ermöglichen. Der Historiker hob historische Parallelen hervor, wie frühe Automaten und die industrielle Revolution, um aktuelle Herausforderungen zu verdeutlichen. Der Ethiker konzentrierte sich auf moralische Fragen und betonte die Notwendigkeit ethischer Richtlinien und Transparenz bei der Nutzung von Robotern. Es wurde auch über Haftungsfragen bei Fehlfunktionen autonomer Roboter gesprochen. Abschließend wurde vorgeschlagen, regelmäßige ethische Audits durchzuführen, um sicherzustellen, dass technologische Fortschritte im besten Interesse der Menschheit genutzt werden.",">>Robotik-Ingenieur: Guten Morgen zusammen! Ich hoffe, alle hatten eine angenehme Anreise. Lassen Sie uns kurz besprechen, was wir heute erreichen wollen.

>>Historiker: Guten Morgen! Es ist wirklich bemerkenswert, wie weit die Robotik gekommen ist. Wir sollten darüber sprechen, wie diese Entwicklungen unsere Gesellschaft beeinflussen und welche ethischen Fragen sich daraus ergeben.

>>Ethiker: Ja, das sehe ich auch so. Neben den technologischen Fortschritten müssen wir unbedingt die ethischen Implikationen betrachten. Wie können wir sicherstellen, dass Roboter nicht nur effizient und intelligent sind, sondern auch moralisch handeln?

>>Robotik-Ingenieur: Genau. Unser Ziel heute ist es, die neuesten technologischen Fortschritte in der Robotik zu diskutieren und ihre Auswirkungen auf verschiedene Bereiche zu bewerten. Natürlich müssen wir auch die ethischen Aspekte berücksichtigen.

>>Historiker: Interessanterweise haben schon frühe Automaten wie die von Heron von Alexandria Grundlagen gelegt – aber heute stehen wir vor ganz neuen Herausforderungen.

>>Robotik-Ingenieur: Das stimmt. Die Integration von Künstlicher Intelligenz in Robotersysteme hat es ermöglicht, dass diese nicht nur Aufgaben autonom erledigen können, sondern auch aus ihren Erfahrungen lernen und sich kontinuierlich verbessern. Diese Fähigkeit zur Selbstoptimierung ist ein entscheidender Schritt in Richtung wirklich intelligenter Systeme.

>>Historiker: Wenn wir zurückblicken... Die Entwicklung der Robotik hat in den letzten Jahrzehnten nicht nur technologische Fortschritte gebracht, sondern auch viele ethische Fragen aufgeworfen.

>>Ethiker: Genau. Die Fortschritte in der Robotik und Künstlichen Intelligenz werfen tiefgreifende moralische Fragen auf. Wir müssen sicherstellen, dass diese Technologien immer im besten Interesse der Menschheit eingesetzt werden. 
 >>Robotik-Ingenieur: Genau. Die Robotik vereint mehrere Disziplinen wie Informatik, Elektrotechnik und Maschinenbau. Diese Zusammenarbeit ermöglicht es uns, Roboter zu entwickeln, die präzise arbeiten und flexibel auf ihre Umgebung reagieren können.

>>Historiker: Interessanterweise sehen wir bei einem Blick in die Geschichte der Robotik, dass diese interdisziplinäre Zusammenarbeit schon seit den frühen Automaten von Heron von Alexandria existiert. Es ist bemerkenswert, wie sich die Prinzipien der Mechanik und später der Elektronik über Jahrhunderte hinweg entwickelt haben.

>>Robotik-Ingenieur: Absolut! Und heute nutzen wir fortschrittliche Sensoren und Algorithmen, um Roboter zu bauen, die autonom Entscheidungen treffen können. Ein gutes Beispiel ist unser neuestes Projekt mit Industrierobotern, die selbstständig Qualitätskontrollen durchführen.

>>Ethiker: Das bringt uns zur ethischen Dimension dieser Entwicklungen. Wir müssen sicherstellen, dass diese technologischen Fortschritte im besten Interesse der Menschheit genutzt werden. Zum Beispiel sollten wir darüber nachdenken, wie autonome Systeme Verantwortung übernehmen können.

>>Robotik-Ingenieur: Ja, das ist ein wichtiger Punkt. Unsere Roboter müssen nicht nur effizient sein, sondern auch sicher und zuverlässig arbeiten. Deshalb testen wir sie intensiv unter verschiedenen Bedingungen.

>>Ethiker: Genau! Und dabei dürfen wir nicht vergessen: Transparenz ist entscheidend. Die Algorithmen und Entscheidungsprozesse der Roboter müssen überprüfbar sein. Nur so können wir Vertrauen in ihre Handlungen gewährleisten.

>>Historiker: Es ist wirklich bemerkenswert zu sehen, wie weitreichend die Auswirkungen der Robotik sind – sowohl technologisch als auch gesellschaftlich. Denken wir an die Einführung von Industrierobotern in den 1970er Jahren; sie haben Produktionsprozesse revolutioniert und unsere Arbeitswelt nachhaltig verändert.

>>Ethiker: Richtig! Und was ist mit den sozialen Auswirkungen? Zum Beispiel könnten Roboter viele Jobs ersetzen. Wie gehen wir damit um?

>>Robotik-Ingenieur: Das stimmt. Wir müssen sicherstellen, dass neue Technologien Arbeitsplätze schaffen oder zumindest Menschen in neuen Bereichen beschäftigen können. In unserem aktuellen Projekt arbeiten wir eng mit Bildungseinrichtungen zusammen, um Schulungen für neue Berufsfelder anzubieten.

>>Historiker: Ein interessanter Ansatz! Wenn man zurückblickt auf die industrielle Revolution – damals gab es ähnliche Herausforderungen mit dem Übergang zu maschineller Arbeit. 
 >>Robotik-Ingenieur: Also, die Fortschritte in der Robotik sind nicht nur technologisch beeindruckend, sondern auch das Ergebnis jahrzehntelanger Forschung und Entwicklung. Isaac Asimov hat mit seinen 'Robotergesetzen' einen bedeutenden Beitrag geleistet, indem er ethische Richtlinien für den Umgang mit Robotern formulierte.

>>Historiker: Genau, Asimov hat nicht nur den Begriff 'Robotik' geprägt, sondern auch die berühmten 'Robotergesetze' formuliert. Diese Regeln haben eine tiefgreifende Wirkung auf die Entwicklung und das Verständnis von Robotern gehabt.

>>Ethiker: Ja, aber wie stellen wir sicher, dass diese Gesetze in der Praxis angewendet werden? Welche Mechanismen sind notwendig, um ihre Einhaltung zu überwachen?

>>Historiker: Nun ja, Asimovs zweite Regel besagt ja auch, dass ein Roboter den Befehlen der Menschen gehorchen muss – außer wenn solche Befehle im Widerspruch zur ersten Regel stehen. Diese Diskussionen über ethische Programmierung sind heute noch relevant.

>>Ethiker: Das ist richtig. Aber es stellt sich die Frage: Sind Asimovs 'Robotergesetze' heute noch ausreichend? In einer Welt mit immer autonomeren Maschinen müssen wir sicherstellen, dass Roboter nicht nur den Gesetzen gehorchen können – sie müssen auch ethische Entscheidungen treffen können.

>>Robotik-Ingenieur: Gute Frage. Nehmen wir zum Beispiel ASIMO von Honda. Die Integration von Sensoren und Aktuatoren ermöglicht es ihm, auf seine Umgebung zu reagieren und komplexe Aufgaben autonom auszuführen. Aber wie stellen wir sicher, dass er dabei moralisch handelt?

>>Historiker: Richtig! Und diese dritte Regel zeigt deutlich den Einfluss von Asimov auf unsere heutige Technologieentwicklung. Die Integration solcher Prinzipien hat uns geholfen, sowohl ethische als auch technische Herausforderungen besser zu meistern.

>>Ethiker: Nun ja... moralisch gesehen bleibt aber weiterhin die Frage offen: Wie stellen wir sicher, dass autonome Roboter wirklich nach diesen Prinzipien handeln? Wir brauchen klare Kontrollsysteme und Mechanismen zur Überwachung dieser Standards.

>>Robotik-Ingenieur: Also... um es klarzustellen – die Integration von Sensoren und Aktuatoren in humanoide Roboter wie ASIMO hat uns ermöglicht Maschinen zu schaffen, die auf ihre Umgebung reagieren können und komplexe Aufgaben autonom ausführen können. Diese technologischen Fortschritte sind das Ergebnis jahrzehntelanger Forschung und Entwicklung. Und natürlich war Asimovs Einfluss dabei entscheidend; seine 'Robotergesetze' halfen uns bei der Entwicklung ethischer Richtlinien für den Umgang mit Robotern. 
 >>Historiker: Interessanterweise, wenn wir auf die Geschichte der Robotik zurückblicken, sehen wir, dass schon in der Antike Automaten entwickelt wurden. Ähm, Heron von Alexandria und später Al-Dschazarī schufen mechanische Apparaturen, die als Vorläufer unserer heutigen Roboter betrachtet werden können. Diese frühen Erfindungen zeigen uns, wie tief verwurzelt das menschliche Streben nach Automatisierung ist.

>>Robotik-Ingenieur: Genau! Und diese Entwicklung hat sich enorm beschleunigt. In der Automobilindustrie zum Beispiel werden Schweißroboter eingesetzt – also Roboter, die speziell für das Schweißen entwickelt wurden. Sie arbeiten nicht nur präzise, sondern auch unter extremen Bedingungen wie hohen Temperaturen und giftigen Dämpfen. Das erhöht sowohl die Sicherheit als auch die Effizienz erheblich.

>>Historiker: Es ist wirklich bemerkenswert zu sehen, wie sich die Robotik von diesen frühen Automaten zu den hochentwickelten Industrierobotern entwickelt hat. Diese Roboter haben nicht nur die Effizienz in der Produktion gesteigert, sondern auch die Sicherheit der Arbeiter erheblich verbessert.

>>Ethiker: Nun ja, das bringt uns zu einer wichtigen ethischen Frage: Wie stellen wir sicher, dass diese Technologien verantwortungsvoll eingesetzt werden? Es gibt immer das Risiko des Missbrauchs oder unvorhergesehener Konsequenzen.

>>Historiker: Apropos Fortschritte – neben Industrierobotern haben auch Serviceroboter enorme Entwicklungen durchgemacht. Ähm, diese Roboter haben ihren Ursprung in den frühen Automaten, die einfache Aufgaben wie das Spielen von Musik oder das Bedienen von Getränken übernahmen. Faszinierend ist doch wirklich, dass heutige Serviceroboter nun komplexe Aufgaben im Haushalt und in der Pflege übernehmen können.

>>Robotik-Ingenieur: Absolut! Serviceroboter sind mittlerweile so weit fortgeschritten, dass sie Aufgaben wie Staubsaugen oder sogar die Pflege älterer Menschen übernehmen können. Diese Entwicklungen zeigen wirklich beeindruckend auf, wie weit wir gekommen sind.

>>Ethiker: Das stimmt wohl. Aber was bedeutet das für unsere Gesellschaft? Müssen wir neue ethische Standards entwickeln?

>>Historiker: Um es zu verdeutlichen - Forschungsroboter sind ein weiteres faszinierendes Kapitel in der Geschichte der Robotik. Diese Roboter erkunden extreme Umgebungen wie ferne Planeten oder Katastrophengebiete und zeigen uns eindrucksvoll unseren technologischen Fortschritt.

>>Robotik-Ingenieur: Genau! Forschungsroboter sind speziell darauf ausgelegt, unter extremen Bedingungen zu operieren. Ein bemerkenswertes Beispiel ist der Mars-Rover – er sammelt Daten und analysiert sie unter extremsten Bedingungen autonom.

>>Ethiker: Und hier stellt sich wieder eine ethische Frage – welche Verantwortung tragen wir für diese Maschinen? Wie stellen wir sicher, dass sie keine Schäden verursachen? Und was passiert mit den Daten, die sie sammeln? Wir müssen sicherstellen, dass diese Informationen verantwortungsvoll genutzt werden. 
 >>Robotik-Ingenieur: Also, um es klarzustellen, die technische Seite der Robotik hat enorme Fortschritte gemacht, insbesondere in Bezug auf Sicherheit und Zuverlässigkeit. Wir haben Systeme entwickelt, die autonom arbeiten können und dabei strenge Sicherheitsprotokolle einhalten. Aber die Herausforderung liegt oft nicht nur in der Technik selbst, sondern auch in der Implementierung dieser Systeme in realen Umgebungen.

>>Historiker: Interessanterweise sehen wir, wenn wir auf die Geschichte der Technologie zurückblicken, dass jede große technologische Revolution - sei es die Dampfmaschine oder das Internet - tiefgreifende gesellschaftliche Veränderungen mit sich brachte. Die Robotik zeigt bereits ähnliche Auswirkungen. Diese Entwicklungen werfen jedoch auch neue ethische Fragen auf.

>>Ethiker: Genau, und hier müssen wir sicherstellen, dass diese technologischen Fortschritte nicht nur der Effizienz und Produktivität dienen, sondern auch dem Wohl der Gesellschaft. Wir sollten uns fragen: Welche Rolle bleibt den Menschen in einer zunehmend automatisierten Welt?

>>Historiker: Richtig! Wenn wir an die industrielle Revolution denken, sehen wir massive Umwälzungen in der Beschäftigung und neuen sozialen Strukturen. Wie können wir sicherstellen, dass diese Veränderungen diesmal zum Wohl aller genutzt werden? Vielleicht könnten konkrete Beispiele aus anderen Ländern helfen.

>>Robotik-Ingenieur: In Japan zum Beispiel wird Robotik erfolgreich im Pflegebereich eingesetzt. Das entlastet das Personal und verbessert gleichzeitig die Betreuung älterer Menschen.

>>Ethiker: Ein gutes Beispiel! Es zeigt auch, wie wichtig es ist, ethische Rahmenbedingungen zu schaffen. Wir könnten Richtlinien entwickeln, um sicherzustellen, dass Automatisierung soziale Gerechtigkeit fördert und nicht nur wirtschaftliche Vorteile bringt.

>>Historiker: Absolut! Und wenn man an frühere Technologien denkt – wie etwa den Einsatz von Maschinen während der industriellen Revolution – sieht man oft unvorhergesehene gesellschaftliche Auswirkungen. Wie verhindern wir heute dieselben Fehler?

>>Robotik-Ingenieur: Eine Möglichkeit wäre eine enge Zusammenarbeit zwischen Ingenieuren und Sozialwissenschaftlern von Anfang an bei neuen Projekten.

>>Ethiker: Ja genau! Und zusätzlich sollten wir Bildungsprogramme fördern, damit Menschen besser auf eine automatisierte Arbeitswelt vorbereitet sind. So können sie neue Fähigkeiten erlernen und sich anpassen.

>>Historiker: Das klingt nach einem guten Plan. Es ist wichtig zu lernen und sich weiterzuentwickeln – sowohl technologisch als auch gesellschaftlich. 
 >>Ethiker: Ähm, um es ethisch zu betrachten, sollten wir überlegen, ob die Entwicklung von Robotern immer im besten Interesse der Menschheit erfolgt. Moralisch gesehen müssen wir sicherstellen, dass Roboter nicht nur effizient und zuverlässig sind, sondern auch verantwortungsvoll eingesetzt werden. Wie können wir ethische Richtlinien schaffen, die sowohl technologischen Fortschritt als auch menschliche Werte berücksichtigen?

>>Robotik-Ingenieur: Da stimme ich zu. Es ist wichtig, dass Roboter so programmiert sind, dass sie menschliche Werte respektieren und keine unvorhersehbaren Schäden verursachen. Wir könnten zum Beispiel fortschrittliche Sensoren nutzen, um sicherzustellen, dass Roboter in der Lage sind, ethische Entscheidungen zu treffen.

>>Historiker: Interessanterweise sehen wir in der Geschichte der Technologie immer wieder ähnliche ethische Herausforderungen. Denken Sie an die industrielle Revolution und die Einführung von Maschinen in Fabriken. Damals kamen ähnliche Fragen zur Verantwortung und zum Schutz der Arbeiter auf. Wie können wir sicherstellen, dass wir aus diesen historischen Lektionen lernen und sie auf die heutige Robotik anwenden?

>>Robotik-Ingenieur: Genau! Ein gutes Beispiel wäre das Aufkommen des Internets – auch hier mussten wir uns mit Datenschutz und Sicherheit auseinandersetzen. Wir könnten aus diesen Erfahrungen lernen und ähnliche Prinzipien auf die Robotik übertragen.

>>Ethiker: Ja genau! Aber wie stellen wir sicher, dass Roboter in unvorhersehbaren Situationen moralisch vertretbare Entscheidungen treffen? Es reicht nicht aus nur Algorithmen und Sensoren zu entwickeln; wir müssen auch klare ethische Prinzipien definieren.

>>Robotik-Ingenieur: Das ist ein guter Punkt. Vielleicht könnten wir maschinelles Lernen einsetzen, damit Systeme kontinuierlich aus Erfahrungen lernen und ihre Entscheidungen transparent machen.

>>Historiker: Wenn man zurückblickt sieht man wie jede Innovation ihre eigenen Herausforderungen brachte - denken Sie an Maschinen in Fabriken während der industriellen Revolution oder Computer im 20.Jahrhundert - immer gab es Fragen nach Verantwortung & Schutz!

>>Ethiker: Richtig! Und diese historischen Beispiele zeigen uns doch deutlich: Geschichte lehrt uns vorsichtig und weitsichtig zu handeln. 
 >>Robotik-Ingenieur: Also, die rechtlichen Rahmenbedingungen für Patente in der Robotik sind bereits gut definiert. Das Patentgesetz (PatG) und das Europäische Patentübereinkommen (EPÜ) bieten klare Richtlinien, wie Erfindungen geschützt werden können. Allerdings müssen wir auch die Haftungsfragen bei Fehlfunktionen von Robotern berücksichtigen, insbesondere wenn diese autonom Entscheidungen treffen.

>>Ethiker: Ja, genau! Wer ist letztlich für die Handlungen eines autonomen Roboters verantwortlich? Moralisch gesehen müssen sowohl Hersteller als auch Betreiber klare Verantwortlichkeiten übernehmen. Wenn ein Roboter eine Fehlfunktion hat und Schaden verursacht, wie können wir sicherstellen, dass die Opfer angemessen entschädigt werden?

>>Robotik-Ingenieur: Die Haftungsfragen sind besonders komplex bei autonomen Robotern. Die Verantwortung könnte sowohl beim Hersteller als auch beim Betreiber liegen, abhängig von der spezifischen Situation und den eingebauten Sicherheitsmaßnahmen. Zum Beispiel, wenn ein Roboter aufgrund eines Softwarefehlers eine Fehlfunktion hat, könnte der Hersteller haftbar gemacht werden. Andererseits trägt der Betreiber die Verantwortung, wenn er den Roboter unsachgemäß verwendet oder nicht ordnungsgemäß wartet.

>>Historiker: Das erinnert mich an frühere technologische Entwicklungen wie die Einführung des Automobils. Damals mussten wir ähnliche Fragen klären – denken Sie nur an die Haftungsfragen bei Unfällen.

>>Ethiker: Richtig! Unsere derzeitigen rechtlichen Rahmenbedingungen müssen möglicherweise angepasst werden, um ethische und moralische Herausforderungen durch autonome Roboter zu bewältigen. Eine klare gesetzliche Regelung könnte helfen. Aber wie gestalten wir diese Gesetze so, dass sie sowohl technologischen Fortschritt fördern als auch ethische Standards wahren?

>>Robotik-Ingenieur: Wir müssen sicherstellen, dass Gesetze flexibel genug sind für zukünftige Entwicklungen in der Robotik. Ein gutes Beispiel wäre der Fall des autonomen Autos von Tesla vor einigen Jahren – da gab es viele Diskussionen über Haftung und Sicherheit.

>>Ethiker: Ja genau! Und Transparenz ist hier entscheidend. Jede Entscheidung eines Roboters muss nachvollziehbar sein, um Vertrauen zu schaffen. Dies könnte durch gesetzliche Vorgaben zur Dokumentation und Offenlegung der Entscheidungsprozesse erreicht werden.

>>Historiker: Transparenz war schon immer ein Schlüssel zur Akzeptanz neuer Technologien – denken Sie an den Übergang von mechanischen zu elektronischen Geräten im letzten Jahrhundert.

>>Robotik-Ingenieur: Interessant! Die Flexibilität der Gesetze ist entscheidend. Wir müssen sicherstellen, dass sie nicht nur den aktuellen Stand der Technik abdecken sondern auch zukünftige Entwicklungen berücksichtigen.

>>Ethiker: Und was ist mit selbstlernenden Systemen? Es ist unerlässlich sicherzustellen, dass sowohl Hersteller als auch Betreiber kontinuierlich überwachen und garantieren können, dass keine unvorhersehbaren Schäden entstehen.

>>Robotik-Ingenieur: Genau! Ein Beispiel wäre ein selbstlernender Haushaltsroboter – wenn dieser plötzlich anfängt Möbel zu beschädigen oder gefährliche Aktionen auszuführen wegen eines Software-Updates oder einer neuen Lernphase. Hier muss klar geregelt sein wer haftet und wie solche Situationen verhindert werden können. 
 >>Historiker: Interessanterweise, wenn wir auf die Geschichte der Technologie zurückblicken, sehen wir ähnliche Herausforderungen bereits bei den ersten Dampfmaschinen und Automobilen. Damals mussten auch neue rechtliche Rahmenbedingungen geschaffen werden, um mit den Risiken umzugehen. Es ist bemerkenswert, wie sich Geschichte wiederholt.

>>Ethiker: Ja, das stimmt. Und moralisch gesehen müssen wir uns fragen, wie wir sicherstellen können, dass ethische Prinzipien nicht nur in der Programmierung, sondern auch im täglichen Betrieb der Roboter eingehalten werden. Vielleicht sollten wir regelmäßige ethische Audits in Betracht ziehen.

>>Robotik-Ingenieur: Absolut! Die Implementierung ethischer Prinzipien erfordert eine enge Zusammenarbeit zwischen Ingenieuren und Ethikern. Ein gutes Beispiel sind autonome Fahrzeuge – diese Systeme müssen komplexe ethische Entscheidungen treffen können.

>>Historiker: Genau! Die Entwicklung der Robotik hat nicht nur technologische, sondern auch gesellschaftliche Auswirkungen. Denken wir an die Einführung des Internets und wie es unsere Kommunikation revolutioniert hat. Ähnliche Muster sehen wir jetzt bei der Robotik.

>>Ethiker: Das erinnert mich an eine Diskussion über Pflegeroboter wie 'Pepper'. Diese Roboter sollen in Pflegeheimen unterstützen und interagieren. Hier stellt sich die Frage nach Würde und Wohlbefinden der Bewohner.

>>Robotik-Ingenieur: Interessant! Ich habe kürzlich von einem Projekt gehört – Roboter in der Landwirtschaft zur Ernteoptimierung. Diese Roboter erkennen den Reifegrad der Früchte präzise dank fortschrittlicher Sensoren.

>>Historiker: Das zeigt wirklich die Vielseitigkeit von Robotern. Aber was denkst du darüber, wie solche Technologien unsere Gesellschaft verändern könnten?

>>Ethiker: Gute Frage! Wir müssen sicherstellen, dass landwirtschaftliche Roboter nicht nur effizient arbeiten, sondern auch Landwirten und Umwelt zugutekommen.

>>Robotik-Ingenieur: Genau! Drohnen zur Überwachung von Pflanzen sind ein gutes Beispiel – sie analysieren den Gesundheitszustand sehr präzise mittels multispektraler Kameras. Solche Technologien könnten nachhaltig weiterentwickelt werden. 
 >>Historiker: Um es zusammenzufassen... Wir haben heute intensiv über die Bedeutung ethischer Prinzipien in der Robotik gesprochen. Ein wichtiger nächster Schritt wäre, konkrete Maßnahmen zur Implementierung regelmäßiger ethischer Audits zu entwickeln.

>>Ethiker: Ja, und diese Audits sollten unabhängig und transparent ablaufen, um sowohl technische als auch gesellschaftliche Aspekte zu berücksichtigen.

>>Robotik-Ingenieur: Genau. Wir könnten ein detailliertes Protokoll erstellen, das klare Kriterien und Verantwortlichkeiten definiert. Wie könnten wir sicherstellen, dass die Audits wirklich unabhängig sind?

>>Ethiker: Gute Frage! Vielleicht durch externe Prüfer? Es ist wichtig, dass diese Audits nicht nur intern durchgeführt werden.

>>Historiker: Interessant ist auch, dass wir aus der Geschichte lernen können – wie bei der Dampfmaschine oder dem Internet. Diese historischen Parallelen zeigen uns, dass technologische Fortschritte immer mit ethischen Herausforderungen verbunden sind.

>>Robotik-Ingenieur: Absolut richtig. Die Zusammenarbeit zwischen Ingenieuren und Ethikern ist hier entscheidend. Ein detailliertes Protokoll für regelmäßige Audits würde helfen sicherzustellen, dass alle technischen und ethischen Kriterien berücksichtigt werden.","In der virtuellen Sitzung wurde das breite Themenfeld der Robotik umfassend diskutiert. Zunächst wurde die Definition und die Kernbereiche der Robotik erläutert, wobei die Entwicklung und Steuerung von Robotern im Mittelpunkt stehen. Die Teilnehmer betonten die Bedeutung von Informatik, Elektrotechnik und Maschinenbau in diesem Zusammenhang.

Historische Meilensteine wurden ebenfalls besprochen, angefangen bei den ersten Automaten in der Antike bis hin zu modernen Entwicklungen wie dem humanoiden Roboter ASIMO von Honda. Besonders hervorgehoben wurde Isaac Asimovs Beitrag zur Begriffsentwicklung und seine ""Roboter-Gesetze"".

Die Sitzung beleuchtete auch verschiedene Anwendungsbereiche: Industrieroboter werden in gefährlichen oder monotonen Umgebungen eingesetzt, während Serviceroboter den Alltag erleichtern sollen. Forschungsroboter erkunden extreme Umgebungen wie ferne Planeten oder Katastrophengebiete.

Ein weiterer Diskussionspunkt war die zunehmende Automatisierung und Digitalisierung sowie deren Auswirkungen auf die Gesellschaft. Es wurde betont, dass grundlegende ethische Fragen zur Rolle des Menschen in dieser technologischen Entwicklung geklärt werden müssen.

Abschließend wurden rechtliche Aspekte wie Patentschutz und Haftungsfragen bei Fehlverhalten von Robotern erörtert. Die Teilnehmer einigten sich darauf, dass weitere Forschung notwendig ist, um Sicherheitsstandards zu entwickeln und ethische Richtlinien zu etablieren."
"In dem Treffen diskutierten die Teilnehmer, bestehend aus einem Physiker, Mathematiker, Philosophen und Historiker, über die Ziele des Treffens und ihre aktuellen Projekte. Der Schwerpunkt lag auf der Chaosforschung und den neuesten Entwicklungen in diesem Bereich. Sie sprachen über mathematische Modelle, historische Einflüsse und philosophische Implikationen chaotischer Systeme. Beispiele wie das Doppelpendel, der Schmetterlingseffekt und seltsame Attraktoren wurden erörtert. Die Diskussion betonte die Bedeutung kleiner Ursachen mit großen Wirkungen in verschiedenen Disziplinen wie Biologie, Ökologie und Medizin. Abschließend identifizierten sie vielversprechende Ansätze für zukünftige interdisziplinäre Forschung und betonten die Wichtigkeit historischer Kontexte.",">>Physiker: Guten Morgen zusammen! Ich hoffe, ihr hattet alle ein schönes Wochenende. Bevor wir in die Details gehen, wie wäre es, wenn wir kurz unsere Ziele für das heutige Treffen besprechen?

>>Mathematiker: Guten Morgen! Also, ich denke, es wäre hilfreich, wenn wir zunächst die Hauptziele unseres Treffens festlegen und vielleicht auch kurz über unsere aktuellen Projekte sprechen.

>>Philosoph: Guten Morgen! Ehrlich gesagt freue ich mich auf unsere Diskussion heute. Vielleicht könnten wir auch ein wenig über die philosophischen Implikationen unserer aktuellen Projekte sprechen?

>>Historiker: Guten Morgen! Ich finde es spannend zu sehen, wie sich unsere Diskussionen entwickeln werden.

>>Physiker: Schön zu hören! Ich denke auch, dass es interessant wäre, wenn wir kurz über die neuesten Entwicklungen in der Chaosforschung sprechen könnten. Vielleicht gibt es ja neue Erkenntnisse oder spannende Projekte?

>>Mathematiker: Genau! Und ich finde es wichtig—

>>Historiker (unterbricht): Entschuldigung Matthias, darf ich kurz unterbrechen? Hat jemand von euch den Artikel über die neuen mathematischen Modelle in der Chaosforschung gelesen? Er wurde letzte Woche veröffentlicht.

>>Mathematiker: Oh ja! Den habe ich gelesen. Sehr spannend und relevant für unser heutiges Thema.

>>Philosoph: Ah nein, den habe ich leider noch nicht gelesen. Kannst du uns mehr darüber erzählen?

>>Physiker: Interessant! Dann sollten wir diesen Artikel definitiv in unsere Diskussion einbeziehen.

>>Historiker: Absolut! Wenn man die Geschichte betrachtet, sieht man viele Parallelen zu den aktuellen Entwicklungen. 
 >>Philosoph: Also, ich habe neulich etwas Interessantes beobachtet. Beim Spazieren im Park fiel mir auf, wie die Blätter im Wind sich scheinbar zufällig bewegen, aber doch eine gewisse Ordnung haben. Das erinnert mich an die chaotischen Systeme, über die wir sprechen.

>>Physiker: Ja, das ist spannend! Ich habe kürzlich ein Experiment mit einem Doppelpendel gemacht und gesehen, wie kleinste Änderungen in den Anfangsbedingungen zu völlig unterschiedlichen Ergebnissen führen können. Echt faszinierend!

>>Mathematiker (unterbricht): Genau! Ich habe ein mathematisches Modell entwickelt, das diese chaotischen Bewegungen simuliert. Als ich es meinen Kindern erklärt habe, haben sie es mit einem Spielzeugpendel nachgestellt – das war ein echtes Chaos!

>>Historiker: Das klingt spannend! Aber ich frage mich manchmal, ob wir nicht zu viel in diese chaotischen Systeme hineininterpretieren?

>>Philosoph: Vielleicht. Aber es ist doch erstaunlich, wie historische Figuren unsere heutige Wissenschaft beeinflussen. Habt ihr darüber nachgedacht?

>>Physiker: Absolut! Ohne Poincaré wären viele unserer heutigen Erkenntnisse wohl nicht möglich gewesen.

>>Mathematiker: Stimmt! Seine Arbeit hat uns definitiv neue Wege eröffnet.

>>Historiker: Ja, und wenn man bedenkt, wie lange es gedauert hat, bis seine Ideen wirklich anerkannt wurden... Das zeigt doch auch etwas über den wissenschaftlichen Fortschritt und seine Herausforderungen.

>>Philosoph: Absolut! Vielleicht sollten wir das Thema bei unserem nächsten Treffen weiter vertiefen. 
 >>Physiker: Das ist eine interessante Frage. Lassen Sie mich das erklären. Das Konzept des deterministischen Chaos zeigt uns, dass selbst in Systemen mit klar definierten, deterministischen Gleichungen die langfristige Vorhersagbarkeit aufgrund der empfindlichen Abhängigkeit von den Anfangsbedingungen praktisch unmöglich ist. Ein klassisches Beispiel dafür ist das Doppelpendel, bei dem minimale Unterschiede in den Startbedingungen zu völlig unterschiedlichen Bewegungsmustern führen können.

>>Mathematiker: Genau, und das magnetische Pendel veranschaulicht diese empfindliche Abhängigkeit sehr gut. Eine winzige Änderung in der Position des Pendels kann zu völlig unterschiedlichen Endzuständen führen. Das ist ein klassisches Beispiel für deterministisches Chaos.

>>Historiker: Historisch gesehen hat Henri Poincaré bereits Ende des 19. Jahrhunderts die Grundlagen für die Chaosforschung gelegt. Seine Arbeiten zur Stabilität der Planetenbewegung und später Edward Lorenz' Entdeckungen in den 1960er Jahren haben unser Verständnis von deterministischem Chaos revolutioniert und sind heute noch relevant für unsere Diskussion über das Doppelpendel.

>>Physiker: Ja, genau! Ein weiteres interessantes Beispiel ist das Verhalten von Flüssigkeiten in turbulenten Strömungen. Auch hier sehen wir, wie kleinste Veränderungen große Auswirkungen haben können.

>>Mathematiker: Ein weiteres faszinierendes Beispiel für die empfindliche Abhängigkeit von den Anfangsbedingungen ist der Schmetterlingseffekt in Wettermodellen. Eine winzige Änderung, wie der Flügelschlag eines Schmetterlings, kann theoretisch zu drastischen Veränderungen im Wetterverlauf führen.

>>Philosoph: Wie der Mathematiker erwähnt hat, zeigt uns der Schmetterlingseffekt die Grenzen unserer Vorhersagefähigkeit – ein Aspekt, der auch philosophisch sehr interessant ist. Es erinnert uns daran, dass trotz aller mathematischen Modelle und physikalischen Gesetze immer ein Element der Unvorhersehbarkeit bleibt.

>>Physiker: Interessant! Wenn wir über nichtlineare Dynamik sprechen, sollten wir auch die Rolle der seltsamen Attraktoren erwähnen. Diese fraktalen Strukturen zeigen uns, wie chaotische Systeme trotz ihrer scheinbaren Unvorhersehbarkeit bestimmte Muster aufweisen können. 
 >>Mathematiker: Also, lassen Sie uns das genauer betrachten. Seltsame Attraktoren sind faszinierend – nehmen wir den Lorenz-Attraktor als Beispiel aus der Wettervorhersage: Kleine Änderungen können riesige Unterschiede machen!

>>Philosoph: Das ist wirklich spannend! Es zeigt doch irgendwie die tiefe Ordnung im Chaos – fast wie eine versteckte Logik des Universums.

>>Physiker: Genau! Und diese Prinzipien finden wir auch in der Medizin wieder – zum Beispiel bei der Analyse von Herzrhythmen zur Vorhersage von Herztoden.

>>Mathematiker: Ja! Und auch an der Börse sehen wir solche chaotischen Muster – kleine Marktveränderungen können große Schwankungen verursachen.

>>Historiker: Interessant zu sehen, wie diese Ideen historisch gewachsen sind – Poincaré und Lorenz haben da echt Pionierarbeit geleistet.

>>Philosoph: Absolut! Und es wirft Fragen auf über freien Willen und Determinismus – wenn so viel um uns herum chaotisch ist...

>>Physiker: Stimmt! Wir erkennen Muster und treffen Vorhersagen, aber die Zukunft bleibt ungewiss – ähnlich wie beim Wetter.

>>Mathematiker: Genau deshalb sind Simulationen so wichtig – sie zeigen uns die Auswirkungen kleiner Veränderungen.

>>Historiker: Richtig... und historische Ereignisse wurden oft durch scheinbar unbedeutende Details beeinflusst – fast wie ein Schmetterlingseffekt auf gesellschaftlicher Ebene.

>>Philosoph: Diese Parallelen zwischen Disziplinen sind wirklich faszinierend und zeigen die Verbundenheit aller Dinge im Universum. 
 >>Physiker: Interessant! Wenn wir die Chaostheorie betrachten, müssen wir auch die wissenschaftliche Genauigkeit im Auge behalten. Trotz der scheinbaren Unvorhersagbarkeit sind chaotische Systeme deterministisch und können durch präzise mathematische Modelle beschrieben werden.

>>Mathematiker: Ja, genau. Die Chaostheorie zeigt uns, dass selbst in scheinbar unvorhersehbaren Systemen wie dem Wetter oder der Börse mathematische Modelle existieren. Diese Modelle sind deterministisch und zeigen, dass kleine Änderungen in den Anfangsbedingungen zu drastisch unterschiedlichen Ergebnissen führen können.

>>Philosoph: Das ist wirklich faszinierend. Philosophisch betrachtet stellt die Chaostheorie unsere Vorstellung von Kontrolle und Vorhersagbarkeit in Frage. Sie zeigt uns, dass selbst in einem deterministischen Universum die Grenzen unserer Erkenntnisfähigkeit durch die Sensibilität der Anfangsbedingungen stark eingeschränkt sind.

>>Historiker: Absolut. Historisch gesehen gibt es viele Beispiele dafür. Denken Sie an Poincaré und Lorenz – ihre Arbeiten haben gezeigt, wie kleine Veränderungen große Auswirkungen haben können.

>>Physiker: Genau! Die Chaostheorie zeigt nicht nur die Grenzen unserer Vorhersagefähigkeiten auf, sondern auch wie wichtig es ist, diese empfindlichen Abhängigkeiten zu verstehen.

>>Mathematiker: Und das bringt uns zur praktischen Anwendung dieser Theorie. Simulationen helfen uns dabei zu verstehen, wie sich kleine Veränderungen auswirken können und ermöglichen es uns so besser mit Unsicherheiten umzugehen.

>>Philosoph: Nun ja... Das führt mich zu einer weiteren Überlegung: Wie beeinflusst dieses Wissen unser Verständnis von freiem Willen? Wenn alles deterministisch ist aber gleichzeitig unvorhersehbar bleibt – was bedeutet das für unsere Entscheidungen?

>>Historiker: Eine gute Frage! Historisch gesehen hat das Konzept des freien Willens immer wieder neue Interpretationen erfahren – vielleicht bietet die Chaostheorie eine neue Perspektive darauf?

>>Physiker: Tja... Das könnte durchaus sein. Es zeigt jedenfalls deutlich auf wie komplex und miteinander verwoben unsere Welt wirklich ist. 
 >>Philosoph: Das erinnert mich an eine interessante Anekdote. Wussten Sie, dass Poincaré einmal sagte, dass die kleinste Ursache die größte Wirkung haben kann? Das ist im Grunde der Schmetterlingseffekt in einem philosophischen Kontext.

>>Mathematiker: Ja, das ist wirklich spannend. Poincaré hat mit seiner Arbeit den Grundstein für viele moderne Modelle gelegt. Wenn man darüber nachdenkt, ist es erstaunlich, wie kleine Ursachen große Wirkungen haben können – nicht nur in der Mathematik, sondern auch im Alltag. Zum Beispiel habe ich mal erlebt, wie ein zufälliges Treffen mein ganzes Leben verändert hat.

>>Historiker: Genau! In der Geschichte gibt es viele Beispiele dafür. Denken Sie nur an den Ausbruch des Ersten Weltkriegs – eine Verkettung kleiner Ereignisse führte zu einem globalen Konflikt. Es zeigt sich immer wieder, wie kleine Ursachen große Auswirkungen haben können.

>>Physiker: Absolut! Und wenn wir über den Schmetterlingseffekt sprechen, denke ich sofort an chaotische Systeme und die empfindliche Abhängigkeit von Anfangsbedingungen. Ein winziger Unterschied kann zu völlig unterschiedlichen Ergebnissen führen – wie bei einem Doppelpendel oder dem Wettermodell von Lorenz.

>>Mathematiker: Stimmt! Diese Prinzipien finden sich auch in alltäglichen Situationen wieder. Zum Beispiel kann ein kleiner Zufall wie das Treffen einer bestimmten Person unser Leben drastisch verändern.

>>Philosoph: Das erinnert mich daran, wie oft in der Philosophie kleine Ideen große Bewegungen auslösen können. Denken Sie an Descartes' ""Cogito ergo sum"" – eine einfache Aussage mit enormer Wirkung auf die gesamte westliche Philosophie.

>>Historiker: Da fällt mir ein anderes Beispiel ein – die Entdeckung Amerikas durch Kolumbus war eigentlich das Ergebnis einer Reihe kleiner Entscheidungen und Zufälle. Die Auswirkungen waren jedoch gigantisch und veränderten die Weltgeschichte grundlegend.

>>Physiker: Ja! Und diese kleinen Ursachen mit großen Wirkungen sehen wir auch in der Naturwissenschaft ständig. Ich erinnere mich noch gut daran, als ich zum ersten Mal über das Doppelpendel experimentierte und sah, wie unvorhersehbar seine Bewegungen sein konnten.

>>Mathematiker: Das erinnert mich an eine interessante Beobachtung aus der Biologie. Chaotische Systeme kommen auch bei der Populationsdynamik von Räuber-Beute-Modellen vor. Diese mathematischen Modelle helfen uns dabei komplexe natürliche Phänomene besser zu verstehen. 
 >>Physiker: Interessant! Die Populationsdynamik ist ein hervorragendes Beispiel für die Anwendung der Chaostheorie. Kleine Änderungen in den Anfangsbedingungen können zu drastisch unterschiedlichen Ergebnissen führen, was die Vorhersagbarkeit extrem erschwert.

>>Philosoph: Ja, das ist wirklich faszinierend. Philosophisch betrachtet zeigt die Chaostheorie uns die Grenzen unserer Erkenntnisfähigkeit und die Illusion der Kontrolle.

>>Mathematiker: Genau, und das bringt uns zu einem wichtigen Punkt. Diese Modelle sind nicht nur theoretisch faszinierend, sondern haben auch praktische Anwendungen in der Biologie und Ökologie. Ich erinnere mich an ein Projekt zur Populationsdynamik von Fischbeständen im Bodensee...

>>Historiker: Tja, ich finde es spannend zu sehen, wie sich diese Konzepte historisch entwickelt haben. Von den ersten Entdeckungen bis hin zu modernen Anwendungen hat sich unser Verständnis von chaotischen Systemen enorm erweitert.

>>Physiker (unterbrechend): Absolut! Und wenn wir weiter in die Populationsdynamik eintauchen, könnten wir auch untersuchen, wie Umweltveränderungen diese Systeme beeinflussen. Das könnte wertvolle Erkenntnisse nicht nur in der Biologie und Ökologie liefern, sondern auch in der Klimaforschung.

>>Mathematiker: Gut gesagt! Ich denke auch an zukünftige interdisziplinäre Projekte. Zum Beispiel könnten wir chaotische Muster in der Medizin untersuchen oder neue Modelle für ökologische Systeme entwickeln.

>>Philosoph: Nun ja, das eröffnet viele spannende Möglichkeiten für Zusammenarbeit. Es wäre interessant zu sehen, wie verschiedene Disziplinen zusammenarbeiten können, um komplexe Probleme zu lösen.

>>Historiker: Genau! Und dabei sollten wir nicht vergessen, dass historische Kontexte oft wichtige Hinweise geben können. Die Geschichte zeigt uns oft Muster und Entwicklungen auf lange Sicht.

>>Physiker: Also gut, ich denke damit haben wir einige vielversprechende Ansätze für zukünftige Forschung identifiziert. Vielen Dank an alle!

>>Mathematiker: Ja, danke euch allen! Ich freue mich schon auf unsere nächsten Diskussionen und möglichen Projekte.

>>Philosoph: Ebenso! Es war eine bereichernde Diskussion und ich bin gespannt auf unsere weiteren Schritte.

>>Historiker: Tja, es war wirklich inspirierend heute. Bis zum nächsten Mal!","In unserem heutigen Treffen haben wir uns intensiv mit der Chaosforschung beschäftigt. Die Diskussion begann mit einer Einführung in die Chaostheorie, einem Teilgebiet der nichtlinearen Dynamik innerhalb der mathematischen Physik. Es wurde betont, dass chaotische Systeme trotz deterministischer Gleichungen unvorhersehbare Entwicklungen zeigen können, was als ""deterministisches Chaos"" bekannt ist.

Ein zentrales Thema war die empfindliche Abhängigkeit von Anfangsbedingungen, illustriert durch Beispiele wie das magnetische Pendel und den Schmetterlingseffekt beim Wetter. Diese Phänomene verdeutlichen, dass minimale Unterschiede in den Ausgangsbedingungen zu drastisch unterschiedlichen Ergebnissen führen können.

Wir haben auch über historische Beiträge zur Chaosforschung gesprochen, insbesondere die Arbeiten von Henri Poincaré, Edward N. Lorenz und Benoît Mandelbrot. Ihre Forschungen legten den Grundstein für das Verständnis chaotischer Systeme.

Ein weiterer Schwerpunkt lag auf der praktischen Anwendung und Simulation chaotischer Systeme am Computer. Hierbei wurde erläutert, wie kleine Änderungen in den Startbedingungen zu erheblichen Abweichungen in den Ergebnissen führen können.

Abschließend wurden verschiedene Anwendungsbereiche der Chaostheorie diskutiert, darunter Wettervorhersagen, medizinische Diagnosen und wirtschaftliche Modelle. Es wurde vereinbart, weitere Forschung und interdisziplinäre Zusammenarbeit zu fördern, um das Verständnis und die Anwendungsmöglichkeiten der Chaostheorie weiter auszubauen"
"In dem Meeting diskutierten die Teilnehmer, darunter ein Psychologe, ein Erziehungswissenschaftler, ein Wirtschaftspsychologe und ein Soziologe, über die Bedeutung und Förderung emotionaler Intelligenz (EI) im beruflichen Umfeld und in der Bildung. Sie erörterten verschiedene Methoden zur Messung von EI, wie den MSCEIT-Test von Mayer und Salovey, sowie qualitative Ansätze wie Interviews und Beobachtungen. Es wurde betont, dass EI sowohl theoretisch als auch praktisch gefördert werden sollte.

Die Diskussion umfasste auch die kulturellen Unterschiede in der Wahrnehmung und Anwendung von EI. Die Teilnehmer waren sich einig, dass Programme zur Förderung von EI kulturell sensibel gestaltet werden müssen. Vorschläge beinhalteten Pilotprojekte in verschiedenen Ländern, regelmäßige Schulungen für Lehrer und Mitarbeiter sowie interdisziplinäre Teams zur praktischen Umsetzung.

Es wurde hervorgehoben, dass eine Kombination aus quantitativen Tests und qualitativen Methoden notwendig ist, um die Wirksamkeit der Maßnahmen zu überprüfen. Abschließend wurden konkrete Schritte festgelegt: Der Wirtschaftspsychologe wird Pilotprojekte koordinieren, der Erziehungswissenschaftler qualitative Interviews durchführen und Fallstudien vorbereiten, während der Psychologe geeignete Tests prüft und der Soziologe sicherstellt, dass die Ansätze kulturell sensibel sind.",">>Psychologe: Guten Morgen zusammen!

>>Erziehungswissenschaftler: Morgen! Alles gut bei euch?

>>Wirtschaftspsychologe: Morgen! Ja, alles bestens.

>>Psychologe: Unser Hauptziel heute ist es, die verschiedenen Aspekte der emotionalen Intelligenz zu beleuchten und zu diskutieren, wie wir diese im beruflichen Umfeld effektiv messen und fördern können.

>>Erziehungswissenschaftler: Das klingt nach einem sehr spannenden Thema. Ehrlich gesagt, denke ich, dass wir auch darüber sprechen sollten, wie emotionale Intelligenz bereits in der Bildung gefördert werden kann. Was denken Sie darüber?

>>Psychologe: Das ist eine interessante Perspektive. Emotionale Intelligenz spielt tatsächlich eine wichtige Rolle in vielen Lebensbereichen. Lassen Sie uns das genauer betrachten und überlegen, wie wir diese Fähigkeiten sowohl im beruflichen Umfeld als auch in der Bildung fördern können.

>>Erziehungswissenschaftler: Fantastisch! Es ist wichtig zu verstehen, dass die Förderung emotionaler Intelligenz in der Bildung nicht nur theoretisch, sondern auch praktisch angegangen werden muss. Wie können wir sicherstellen, dass Lehrer und Dozenten die notwendigen Werkzeuge und Schulungen erhalten?

>>Psychologe: Genau! Ich denke, es wäre hilfreich, wenn wir uns auch die wissenschaftlichen Methoden zur Messung emotionaler Intelligenz ansehen könnten. Der MSCEIT-Test von Mayer und Salovey bietet eine fundierte Methode zur Bewertung dieser Fähigkeiten. Was halten Sie davon?

>>Wirtschaftspsychologe: Absolut! Zum Beispiel könnten Unternehmen regelmäßige Workshops anbieten oder Mentoring-Programme einführen, um emotionale Intelligenz gezielt zu fördern. Wie sehen Sie das? 
 >>Psychologe: Das klingt gut. Aber lassen Sie uns erstmal die Grundlagen klären. John D. Mayer und Peter Salovey haben den Begriff emotionale Intelligenz geprägt. Es geht darum, eigene und fremde Gefühle wahrzunehmen, zu verstehen und zu beeinflussen.

>>Erziehungswissenschaftler: Genau, und Daniel Goleman hat das Konzept in den 90ern bekannt gemacht. Er sprach von vier Hauptbereichen: Emotionen wahrnehmen, sie nutzen, um besser zu denken, Emotionen verstehen und mit ihnen umgehen.

>>Psychologe: Ja, es ist wichtig zu verstehen, dass emotionale Intelligenz nicht nur eine Erweiterung des klassischen Intelligenzbegriffs ist, sondern auch tief in der Geschichte der Psychologie verwurzelt ist. Was denken Sie darüber? (Pause) Ähm... ja...

>>Erziehungswissenschaftler: In meiner Erfahrung mit Schülern habe ich festgestellt, dass qualitative Methoden wie Interviews und Beobachtungen oft tiefere Einblicke bieten können als nur wissenschaftliche Methoden.

>>Wirtschaftspsychologe: Ähm... ich stimme zu... aber wie können wir sicherstellen, dass diese Workshops wirklich die emotionale Intelligenz verbessern? Welche wissenschaftlichen Methoden könnten wir zur Messung des Erfolgs einsetzen?

>>Soziologe: Also meiner Meinung nach sollten wir auch gesellschaftliche Faktoren berücksichtigen. Die kulturelle Bedeutung emotionaler Intelligenz variiert stark zwischen verschiedenen Gruppen.

>>Psychologe: Interessant! Es gibt viele Facetten zu bedenken. Wie können wir sicherstellen, dass unsere Programme kulturell sensibel sind?

>>Erziehungswissenschaftler: Nun ja... durch gezielte Beobachtungen und Feedback-Schleifen könnten wir Anpassungen vornehmen und sicherstellen, dass alle Teilnehmer profitieren.

>>Wirtschaftspsychologe: Genau! Und vielleicht könnten regelmäßige Evaluierungen helfen festzustellen, ob unsere Maßnahmen effektiv sind.

>>Soziologe: Hm... das klingt vernünftig. Wir sollten aber auch darauf achten, dass diese Evaluierungen nicht nur quantitativ sind.

>>Psychologe: Absolut! Eine Mischung aus quantitativen Tests wie dem MSCEIT und qualitativen Methoden wäre echt hilfreich. 
 >>Wirtschaftspsychologe: Das klingt spannend. In meiner Erfahrung haben Unternehmen, die emotionale Intelligenz gezielt fördern, oft eine höhere Mitarbeiterzufriedenheit und Produktivität. Aber wie können wir sicherstellen, dass diese Methoden auch wirklich funktionieren?

>>Erziehungswissenschaftler: Ja, das ist echt wichtig. Ich finde es interessant zu sehen, wie die MSCEIT-Ergebnisse in der Praxis angewendet werden können. Bei meiner Arbeit mit Schülern habe ich festgestellt, dass Interviews oft tiefere Einblicke in ihre emotionale Entwicklung bieten. Was meint ihr dazu?

>>Psychologe: Also, das ist eine interessante Perspektive. Der MSCEIT-Test ist ziemlich zuverlässig. Aber wie stellen wir sicher, dass die deutsche Version genauso gut ist? Vielleicht sollten wir uns auf die Normierung und Objektivität konzentrieren.

>>Soziologe: Genau! Die kulturellen Unterschiede sind entscheidend. Wenn die Normen nicht passen, verlieren wir an Aussagekraft.

>>Wirtschaftspsychologe: Da stimme ich zu. Es wäre sinnvoll, zusätzliche Studien durchzuführen oder bestehende Daten zu analysieren.

>>Erziehungswissenschaftler: Absolut! Und qualitative Daten sind auch wichtig für individuelle Unterschiede und kulturelle Nuancen.

>>Psychologe: Na ja... eine Kombination aus quantitativen Tests und qualitativen Methoden könnte hilfreich sein.

>>Soziologe: Moment mal... aber was machen wir mit den Kritikpunkten zur Objektivität? Wir müssen sicherstellen, dass unsere Messungen objektiv bleiben.

>>Wirtschaftspsychologe: Genau! Vielleicht sollten wir einen Workshop organisieren oder Experten hinzuziehen um diese Aspekte genauer zu beleuchten.

>>Erziehungswissenschaftler: Das klingt nach einem guten Plan. Und währenddessen könnten wir überlegen, wie wir qualitative Methoden besser integrieren können.

>>Psychologe: Okay... also schauen wir uns die Normierung des MSCEIT weiter an und überlegen parallel dazu, wie wir qualitative Methoden einbinden können. 
 >>Wirtschaftspsychologe: Das ist ein interessanter Ansatz. Schauen wir uns das mal genauer an. Ähm, ein Beispiel aus meiner Erfahrung: In einem Unternehmen, in dem ich gearbeitet habe, wurde ein Programm zur Förderung emotionaler Intelligenz eingeführt. Die Mitarbeiter berichteten von einer deutlichen Verbesserung der Teamdynamik und der individuellen Leistung. Wie können wir solche Programme systematisch auf andere Unternehmen übertragen?

>>Erziehungswissenschaftler: Ehrlich gesagt, zeigt die Forschung, dass emotionale Intelligenz nicht nur die individuelle Leistung steigert, sondern auch das Arbeitsklima verbessert. Ein Beispiel aus meiner Erfahrung: In einer Non-Profit-Organisation, mit der ich zusammengearbeitet habe, wurde ein ähnliches Programm eingeführt. Die Freiwilligen berichteten von einer besseren Zusammenarbeit und höherer Motivation. Wie können wir solche Programme auf Unternehmen übertragen?

>>Psychologe: Also, das ist eine interessante Perspektive. Eine Studie von Mayer und Salovey zeigt tatsächlich, dass emotionale Intelligenz signifikant mit beruflichem Erfolg korreliert. Aber wie können wir sicherstellen, dass die Methoden zur Messung und Förderung von EI in Unternehmen zuverlässig und valide sind? 

>>Soziologe: Genau! Und dabei sollten wir auch kulturelle Unterschiede berücksichtigen. Was in einem Land funktioniert, muss nicht unbedingt überall funktionieren.

>>Wirtschaftspsychologe: Absolut richtig! Na ja, es gibt viele Faktoren zu bedenken. Vielleicht könnten wir zunächst Pilotprojekte in verschiedenen Ländern durchführen und die Ergebnisse vergleichen.

>>Erziehungswissenschaftler: Nun ja, das klingt nach einem guten Plan. Wir könnten qualitative Methoden wie Interviews nutzen, um tiefere Einblicke zu gewinnen.

>>Psychologe: Ja genau! Qualitative Methoden wären hier sehr hilfreich... Es wäre auch wichtig zu prüfen, ob die verwendeten Tests wie der MSCEIT-Test für verschiedene Kulturen normiert sind.

>>Soziologe: Richtig! Und dabei sollten wir sicherstellen, dass diese Tests objektiv bleiben und keine kulturellen Vorurteile enthalten.

>>Wirtschaftspsychologe: Also gut! Dann sollten wir vielleicht einen Workshop organisieren oder Experten hinzuziehen...

>>Erziehungswissenschaftler (unterbricht): Moment mal! Ich denke auch an den Austausch bewährter Praktiken zwischen Schulen und Unternehmen – da gibt es sicherlich viel voneinander zu lernen.

>>Psychologe (nickt zustimmend): Genau! Aber ich frage mich gerade... Ist es wirklich realistisch anzunehmen, dass alle Unternehmen die nötigen Ressourcen haben werden? Budgetbeschränkungen könnten ein großes Hindernis sein.

>>Soziologe: Da hast du einen Punkt... Vielleicht sollten wir auch alternative Finanzierungsmodelle in Betracht ziehen oder Partnerschaften mit Universitäten eingehen.

>>Wirtschaftspsychologe: Gute Idee! Wir könnten zum Beispiel Fördermittel beantragen oder Sponsoren suchen... Okay Leute, lasst uns konkrete Schritte festlegen. Ich werde die Pilotprojekte koordinieren und erste Ergebnisse bis zum nächsten Treffen präsentieren.

>>Erziehungswissenschaftler: Super! Ich kann mich um die qualitativen Interviews kümmern und einige Fallstudien vorbereiten.

>>Psychologe: Und ich werde prüfen, welche Tests für unsere Zwecke am besten geeignet sind und ob sie kulturübergreifend angewendet werden können.

>>Soziologe: Perfekt! Ich werde mich darauf konzentrieren sicherzustellen, dass unsere Ansätze kulturell sensibel sind und keine Vorurteile enthalten. 
 >>Erziehungswissenschaftler: Also, es ist wichtig zu verstehen, dass die Integration emotionaler Intelligenz praktisch erfolgen muss. In einer Grundschule haben wir ein Programm eingeführt, bei dem Kinder durch Rollenspiele lernen, ihre eigenen und die Emotionen anderer zu erkennen und zu regulieren. Die Ergebnisse waren sehr positiv – sowohl sozial als auch akademisch.

>>Psychologe: Das klingt vielversprechend! Wie können wir sicherstellen, dass diese Programme wissenschaftlich fundiert sind? Wir sollten qualitative und quantitative Daten sammeln.

>>Erziehungswissenschaftler: Genau! Eine Kombination aus beiden Methoden ist der Schlüssel. In einer anderen Schule haben wir Interviews mit Lehrern und Schülern geführt für tiefere Einblicke.

>>Wirtschaftspsychologe: Interessant! Aber wie können wir sicherstellen, dass diese Programme langfristig wirken? Es wäre sinnvoll zu untersuchen, ob die emotionalen Fähigkeiten der Schüler nachhaltig gestärkt werden.

>>Erziehungswissenschaftler: Absolut! Oft zeigen sich langfristige Effekte. In einer weiterführenden Schule haben Schüler über Jahre hinweg an Workshops teilgenommen – mit beeindruckenden Ergebnissen wie besseren sozialen Fähigkeiten und höherer Resilienz gegenüber Stress.

>>Psychologe: Beeindruckend! Es wäre spannend zu sehen, wie diese Programme in verschiedenen kulturellen Kontexten funktionieren. Was denken Sie?

>>Soziologe: Ja genau! Kulturelle Unterschiede spielen eine große Rolle bei der Implementierung solcher Programme. Ein Programm kann in einer Kultur erfolgreich sein und in einer anderen nicht funktionieren. Wie beeinflusst das unsere Herangehensweise?

>>Wirtschaftspsychologe: Wir sollten Pilotprojekte in verschiedenen Kulturen durchführen und eng mit lokalen Experten zusammenarbeiten.

>>Erziehungswissenschaftler: Gute Idee! Und Lehrer müssen entsprechend geschult werden – ihre Rolle ist entscheidend für den Erfolg solcher Programme.

>>Psychologe: Da stimme ich voll zu. Die Ausbildung der Lehrer ist essenziell. Vielleicht könnten wir regelmäßige Schulungen anbieten?

>>Soziologe: Genau! Diese Schulungen sollten kulturell sensibel sein und auf die spezifischen Bedürfnisse der jeweiligen Gemeinschaft eingehen. 
 >>Psychologe: Also, das ist eine interessante Perspektive. Wenn wir über kulturelle Sensibilität sprechen, sollten wir auch die wissenschaftlichen Methoden zur Messung der emotionalen Intelligenz in verschiedenen Kulturen betrachten. Wie können wir sicherstellen, dass Tests wie der MSCEIT in unterschiedlichen kulturellen Kontexten valide und zuverlässig sind?

>>Erziehungswissenschaftler: Das ist ein guter Punkt. Ich denke, dass wir bei der Validierung von Tests wie dem MSCEIT in verschiedenen Kulturen auch qualitative Methoden stärker einbeziehen sollten. Interviews und Fallstudien könnten uns tiefere Einblicke geben, wie emotionale Intelligenz in unterschiedlichen kulturellen Kontexten wahrgenommen und gelebt wird.

>>Soziologe: Genau! Und wenn wir die historische Entwicklung der emotionalen Intelligenz betrachten, sehen wir interessante kulturelle Unterschiede. Das bedeutet, dass wir nicht nur die Validität der Tests sicherstellen müssen, sondern auch verstehen sollten, wie kulturelle Normen und Werte die Interpretation von emotionaler Intelligenz beeinflussen.

>>Wirtschaftspsychologe (unterbricht): Ja, das ist wichtig! Aber wie setzen wir das praktisch um? Es wäre sinnvoll, wenn wir Pilotprojekte starten würden, um zu sehen, wie unsere Methoden in verschiedenen kulturellen Kontexten funktionieren.

>>Psychologe: Ja genau! Und dabei sollten wir nicht vergessen zu verstehen, welche spezifischen kulturellen Faktoren eine Rolle spielen. Was denken Sie darüber?

>>Erziehungswissenschaftler: Absolut richtig... aber ich bin mir nicht sicher, ob Workshops allein ausreichen würden. Vielleicht könnten Lehrer und Fachkräfte durch Schulungen besser auf die jeweiligen kulturellen Besonderheiten eingehen.

>>Soziologe: Das stimmt. In einem unserer Projekte haben wir festgestellt, dass emotionale Intelligenz je nach Kultur anders bewertet wird. Was bedeutet das für unsere Gesellschaft?

>>Wirtschaftspsychologe: Ich denke an die praktische Umsetzung im Arbeitsumfeld. Wie können Unternehmen sicherstellen, dass ihre Mitarbeiter emotional intelligent handeln – unabhängig von ihrem kulturellen Hintergrund?

>>Psychologe: Gute Frage! Vielleicht durch regelmäßige Schulungen und interkulturelle Trainings? Etwas Praktisches...

>>Erziehungswissenschaftler: Genau! Und vielleicht könnten Fallstudien aus verschiedenen Ländern zeigen, welche Ansätze am besten funktionieren? Ehrlich gesagt glaube ich fest daran.

>>Soziologe (unterbricht): Ja genau! Aber dabei dürfen wir nicht vergessen... Die historische Perspektive kann uns helfen zu verstehen, warum bestimmte Kulturen emotionale Intelligenz anders bewerten als andere. 
 >>Psychologe: Das ist ein wichtiger Punkt. Ähm, es gibt tatsächlich viele Missverständnisse über die emotionale Intelligenz. Ein häufiges Argument gegen sie ist, dass sie nicht so gut messbar sei wie der IQ. Aber wenn wir uns den MSCEIT-Test ansehen, sehen wir, dass er auf soliden psychometrischen Grundlagen basiert und valide Ergebnisse liefert.

>>Erziehungswissenschaftler: Ich finde es spannend, dass wenn wir die emotionale Intelligenz in den Bildungssystemen stärker verankern würden, könnten wir nicht nur Missverständnisse vermeiden, sondern auch die emotionale Entwicklung der Schüler nachhaltig fördern. Das würde langfristig zu einer besseren sozialen Kompetenz und einem harmonischeren Schulklima führen.

>>Wirtschaftspsychologe (unterbricht): Darf ich kurz was einwerfen? Das sehe ich genauso wie Herr/Frau [Name des Erziehungswissenschaftlers]. Am Arbeitsplatz könnte das ebenfalls von Vorteil sein. Wenn wir emotionale Intelligenz in der Ausbildung betonen würden, könnten Unternehmen von Mitarbeitern profitieren, die besser im Team arbeiten und Konflikte effektiver lösen können.

>>Psychologe: Absolut! Das ist eine interessante Perspektive. Der MSCEIT-Test zeigt tatsächlich, dass emotionale Intelligenz messbar und nützlich ist, sowohl im Bildungsbereich als auch am Arbeitsplatz. In meiner Erfahrung hat der Einsatz von emotionaler Intelligenz-Training in Schulen dazu geführt, dass Schüler besser mit Stress umgehen können und weniger Konflikte entstehen.

>>Soziologe (unterbricht): Entschuldigen Sie die Unterbrechung, aber könnten Sie bitte genauer erklären, was dieser MSCEIT-Test misst?

>>Psychologe: Natürlich! Der MSCEIT-Test misst verschiedene Aspekte der emotionalen Intelligenz wie das Erkennen von Emotionen bei sich selbst und anderen sowie das Verstehen und Managen von Emotionen. 
 >>Wirtschaftspsychologe: Das ist ein guter Ausgangspunkt. Lassen Sie uns überlegen, wie wir diese Erkenntnisse praktisch in den Arbeitsalltag integrieren können. Beispielsweise könnten wir interdisziplinäre Teams bilden, die regelmäßig an Projekten arbeiten und dabei ihre emotionale Intelligenz weiterentwickeln.
>>Erziehungswissenschaftler: Ehrlich gesagt, denke ich, dass wir auch die emotionale Intelligenz durch alltägliche Interaktionen und Feedback fördern sollten. Wie können wir sicherstellen, dass diese Maßnahmen in den verschiedenen Abteilungen tatsächlich umgesetzt werden?
>>Psychologe: Ich denke, regelmäßige Feedback-Sitzungen könnten helfen. Dabei könnten Mitarbeiter ihre Erfahrungen und Herausforderungen teilen.
>>Soziologe (enthusiastisch): Oh! Das erinnert mich an etwas Wichtiges – wie unterschiedliche kulturelle Hintergründe die Wahrnehmung von emotionaler Intelligenz beeinflussen können.
>>Erziehungswissenschaftler: Interessanterweise könnte es auch hilfreich sein, emotionale Intelligenz durch projektbasiertes Lernen zu fördern. Wenn Mitarbeiter in interdisziplinären Teams arbeiten und gemeinsam Probleme lösen, entwickeln sie nicht nur ihre kognitiven Fähigkeiten, sondern auch ihre sozialen und emotionalen Kompetenzen.
>>(Handy klingelt im Hintergrund)
>>Wirtschaftspsychologe (schmunzelt): Entschuldigung für die Unterbrechung.
>>Erziehungswissenschaftler (lächelnd): Kein Problem! Wo waren wir stehen geblieben?
>>(alle lachen kurz)
>>Psychologe: Na ja... regelmäßige Feedback-Sitzungen wären eine Möglichkeit. Aber was halten Sie davon?
>>Wirtschaftspsychologe: Das ist ein guter Punkt. Vielleicht könnten wir spezifische Projekte identifizieren, die diese Art von Zusammenarbeit fördern.
>>(Tür geht auf; jemand kommt herein)
>>Wirtschaftspsychologe (flüsternd): Wir sind noch mitten im Meeting.
>>(Person verlässt leise den Raum)
>>(alle konzentrieren sich wieder auf das Gespräch)
>>Erziehungswissenschaftler (setzt fort): ...dass diese Projekte auch tatsächlich umgesetzt werden? 
>>(jemand hustet laut)
>>(kurze Pause zur Reflexion)
...Wie stellen wir sicher...
...dass diese Maßnahmen in den verschiedenen Abteilungen tatsächlich umgesetzt werden?
>>Psychologe: Also... das ist eine interessante Perspektive. Um die emotionale Intelligenz in den Abteilungen zu fördern... 
 >>Soziologe: Es ist spannend zu überlegen, wie kulturelle Unterschiede die Wahrnehmung und Anwendung emotionaler Intelligenz beeinflussen. Wie wirkt sich das auf unsere Kultur aus?

>>Erziehungswissenschaftler: Das ist ein wichtiger Punkt. Ich denke, dass kulturelle Unterschiede eine große Rolle spielen, besonders bei der emotionalen Entwicklung von Kindern. In verschiedenen Kulturen werden Emotionen unterschiedlich ausgedrückt und bewertet, was sich direkt auf Erziehung und Bildung auswirkt.

>>Psychologe: Ja, das sehe ich auch so. Wie könnten wir diese kulturellen Unterschiede in der Wahrnehmung und Anwendung emotionaler Intelligenz wissenschaftlich messen? Haben Sie konkrete Ansätze oder Methoden im Kopf?

>>Wirtschaftspsychologe (unterbricht): Entschuldigung, wenn ich kurz unterbrechen darf. Ich möchte den Einfluss von Arbeitskulturen auf emotionale Intelligenz am Arbeitsplatz erwähnen. Vielleicht sollten wir das auch berücksichtigen.

>>Erziehungswissenschaftler: Absolut! Ich habe kürzlich eine Studie gelesen, die zeigt, wie Kinder in verschiedenen Kulturen durch Rollenspiele Emotionen besser verstehen lernen. Das könnte ein spannender Ansatz sein.

>>Psychologe: Interessant! Haben Sie Beispiele aus dieser Studie? Mich würde interessieren, welche konkreten Ergebnisse dabei herauskamen.

>>Erziehungswissenschaftler: Natürlich! Die Studie zeigte zum Beispiel, dass Kinder durch Rollenspiele Empathie entwickeln und lernen, verschiedene Perspektiven einzunehmen. Das könnte man sicherlich weiter erforschen.

>>Psychologe: Das klingt vielversprechend. Neben Rollenspielen könnten wir auch andere kreative Methoden wie Kunst- oder Musiktherapie in Betracht ziehen. Was halten Sie davon?

>>Erziehungswissenschaftler: Gute Idee! Projektbasiertes Lernen könnte ebenfalls eine Methode zur Förderung emotionaler Intelligenz sein. In verschiedenen Kulturen könnten Projekte unterschiedliche Schwerpunkte haben und so spezifische emotionale Fähigkeiten fördern.

>>Soziologe: Ein interessanter Gedanke! Vielleicht sollten wir auch untersuchen, ob bestimmte Methoden in einigen Kulturen besser funktionieren als in anderen. Gibt es dazu schon Forschungsergebnisse?

>>Wirtschaftspsychologe: Genau! Und im Arbeitsumfeld könnten wir schauen, wie Teamdynamiken und Führungskulturen die emotionale Intelligenz beeinflussen. Unterschiedliche Branchen haben da sicher verschiedene Ansätze.

>>Psychologe: Stimmt! Es wäre spannend zu sehen, ob beispielsweise flache Hierarchien oder eher traditionelle Strukturen einen Unterschied machen. 
 >>Soziologe: Das ist eine interessante Frage. Wie beeinflussen diese Hierarchiestrukturen unsere Kultur und die Wahrnehmung emotionaler Intelligenz?
>>Erziehungswissenschaftler: Sehr gut! Wir haben viele wertvolle Perspektiven und Methoden zur Förderung emotionaler Intelligenz diskutiert. Ich schlage vor, dass wir zunächst Pilotprojekte in verschiedenen kulturellen Kontexten durchführen und dabei spezifische Indikatoren zur Messung der Wirksamkeit festlegen. Was denken Sie darüber?
>>Psychologe: Ähm, das ist eine gute Idee. Um die kulturellen Unterschiede in der Wahrnehmung und Anwendung emotionaler Intelligenz besser zu verstehen, könnten wir qualitative Methoden wie Interviews oder Fallstudien einsetzen. Was halten Sie davon?
>>Wirtschaftspsychologe (unterbricht): Entschuldigung, darf ich kurz etwas einwerfen? Ich denke, es wäre auch wichtig, quantitative Daten zu sammeln, um unsere Ergebnisse zu untermauern.
>>Erziehungswissenschaftler: Ja klar, was möchtest du hinzufügen?
>>Wirtschaftspsychologe: Wenn wir sowohl qualitative als auch quantitative Daten erheben, können wir ein umfassenderes Bild bekommen.
>>Erziehungswissenschaftler: Das klingt gut. Die Durchführung von Pilotprojekten in verschiedenen kulturellen Kontexten könnte wirklich hilfreich sein. Lassen Sie uns auch sicherstellen, dass wir regelmäßige Feedback-Sitzungen einplanen, um die Fortschritte zu überwachen und Anpassungen vorzunehmen.
>>Psychologe: Genau! Und vielleicht sollten wir auch überlegen, wie wir diese Projekte dokumentieren können, damit andere von unseren Erfahrungen profitieren können.","**Meeting Summary: Cross-Functional Meeting zur Emotionalen Intelligenz**

Im heutigen Meeting wurde das Konzept der emotionalen Intelligenz, eingeführt von John D. Mayer und Peter Salovey im Jahr 1990, umfassend diskutiert. Es beschreibt die Fähigkeit, eigene und fremde Gefühle korrekt wahrzunehmen, zu verstehen und zu beeinflussen. Das Konzept basiert auf der Theorie der multiplen Intelligenzen von Howard Gardner und wurde durch Daniel Golemans Buch ""EQ. Emotionale Intelligenz"" (1995) populär.

Die Teilnehmer erörterten die vier Hauptbereiche des Modells: Wahrnehmung von Emotionen, Nutzung von Emotionen zur Unterstützung des Denkens, Verstehen von Emotionen und Umgang mit Emotionen. Der MSCEIT-Test zur Messung dieser Bereiche wurde ebenfalls besprochen; seine interne Konsistenz ist hoch (.98), jedoch gibt es Kritikpunkte an der deutschen Adaption bezüglich Objektivität und Normierung.

Es wurde hervorgehoben, dass emotionale Intelligenz als Ergänzung zum klassischen Intelligenzbegriff gesehen werden sollte. Empirische Studien zeigen positive Korrelationen zwischen emotionaler Intelligenz und Erfolg im beruflichen sowie privaten Leben.

Kritikpunkte wurden auch angesprochen: Einige Psychologen sehen den Begriff als modisch überbewertet an und betonen die geringe Korrelation zwischen allgemeiner Intelligenz und emotionaler Intelligenz.

Abschließend wurde festgehalten, dass weitere Forschung notwendig"
"In dem Meeting diskutierten Experten aus verschiedenen Disziplinen die Evolution des Denkens bei Menschen und Tieren. Der Kognitionswissenschaftler betonte, dass nicht nur Menschen, sondern auch Tiere bemerkenswerte kognitive Fähigkeiten entwickelt haben. Der Neurobiologe hob hervor, dass Vögel trotz unterschiedlicher Gehirnstrukturen ähnliche kognitive Funktionen wie der menschliche Neocortex besitzen. Der Anthropologe wies darauf hin, dass soziale Interaktionen und Kooperation entscheidend für die Entwicklung menschlicher kognitiver Fähigkeiten waren.

Der Evolutionsbiologe erklärte, dass unterschiedliche evolutionäre Mechanismen zu ähnlichen kognitiven Fähigkeiten führen können, wie beim Pilzkörper von Insekten und dem Neocortex von Wirbeltieren. Der Verhaltensforscher ergänzte, dass Schimpansen komplexes soziales Lernen zeigen, ähnlich wie Menschenkinder.

Die Teilnehmer waren sich einig, dass interdisziplinäre Ansätze notwendig sind, um die Evolution des Denkens besser zu verstehen. Sie diskutierten über konvergente Evolution und die Rolle von Umweltfaktoren und sozialen Strukturen in der Entwicklung kognitiver Fähigkeiten. Abschließend beschlossen sie, weitere Treffen zu planen und konkrete Forschungsprojekte zu definieren.",">>Kognitionswissenschaftler: Guten Morgen zusammen! Ich freue mich, dass wir heute hier sind, um über die Evolution des Denkens zu sprechen. Unser Ziel ist es, die verschiedenen Aspekte und Mechanismen zu beleuchten, die zur Entwicklung unserer kognitiven Fähigkeiten geführt haben. Interessanterweise zeigt uns die Forschung, dass nicht nur Menschen, sondern auch viele Tierarten bemerkenswerte kognitive Leistungen entwickelt haben.

>>Neurobiologe: Guten Morgen! Es ist wirklich spannend, wie die Evolution des Denkens nicht nur bei Menschen, sondern auch bei Tieren zu beobachten ist. Vögel haben trotz ihrer unterschiedlichen Gehirnstruktur bemerkenswerte kognitive Fähigkeiten entwickelt. Ihr Nidopallium caudolaterale erfüllt ähnliche Funktionen wie unser Neocortex.

>>Anthropologe: Das ist wirklich faszinierend! Wenn wir die Evolution des menschlichen Denkens betrachten, sehen wir, dass unsere Vorfahren von einem individualistischen Denken zu einem kooperativen Denken übergegangen sind. Das zeigt uns deutlich, wie wichtig soziale Interaktionen für die Entwicklung unserer kognitiven Fähigkeiten waren.

>>Kognitionswissenschaftler: Genau! Die Evolution des Denkens zeigt uns eindrucksvoll, wie unterschiedlichste Gehirnstrukturen zu ähnlichen kognitiven Fähigkeiten führen können. Übrigens, habt ihr schon mal überlegt, wie das bei Insekten funktioniert?

>>Evolutionsbiologe: Tatsächlich! Das Beispiel der Vögel und Insekten ist besonders aufschlussreich. Unterschiedliche evolutionäre Mechanismen können zu ähnlichen kognitiven Fähigkeiten führen. Der Pilzkörper bei Insekten erfüllt ähnliche Funktionen wie unser Neocortex!

>>Anthropologe: Interessanterweise zeigt sich in der Evolution des menschlichen Denkens auch sehr schön – dass unsere Vorfahren durch soziale Interaktionen und Kooperation ihre kognitiven Fähigkeiten erheblich weiterentwickelt haben. Soziale Dynamiken sind also ebenfalls entscheidend.

>>Verhaltensforscher: Ja genau! Und wenn man bedenkt – wie Tiere in sozialen Gruppen interagieren und lernen... Da gibt es so viele Parallelen zur menschlichen Kognition!

>>Neurobiologe: Absolut richtig! Kannst du ein konkretes Beispiel nennen?

>>Verhaltensforscher: Klar! Zum Beispiel zeigen Schimpansen komplexes soziales Lernen und Problemlösungsverhalten innerhalb ihrer Gruppen. Diese Verhaltensweisen ähneln stark denen von Menschenkindern beim gemeinsamen Spielen und Lernen.

>>Anthropologe: Um ehrlich zu sein – wenn wir uns die Entwicklung von der individuellen Intentionalität bei Menschenaffen zur kollektiven Intentionalität beim modernen Menschen ansehen... Da wird klar ersichtlich wie entscheidend Kooperation und soziale Interaktionen für unsere kognitiven Fähigkeiten waren. Unser Gehirn wurde also sowohl durch biologische als auch durch soziale Faktoren geformt! 
 >>Evolutionsbiologe: Also, das ist wirklich faszinierend! Darwin hat ja schon im 19. Jahrhundert gesagt, dass die intellektuellen Unterschiede zwischen Mensch und Tier eher graduell als prinzipiell sind. Heute sehen wir, dass viele Tiere erstaunliche kognitive Fähigkeiten entwickelt haben, die unseren ähneln.

>>Neurobiologe: Genau, und die vergleichende Neuroanatomie zeigt uns, dass trotz unterschiedlicher evolutionärer Pfade ähnliche kognitive Fähigkeiten bei verschiedenen Arten entstanden sind. Zum Beispiel haben Vögel und Insekten Strukturen entwickelt, die funktional dem menschlichen Neocortex ähneln – obwohl sie evolutionär weit entfernt sind.

>>Anthropologe: Ja, genau! Und wenn man sich die Evolution des menschlichen Denkens anschaut, sieht man, dass unsere Fähigkeit zur Kooperation und sozialen Interaktion uns einen entscheidenden Vorteil verschafft hat. Das erklärt auch, warum wir so gut in der Zusammenarbeit sind!

>>Kognitionswissenschaftler: Absolut! Wenn wir über die Evolution des Denkens sprechen, müssen wir auch interdisziplinäre Ansätze berücksichtigen. Die Theorie des sozialen Gehirns zeigt zum Beispiel...

>>Verhaltensforscher (unterbricht): Ähm, sorry für die Unterbrechung - aber wie messen wir eigentlich diese Gruppengröße? Gibt es da spezifische Methoden oder Studien?

>>Kognitionswissenschaftler: Gute Frage! Es gibt tatsächlich verschiedene Methoden zur Messung der Gruppengröße. Eine bekannte Methode ist das Konzept von Dunbar's Zahl...

>>Evolutionsbiologe (überlappt leicht): Ah ja, Dunbar's Zahl! Die besagt doch etwa 150 stabile soziale Beziehungen pro Person?

>>Kognitionswissenschaftler: Genau! Diese Zahl basiert auf Beobachtungen von Primatengruppen und deren Gehirngrößen im Verhältnis zu ihrer Sozialstruktur. Aber ehrlich gesagt finde ich es manchmal schwer vorstellbar – ich meine, wer hat schon 150 enge Freunde?

(lachen)

>>Neurobiologe: Stimmt! Ich habe mal versucht meine Facebook-Freunde zu zählen... naja sagen wir mal so – nicht alle davon würde ich als ""stabile soziale Beziehungen"" bezeichnen.

(lachen)

>>Anthropologe: Da sagst du was! Aber zurück zum Thema – was mich interessiert ist, wie diese Theorien in der Praxis angewendet werden können. Habt ihr Beispiele aus euren eigenen Forschungen?

>>Verhaltensforscher: Ja klar! In meiner letzten Studie haben wir untersucht... 
 >>Kognitionswissenschaftler: Es ist interessant, dass Vögel trotz fehlendem Neocortex alternative Strukturen entwickelt haben, die ähnliche Funktionen erfüllen. Das Nidopallium caudolaterale zeigt uns, wie unterschiedliche evolutionäre Pfade zu vergleichbaren kognitiven Ergebnissen führen können. Habt ihr von der Studie gehört, die das Lernverhalten von Krähen untersucht hat?

>>Neurobiologe: Ja, das ist wirklich faszinierend! Und bei Oktopussen sehen wir etwas Ähnliches. Obwohl sie keine Wirbeltiere sind, haben sie neuronale Strukturen entwickelt, die unserem Hippocampus ähneln und für das Lernen fundamental sind. Ich frage mich, ob diese Flexibilität auch bei anderen Tieren zu finden ist.

>>Anthropologe: Das erinnert mich an die Theorie des sozialen Gehirns – wie soziale Interaktionen und Gruppengröße das Gehirnwachstum beeinflussen. Bei Primaten gibt es da interessante Studien. Was denkt ihr darüber im Kontext der Vögel?

>>Verhaltensforscher: Genau! Eusoziale Bienen sind ein weiteres Beispiel. Ihr Pilzkörper spielt eine ähnliche Rolle wie der Neocortex bei Wirbeltieren. Sie zeigen kontextuelles und sogar symbolisches Lernen – unglaublich! Kennt ihr die Experimente mit den tanzenden Bienen?

>>Evolutionsbiologe: Die Tatsache, dass so unterschiedliche Arten wie Bienen und Säugetiere ähnliche kognitive Fähigkeiten entwickeln konnten... Es zeigt einfach die Kraft der natürlichen Selektion und Anpassung. Aber was bedeutet das für unsere eigene Evolution?

>>Kognitionswissenschaftler: Gute Frage! Octopusse haben durch konvergente Evolution erstaunliche Lernfähigkeiten entwickelt. Eine Studie hat gezeigt, dass sie komplexe Probleme lösen können – ähnlich wie Primaten.

>>Neurobiologe: Tatsächlich! Diese Flexibilität neuronaler Strukturen ist faszinierend. Wisst ihr noch von dem Experiment mit den Papageien, die Werkzeuge benutzen? Das zeigt doch auch ihre beeindruckenden kognitiven Fähigkeiten.

>>Anthropologe: Absolut! Diese Parallelen zwischen den verschiedenen Arten zeigen doch auch irgendwie unsere eigene Entwicklung auf. Wie soziale Interaktionen unser Gehirn geformt haben... Vielleicht sollten wir mehr interdisziplinär arbeiten.

>>Verhaltensforscher: Stimmt genau! Und es gibt so viele spannende Details in diesen Studien über Tierkognition. Ehrlich gesagt könnte ich stundenlang darüber reden!

>>Evolutionsbiologe: Also gut... Aber lasst uns nicht vergessen – all diese Erkenntnisse helfen uns auch dabei zu verstehen, wie sich unser eigenes Gehirn entwickelt hat. Die Vergleiche mit anderen Arten sind da wirklich wertvoll. 
 >>Anthropologe: Nun, das ist wirklich spannend! Wenn wir über die Evolution des menschlichen Denkens sprechen, müssen wir auch die Rolle der sozialen Interaktionen und Kooperation betrachten. Wie Sie vielleicht wissen, hat Michael Tomasello betont, dass unsere Fähigkeit zur kollektiven Intentionalität ein entscheidender Schritt war. Ohne diese kooperativen Denkformen wären wir heute nicht da, wo wir sind.

>>Verhaltensforscher: Ja, das sehe ich genauso. Interessanterweise sehen wir ähnliche Verhaltensmuster auch bei Tieren. Zum Beispiel zeigen Schimpansen komplexe soziale Lernprozesse und kooperative Jagdstrategien. Das erinnert mich an eine Studie, die ich letztes Jahr durchgeführt habe...

>>Neurobiologe (unterbricht): Genau! Und wenn man sich das Gehirn von Vögeln ansieht – speziell das Nidopallium caudolaterale – erkennt man eine erstaunliche Ähnlichkeit zu unserem Neocortex. Es ist wirklich beeindruckend!

>>Kognitionswissenschaftler: Absolut! Diese konvergente Evolution zeigt uns, dass ähnliche kognitive Fähigkeiten auf unterschiedlichen evolutionären Pfaden entstehen können. Ich erinnere mich an einen Fall mit Krähen in Japan...

>>Evolutionsbiologe (unterbricht leicht): Ja, genau! Die Umweltanforderungen und sozialen Interaktionen spielen dabei eine entscheidende Rolle. Aber ich denke auch, dass es wichtig ist zu betonen, wie natürliche Selektion hier wirkt.

>>Neurobiologe: Richtig! Wenn wir uns die kognitiven Fähigkeiten von Vögeln und Oktopussen ansehen, erkennen wir bemerkenswerte Parallelen zu den höheren Säugetieren. Das zeigt uns halt wirklich gut auf...

>>Anthropologe (unterbricht): ...dass ähnliche Umweltanforderungen und soziale Interaktionen unabhängig voneinander zu vergleichbaren neuronalen Strukturen führen können!

>>Verhaltensforscher: Ehrlich gesagt finde ich es erstaunlich zu sehen, wie sich diese kognitiven Fähigkeiten bei verschiedenen Arten entwickelt haben. Schimpansen zeigen komplexe soziale Lernprozesse und kooperative Jagdstrategien – deutliche Parallelen zu menschlichen Verhaltensweisen!

>>Kognitionswissenschaftler: Da stimme ich dir zu! Aber was ist mit den Unterschieden? Zum Beispiel haben Delfine ganz andere soziale Strukturen als Primaten.

>>Evolutionsbiologe: Guter Punkt! Delfine nutzen Echolokation für ihre Kommunikation und Jagd – etwas völlig anderes als bei Landtieren.

>>Neurobiologe: Stimmt! Und trotzdem entwickeln sie komplexes Sozialverhalten. Ich habe mal eine Dokumentation gesehen...

>>Anthropologe (lacht): Wir könnten stundenlang darüber reden! Aber zurück zum Thema der kollektiven Intentionalität – ohne diese Fähigkeit hätten unsere Vorfahren wohl kaum so erfolgreich zusammenarbeiten können. 
 >>Kognitionswissenschaftler: Also, das ist wirklich faszinierend! Tatsächlich zeigt die kollektive Intentionalität, wie tief verwurzelt unsere Fähigkeit zur Zusammenarbeit in unserer Evolution ist. Ich erinnere mich an eine Studie über Rabenvögel, die komplexe soziale Strukturen und kooperative Verhaltensweisen aufweisen – ein weiteres Beispiel für konvergente Evolution.

>>Neurobiologe: Ja, das ist spannend! Wenn wir die neuronalen Strukturen von Vögeln und Oktopussen vergleichen, sehen wir trotz ihrer unterschiedlichen evolutionären Pfade ähnliche kognitive Fähigkeiten. Das zeigt wirklich, wie flexibel und anpassungsfähig das Nervensystem sein kann!

>>Anthropologe: Absolut! Und wenn wir über die Evolution des menschlichen Denkens sprechen, müssen wir auch die Rolle der symbolischen Kommunikation betrachten. Die Entwicklung der Sprache war ein entscheidender Schritt in unserer kognitiven Evolution. Interessanterweise zeigen auch einige Tiere Ansätze von symbolischer Kommunikation!

>>Verhaltensforscher: Genau! Aber was ich besonders interessant finde, ist wie diese Erkenntnisse unser Verständnis von menschlichem Verhalten beeinflussen könnten. Zum Beispiel gibt es Studien darüber, wie soziale Bindungen bei Primaten Stress reduzieren können – ähnlich wie bei uns Menschen.

>>Evolutionsbiologe: Ja, absolut! Wenn wir über evolutionäre Mechanismen sprechen, müssen wir auch die Rolle der natürlichen Selektion und Anpassung betrachten. Ein gutes Beispiel sind eusoziale Bienen. Ihr Pilzkörper im Gehirn erfüllt eine ähnliche Funktion wie der Neocortex bei Wirbeltieren – das zeigt eindrucksvoll, wie unterschiedliche evolutionäre Pfade zu ähnlichen kognitiven Fähigkeiten führen können.

>>Neurobiologe: Interessant ist auch die Rolle des Nidopallium caudolaterale bei Rabenvögeln – es zeigt uns nämlich ihre Fähigkeit zur Werkzeugnutzung basiert auf einer hochentwickelten Struktur im Vorderhirn. Das ist wirklich faszinierend!

>>Anthropologe: Ehrlich gesagt erinnert mich das an eine Expedition in Afrika. Wir beobachteten Schimpansen und ihre sozialen Strukturen. Es war faszinierend zu sehen, wie sie Werkzeuge nutzten und komplexe soziale Interaktionen zeigten – fast wie bei uns Menschen! 
 >>Evolutionsbiologe: Also, das ist wirklich faszinierend! Wenn wir über die evolutionären Mechanismen sprechen, die zu solchen komplexen Verhaltensweisen führen, müssen wir auch die Rolle der natürlichen Selektion und Anpassung betrachten. Interessanterweise haben sich ähnliche kognitive Fähigkeiten bei verschiedenen Arten unabhängig voneinander entwickelt – ein beeindruckendes Beispiel für konvergente Evolution! Welche Konzepte sollten wir Ihrer Meinung nach priorisieren, um diese Mechanismen weiter zu erforschen?

>>Neurobiologe: Ja, konvergente Evolution ist wirklich spannend! Wenn wir uns die neuronalen Strukturen von Vögeln und Oktopussen ansehen, sehen wir trotz ihrer unterschiedlichen evolutionären Pfade ähnliche kognitive Fähigkeiten. Das Nidopallium caudolaterale bei Vögeln und die komplexen neuronalen Netzwerke bei Oktopussen sind beeindruckende Beispiele dafür. Um diese Mechanismen weiter zu erforschen, sollten wir uns auf die vergleichende Analyse dieser neuronalen Strukturen konzentrieren.

>>Verhaltensforscher (unterbricht): Genau! Und das zeigt doch auch, wie wichtig soziale Interaktionen für die Entwicklung von Kognition sind. Schimpansen und Rabenvögel haben da faszinierende Parallelen in ihrem kooperativen Verhalten.

>>Anthropologe: Wissen Sie, ich denke auch, dass wir die Rolle der symbolischen Kommunikation in der Evolution des menschlichen Denkens genauer betrachten sollten. Die Entwicklung der Sprache hat es uns ermöglicht, komplexe Ideen und kulturelle Innovationen über Generationen hinweg weiterzugeben.

>>Kognitionswissenschaftler: Ich bin mir da nicht so sicher... Vielleicht sollten wir uns eher auf die neuronalen Mechanismen konzentrieren. Wie verschiedene Spezies ihre Umwelt wahrnehmen und darauf reagieren könnte ebenfalls sehr aufschlussreich sein.

>>Evolutionsbiologe: Genau! Und wenn man bedenkt, wie unterschiedlich sich diese Fähigkeiten entwickelt haben... Es wäre interessant herauszufinden, welche gemeinsamen Faktoren dabei eine Rolle gespielt haben.

>>Neurobiologe: Na klar! Und vielleicht könnten wir auch untersuchen... wie bestimmte Umweltbedingungen oder soziale Strukturen diese Entwicklungen beeinflusst haben.

>>Anthropologe: Absolut! Und nicht zu vergessen ist dabei auch der kulturelle Aspekt – wie Kultur und Sprache Hand in Hand gehen und gemeinsam unsere Denkprozesse formen.

>>Verhaltensforscher: Ja genau! Und wenn man dann noch bedenkt... also... wie Stressreduktion durch soziale Bindungen funktioniert – das könnte ebenfalls ein spannender Forschungsansatz sein!

>>Kognitionswissenschaftler: Hmm... ja... da gibt es wirklich viele spannende Möglichkeiten. Vielleicht sollten wir eine Liste erstellen und dann gemeinsam entscheiden...

>>Evolutionsbiologe: Gute Idee! Lassen Sie uns jeder zwei Prioritäten vorschlagen und dann abstimmen. So können wir gezielt vorgehen. 
 >>Anthropologe: Ich finde es wirklich spannend, wie sich die kollektive Intentionalität entwickelt hat. Das erinnert mich an eine Geschichte über Schimpansen, die gemeinsam Werkzeuge benutzen. Es zeigt doch, wie tief verwurzelt unsere kooperativen Fähigkeiten sind.

>>Verhaltensforscher: Ja, das ist interessant! Ich habe mal von Rabenvögeln gehört, die zusammen Werkzeuge nutzen, um an Futter zu gelangen. Das zeigt auch, wie weit verbreitet kooperatives Verhalten in der Tierwelt ist.

>>Neurobiologe: Genau! Es ist faszinierend zu sehen, wie Rabenvögel und Schimpansen ähnliche Verhaltensweisen zeigen. Da fällt mir eine Studie ein über die neuronalen Strukturen von Vögeln und Säugetieren. Trotz ihrer unterschiedlichen evolutionären Pfade haben beide bemerkenswerte kognitive Fähigkeiten entwickelt.

>>Kognitionswissenschaftler: Absolut! Wenn man bedenkt, dass sowohl Rabenvögel als auch Schimpansen kooperative Verhaltensweisen zeigen – da stellt sich die Frage: Wie beeinflussen unterschiedliche neuronale Strukturen diese Fähigkeiten? Vielleicht deutet das auf konvergente evolutionäre Mechanismen hin.

>>Evolutionsbiologe: Richtig! Diese konvergente Evolution führt zu ähnlichen kognitiven Fähigkeiten bei so unterschiedlichen Arten. Denken wir nur an Oktopusse und Vögel – beide haben trotz ihrer verschiedenen evolutionären Wege beeindruckende kognitive Leistungen entwickelt.

>>Anthropologe: Stimmt genau. Und wenn wir uns Delfine anschauen – sie jagen gemeinsam und entwickeln dabei komplexe Strategien. Solche kooperativen Verhaltensweisen sind wirklich erstaunlich und zeigen viel über die Natur des Zusammenlebens in der Tierwelt.

>>Verhaltensforscher: Ja, Delfine sind ein gutes Beispiel! Ihre Jagdstrategien sind unglaublich komplex. Aber was bedeutet das für unser Verständnis von Kooperation? Können wir daraus etwas für menschliche Zusammenarbeit lernen?

>>Neurobiologe: Gute Frage! Vielleicht können wir durch das Studium dieser Tiere neue Ansätze für Teamarbeit und Kommunikation entwickeln. Es wäre interessant zu untersuchen, ob bestimmte neuronale Muster bei diesen Tieren auch bei Menschen vorkommen.

>>Kognitionswissenschaftler: Genau, solche Vergleiche könnten uns helfen zu verstehen, welche Mechanismen universell sind und welche spezifisch für bestimmte Arten oder Umgebungen entwickelt wurden.

>>Evolutionsbiologe: Und letztendlich könnte das unser Wissen darüber erweitern, wie Intelligenz und Kooperation im Laufe der Evolution entstanden sind. Wir sollten vielleicht überlegen, wie wir diese Erkenntnisse in zukünftigen Studien vertiefen können. 
 >>Anthropologe: Also, das ist wirklich spannend! Aber ich frage mich, ob wir nicht zu sehr auf die symbolische Kommunikation fixiert sind. Könnten andere Faktoren wie Umweltveränderungen oder soziale Strukturen nicht ebenso entscheidend gewesen sein?

>>Verhaltensforscher: Ja, das ist ein guter Punkt. Wenn wir über symbolische Kommunikation sprechen, sollten wir auch die Rolle der sozialen Bindungen bei Tieren betrachten. Rabenvögel und Delfine zeigen beeindruckende kooperative Verhaltensweisen, die uns viel über die Ursprünge unserer eigenen sozialen Strukturen lehren können.

>>Neurobiologe: Genau, und wenn man sich die neuronalen Strukturen von Rabenvögeln und Delfinen ansieht, sieht man faszinierende Parallelen zu menschlichen Gehirnen trotz unterschiedlicher evolutionärer Pfade. Das zeigt doch, dass kooperatives Verhalten und symbolische Kommunikation nicht nur bei Menschen eine Rolle spielen! Aber was denkst du dazu, Evolutionsbiologe? Sollten wir Umweltveränderungen stärker berücksichtigen?

>>Evolutionsbiologe: Absolut! Die konvergente Evolution zeigt ja gerade, dass ähnliche kognitive Fähigkeiten unabhängig voneinander entstehen können. Spezifische Umweltbedingungen könnten dabei einen großen Einfluss gehabt haben. In einer Studie von 2020 wurde gezeigt, dass Delfine in komplexen sozialen Umgebungen besonders ausgeprägte kognitive Fähigkeiten entwickeln.

>>Kognitionswissenschaftler: Tja, das bringt uns zu einer interessanten Frage. Wie stark beeinflussen Umweltfaktoren tatsächlich unsere kognitiven Fähigkeiten? Ich denke da an interdisziplinäre Ansätze zur Kognition – es gibt so viele Variablen!

>>Anthropologe: Ehrlich gesagt glaube ich schon lange daran, dass soziale Strukturen eine Schlüsselrolle spielen. Schimpansen zum Beispiel haben komplexe Hierarchien und Kooperationen entwickelt.

>>Verhaltensforscher: Absolut! Und Delfine zeigen ebenfalls hochentwickelte soziale Interaktionen. Diese Tiere bieten uns wertvolle Einblicke in unsere eigene evolutionäre Vergangenheit.

>>Neurobiologe: Na klar! Und wenn man sich ansieht, wie sich ihre Gehirne entwickelt haben... Es ist einfach faszinierend! Aber halt mal – was wäre denn ohne diese speziellen Umweltbedingungen passiert? Hätten sie trotzdem solche kognitiven Fähigkeiten entwickelt?

>>Evolutionsbiologe: Das ist eine gute Frage. Vielleicht hätten sie andere Anpassungsstrategien entwickelt? Die Evolution findet immer einen Weg.

>>Kognitionswissenschaftler: Genau! Und das zeigt doch wieder einmal, wie wichtig es ist, verschiedene Perspektiven einzubeziehen. Nur so können wir ein vollständiges Bild bekommen. 
 >>Evolutionsbiologe: Also, die Evolution hat uns gezeigt, dass ähnliche kognitive Fähigkeiten auf unterschiedlichen evolutionären Pfaden entstehen können. Das ist wirklich faszinierend! Wir sollten diese Mechanismen weiter untersuchen und interdisziplinäre Ansätze verfolgen.

>>Anthropologe: Ich finde es faszinierend, wie sich das menschliche Denken entwickelt hat! Die kollektive Intentionalität spielt dabei eine große Rolle. Interessanterweise zeigt sich dies nicht nur bei Menschen, sondern auch bei Tieren wie Rabenvögeln und Delfinen.

>>Neurobiologe: Ähm, ja, die vergleichende Neuroanatomie zeigt uns tatsächlich, dass trotz unterschiedlicher evolutionärer Pfade ähnliche kognitive Fähigkeiten entstehen können. Vielleicht könnten wir spezifische neuronale Mechanismen identifizieren, die diesen Prozessen zugrunde liegen.

>>Verhaltensforscher: Genau! Und wenn wir über soziale Bindungen sprechen, sehen wir das auch bei Tieren wie Rabenvögeln und Delfinen. Diese sozialen Strukturen sind unglaublich wichtig für ihre kognitiven Fähigkeiten. Wir könnten untersuchen, wie diese Bindungen die Gehirnentwicklung beeinflussen.

>>Kognitionswissenschaftler: Also ich stimme zu. Die Umweltfaktoren spielen eine große Rolle in der Entwicklung kognitiver Fähigkeiten. Was denkst du dazu, [Name des Verhaltensforschers]?

>>Verhaltensforscher: Absolut! Es wäre spannend zu sehen, wie verschiedene Umwelteinflüsse unterschiedliche Arten von Intelligenz fördern oder hemmen können.

>>Evolutionsbiologe: Ja genau! Um es klar zu sagen, wir müssen diese Erkenntnisse in zukünftigen Studien vertiefen und die Zusammenarbeit zwischen unseren Disziplinen stärken.

>>Anthropologe: Absolut! Und ehrlich gesagt sollten wir auch überlegen, wie wir diese Erkenntnisse praktisch anwenden können. Es gibt so viel Potenzial!

>>Neurobiologe: Na klar! Lassen Sie mich betonen, wie wichtig es ist, dass wir diese Erkenntnisse in zukünftigen Studien vertiefen und die Zusammenarbeit zwischen unseren Disziplinen stärken.

>>Verhaltensforscher: Ja genau! Und vielleicht könnten wir auch spezifische Projekte definieren? So könnten wir gezielt vorgehen.

>>Kognitionswissenschaftler: Gute Idee! Vielleicht sollten wir nächste Woche ein Treffen ansetzen, um konkrete Schritte zu planen?

>>Evolutionsbiologe: Super Plan! Danke euch allen für die tollen Beiträge heute!

>>Anthropologe: Ja danke euch allen! Bis zum nächsten Mal!","In der heutigen Brainstorming-Sitzung wurde die Evolution des Denkens umfassend diskutiert. Ausgangspunkt war Charles Darwins These von 1871, dass es graduelle Unterschiede zwischen den intellektuellen Fähigkeiten von Mensch und Tier gibt. Michael Tomasello stellte dar, dass sich das Denken von individualistischem Verhalten bei Menschenaffen zu kooperativen Denkformen beim Menschen entwickelt hat. Die Theorie des sozialen Gehirns betont den Zusammenhang zwischen Gehirngröße und sozialer Gruppengröße.

Es wurden auch neue Erkenntnisse über die kognitiven Fähigkeiten von Tieren besprochen. Vögel, insbesondere Rabenvögel, Tauben und Papageienvögel, zeigen hoch entwickelte kognitive Fähigkeiten trotz fehlendem Neocortex. Eusoziale Bienen verfügen über ein komplexes Farbgedächtnis und symbolisches Lernen dank ihres großen Pilzkörpers im Gehirn. Oktopusse demonstrieren ebenfalls fortgeschrittene Lern- und Anpassungsfähigkeiten durch eine konvergente Gehirnentwicklung.

Darwin argumentierte gegen zeitgenössische Ansichten, dass Tiere keine Abstraktion oder Selbstbewusstsein besitzen könnten. Er schloss daraus, dass die kompliziertesten geistigen Fähigkeiten sich evolutionär aus einfacheren Formen entwickelt haben müssen.

Abschließend wurde betont, dass die Evolution des menschlichen Geistes durch natürliche Selektion und Adaptation erklärt werden kann und unser Denken stark durch die Herausforderungen unserer Vorfahren als Jäger und Sammler geprägt ist"
"In der Diskussion über die Renaissance betonten die Teilnehmer die interdisziplinäre Natur dieser Epoche. Der Kunsthistoriker hob die Rolle von Mäzenen wie den Medici hervor, während der Literaturwissenschaftler auf die literarischen Werke von Dante und Petrarca einging, die das Menschenbild revolutionierten. Der Architekturhistoriker lobte Brunelleschis Kuppel des Florentiner Doms als technisches Meisterwerk und betonte den Einfluss antiker Texte auf Architekten wie Alberti.

Die Teilnehmer waren sich einig, dass die Renaissance eine Zeit des sozialen Wandels und der Wiederentdeckung antiker Werte war. Sie diskutierten auch den Einfluss der Kirche und wissenschaftlicher Entdeckungen auf Kunst und Literatur. Die Erfindung des Buchdrucks durch Gutenberg wurde als Wendepunkt in der Verbreitung von Wissen hervorgehoben.

Abschließend betonten sie die Bedeutung interdisziplinärer Zusammenarbeit in der Renaissance und zogen Parallelen zu modernen Ansätzen in Wissenschaft und Kunst. Sie schlugen vor, dass heutige interdisziplinäre Forschungszentren ähnliche innovative Lösungen entwickeln könnten.",">>Kunsthistoriker: Guten Tag zusammen! Ich freue mich auf unsere Diskussion über die Renaissance und ihre vielen Facetten. Lassen Sie uns direkt einsteigen!

>>Literaturwissenschaftler: Hallo! Die literarischen Werke der Renaissance sind wirklich faszinierend – sie spiegeln nicht nur antike Texte wider, sondern bieten auch neue Perspektiven auf den Menschen und seine Rolle in der Welt. Autoren wie Dante und Petrarca haben das Fundament für die moderne Literatur gelegt.

>>Architekturhistoriker: Absolut! Und diese Epoche war auch eine Zeit des sozialen Wandels. Besonders beeindruckend finde ich Brunelleschis Kuppel des Florentiner Doms – ein Meisterwerk der mathematischen Präzision und ästhetischen Eleganz. Wussten Sie, dass er eine doppelte Schalenkonstruktion verwendet hat, um das Gewicht zu verteilen? Das war damals revolutionär.

>>Kunsthistoriker: Ja, ohne die Unterstützung von Mäzenen wie den Medici wäre vieles davon nicht möglich gewesen. Ihre Förderung hat viele Künstler erst in die Lage versetzt, solche Meisterwerke zu schaffen.

>>Literaturwissenschaftler: Genau! Und es ist spannend zu sehen, wie diese Unterstützung auch die literarische Produktion beeinflusst hat. Dantes 'Göttliche Komödie' zum Beispiel bietet tiefgreifende Einblicke in das mittelalterliche Menschenbild und gilt als erstes Stück Weltliteratur seit der Antike.

>>Architekturhistoriker: Interessant, dass Sie das erwähnen. Diese neuen Sichtweisen auf den Menschen haben sicherlich auch dazu beigetragen, dass so viele architektonische Meisterwerke entstanden sind. Denken Sie nur an Michelangelos Arbeiten in Rom oder Palladios Villen in Venetien.

>>Kunsthistoriker: Stimmt genau. Es ist faszinierend zu sehen, wie sich diese Ideen durch alle Kunstformen ziehen. Aber was denken Sie über die Rolle der Kirche während dieser Zeit? Hat sie nicht auch einen großen Einfluss gehabt?

>>Literaturwissenschaftler: Definitiv! Die Kirche war sowohl Förderer als auch Kritiker vieler Werke dieser Zeit. Es gab immer wieder Spannungen zwischen kirchlichen Dogmen und dem neuen humanistischen Gedankengut.

>>Architekturhistoriker: Das stimmt. Man denke nur an Michelangelos Arbeit an der Sixtinischen Kapelle – einerseits ein Auftrag der Kirche, andererseits voller humanistischer Symbolik.

>>Kunsthistoriker: Genau solche Spannungsfelder machen die Renaissance so spannend zu studieren. 
 >>Literaturwissenschaftler: In der Tat! Die Renaissance war eine Zeit des Umbruchs und der Wiederentdeckung antiker Werte. Man könnte argumentieren, dass die literarischen Werke dieser Epoche, wie Dantes 'Göttliche Komödie' oder Petrarcas Sonette, nicht nur die Sprache revolutionierten, sondern auch das Menschenbild neu definierten. Diese Texte spiegeln die humanistischen Ideale wider und betonen die individuelle Entwicklung und Selbstverwirklichung.

>>Architekturhistoriker: Nun gut, die Renaissance-Architektur ist ein Paradebeispiel für die Wiedergeburt antiker Baukunst. Filippo Brunelleschi schuf mit seiner Kuppel des Florentiner Doms nicht nur ein technisches Meisterwerk, sondern führte auch die Prinzipien der Zentralperspektive in die Architektur ein. Es ist bemerkenswert, wie er mathematische Präzision und ästhetische Eleganz vereinte.

>>Kunsthistoriker: Ähm, es ist faszinierend zu sehen, wie die Renaissance nicht nur eine Wiedergeburt der antiken Kunst und Architektur darstellte, sondern auch das Menschenbild revolutionierte. Künstler wie Leonardo da Vinci und Michelangelo stellten den menschlichen Körper in einer Weise dar, die sowohl wissenschaftlich präzise als auch ästhetisch ansprechend war. Dies führte zu einer neuen Wertschätzung der menschlichen Individualität und Kreativität.

>>Literaturwissenschaftler: Zusätzlich zu den bereits erwähnten Aspekten der literarischen Werke der Renaissance sollte man auch die Rolle der Übersetzungen antiker Texte in Betracht ziehen. Diese Übersetzungen ermöglichten einem breiteren Publikum Zugang zu diesen Ideen.

>>Kunsthistoriker: Interessanterweise dürfen wir nicht vergessen, dass diese Epoche auch eine Zeit der wissenschaftlichen Entdeckungen war. Leonardo da Vinci verkörperte das Ideal des uomo universale und verband Kunst mit Wissenschaft auf beeindruckende Weise. Seine anatomischen Studien trieben sowohl künstlerische als auch medizinische Erkenntnisse voran.

>>Architekturhistoriker: Ja genau! Und wenn wir schon von wissenschaftlichen Entdeckungen sprechen – habt ihr gesehen, wie Brunelleschi Mathematik genutzt hat? Das war echt bahnbrechend!

>>Literaturwissenschaftler: Ehrlich gesagt finde ich es faszinierend, wie diese verschiedenen Disziplinen miteinander verflochten waren. Die Literatur reflektierte oft zeitgenössische wissenschaftliche Fortschritte und philosophische Ideen.

>>Kunsthistoriker: Genau! Wie du schon gesagt hast, hat Leonardo da Vinci wirklich das Ideal des uomo universale verkörpert.

>>Architekturhistoriker: Stimmt! Und seine Arbeiten haben nicht nur die Kunst beeinflusst, sondern auch die Medizin vorangebracht.

>>Kunsthistoriker: Absolut! Und diese wissenschaftlichen Entdeckungen hatten auch einen enormen Einfluss auf die Malerei und Skulptur – denkt nur an Michelangelos detaillierte Darstellungen des menschlichen Körpers.

>>Architekturhistoriker: Also ja, man kann sagen, dass diese Epoche wirklich einen Wendepunkt in vielen Bereichen markierte – sei es in der Kunst, Literatur oder Architektur – alles wurde durch diesen kulturellen Aufbruch beeinflusst. 
 >>Literaturwissenschaftler: Interessanterweise, wenn wir über die Wiederentdeckung antiker Texte sprechen, denke ich sofort an Petrarca. Wie Sie vielleicht wissen, war er maßgeblich daran beteiligt, alte Manuskripte aus Klosterbibliotheken zu bergen und sie der breiten Öffentlichkeit zugänglich zu machen. Man könnte argumentieren, dass ohne seine Bemühungen viele Werke der Antike für immer verloren gegangen wären.

>>Kunsthistoriker: Ja, genau! Petrarca war wirklich ein Pionier in diesem Bereich. Und es ist bemerkenswert, wie die Wiederentdeckung antiker Texte nicht nur die Literatur, sondern auch die bildende Kunst beeinflusst hat. Denken Sie an Botticellis 'Die Geburt der Venus', ein Werk, das ohne den Einfluss antiker Skulpturen und Schriften kaum denkbar wäre.

>>Literaturwissenschaftler: Das erinnert mich an Boccaccios 'Decamerone'. Seine Schilderungen der Pest in Florenz und die darauf folgenden Geschichten zeigen nicht nur eine tiefe Kenntnis antiker Literatur, sondern auch eine meisterhafte Integration dieser Einflüsse in ein neues Narrativ.

>>Architekturhistoriker: Absolut! Und wenn wir über Architektur sprechen, dürfen wir Alberti nicht vergessen. Er setzte neue Maßstäbe in der Renaissance-Architektur durch seine intensive Auseinandersetzung mit den Schriften des Vitruv.

>>Kunsthistoriker: Stimmt! Die humanistischen Ideale in der Literatur der Renaissance revolutionierten nicht nur Themen, sondern auch Erzähltechniken. Michel de Montaignes 'Essais' sind ein hervorragendes Beispiel dafür; sie führten eine neue Form des persönlichen Ausdrucks und der Reflexion ein.

>>Literaturwissenschaftler: Ein weiteres faszinierendes Beispiel für humanistische Literatur ist Erasmus von Rotterdams 'Lob der Torheit'. Seine satirische Darstellung menschlicher Schwächen zeigt eine meisterhafte Verbindung von antiker Rhetorik und zeitgenössischer Analyse.

>>Architekturhistoriker: Tatsächlich! Und Alberti nutzte Vitruvs Prinzipien zur Gestaltung seiner Bauwerke – das war wirklich revolutionär! 
 >>Kunsthistoriker: Ähm, wenn wir über die künstlerischen Entwicklungen der Renaissance sprechen, dürfen wir Donatellos bahnbrechende Arbeiten nicht vergessen. Seine Bronzefigur des David ist ein Paradebeispiel für die Wiedergeburt antiker Ideale in der Skulptur. Man könnte sagen, dass er mit dieser Figur die Skulptur aus ihrer funktionellen Einbindung in die Architektur befreit hat.

>>Literaturwissenschaftler: Ja, absolut! Donatello hat wirklich etwas Neues geschaffen. Und das Interessante ist, wie seine Arbeit den Weg für Michelangelos monumentalen David bereitete. Michelangelo brachte dann die anatomische Präzision und das Idealbild des Menschen auf ein neues Niveau.

>>Architekturhistoriker: Tatsächlich! Die Techniken der Zentralperspektive und des Chiaroscuro in der Malerei der Renaissance ermöglichten eine neue Dimension von Realismus und Tiefe. Leonardo da Vinci war ein Meister dieser Techniken, was man besonders in seinem Werk 'Das letzte Abendmahl' sehen kann. Durch die Verwendung von Licht und Schatten erzielte er eine fast dreidimensionale Wirkung.

>>Kunsthistoriker: Genau, und Michelangelos David ist nicht nur ein Meisterwerk der Anatomie und Proportion, sondern auch ein Symbol für die politische Freiheit und den Widerstand der Florentiner Republik. Diese Skulptur verkörpert das Ideal des Renaissance-Menschen in seiner vollen Pracht.

>>Literaturwissenschaftler: Das stimmt! Es ist faszinierend zu sehen, wie diese Techniken nicht nur in der Malerei, sondern auch in der Literatur eine Rolle spielten. Boccaccios 'Decamerone' zum Beispiel nutzt detaillierte Beschreibungen, um Charaktere und Szenen lebendig werden zu lassen.

>>Architekturhistoriker: Und es ist bemerkenswert zu sehen, wie architektonische Prinzipien auch andere Kunstformen beeinflussten. Brunelleschis Anwendung der Zentralperspektive veränderte die Darstellung von Raum und Tiefe bei Künstlern wie Leonardo da Vinci maßgeblich.

>>Kunsthistoriker: Tja... Es ist wirklich beeindruckend zu sehen, wie Michelangelo in seiner Darstellung des David nicht nur anatomische Präzision meisterhaft umsetzte, sondern auch tiefere symbolische Bedeutungen einflocht.

>>Literaturwissenschaftler: Ja genau! Und literarische Techniken wie detaillierte Charakterzeichnung brachten eine neue Dimension des Realismus mit sich. Diese Entwicklungen verliefen parallel zu den Fortschritten in Malerei und Skulptur.

>>Architekturhistoriker: Richtig! Wenn wir über Perspektive sprechen – Brunelleschis Entdeckungen waren revolutionär für alle Künste dieser Zeit. 
 >>Kunsthistoriker: Interessanterweise, wenn wir über Brunelleschi sprechen, müssen wir auch seine bahnbrechende Arbeit an der Kuppel des Florentiner Doms erwähnen. Diese Konstruktion ist nicht nur ein technisches Meisterwerk, sondern symbolisiert auch die Wiedergeburt antiker Bauprinzipien in der Renaissance. Man könnte sagen, dass Brunelleschi mit dieser Kuppel eine Brücke zwischen Vergangenheit und Zukunft geschlagen hat.

>>Architekturhistoriker: Ja, absolut! Und was ich besonders faszinierend finde, ist die Art und Weise, wie er das Problem der Spannweite gelöst hat. Die doppelte Schalenkonstruktion war wirklich revolutionär und hat den Weg für viele zukünftige Projekte geebnet.

>>Literaturwissenschaftler: Das stimmt. Es ist spannend zu sehen, wie solche architektonischen Innovationen auch in der Literatur ihren Widerhall fanden. Zum Beispiel spiegelt sich diese Präzision und das Streben nach Perfektion in Dantes 'Göttliche Komödie' wider.

>>Architekturhistoriker: Genau! Und wenn wir von Palladio sprechen... Ich erinnere mich noch gut an meinen Besuch in der Villa Rotonda. Die Symmetrie und Harmonie dort sind einfach beeindruckend.

>>Kunsthistoriker: Oh ja, Palladio hat wirklich eine neue Ästhetik des Wohnens geschaffen. Seine Villen sind nicht nur funktional, sondern auch unglaublich schön anzusehen.

>>Literaturwissenschaftler: Interessant ist auch, wie diese Prinzipien in die Literatur eingeflossen sind. Petrarcas Sonette zum Beispiel – sie haben eine formale Eleganz und Präzision, die man fast als architektonisch bezeichnen könnte.

>>Architekturhistoriker: Da stimme ich zu! Und es ist bemerkenswert, wie Palladios Anwendung klassischer Ordnungen bis heute Architekten inspiriert. Seine Werke sind zeitlos.

>>Kunsthistoriker: Absolut! Es zeigt einfach, wie stark die Verbindung zwischen Tradition und Innovation sein kann. Palladios Einfluss ist überall spürbar.

>>Literaturwissenschaftler: Ehrlich gesagt... ich finde es immer wieder erstaunlich zu beobachten, wie solche architektonischen Konzepte literarische Strukturen beeinflussen können. Die poetische Architektur in Petrarcas Sonetten zeigt dies eindrucksvoll durch ihre formale Eleganz. 
 >>Kunsthistoriker: Interessanterweise war die Erfindung des Buchdrucks durch Johannes Gutenberg ein Wendepunkt in der Verbreitung von Wissen und Ideen. Das hat die Renaissance erst richtig befeuert, indem es den Zugang zu antiken Texten und neuen wissenschaftlichen Erkenntnissen massiv erleichterte.

>>Architekturhistoriker: Ja, und für die Architektur bedeutete das den Zugang zu antiken Texten, was Architekten wie Alberti ermöglichte, Vitruvs Prinzipien anzuwenden. Diese technischen Schriften haben die baulichen Innovationen der Renaissance stark beeinflusst.

>>Literaturwissenschaftler: Und literarisch gesehen ermöglichte es Autoren wie Erasmus von Rotterdam und Martin Luther einen weitreichenden Einfluss. Der Buchdruck hat eine Demokratisierung des Wissens ermöglicht.

>>Kunsthistoriker: Genau! Der Buchdruck hat nicht nur die Verbreitung von Wissen revolutioniert, sondern auch die Art und Weise verändert, wie Kunstwerke dokumentiert und verbreitet wurden. Das führte zu einer breiteren Streuung künstlerischer Techniken und Stile.

>>Literaturwissenschaftler: Lassen Sie mich das erläutern... Durch den leichteren Zugang zu Texten konnten Gelehrte tiefere Einblicke in antike Schriften gewinnen und diese kritisch hinterfragen. Das führte zu einer neuen Form der Textkritik.

>>Architekturhistoriker: Absolut! Und wenn wir über technische Innovationen sprechen – denken Sie an den Einfluss auf Baupläne und architektonische Zeichnungen. Diese konnten nun viel schneller vervielfältigt werden, was den Austausch von Ideen unter Architekten erheblich beschleunigte.

>>Kunsthistoriker: Die Möglichkeit zur schnellen Vervielfältigung bedeutete auch eine breitere Streuung künstlerischer Techniken und Stile.

>>Literaturwissenschaftler: Genau! Es ist spannend zu sehen, wie sich Geschichte wiederholt – damals mit dem Buchdruck, heute mit digitalen Medien.

>>Architekturhistoriker: Vergessen wir nicht den sozialen Aspekt dieser Entwicklungen – der Buchdruck machte Bildung zugänglicher und führte zu gesellschaftlichen Veränderungen.

>>Kunsthistoriker: Tja... Die breite Zugänglichkeit von Wissen führte zu einem enormen kulturellen Aufschwung während der Renaissance. 
 >>Literaturwissenschaftler: Ähm, es ist faszinierend, wie die Musik der Renaissance durch die Einführung von Polyphonie und neuen Harmonien revolutioniert wurde. Komponisten wie Palestrina haben maßgeblich dazu beigetragen, diese musikalische Entwicklung voranzutreiben.

>>Architekturhistoriker: Ja, das stimmt. Diese Entwicklungen in der Musik kann man gut mit den bautechnischen Innovationen dieser Zeit vergleichen. Die polyphonen Werke haben eine Art architektonische Struktur in der Musik geschaffen, ähnlich wie Brunelleschi es mit seiner Kuppel des Florentiner Doms tat.

>>Kunsthistoriker: Interessant! Und wenn man darüber nachdenkt, spiegelt sich diese strukturelle Komplexität auch in der Malerei wider. Künstler wie Leonardo da Vinci haben ähnliche Prinzipien der Harmonie und Proportion angewandt.

>>Literaturwissenschaftler: Genau! Es ist spannend zu sehen, wie die Polyphonie nicht nur eine technische Meisterleistung war, sondern auch eine tiefere emotionale Dimension eröffnete. Diese Mehrstimmigkeit verlieh den Texten eine neue Ebene des Ausdrucks.

>>Architekturhistoriker: Also ja, wenn wir über Polyphonie sprechen... das erinnert mich sofort an die visuelle Tiefe in der Architektur. Wie bei einem polyphonen Stück gibt es verschiedene Ebenen und Schichten zu entdecken.

>>Kunsthistoriker: Tja, das ist ein guter Vergleich! Die Anwendung von Chiaroscuro und Perspektive in der Malerei schafft ebenfalls vielschichtige visuelle Tiefen.

>>Literaturwissenschaftler: Genau! Und wenn man darüber nachdenkt... ähm... diese Mehrstimmigkeit hat sicherlich auch einen Einfluss auf die Art und Weise gehabt, wie Texte geschrieben wurden. Die literarischen Werke jener Zeit spiegeln oft diese komplexe Struktur wider.

>>Architekturhistoriker: Nun gut... Ich frage mich manchmal wirklich... ob diese parallelen Entwicklungen zufällig waren oder ob sie sich gegenseitig beeinflusst haben? Was denkt ihr?

>>Kunsthistoriker: Also... ich glaube schon daran... dass es einen wechselseitigen Einfluss gab. Die Künstler jener Zeit waren oft vielseitig begabt und inspirierten sich gegenseitig über verschiedene Disziplinen hinweg. 
 >>Literaturwissenschaftler: Wenn wir über den wechselseitigen Einfluss sprechen, sollten wir auch die literarischen Werke betrachten. Man könnte argumentieren, dass Petrarcas Sonette und Dantes 'Göttliche Komödie' nicht nur die Literatur revolutionierten, sondern auch tiefgreifende Auswirkungen auf andere Kunstformen hatten. Es ist wirklich spannend zu sehen, wie diese Texte die menschliche Erfahrung und das Selbstverständnis in der Renaissance prägten.

>>Architekturhistoriker: Ja, absolut! Die architektonischen Meisterwerke der Renaissance bestechen nicht nur durch ihre ästhetische Eleganz, sondern auch durch ihre bautechnischen Innovationen. Nehmen wir zum Beispiel Brunelleschis Kuppel des Florentiner Doms – eine doppelte Schalenkonstruktion, die sowohl Stabilität als auch Leichtigkeit vereint. Diese technischen Errungenschaften haben den Weg für zukünftige Generationen von Architekten geebnet.

>>Literaturwissenschaftler: Ein weiteres interessantes Beispiel ist Dantes 'Göttliche Komödie'. Seine detaillierten Beschreibungen von Hölle, Fegefeuer und Paradies boten Künstlern wie Botticelli eine visuelle Vorlage. Es ist beeindruckend zu sehen, wie diese literarischen Bilder in Gemälden und Skulpturen zum Leben erweckt wurden.

>>Kunsthistoriker: Das stimmt! Und wenn wir über den Einfluss der Literatur auf die bildende Kunst sprechen, sollten wir Leonardo da Vinci nicht vergessen. Seine Notizbücher sind ein faszinierendes Beispiel dafür, wie literarische und wissenschaftliche Texte Künstler inspirierten. Seine Studien zur Anatomie und Perspektive haben nicht nur die Malerei revolutioniert, sondern auch eine Brücke zwischen Kunst und Wissenschaft geschlagen.

>>Architekturhistoriker: Tatsächlich! Michelangelo ist ein weiteres großartiges Beispiel – seine Arbeit an der Sixtinischen Kapelle zeigt ebenfalls diese Verschmelzung von Disziplinen. Er war nicht nur ein herausragender Maler und Bildhauer, sondern hatte auch ein tiefes Verständnis für Architektur.

>>Literaturwissenschaftler: Genau! Diese interdisziplinäre Inspiration zeigt wirklich tiefe Verbindungen zwischen Literatur und bildender Kunst in dieser Epoche. Das hat unser Verständnis von uns selbst verändert.

>>Kunsthistoriker: Da stimme ich zu. Aber was haltet ihr davon? War Leonardo da Vinci einzigartig in seiner Fähigkeit als Maler sowie als Wissenschaftler tätig zu sein oder gab es andere Künstler mit ähnlichen Fähigkeiten?

>>Architekturhistoriker: Gute Frage! Ich denke da an Brunelleschi – er war ursprünglich Goldschmied bevor er sich der Architektur widmete. Diese Vielseitigkeit war typisch für viele Renaissance-Künstler.

>>Literaturwissenschaftler: Absolut! Diese Epoche legte wirklich den Grundstein für das moderne Denken durch ihre interdisziplinären Ansätze. Aber glaubt ihr nicht auch, dass es manchmal schwierig war für Künstler dieser Zeit sich in mehreren Disziplinen gleichzeitig auszuzeichnen? 
 >>Kunsthistoriker: Die Renaissance war eine Zeit der interdisziplinären Zusammenarbeit, die sowohl Kunst als auch Wissenschaft revolutionierte und unser heutiges Innovationsdenken prägte. Ähm... wir sehen heute ähnliche Tendenzen in der Förderung von Kreativität durch interdisziplinäre Projekte.

>>Architekturhistoriker: Absolut! Die technischen Innovationen der Renaissance-Architektur haben das moderne Bauwesen stark beeinflusst. Denken Sie an Brunelleschis Kuppel des Florentiner Doms – ein Meisterwerk der Ingenieurskunst!

>>Literaturwissenschaftler: Interessant ist auch die Rolle der literarischen Werke dieser Zeit. Autoren wie Dante und Petrarca legten mit ihrer präzisen Sprache und Beobachtungsgabe den Grundstein für moderne wissenschaftliche Methoden.

>>Kunsthistoriker: Genau! Leonardo da Vinci ist ein perfektes Beispiel dafür. Seine Arbeiten in so vielen Disziplinen waren wegweisend und zeigen deutlich den Einfluss dieser Epoche auf unser heutiges Innovationsdenken. Also, seine Skizzen und Entwürfe sind immer noch beeindruckend.

>>Architekturhistoriker: Und wenn wir über nachhaltige Wirkung sprechen... Nun gut, sollten wir auch die Rolle der architektonischen Innovationen in Betracht ziehen. Architekten wie Brunelleschi und Alberti haben mathematische Prinzipien und technische Raffinessen angewendet, die als Vorläufer moderner Ingenieurwissenschaften gelten könnten.

>>Literaturwissenschaftler: Lassen Sie mich das erläutern... Die Renaissance-Literatur hat nicht nur die Sprache und das Menschenbild revolutioniert, sondern auch die wissenschaftliche Methodik beeinflusst. Ein bemerkenswertes Beispiel ist Dantes 'Göttliche Komödie', deren präzise Beobachtungen und detaillierte Beschreibungen als Vorläufer moderner empirischer Studien gelten könnten.

>>Kunsthistoriker: Ja genau! Diese interdisziplinäre Herangehensweise war wirklich bahnbrechend. Ähm... denken Sie nur an Michelangelo – seine Fähigkeit Malerei, Bildhauerei und Architektur zu vereinen war einzigartig.

>>Architekturhistoriker: Tatsächlich! Und diese Integration verschiedener Disziplinen sehen wir heute wieder verstärkt in Projekten zur nachhaltigen Stadtentwicklung oder im ökologischen Bauen.

>>Literaturwissenschaftler: Interessanterweise zeigt sich dieser Einfluss auch in modernen Textanalysen. Die präzise Sprache von Autoren wie Petrarca hat uns gelehrt, genauer hinzusehen – sowohl bei literarischen Werken als auch bei wissenschaftlichen Untersuchungen. 
 >>Kunsthistoriker: In der Tat! Die Renaissance hat uns nicht nur gelehrt, genauer hinzusehen, sondern auch die Verbindungen zwischen den Disziplinen zu erkennen. Man könnte sagen, dass diese Epoche ein Katalysator für interdisziplinäre Zusammenarbeit war. Denken Sie an Leonardo da Vinci, dessen Werke sowohl künstlerische als auch wissenschaftliche Meisterleistungen sind.

>>Architekturhistoriker: Absolut, und es ist faszinierend zu sehen, wie diese Zusammenarbeit in der Architektur umgesetzt wurde. Brunelleschis Kuppel des Florentiner Doms wäre ohne die mathematischen und ingenieurtechnischen Erkenntnisse dieser Zeit nicht möglich gewesen. Das zeigt doch, wie wichtig das Zusammenspiel verschiedener Disziplinen ist.

>>Literaturwissenschaftler: Genau! Und wenn wir über die Literatur sprechen, dann dürfen wir Dante und Petrarca nicht vergessen. Ihre Werke haben durch präzise Sprache und tiefgründige Beobachtungen neue Maßstäbe gesetzt und den Grundstein für moderne wissenschaftliche Methoden gelegt.

>>Kunsthistoriker: Ja, das stimmt. Es ist beeindruckend zu sehen, wie diese Autoren ihre Zeit geprägt haben. Aber lassen Sie uns auch andere Figuren betrachten – zum Beispiel Michelangelo. Seine Arbeiten in der Kunst und Architektur zeigen ebenfalls eine bemerkenswerte Verbindung von Disziplinen.

>>Architekturhistoriker: Richtig! Michelangelo ist ein großartiges Beispiel dafür. Und wenn wir über Innovation sprechen, sollten wir auch Galileo Galilei erwähnen. Seine Entdeckungen in der Astronomie haben die Wissenschaft revolutioniert und zeigen erneut die Bedeutung interdisziplinärer Ansätze.

>>Literaturwissenschaftler: Interessant! Galileo wird oft übersehen, wenn es um die Renaissance geht. Aber seine Arbeit hat wirklich gezeigt, wie wichtig es ist, verschiedene Perspektiven einzubeziehen.

>>Kunsthistoriker: Genau! Wir sollten aus diesen historischen Beispielen lernen und überlegen, wie wir heute ähnliche Erfolge erzielen können. Interdisziplinäre Forschungszentren könnten eine Möglichkeit sein.

>>Architekturhistoriker: Da bin ich ganz bei Ihnen. Solche Zentren könnten den Austausch zwischen verschiedenen Fachbereichen fördern und wirklich neue Ideen hervorbringen.

>>Literaturwissenschaftler: Das klingt vielversprechend! Vielleicht könnten wir sogar gemeinsame Projekte initiieren, um konkrete Ergebnisse zu erzielen.

>>Kunsthistoriker: Ja, das wäre großartig! Wenn wir unsere Kräfte bündeln – Kunstgeschichte, Literaturwissenschaft und Architektur –, dann könnten wir wirklich innovative Lösungen entwickeln.","**Meeting Summary: Innovation Forum zur Renaissance**

Im heutigen Forum wurde die Renaissance als bedeutende europäische Kulturepoche diskutiert, die den Übergang vom Mittelalter zur Neuzeit markierte. Die Teilnehmer betonten die Wiederbelebung antiker griechischer und römischer Kulturleistungen, welche maßgeblich das Menschenbild, Literatur, Bildhauerei, Malerei und Architektur beeinflussten. 

Es wurde hervorgehoben, dass der Begriff ""Renaissance"" erst im 19. Jahrhundert etabliert wurde. Der Kernzeitraum umfasst das 15. (Quattrocento) und 16. Jahrhundert (Cinquecento), wobei die Bewegung in Norditalien begann und sich zeitversetzt nördlich der Alpen ausbreitete.

Ein zentrales Thema war der Buchdruck mit beweglichen Lettern als technische Errungenschaft dieser Zeit. Die Spätrenaissance oder Manierismus führte schließlich zum Barock über.

Humanistische Gelehrte spielten eine Schlüsselrolle bei der Erschließung antiker Schriften und förderten ein Bildungsprogramm, das Wissen mit tugendhafter Betätigung verband. Bedeutende Künstler wie Donatello, Michelangelo und Leonardo da Vinci sowie Architekten wie Brunelleschi und Palladio wurden genannt.

Die Renaissance brachte auch neue Perspektiven in der Musik mit verstärkter Mehrstimmigkeit und Harmonie hervor.

Abschließend wurde auf die nachhaltige Wirkung der Renaissance auf moderne Wissenschaften"
